GAS LISTING /tmp/cchuDWiq.s 			page 1


   1              		.file	"event_groups.c"
   2              		.option nopic
   3              		.attribute arch, "rv64i2p1_m2p0_a2p1_f2p2_d2p2_zicsr2p0"
   4              		.attribute unaligned_access, 0
   5              		.attribute stack_align, 16
   6              		.text
   7              	.Ltext0:
   8              		.cfi_sections	.debug_frame
   9              		.file 1 "/home/zz/quard-start/Quard-Star/trusted_domain/FreeRTOS-Kernel/event_groups.c"
  10              		.section	.text.prvTestWaitCondition,"ax",@progbits
  11              		.align	2
  13              	prvTestWaitCondition:
  14              	.LFB11:
   1:/home/zz/quard-start/Quard-Star/trusted_domain/FreeRTOS-Kernel/event_groups.c **** /*
   2:/home/zz/quard-start/Quard-Star/trusted_domain/FreeRTOS-Kernel/event_groups.c ****  * FreeRTOS Kernel V10.4.3 LTS Patch 3
   3:/home/zz/quard-start/Quard-Star/trusted_domain/FreeRTOS-Kernel/event_groups.c ****  * Copyright (C) 2020 Amazon.com, Inc. or its affiliates.  All Rights Reserved.
   4:/home/zz/quard-start/Quard-Star/trusted_domain/FreeRTOS-Kernel/event_groups.c ****  *
   5:/home/zz/quard-start/Quard-Star/trusted_domain/FreeRTOS-Kernel/event_groups.c ****  * Permission is hereby granted, free of charge, to any person obtaining a copy of
   6:/home/zz/quard-start/Quard-Star/trusted_domain/FreeRTOS-Kernel/event_groups.c ****  * this software and associated documentation files (the "Software"), to deal in
   7:/home/zz/quard-start/Quard-Star/trusted_domain/FreeRTOS-Kernel/event_groups.c ****  * the Software without restriction, including without limitation the rights to
   8:/home/zz/quard-start/Quard-Star/trusted_domain/FreeRTOS-Kernel/event_groups.c ****  * use, copy, modify, merge, publish, distribute, sublicense, and/or sell copies of
   9:/home/zz/quard-start/Quard-Star/trusted_domain/FreeRTOS-Kernel/event_groups.c ****  * the Software, and to permit persons to whom the Software is furnished to do so,
  10:/home/zz/quard-start/Quard-Star/trusted_domain/FreeRTOS-Kernel/event_groups.c ****  * subject to the following conditions:
  11:/home/zz/quard-start/Quard-Star/trusted_domain/FreeRTOS-Kernel/event_groups.c ****  *
  12:/home/zz/quard-start/Quard-Star/trusted_domain/FreeRTOS-Kernel/event_groups.c ****  * The above copyright notice and this permission notice shall be included in all
  13:/home/zz/quard-start/Quard-Star/trusted_domain/FreeRTOS-Kernel/event_groups.c ****  * copies or substantial portions of the Software.
  14:/home/zz/quard-start/Quard-Star/trusted_domain/FreeRTOS-Kernel/event_groups.c ****  *
  15:/home/zz/quard-start/Quard-Star/trusted_domain/FreeRTOS-Kernel/event_groups.c ****  * THE SOFTWARE IS PROVIDED "AS IS", WITHOUT WARRANTY OF ANY KIND, EXPRESS OR
  16:/home/zz/quard-start/Quard-Star/trusted_domain/FreeRTOS-Kernel/event_groups.c ****  * IMPLIED, INCLUDING BUT NOT LIMITED TO THE WARRANTIES OF MERCHANTABILITY, FITNESS
  17:/home/zz/quard-start/Quard-Star/trusted_domain/FreeRTOS-Kernel/event_groups.c ****  * FOR A PARTICULAR PURPOSE AND NONINFRINGEMENT. IN NO EVENT SHALL THE AUTHORS OR
  18:/home/zz/quard-start/Quard-Star/trusted_domain/FreeRTOS-Kernel/event_groups.c ****  * COPYRIGHT HOLDERS BE LIABLE FOR ANY CLAIM, DAMAGES OR OTHER LIABILITY, WHETHER
  19:/home/zz/quard-start/Quard-Star/trusted_domain/FreeRTOS-Kernel/event_groups.c ****  * IN AN ACTION OF CONTRACT, TORT OR OTHERWISE, ARISING FROM, OUT OF OR IN
  20:/home/zz/quard-start/Quard-Star/trusted_domain/FreeRTOS-Kernel/event_groups.c ****  * CONNECTION WITH THE SOFTWARE OR THE USE OR OTHER DEALINGS IN THE SOFTWARE.
  21:/home/zz/quard-start/Quard-Star/trusted_domain/FreeRTOS-Kernel/event_groups.c ****  *
  22:/home/zz/quard-start/Quard-Star/trusted_domain/FreeRTOS-Kernel/event_groups.c ****  * https://www.FreeRTOS.org
  23:/home/zz/quard-start/Quard-Star/trusted_domain/FreeRTOS-Kernel/event_groups.c ****  * https://github.com/FreeRTOS
  24:/home/zz/quard-start/Quard-Star/trusted_domain/FreeRTOS-Kernel/event_groups.c ****  *
  25:/home/zz/quard-start/Quard-Star/trusted_domain/FreeRTOS-Kernel/event_groups.c ****  */
  26:/home/zz/quard-start/Quard-Star/trusted_domain/FreeRTOS-Kernel/event_groups.c **** 
  27:/home/zz/quard-start/Quard-Star/trusted_domain/FreeRTOS-Kernel/event_groups.c **** /* Standard includes. */
  28:/home/zz/quard-start/Quard-Star/trusted_domain/FreeRTOS-Kernel/event_groups.c **** #include <stdlib.h>
  29:/home/zz/quard-start/Quard-Star/trusted_domain/FreeRTOS-Kernel/event_groups.c **** 
  30:/home/zz/quard-start/Quard-Star/trusted_domain/FreeRTOS-Kernel/event_groups.c **** /* Defining MPU_WRAPPERS_INCLUDED_FROM_API_FILE prevents task.h from redefining
  31:/home/zz/quard-start/Quard-Star/trusted_domain/FreeRTOS-Kernel/event_groups.c ****  * all the API functions to use the MPU wrappers.  That should only be done when
  32:/home/zz/quard-start/Quard-Star/trusted_domain/FreeRTOS-Kernel/event_groups.c ****  * task.h is included from an application file. */
  33:/home/zz/quard-start/Quard-Star/trusted_domain/FreeRTOS-Kernel/event_groups.c **** #define MPU_WRAPPERS_INCLUDED_FROM_API_FILE
  34:/home/zz/quard-start/Quard-Star/trusted_domain/FreeRTOS-Kernel/event_groups.c **** 
  35:/home/zz/quard-start/Quard-Star/trusted_domain/FreeRTOS-Kernel/event_groups.c **** /* FreeRTOS includes. */
  36:/home/zz/quard-start/Quard-Star/trusted_domain/FreeRTOS-Kernel/event_groups.c **** #include "FreeRTOS.h"
  37:/home/zz/quard-start/Quard-Star/trusted_domain/FreeRTOS-Kernel/event_groups.c **** #include "task.h"
  38:/home/zz/quard-start/Quard-Star/trusted_domain/FreeRTOS-Kernel/event_groups.c **** #include "timers.h"
  39:/home/zz/quard-start/Quard-Star/trusted_domain/FreeRTOS-Kernel/event_groups.c **** #include "event_groups.h"
  40:/home/zz/quard-start/Quard-Star/trusted_domain/FreeRTOS-Kernel/event_groups.c **** 
  41:/home/zz/quard-start/Quard-Star/trusted_domain/FreeRTOS-Kernel/event_groups.c **** /* Lint e961, e750 and e9021 are suppressed as a MISRA exception justified
  42:/home/zz/quard-start/Quard-Star/trusted_domain/FreeRTOS-Kernel/event_groups.c ****  * because the MPU ports require MPU_WRAPPERS_INCLUDED_FROM_API_FILE to be defined
  43:/home/zz/quard-start/Quard-Star/trusted_domain/FreeRTOS-Kernel/event_groups.c ****  * for the header files above, but not in this file, in order to generate the
  44:/home/zz/quard-start/Quard-Star/trusted_domain/FreeRTOS-Kernel/event_groups.c ****  * correct privileged Vs unprivileged linkage and placement. */
GAS LISTING /tmp/cchuDWiq.s 			page 2


  45:/home/zz/quard-start/Quard-Star/trusted_domain/FreeRTOS-Kernel/event_groups.c **** #undef MPU_WRAPPERS_INCLUDED_FROM_API_FILE /*lint !e961 !e750 !e9021 See comment above. */
  46:/home/zz/quard-start/Quard-Star/trusted_domain/FreeRTOS-Kernel/event_groups.c **** 
  47:/home/zz/quard-start/Quard-Star/trusted_domain/FreeRTOS-Kernel/event_groups.c **** /* The following bit fields convey control information in a task's event list
  48:/home/zz/quard-start/Quard-Star/trusted_domain/FreeRTOS-Kernel/event_groups.c ****  * item value.  It is important they don't clash with the
  49:/home/zz/quard-start/Quard-Star/trusted_domain/FreeRTOS-Kernel/event_groups.c ****  * taskEVENT_LIST_ITEM_VALUE_IN_USE definition. */
  50:/home/zz/quard-start/Quard-Star/trusted_domain/FreeRTOS-Kernel/event_groups.c **** #if configUSE_16_BIT_TICKS == 1
  51:/home/zz/quard-start/Quard-Star/trusted_domain/FreeRTOS-Kernel/event_groups.c ****     #define eventCLEAR_EVENTS_ON_EXIT_BIT    0x0100U
  52:/home/zz/quard-start/Quard-Star/trusted_domain/FreeRTOS-Kernel/event_groups.c ****     #define eventUNBLOCKED_DUE_TO_BIT_SET    0x0200U
  53:/home/zz/quard-start/Quard-Star/trusted_domain/FreeRTOS-Kernel/event_groups.c ****     #define eventWAIT_FOR_ALL_BITS           0x0400U
  54:/home/zz/quard-start/Quard-Star/trusted_domain/FreeRTOS-Kernel/event_groups.c ****     #define eventEVENT_BITS_CONTROL_BYTES    0xff00U
  55:/home/zz/quard-start/Quard-Star/trusted_domain/FreeRTOS-Kernel/event_groups.c **** #else
  56:/home/zz/quard-start/Quard-Star/trusted_domain/FreeRTOS-Kernel/event_groups.c ****     #define eventCLEAR_EVENTS_ON_EXIT_BIT    0x01000000UL
  57:/home/zz/quard-start/Quard-Star/trusted_domain/FreeRTOS-Kernel/event_groups.c ****     #define eventUNBLOCKED_DUE_TO_BIT_SET    0x02000000UL
  58:/home/zz/quard-start/Quard-Star/trusted_domain/FreeRTOS-Kernel/event_groups.c ****     #define eventWAIT_FOR_ALL_BITS           0x04000000UL
  59:/home/zz/quard-start/Quard-Star/trusted_domain/FreeRTOS-Kernel/event_groups.c ****     #define eventEVENT_BITS_CONTROL_BYTES    0xff000000UL
  60:/home/zz/quard-start/Quard-Star/trusted_domain/FreeRTOS-Kernel/event_groups.c **** #endif
  61:/home/zz/quard-start/Quard-Star/trusted_domain/FreeRTOS-Kernel/event_groups.c **** 
  62:/home/zz/quard-start/Quard-Star/trusted_domain/FreeRTOS-Kernel/event_groups.c **** typedef struct EventGroupDef_t
  63:/home/zz/quard-start/Quard-Star/trusted_domain/FreeRTOS-Kernel/event_groups.c **** {
  64:/home/zz/quard-start/Quard-Star/trusted_domain/FreeRTOS-Kernel/event_groups.c ****     EventBits_t uxEventBits;
  65:/home/zz/quard-start/Quard-Star/trusted_domain/FreeRTOS-Kernel/event_groups.c ****     List_t xTasksWaitingForBits; /*< List of tasks waiting for a bit to be set. */
  66:/home/zz/quard-start/Quard-Star/trusted_domain/FreeRTOS-Kernel/event_groups.c **** 
  67:/home/zz/quard-start/Quard-Star/trusted_domain/FreeRTOS-Kernel/event_groups.c ****     #if ( configUSE_TRACE_FACILITY == 1 )
  68:/home/zz/quard-start/Quard-Star/trusted_domain/FreeRTOS-Kernel/event_groups.c ****         UBaseType_t uxEventGroupNumber;
  69:/home/zz/quard-start/Quard-Star/trusted_domain/FreeRTOS-Kernel/event_groups.c ****     #endif
  70:/home/zz/quard-start/Quard-Star/trusted_domain/FreeRTOS-Kernel/event_groups.c **** 
  71:/home/zz/quard-start/Quard-Star/trusted_domain/FreeRTOS-Kernel/event_groups.c ****     #if ( ( configSUPPORT_STATIC_ALLOCATION == 1 ) && ( configSUPPORT_DYNAMIC_ALLOCATION == 1 ) )
  72:/home/zz/quard-start/Quard-Star/trusted_domain/FreeRTOS-Kernel/event_groups.c ****         uint8_t ucStaticallyAllocated; /*< Set to pdTRUE if the event group is statically allocated
  73:/home/zz/quard-start/Quard-Star/trusted_domain/FreeRTOS-Kernel/event_groups.c ****     #endif
  74:/home/zz/quard-start/Quard-Star/trusted_domain/FreeRTOS-Kernel/event_groups.c **** } EventGroup_t;
  75:/home/zz/quard-start/Quard-Star/trusted_domain/FreeRTOS-Kernel/event_groups.c **** 
  76:/home/zz/quard-start/Quard-Star/trusted_domain/FreeRTOS-Kernel/event_groups.c **** /*-----------------------------------------------------------*/
  77:/home/zz/quard-start/Quard-Star/trusted_domain/FreeRTOS-Kernel/event_groups.c **** 
  78:/home/zz/quard-start/Quard-Star/trusted_domain/FreeRTOS-Kernel/event_groups.c **** /*
  79:/home/zz/quard-start/Quard-Star/trusted_domain/FreeRTOS-Kernel/event_groups.c ****  * Test the bits set in uxCurrentEventBits to see if the wait condition is met.
  80:/home/zz/quard-start/Quard-Star/trusted_domain/FreeRTOS-Kernel/event_groups.c ****  * The wait condition is defined by xWaitForAllBits.  If xWaitForAllBits is
  81:/home/zz/quard-start/Quard-Star/trusted_domain/FreeRTOS-Kernel/event_groups.c ****  * pdTRUE then the wait condition is met if all the bits set in uxBitsToWaitFor
  82:/home/zz/quard-start/Quard-Star/trusted_domain/FreeRTOS-Kernel/event_groups.c ****  * are also set in uxCurrentEventBits.  If xWaitForAllBits is pdFALSE then the
  83:/home/zz/quard-start/Quard-Star/trusted_domain/FreeRTOS-Kernel/event_groups.c ****  * wait condition is met if any of the bits set in uxBitsToWait for are also set
  84:/home/zz/quard-start/Quard-Star/trusted_domain/FreeRTOS-Kernel/event_groups.c ****  * in uxCurrentEventBits.
  85:/home/zz/quard-start/Quard-Star/trusted_domain/FreeRTOS-Kernel/event_groups.c ****  */
  86:/home/zz/quard-start/Quard-Star/trusted_domain/FreeRTOS-Kernel/event_groups.c **** static BaseType_t prvTestWaitCondition( const EventBits_t uxCurrentEventBits,
  87:/home/zz/quard-start/Quard-Star/trusted_domain/FreeRTOS-Kernel/event_groups.c ****                                         const EventBits_t uxBitsToWaitFor,
  88:/home/zz/quard-start/Quard-Star/trusted_domain/FreeRTOS-Kernel/event_groups.c ****                                         const BaseType_t xWaitForAllBits ) PRIVILEGED_FUNCTION;
  89:/home/zz/quard-start/Quard-Star/trusted_domain/FreeRTOS-Kernel/event_groups.c **** 
  90:/home/zz/quard-start/Quard-Star/trusted_domain/FreeRTOS-Kernel/event_groups.c **** /*-----------------------------------------------------------*/
  91:/home/zz/quard-start/Quard-Star/trusted_domain/FreeRTOS-Kernel/event_groups.c **** 
  92:/home/zz/quard-start/Quard-Star/trusted_domain/FreeRTOS-Kernel/event_groups.c **** #if ( configSUPPORT_STATIC_ALLOCATION == 1 )
  93:/home/zz/quard-start/Quard-Star/trusted_domain/FreeRTOS-Kernel/event_groups.c **** 
  94:/home/zz/quard-start/Quard-Star/trusted_domain/FreeRTOS-Kernel/event_groups.c ****     EventGroupHandle_t xEventGroupCreateStatic( StaticEventGroup_t * pxEventGroupBuffer )
  95:/home/zz/quard-start/Quard-Star/trusted_domain/FreeRTOS-Kernel/event_groups.c ****     {
  96:/home/zz/quard-start/Quard-Star/trusted_domain/FreeRTOS-Kernel/event_groups.c ****         EventGroup_t * pxEventBits;
  97:/home/zz/quard-start/Quard-Star/trusted_domain/FreeRTOS-Kernel/event_groups.c **** 
  98:/home/zz/quard-start/Quard-Star/trusted_domain/FreeRTOS-Kernel/event_groups.c ****         /* A StaticEventGroup_t object must be provided. */
  99:/home/zz/quard-start/Quard-Star/trusted_domain/FreeRTOS-Kernel/event_groups.c ****         configASSERT( pxEventGroupBuffer );
 100:/home/zz/quard-start/Quard-Star/trusted_domain/FreeRTOS-Kernel/event_groups.c **** 
 101:/home/zz/quard-start/Quard-Star/trusted_domain/FreeRTOS-Kernel/event_groups.c ****         #if ( configASSERT_DEFINED == 1 )
GAS LISTING /tmp/cchuDWiq.s 			page 3


 102:/home/zz/quard-start/Quard-Star/trusted_domain/FreeRTOS-Kernel/event_groups.c ****             {
 103:/home/zz/quard-start/Quard-Star/trusted_domain/FreeRTOS-Kernel/event_groups.c ****                 /* Sanity check that the size of the structure used to declare a
 104:/home/zz/quard-start/Quard-Star/trusted_domain/FreeRTOS-Kernel/event_groups.c ****                  * variable of type StaticEventGroup_t equals the size of the real
 105:/home/zz/quard-start/Quard-Star/trusted_domain/FreeRTOS-Kernel/event_groups.c ****                  * event group structure. */
 106:/home/zz/quard-start/Quard-Star/trusted_domain/FreeRTOS-Kernel/event_groups.c ****                 volatile size_t xSize = sizeof( StaticEventGroup_t );
 107:/home/zz/quard-start/Quard-Star/trusted_domain/FreeRTOS-Kernel/event_groups.c ****                 configASSERT( xSize == sizeof( EventGroup_t ) );
 108:/home/zz/quard-start/Quard-Star/trusted_domain/FreeRTOS-Kernel/event_groups.c ****             } /*lint !e529 xSize is referenced if configASSERT() is defined. */
 109:/home/zz/quard-start/Quard-Star/trusted_domain/FreeRTOS-Kernel/event_groups.c ****         #endif /* configASSERT_DEFINED */
 110:/home/zz/quard-start/Quard-Star/trusted_domain/FreeRTOS-Kernel/event_groups.c **** 
 111:/home/zz/quard-start/Quard-Star/trusted_domain/FreeRTOS-Kernel/event_groups.c ****         /* The user has provided a statically allocated event group - use it. */
 112:/home/zz/quard-start/Quard-Star/trusted_domain/FreeRTOS-Kernel/event_groups.c ****         pxEventBits = ( EventGroup_t * ) pxEventGroupBuffer; /*lint !e740 !e9087 EventGroup_t and S
 113:/home/zz/quard-start/Quard-Star/trusted_domain/FreeRTOS-Kernel/event_groups.c **** 
 114:/home/zz/quard-start/Quard-Star/trusted_domain/FreeRTOS-Kernel/event_groups.c ****         if( pxEventBits != NULL )
 115:/home/zz/quard-start/Quard-Star/trusted_domain/FreeRTOS-Kernel/event_groups.c ****         {
 116:/home/zz/quard-start/Quard-Star/trusted_domain/FreeRTOS-Kernel/event_groups.c ****             pxEventBits->uxEventBits = 0;
 117:/home/zz/quard-start/Quard-Star/trusted_domain/FreeRTOS-Kernel/event_groups.c ****             vListInitialise( &( pxEventBits->xTasksWaitingForBits ) );
 118:/home/zz/quard-start/Quard-Star/trusted_domain/FreeRTOS-Kernel/event_groups.c **** 
 119:/home/zz/quard-start/Quard-Star/trusted_domain/FreeRTOS-Kernel/event_groups.c ****             #if ( configSUPPORT_DYNAMIC_ALLOCATION == 1 )
 120:/home/zz/quard-start/Quard-Star/trusted_domain/FreeRTOS-Kernel/event_groups.c ****                 {
 121:/home/zz/quard-start/Quard-Star/trusted_domain/FreeRTOS-Kernel/event_groups.c ****                     /* Both static and dynamic allocation can be used, so note that
 122:/home/zz/quard-start/Quard-Star/trusted_domain/FreeRTOS-Kernel/event_groups.c ****                      * this event group was created statically in case the event group
 123:/home/zz/quard-start/Quard-Star/trusted_domain/FreeRTOS-Kernel/event_groups.c ****                      * is later deleted. */
 124:/home/zz/quard-start/Quard-Star/trusted_domain/FreeRTOS-Kernel/event_groups.c ****                     pxEventBits->ucStaticallyAllocated = pdTRUE;
 125:/home/zz/quard-start/Quard-Star/trusted_domain/FreeRTOS-Kernel/event_groups.c ****                 }
 126:/home/zz/quard-start/Quard-Star/trusted_domain/FreeRTOS-Kernel/event_groups.c ****             #endif /* configSUPPORT_DYNAMIC_ALLOCATION */
 127:/home/zz/quard-start/Quard-Star/trusted_domain/FreeRTOS-Kernel/event_groups.c **** 
 128:/home/zz/quard-start/Quard-Star/trusted_domain/FreeRTOS-Kernel/event_groups.c ****             traceEVENT_GROUP_CREATE( pxEventBits );
 129:/home/zz/quard-start/Quard-Star/trusted_domain/FreeRTOS-Kernel/event_groups.c ****         }
 130:/home/zz/quard-start/Quard-Star/trusted_domain/FreeRTOS-Kernel/event_groups.c ****         else
 131:/home/zz/quard-start/Quard-Star/trusted_domain/FreeRTOS-Kernel/event_groups.c ****         {
 132:/home/zz/quard-start/Quard-Star/trusted_domain/FreeRTOS-Kernel/event_groups.c ****             /* xEventGroupCreateStatic should only ever be called with
 133:/home/zz/quard-start/Quard-Star/trusted_domain/FreeRTOS-Kernel/event_groups.c ****              * pxEventGroupBuffer pointing to a pre-allocated (compile time
 134:/home/zz/quard-start/Quard-Star/trusted_domain/FreeRTOS-Kernel/event_groups.c ****              * allocated) StaticEventGroup_t variable. */
 135:/home/zz/quard-start/Quard-Star/trusted_domain/FreeRTOS-Kernel/event_groups.c ****             traceEVENT_GROUP_CREATE_FAILED();
 136:/home/zz/quard-start/Quard-Star/trusted_domain/FreeRTOS-Kernel/event_groups.c ****         }
 137:/home/zz/quard-start/Quard-Star/trusted_domain/FreeRTOS-Kernel/event_groups.c **** 
 138:/home/zz/quard-start/Quard-Star/trusted_domain/FreeRTOS-Kernel/event_groups.c ****         return pxEventBits;
 139:/home/zz/quard-start/Quard-Star/trusted_domain/FreeRTOS-Kernel/event_groups.c ****     }
 140:/home/zz/quard-start/Quard-Star/trusted_domain/FreeRTOS-Kernel/event_groups.c **** 
 141:/home/zz/quard-start/Quard-Star/trusted_domain/FreeRTOS-Kernel/event_groups.c **** #endif /* configSUPPORT_STATIC_ALLOCATION */
 142:/home/zz/quard-start/Quard-Star/trusted_domain/FreeRTOS-Kernel/event_groups.c **** /*-----------------------------------------------------------*/
 143:/home/zz/quard-start/Quard-Star/trusted_domain/FreeRTOS-Kernel/event_groups.c **** 
 144:/home/zz/quard-start/Quard-Star/trusted_domain/FreeRTOS-Kernel/event_groups.c **** #if ( configSUPPORT_DYNAMIC_ALLOCATION == 1 )
 145:/home/zz/quard-start/Quard-Star/trusted_domain/FreeRTOS-Kernel/event_groups.c **** 
 146:/home/zz/quard-start/Quard-Star/trusted_domain/FreeRTOS-Kernel/event_groups.c ****     EventGroupHandle_t xEventGroupCreate( void )
 147:/home/zz/quard-start/Quard-Star/trusted_domain/FreeRTOS-Kernel/event_groups.c ****     {
 148:/home/zz/quard-start/Quard-Star/trusted_domain/FreeRTOS-Kernel/event_groups.c ****         EventGroup_t * pxEventBits;
 149:/home/zz/quard-start/Quard-Star/trusted_domain/FreeRTOS-Kernel/event_groups.c **** 
 150:/home/zz/quard-start/Quard-Star/trusted_domain/FreeRTOS-Kernel/event_groups.c ****         /* Allocate the event group.  Justification for MISRA deviation as
 151:/home/zz/quard-start/Quard-Star/trusted_domain/FreeRTOS-Kernel/event_groups.c ****          * follows:  pvPortMalloc() always ensures returned memory blocks are
 152:/home/zz/quard-start/Quard-Star/trusted_domain/FreeRTOS-Kernel/event_groups.c ****          * aligned per the requirements of the MCU stack.  In this case
 153:/home/zz/quard-start/Quard-Star/trusted_domain/FreeRTOS-Kernel/event_groups.c ****          * pvPortMalloc() must return a pointer that is guaranteed to meet the
 154:/home/zz/quard-start/Quard-Star/trusted_domain/FreeRTOS-Kernel/event_groups.c ****          * alignment requirements of the EventGroup_t structure - which (if you
 155:/home/zz/quard-start/Quard-Star/trusted_domain/FreeRTOS-Kernel/event_groups.c ****          * follow it through) is the alignment requirements of the TickType_t type
 156:/home/zz/quard-start/Quard-Star/trusted_domain/FreeRTOS-Kernel/event_groups.c ****          * (EventBits_t being of TickType_t itself).  Therefore, whenever the
 157:/home/zz/quard-start/Quard-Star/trusted_domain/FreeRTOS-Kernel/event_groups.c ****          * stack alignment requirements are greater than or equal to the
 158:/home/zz/quard-start/Quard-Star/trusted_domain/FreeRTOS-Kernel/event_groups.c ****          * TickType_t alignment requirements the cast is safe.  In other cases,
GAS LISTING /tmp/cchuDWiq.s 			page 4


 159:/home/zz/quard-start/Quard-Star/trusted_domain/FreeRTOS-Kernel/event_groups.c ****          * where the natural word size of the architecture is less than
 160:/home/zz/quard-start/Quard-Star/trusted_domain/FreeRTOS-Kernel/event_groups.c ****          * sizeof( TickType_t ), the TickType_t variables will be accessed in two
 161:/home/zz/quard-start/Quard-Star/trusted_domain/FreeRTOS-Kernel/event_groups.c ****          * or more reads operations, and the alignment requirements is only that
 162:/home/zz/quard-start/Quard-Star/trusted_domain/FreeRTOS-Kernel/event_groups.c ****          * of each individual read. */
 163:/home/zz/quard-start/Quard-Star/trusted_domain/FreeRTOS-Kernel/event_groups.c ****         pxEventBits = ( EventGroup_t * ) pvPortMalloc( sizeof( EventGroup_t ) ); /*lint !e9087 !e90
 164:/home/zz/quard-start/Quard-Star/trusted_domain/FreeRTOS-Kernel/event_groups.c **** 
 165:/home/zz/quard-start/Quard-Star/trusted_domain/FreeRTOS-Kernel/event_groups.c ****         if( pxEventBits != NULL )
 166:/home/zz/quard-start/Quard-Star/trusted_domain/FreeRTOS-Kernel/event_groups.c ****         {
 167:/home/zz/quard-start/Quard-Star/trusted_domain/FreeRTOS-Kernel/event_groups.c ****             pxEventBits->uxEventBits = 0;
 168:/home/zz/quard-start/Quard-Star/trusted_domain/FreeRTOS-Kernel/event_groups.c ****             vListInitialise( &( pxEventBits->xTasksWaitingForBits ) );
 169:/home/zz/quard-start/Quard-Star/trusted_domain/FreeRTOS-Kernel/event_groups.c **** 
 170:/home/zz/quard-start/Quard-Star/trusted_domain/FreeRTOS-Kernel/event_groups.c ****             #if ( configSUPPORT_STATIC_ALLOCATION == 1 )
 171:/home/zz/quard-start/Quard-Star/trusted_domain/FreeRTOS-Kernel/event_groups.c ****                 {
 172:/home/zz/quard-start/Quard-Star/trusted_domain/FreeRTOS-Kernel/event_groups.c ****                     /* Both static and dynamic allocation can be used, so note this
 173:/home/zz/quard-start/Quard-Star/trusted_domain/FreeRTOS-Kernel/event_groups.c ****                      * event group was allocated statically in case the event group is
 174:/home/zz/quard-start/Quard-Star/trusted_domain/FreeRTOS-Kernel/event_groups.c ****                      * later deleted. */
 175:/home/zz/quard-start/Quard-Star/trusted_domain/FreeRTOS-Kernel/event_groups.c ****                     pxEventBits->ucStaticallyAllocated = pdFALSE;
 176:/home/zz/quard-start/Quard-Star/trusted_domain/FreeRTOS-Kernel/event_groups.c ****                 }
 177:/home/zz/quard-start/Quard-Star/trusted_domain/FreeRTOS-Kernel/event_groups.c ****             #endif /* configSUPPORT_STATIC_ALLOCATION */
 178:/home/zz/quard-start/Quard-Star/trusted_domain/FreeRTOS-Kernel/event_groups.c **** 
 179:/home/zz/quard-start/Quard-Star/trusted_domain/FreeRTOS-Kernel/event_groups.c ****             traceEVENT_GROUP_CREATE( pxEventBits );
 180:/home/zz/quard-start/Quard-Star/trusted_domain/FreeRTOS-Kernel/event_groups.c ****         }
 181:/home/zz/quard-start/Quard-Star/trusted_domain/FreeRTOS-Kernel/event_groups.c ****         else
 182:/home/zz/quard-start/Quard-Star/trusted_domain/FreeRTOS-Kernel/event_groups.c ****         {
 183:/home/zz/quard-start/Quard-Star/trusted_domain/FreeRTOS-Kernel/event_groups.c ****             traceEVENT_GROUP_CREATE_FAILED(); /*lint !e9063 Else branch only exists to allow tracin
 184:/home/zz/quard-start/Quard-Star/trusted_domain/FreeRTOS-Kernel/event_groups.c ****         }
 185:/home/zz/quard-start/Quard-Star/trusted_domain/FreeRTOS-Kernel/event_groups.c **** 
 186:/home/zz/quard-start/Quard-Star/trusted_domain/FreeRTOS-Kernel/event_groups.c ****         return pxEventBits;
 187:/home/zz/quard-start/Quard-Star/trusted_domain/FreeRTOS-Kernel/event_groups.c ****     }
 188:/home/zz/quard-start/Quard-Star/trusted_domain/FreeRTOS-Kernel/event_groups.c **** 
 189:/home/zz/quard-start/Quard-Star/trusted_domain/FreeRTOS-Kernel/event_groups.c **** #endif /* configSUPPORT_DYNAMIC_ALLOCATION */
 190:/home/zz/quard-start/Quard-Star/trusted_domain/FreeRTOS-Kernel/event_groups.c **** /*-----------------------------------------------------------*/
 191:/home/zz/quard-start/Quard-Star/trusted_domain/FreeRTOS-Kernel/event_groups.c **** 
 192:/home/zz/quard-start/Quard-Star/trusted_domain/FreeRTOS-Kernel/event_groups.c **** EventBits_t xEventGroupSync( EventGroupHandle_t xEventGroup,
 193:/home/zz/quard-start/Quard-Star/trusted_domain/FreeRTOS-Kernel/event_groups.c ****                              const EventBits_t uxBitsToSet,
 194:/home/zz/quard-start/Quard-Star/trusted_domain/FreeRTOS-Kernel/event_groups.c ****                              const EventBits_t uxBitsToWaitFor,
 195:/home/zz/quard-start/Quard-Star/trusted_domain/FreeRTOS-Kernel/event_groups.c ****                              TickType_t xTicksToWait )
 196:/home/zz/quard-start/Quard-Star/trusted_domain/FreeRTOS-Kernel/event_groups.c **** {
 197:/home/zz/quard-start/Quard-Star/trusted_domain/FreeRTOS-Kernel/event_groups.c ****     EventBits_t uxOriginalBitValue, uxReturn;
 198:/home/zz/quard-start/Quard-Star/trusted_domain/FreeRTOS-Kernel/event_groups.c ****     EventGroup_t * pxEventBits = xEventGroup;
 199:/home/zz/quard-start/Quard-Star/trusted_domain/FreeRTOS-Kernel/event_groups.c ****     BaseType_t xAlreadyYielded;
 200:/home/zz/quard-start/Quard-Star/trusted_domain/FreeRTOS-Kernel/event_groups.c ****     BaseType_t xTimeoutOccurred = pdFALSE;
 201:/home/zz/quard-start/Quard-Star/trusted_domain/FreeRTOS-Kernel/event_groups.c **** 
 202:/home/zz/quard-start/Quard-Star/trusted_domain/FreeRTOS-Kernel/event_groups.c ****     configASSERT( ( uxBitsToWaitFor & eventEVENT_BITS_CONTROL_BYTES ) == 0 );
 203:/home/zz/quard-start/Quard-Star/trusted_domain/FreeRTOS-Kernel/event_groups.c ****     configASSERT( uxBitsToWaitFor != 0 );
 204:/home/zz/quard-start/Quard-Star/trusted_domain/FreeRTOS-Kernel/event_groups.c ****     #if ( ( INCLUDE_xTaskGetSchedulerState == 1 ) || ( configUSE_TIMERS == 1 ) )
 205:/home/zz/quard-start/Quard-Star/trusted_domain/FreeRTOS-Kernel/event_groups.c ****         {
 206:/home/zz/quard-start/Quard-Star/trusted_domain/FreeRTOS-Kernel/event_groups.c ****             configASSERT( !( ( xTaskGetSchedulerState() == taskSCHEDULER_SUSPENDED ) && ( xTicksToW
 207:/home/zz/quard-start/Quard-Star/trusted_domain/FreeRTOS-Kernel/event_groups.c ****         }
 208:/home/zz/quard-start/Quard-Star/trusted_domain/FreeRTOS-Kernel/event_groups.c ****     #endif
 209:/home/zz/quard-start/Quard-Star/trusted_domain/FreeRTOS-Kernel/event_groups.c **** 
 210:/home/zz/quard-start/Quard-Star/trusted_domain/FreeRTOS-Kernel/event_groups.c ****     vTaskSuspendAll();
 211:/home/zz/quard-start/Quard-Star/trusted_domain/FreeRTOS-Kernel/event_groups.c ****     {
 212:/home/zz/quard-start/Quard-Star/trusted_domain/FreeRTOS-Kernel/event_groups.c ****         uxOriginalBitValue = pxEventBits->uxEventBits;
 213:/home/zz/quard-start/Quard-Star/trusted_domain/FreeRTOS-Kernel/event_groups.c **** 
 214:/home/zz/quard-start/Quard-Star/trusted_domain/FreeRTOS-Kernel/event_groups.c ****         ( void ) xEventGroupSetBits( xEventGroup, uxBitsToSet );
 215:/home/zz/quard-start/Quard-Star/trusted_domain/FreeRTOS-Kernel/event_groups.c **** 
GAS LISTING /tmp/cchuDWiq.s 			page 5


 216:/home/zz/quard-start/Quard-Star/trusted_domain/FreeRTOS-Kernel/event_groups.c ****         if( ( ( uxOriginalBitValue | uxBitsToSet ) & uxBitsToWaitFor ) == uxBitsToWaitFor )
 217:/home/zz/quard-start/Quard-Star/trusted_domain/FreeRTOS-Kernel/event_groups.c ****         {
 218:/home/zz/quard-start/Quard-Star/trusted_domain/FreeRTOS-Kernel/event_groups.c ****             /* All the rendezvous bits are now set - no need to block. */
 219:/home/zz/quard-start/Quard-Star/trusted_domain/FreeRTOS-Kernel/event_groups.c ****             uxReturn = ( uxOriginalBitValue | uxBitsToSet );
 220:/home/zz/quard-start/Quard-Star/trusted_domain/FreeRTOS-Kernel/event_groups.c **** 
 221:/home/zz/quard-start/Quard-Star/trusted_domain/FreeRTOS-Kernel/event_groups.c ****             /* Rendezvous always clear the bits.  They will have been cleared
 222:/home/zz/quard-start/Quard-Star/trusted_domain/FreeRTOS-Kernel/event_groups.c ****              * already unless this is the only task in the rendezvous. */
 223:/home/zz/quard-start/Quard-Star/trusted_domain/FreeRTOS-Kernel/event_groups.c ****             pxEventBits->uxEventBits &= ~uxBitsToWaitFor;
 224:/home/zz/quard-start/Quard-Star/trusted_domain/FreeRTOS-Kernel/event_groups.c **** 
 225:/home/zz/quard-start/Quard-Star/trusted_domain/FreeRTOS-Kernel/event_groups.c ****             xTicksToWait = 0;
 226:/home/zz/quard-start/Quard-Star/trusted_domain/FreeRTOS-Kernel/event_groups.c ****         }
 227:/home/zz/quard-start/Quard-Star/trusted_domain/FreeRTOS-Kernel/event_groups.c ****         else
 228:/home/zz/quard-start/Quard-Star/trusted_domain/FreeRTOS-Kernel/event_groups.c ****         {
 229:/home/zz/quard-start/Quard-Star/trusted_domain/FreeRTOS-Kernel/event_groups.c ****             if( xTicksToWait != ( TickType_t ) 0 )
 230:/home/zz/quard-start/Quard-Star/trusted_domain/FreeRTOS-Kernel/event_groups.c ****             {
 231:/home/zz/quard-start/Quard-Star/trusted_domain/FreeRTOS-Kernel/event_groups.c ****                 traceEVENT_GROUP_SYNC_BLOCK( xEventGroup, uxBitsToSet, uxBitsToWaitFor );
 232:/home/zz/quard-start/Quard-Star/trusted_domain/FreeRTOS-Kernel/event_groups.c **** 
 233:/home/zz/quard-start/Quard-Star/trusted_domain/FreeRTOS-Kernel/event_groups.c ****                 /* Store the bits that the calling task is waiting for in the
 234:/home/zz/quard-start/Quard-Star/trusted_domain/FreeRTOS-Kernel/event_groups.c ****                  * task's event list item so the kernel knows when a match is
 235:/home/zz/quard-start/Quard-Star/trusted_domain/FreeRTOS-Kernel/event_groups.c ****                  * found.  Then enter the blocked state. */
 236:/home/zz/quard-start/Quard-Star/trusted_domain/FreeRTOS-Kernel/event_groups.c ****                 vTaskPlaceOnUnorderedEventList( &( pxEventBits->xTasksWaitingForBits ), ( uxBitsToW
 237:/home/zz/quard-start/Quard-Star/trusted_domain/FreeRTOS-Kernel/event_groups.c **** 
 238:/home/zz/quard-start/Quard-Star/trusted_domain/FreeRTOS-Kernel/event_groups.c ****                 /* This assignment is obsolete as uxReturn will get set after
 239:/home/zz/quard-start/Quard-Star/trusted_domain/FreeRTOS-Kernel/event_groups.c ****                  * the task unblocks, but some compilers mistakenly generate a
 240:/home/zz/quard-start/Quard-Star/trusted_domain/FreeRTOS-Kernel/event_groups.c ****                  * warning about uxReturn being returned without being set if the
 241:/home/zz/quard-start/Quard-Star/trusted_domain/FreeRTOS-Kernel/event_groups.c ****                  * assignment is omitted. */
 242:/home/zz/quard-start/Quard-Star/trusted_domain/FreeRTOS-Kernel/event_groups.c ****                 uxReturn = 0;
 243:/home/zz/quard-start/Quard-Star/trusted_domain/FreeRTOS-Kernel/event_groups.c ****             }
 244:/home/zz/quard-start/Quard-Star/trusted_domain/FreeRTOS-Kernel/event_groups.c ****             else
 245:/home/zz/quard-start/Quard-Star/trusted_domain/FreeRTOS-Kernel/event_groups.c ****             {
 246:/home/zz/quard-start/Quard-Star/trusted_domain/FreeRTOS-Kernel/event_groups.c ****                 /* The rendezvous bits were not set, but no block time was
 247:/home/zz/quard-start/Quard-Star/trusted_domain/FreeRTOS-Kernel/event_groups.c ****                  * specified - just return the current event bit value. */
 248:/home/zz/quard-start/Quard-Star/trusted_domain/FreeRTOS-Kernel/event_groups.c ****                 uxReturn = pxEventBits->uxEventBits;
 249:/home/zz/quard-start/Quard-Star/trusted_domain/FreeRTOS-Kernel/event_groups.c ****                 xTimeoutOccurred = pdTRUE;
 250:/home/zz/quard-start/Quard-Star/trusted_domain/FreeRTOS-Kernel/event_groups.c ****             }
 251:/home/zz/quard-start/Quard-Star/trusted_domain/FreeRTOS-Kernel/event_groups.c ****         }
 252:/home/zz/quard-start/Quard-Star/trusted_domain/FreeRTOS-Kernel/event_groups.c ****     }
 253:/home/zz/quard-start/Quard-Star/trusted_domain/FreeRTOS-Kernel/event_groups.c ****     xAlreadyYielded = xTaskResumeAll();
 254:/home/zz/quard-start/Quard-Star/trusted_domain/FreeRTOS-Kernel/event_groups.c **** 
 255:/home/zz/quard-start/Quard-Star/trusted_domain/FreeRTOS-Kernel/event_groups.c ****     if( xTicksToWait != ( TickType_t ) 0 )
 256:/home/zz/quard-start/Quard-Star/trusted_domain/FreeRTOS-Kernel/event_groups.c ****     {
 257:/home/zz/quard-start/Quard-Star/trusted_domain/FreeRTOS-Kernel/event_groups.c ****         if( xAlreadyYielded == pdFALSE )
 258:/home/zz/quard-start/Quard-Star/trusted_domain/FreeRTOS-Kernel/event_groups.c ****         {
 259:/home/zz/quard-start/Quard-Star/trusted_domain/FreeRTOS-Kernel/event_groups.c ****             portYIELD_WITHIN_API();
 260:/home/zz/quard-start/Quard-Star/trusted_domain/FreeRTOS-Kernel/event_groups.c ****         }
 261:/home/zz/quard-start/Quard-Star/trusted_domain/FreeRTOS-Kernel/event_groups.c ****         else
 262:/home/zz/quard-start/Quard-Star/trusted_domain/FreeRTOS-Kernel/event_groups.c ****         {
 263:/home/zz/quard-start/Quard-Star/trusted_domain/FreeRTOS-Kernel/event_groups.c ****             mtCOVERAGE_TEST_MARKER();
 264:/home/zz/quard-start/Quard-Star/trusted_domain/FreeRTOS-Kernel/event_groups.c ****         }
 265:/home/zz/quard-start/Quard-Star/trusted_domain/FreeRTOS-Kernel/event_groups.c **** 
 266:/home/zz/quard-start/Quard-Star/trusted_domain/FreeRTOS-Kernel/event_groups.c ****         /* The task blocked to wait for its required bits to be set - at this
 267:/home/zz/quard-start/Quard-Star/trusted_domain/FreeRTOS-Kernel/event_groups.c ****          * point either the required bits were set or the block time expired.  If
 268:/home/zz/quard-start/Quard-Star/trusted_domain/FreeRTOS-Kernel/event_groups.c ****          * the required bits were set they will have been stored in the task's
 269:/home/zz/quard-start/Quard-Star/trusted_domain/FreeRTOS-Kernel/event_groups.c ****          * event list item, and they should now be retrieved then cleared. */
 270:/home/zz/quard-start/Quard-Star/trusted_domain/FreeRTOS-Kernel/event_groups.c ****         uxReturn = uxTaskResetEventItemValue();
 271:/home/zz/quard-start/Quard-Star/trusted_domain/FreeRTOS-Kernel/event_groups.c **** 
 272:/home/zz/quard-start/Quard-Star/trusted_domain/FreeRTOS-Kernel/event_groups.c ****         if( ( uxReturn & eventUNBLOCKED_DUE_TO_BIT_SET ) == ( EventBits_t ) 0 )
GAS LISTING /tmp/cchuDWiq.s 			page 6


 273:/home/zz/quard-start/Quard-Star/trusted_domain/FreeRTOS-Kernel/event_groups.c ****         {
 274:/home/zz/quard-start/Quard-Star/trusted_domain/FreeRTOS-Kernel/event_groups.c ****             /* The task timed out, just return the current event bit value. */
 275:/home/zz/quard-start/Quard-Star/trusted_domain/FreeRTOS-Kernel/event_groups.c ****             taskENTER_CRITICAL();
 276:/home/zz/quard-start/Quard-Star/trusted_domain/FreeRTOS-Kernel/event_groups.c ****             {
 277:/home/zz/quard-start/Quard-Star/trusted_domain/FreeRTOS-Kernel/event_groups.c ****                 uxReturn = pxEventBits->uxEventBits;
 278:/home/zz/quard-start/Quard-Star/trusted_domain/FreeRTOS-Kernel/event_groups.c **** 
 279:/home/zz/quard-start/Quard-Star/trusted_domain/FreeRTOS-Kernel/event_groups.c ****                 /* Although the task got here because it timed out before the
 280:/home/zz/quard-start/Quard-Star/trusted_domain/FreeRTOS-Kernel/event_groups.c ****                  * bits it was waiting for were set, it is possible that since it
 281:/home/zz/quard-start/Quard-Star/trusted_domain/FreeRTOS-Kernel/event_groups.c ****                  * unblocked another task has set the bits.  If this is the case
 282:/home/zz/quard-start/Quard-Star/trusted_domain/FreeRTOS-Kernel/event_groups.c ****                  * then it needs to clear the bits before exiting. */
 283:/home/zz/quard-start/Quard-Star/trusted_domain/FreeRTOS-Kernel/event_groups.c ****                 if( ( uxReturn & uxBitsToWaitFor ) == uxBitsToWaitFor )
 284:/home/zz/quard-start/Quard-Star/trusted_domain/FreeRTOS-Kernel/event_groups.c ****                 {
 285:/home/zz/quard-start/Quard-Star/trusted_domain/FreeRTOS-Kernel/event_groups.c ****                     pxEventBits->uxEventBits &= ~uxBitsToWaitFor;
 286:/home/zz/quard-start/Quard-Star/trusted_domain/FreeRTOS-Kernel/event_groups.c ****                 }
 287:/home/zz/quard-start/Quard-Star/trusted_domain/FreeRTOS-Kernel/event_groups.c ****                 else
 288:/home/zz/quard-start/Quard-Star/trusted_domain/FreeRTOS-Kernel/event_groups.c ****                 {
 289:/home/zz/quard-start/Quard-Star/trusted_domain/FreeRTOS-Kernel/event_groups.c ****                     mtCOVERAGE_TEST_MARKER();
 290:/home/zz/quard-start/Quard-Star/trusted_domain/FreeRTOS-Kernel/event_groups.c ****                 }
 291:/home/zz/quard-start/Quard-Star/trusted_domain/FreeRTOS-Kernel/event_groups.c ****             }
 292:/home/zz/quard-start/Quard-Star/trusted_domain/FreeRTOS-Kernel/event_groups.c ****             taskEXIT_CRITICAL();
 293:/home/zz/quard-start/Quard-Star/trusted_domain/FreeRTOS-Kernel/event_groups.c **** 
 294:/home/zz/quard-start/Quard-Star/trusted_domain/FreeRTOS-Kernel/event_groups.c ****             xTimeoutOccurred = pdTRUE;
 295:/home/zz/quard-start/Quard-Star/trusted_domain/FreeRTOS-Kernel/event_groups.c ****         }
 296:/home/zz/quard-start/Quard-Star/trusted_domain/FreeRTOS-Kernel/event_groups.c ****         else
 297:/home/zz/quard-start/Quard-Star/trusted_domain/FreeRTOS-Kernel/event_groups.c ****         {
 298:/home/zz/quard-start/Quard-Star/trusted_domain/FreeRTOS-Kernel/event_groups.c ****             /* The task unblocked because the bits were set. */
 299:/home/zz/quard-start/Quard-Star/trusted_domain/FreeRTOS-Kernel/event_groups.c ****         }
 300:/home/zz/quard-start/Quard-Star/trusted_domain/FreeRTOS-Kernel/event_groups.c **** 
 301:/home/zz/quard-start/Quard-Star/trusted_domain/FreeRTOS-Kernel/event_groups.c ****         /* Control bits might be set as the task had blocked should not be
 302:/home/zz/quard-start/Quard-Star/trusted_domain/FreeRTOS-Kernel/event_groups.c ****          * returned. */
 303:/home/zz/quard-start/Quard-Star/trusted_domain/FreeRTOS-Kernel/event_groups.c ****         uxReturn &= ~eventEVENT_BITS_CONTROL_BYTES;
 304:/home/zz/quard-start/Quard-Star/trusted_domain/FreeRTOS-Kernel/event_groups.c ****     }
 305:/home/zz/quard-start/Quard-Star/trusted_domain/FreeRTOS-Kernel/event_groups.c **** 
 306:/home/zz/quard-start/Quard-Star/trusted_domain/FreeRTOS-Kernel/event_groups.c ****     traceEVENT_GROUP_SYNC_END( xEventGroup, uxBitsToSet, uxBitsToWaitFor, xTimeoutOccurred );
 307:/home/zz/quard-start/Quard-Star/trusted_domain/FreeRTOS-Kernel/event_groups.c **** 
 308:/home/zz/quard-start/Quard-Star/trusted_domain/FreeRTOS-Kernel/event_groups.c ****     /* Prevent compiler warnings when trace macros are not used. */
 309:/home/zz/quard-start/Quard-Star/trusted_domain/FreeRTOS-Kernel/event_groups.c ****     ( void ) xTimeoutOccurred;
 310:/home/zz/quard-start/Quard-Star/trusted_domain/FreeRTOS-Kernel/event_groups.c **** 
 311:/home/zz/quard-start/Quard-Star/trusted_domain/FreeRTOS-Kernel/event_groups.c ****     return uxReturn;
 312:/home/zz/quard-start/Quard-Star/trusted_domain/FreeRTOS-Kernel/event_groups.c **** }
 313:/home/zz/quard-start/Quard-Star/trusted_domain/FreeRTOS-Kernel/event_groups.c **** /*-----------------------------------------------------------*/
 314:/home/zz/quard-start/Quard-Star/trusted_domain/FreeRTOS-Kernel/event_groups.c **** 
 315:/home/zz/quard-start/Quard-Star/trusted_domain/FreeRTOS-Kernel/event_groups.c **** EventBits_t xEventGroupWaitBits( EventGroupHandle_t xEventGroup,
 316:/home/zz/quard-start/Quard-Star/trusted_domain/FreeRTOS-Kernel/event_groups.c ****                                  const EventBits_t uxBitsToWaitFor,
 317:/home/zz/quard-start/Quard-Star/trusted_domain/FreeRTOS-Kernel/event_groups.c ****                                  const BaseType_t xClearOnExit,
 318:/home/zz/quard-start/Quard-Star/trusted_domain/FreeRTOS-Kernel/event_groups.c ****                                  const BaseType_t xWaitForAllBits,
 319:/home/zz/quard-start/Quard-Star/trusted_domain/FreeRTOS-Kernel/event_groups.c ****                                  TickType_t xTicksToWait )
 320:/home/zz/quard-start/Quard-Star/trusted_domain/FreeRTOS-Kernel/event_groups.c **** {
 321:/home/zz/quard-start/Quard-Star/trusted_domain/FreeRTOS-Kernel/event_groups.c ****     EventGroup_t * pxEventBits = xEventGroup;
 322:/home/zz/quard-start/Quard-Star/trusted_domain/FreeRTOS-Kernel/event_groups.c ****     EventBits_t uxReturn, uxControlBits = 0;
 323:/home/zz/quard-start/Quard-Star/trusted_domain/FreeRTOS-Kernel/event_groups.c ****     BaseType_t xWaitConditionMet, xAlreadyYielded;
 324:/home/zz/quard-start/Quard-Star/trusted_domain/FreeRTOS-Kernel/event_groups.c ****     BaseType_t xTimeoutOccurred = pdFALSE;
 325:/home/zz/quard-start/Quard-Star/trusted_domain/FreeRTOS-Kernel/event_groups.c **** 
 326:/home/zz/quard-start/Quard-Star/trusted_domain/FreeRTOS-Kernel/event_groups.c ****     /* Check the user is not attempting to wait on the bits used by the kernel
 327:/home/zz/quard-start/Quard-Star/trusted_domain/FreeRTOS-Kernel/event_groups.c ****      * itself, and that at least one bit is being requested. */
 328:/home/zz/quard-start/Quard-Star/trusted_domain/FreeRTOS-Kernel/event_groups.c ****     configASSERT( xEventGroup );
 329:/home/zz/quard-start/Quard-Star/trusted_domain/FreeRTOS-Kernel/event_groups.c ****     configASSERT( ( uxBitsToWaitFor & eventEVENT_BITS_CONTROL_BYTES ) == 0 );
GAS LISTING /tmp/cchuDWiq.s 			page 7


 330:/home/zz/quard-start/Quard-Star/trusted_domain/FreeRTOS-Kernel/event_groups.c ****     configASSERT( uxBitsToWaitFor != 0 );
 331:/home/zz/quard-start/Quard-Star/trusted_domain/FreeRTOS-Kernel/event_groups.c ****     #if ( ( INCLUDE_xTaskGetSchedulerState == 1 ) || ( configUSE_TIMERS == 1 ) )
 332:/home/zz/quard-start/Quard-Star/trusted_domain/FreeRTOS-Kernel/event_groups.c ****         {
 333:/home/zz/quard-start/Quard-Star/trusted_domain/FreeRTOS-Kernel/event_groups.c ****             configASSERT( !( ( xTaskGetSchedulerState() == taskSCHEDULER_SUSPENDED ) && ( xTicksToW
 334:/home/zz/quard-start/Quard-Star/trusted_domain/FreeRTOS-Kernel/event_groups.c ****         }
 335:/home/zz/quard-start/Quard-Star/trusted_domain/FreeRTOS-Kernel/event_groups.c ****     #endif
 336:/home/zz/quard-start/Quard-Star/trusted_domain/FreeRTOS-Kernel/event_groups.c **** 
 337:/home/zz/quard-start/Quard-Star/trusted_domain/FreeRTOS-Kernel/event_groups.c ****     vTaskSuspendAll();
 338:/home/zz/quard-start/Quard-Star/trusted_domain/FreeRTOS-Kernel/event_groups.c ****     {
 339:/home/zz/quard-start/Quard-Star/trusted_domain/FreeRTOS-Kernel/event_groups.c ****         const EventBits_t uxCurrentEventBits = pxEventBits->uxEventBits;
 340:/home/zz/quard-start/Quard-Star/trusted_domain/FreeRTOS-Kernel/event_groups.c **** 
 341:/home/zz/quard-start/Quard-Star/trusted_domain/FreeRTOS-Kernel/event_groups.c ****         /* Check to see if the wait condition is already met or not. */
 342:/home/zz/quard-start/Quard-Star/trusted_domain/FreeRTOS-Kernel/event_groups.c ****         xWaitConditionMet = prvTestWaitCondition( uxCurrentEventBits, uxBitsToWaitFor, xWaitForAllB
 343:/home/zz/quard-start/Quard-Star/trusted_domain/FreeRTOS-Kernel/event_groups.c **** 
 344:/home/zz/quard-start/Quard-Star/trusted_domain/FreeRTOS-Kernel/event_groups.c ****         if( xWaitConditionMet != pdFALSE )
 345:/home/zz/quard-start/Quard-Star/trusted_domain/FreeRTOS-Kernel/event_groups.c ****         {
 346:/home/zz/quard-start/Quard-Star/trusted_domain/FreeRTOS-Kernel/event_groups.c ****             /* The wait condition has already been met so there is no need to
 347:/home/zz/quard-start/Quard-Star/trusted_domain/FreeRTOS-Kernel/event_groups.c ****              * block. */
 348:/home/zz/quard-start/Quard-Star/trusted_domain/FreeRTOS-Kernel/event_groups.c ****             uxReturn = uxCurrentEventBits;
 349:/home/zz/quard-start/Quard-Star/trusted_domain/FreeRTOS-Kernel/event_groups.c ****             xTicksToWait = ( TickType_t ) 0;
 350:/home/zz/quard-start/Quard-Star/trusted_domain/FreeRTOS-Kernel/event_groups.c **** 
 351:/home/zz/quard-start/Quard-Star/trusted_domain/FreeRTOS-Kernel/event_groups.c ****             /* Clear the wait bits if requested to do so. */
 352:/home/zz/quard-start/Quard-Star/trusted_domain/FreeRTOS-Kernel/event_groups.c ****             if( xClearOnExit != pdFALSE )
 353:/home/zz/quard-start/Quard-Star/trusted_domain/FreeRTOS-Kernel/event_groups.c ****             {
 354:/home/zz/quard-start/Quard-Star/trusted_domain/FreeRTOS-Kernel/event_groups.c ****                 pxEventBits->uxEventBits &= ~uxBitsToWaitFor;
 355:/home/zz/quard-start/Quard-Star/trusted_domain/FreeRTOS-Kernel/event_groups.c ****             }
 356:/home/zz/quard-start/Quard-Star/trusted_domain/FreeRTOS-Kernel/event_groups.c ****             else
 357:/home/zz/quard-start/Quard-Star/trusted_domain/FreeRTOS-Kernel/event_groups.c ****             {
 358:/home/zz/quard-start/Quard-Star/trusted_domain/FreeRTOS-Kernel/event_groups.c ****                 mtCOVERAGE_TEST_MARKER();
 359:/home/zz/quard-start/Quard-Star/trusted_domain/FreeRTOS-Kernel/event_groups.c ****             }
 360:/home/zz/quard-start/Quard-Star/trusted_domain/FreeRTOS-Kernel/event_groups.c ****         }
 361:/home/zz/quard-start/Quard-Star/trusted_domain/FreeRTOS-Kernel/event_groups.c ****         else if( xTicksToWait == ( TickType_t ) 0 )
 362:/home/zz/quard-start/Quard-Star/trusted_domain/FreeRTOS-Kernel/event_groups.c ****         {
 363:/home/zz/quard-start/Quard-Star/trusted_domain/FreeRTOS-Kernel/event_groups.c ****             /* The wait condition has not been met, but no block time was
 364:/home/zz/quard-start/Quard-Star/trusted_domain/FreeRTOS-Kernel/event_groups.c ****              * specified, so just return the current value. */
 365:/home/zz/quard-start/Quard-Star/trusted_domain/FreeRTOS-Kernel/event_groups.c ****             uxReturn = uxCurrentEventBits;
 366:/home/zz/quard-start/Quard-Star/trusted_domain/FreeRTOS-Kernel/event_groups.c ****             xTimeoutOccurred = pdTRUE;
 367:/home/zz/quard-start/Quard-Star/trusted_domain/FreeRTOS-Kernel/event_groups.c ****         }
 368:/home/zz/quard-start/Quard-Star/trusted_domain/FreeRTOS-Kernel/event_groups.c ****         else
 369:/home/zz/quard-start/Quard-Star/trusted_domain/FreeRTOS-Kernel/event_groups.c ****         {
 370:/home/zz/quard-start/Quard-Star/trusted_domain/FreeRTOS-Kernel/event_groups.c ****             /* The task is going to block to wait for its required bits to be
 371:/home/zz/quard-start/Quard-Star/trusted_domain/FreeRTOS-Kernel/event_groups.c ****              * set.  uxControlBits are used to remember the specified behaviour of
 372:/home/zz/quard-start/Quard-Star/trusted_domain/FreeRTOS-Kernel/event_groups.c ****              * this call to xEventGroupWaitBits() - for use when the event bits
 373:/home/zz/quard-start/Quard-Star/trusted_domain/FreeRTOS-Kernel/event_groups.c ****              * unblock the task. */
 374:/home/zz/quard-start/Quard-Star/trusted_domain/FreeRTOS-Kernel/event_groups.c ****             if( xClearOnExit != pdFALSE )
 375:/home/zz/quard-start/Quard-Star/trusted_domain/FreeRTOS-Kernel/event_groups.c ****             {
 376:/home/zz/quard-start/Quard-Star/trusted_domain/FreeRTOS-Kernel/event_groups.c ****                 uxControlBits |= eventCLEAR_EVENTS_ON_EXIT_BIT;
 377:/home/zz/quard-start/Quard-Star/trusted_domain/FreeRTOS-Kernel/event_groups.c ****             }
 378:/home/zz/quard-start/Quard-Star/trusted_domain/FreeRTOS-Kernel/event_groups.c ****             else
 379:/home/zz/quard-start/Quard-Star/trusted_domain/FreeRTOS-Kernel/event_groups.c ****             {
 380:/home/zz/quard-start/Quard-Star/trusted_domain/FreeRTOS-Kernel/event_groups.c ****                 mtCOVERAGE_TEST_MARKER();
 381:/home/zz/quard-start/Quard-Star/trusted_domain/FreeRTOS-Kernel/event_groups.c ****             }
 382:/home/zz/quard-start/Quard-Star/trusted_domain/FreeRTOS-Kernel/event_groups.c **** 
 383:/home/zz/quard-start/Quard-Star/trusted_domain/FreeRTOS-Kernel/event_groups.c ****             if( xWaitForAllBits != pdFALSE )
 384:/home/zz/quard-start/Quard-Star/trusted_domain/FreeRTOS-Kernel/event_groups.c ****             {
 385:/home/zz/quard-start/Quard-Star/trusted_domain/FreeRTOS-Kernel/event_groups.c ****                 uxControlBits |= eventWAIT_FOR_ALL_BITS;
 386:/home/zz/quard-start/Quard-Star/trusted_domain/FreeRTOS-Kernel/event_groups.c ****             }
GAS LISTING /tmp/cchuDWiq.s 			page 8


 387:/home/zz/quard-start/Quard-Star/trusted_domain/FreeRTOS-Kernel/event_groups.c ****             else
 388:/home/zz/quard-start/Quard-Star/trusted_domain/FreeRTOS-Kernel/event_groups.c ****             {
 389:/home/zz/quard-start/Quard-Star/trusted_domain/FreeRTOS-Kernel/event_groups.c ****                 mtCOVERAGE_TEST_MARKER();
 390:/home/zz/quard-start/Quard-Star/trusted_domain/FreeRTOS-Kernel/event_groups.c ****             }
 391:/home/zz/quard-start/Quard-Star/trusted_domain/FreeRTOS-Kernel/event_groups.c **** 
 392:/home/zz/quard-start/Quard-Star/trusted_domain/FreeRTOS-Kernel/event_groups.c ****             /* Store the bits that the calling task is waiting for in the
 393:/home/zz/quard-start/Quard-Star/trusted_domain/FreeRTOS-Kernel/event_groups.c ****              * task's event list item so the kernel knows when a match is
 394:/home/zz/quard-start/Quard-Star/trusted_domain/FreeRTOS-Kernel/event_groups.c ****              * found.  Then enter the blocked state. */
 395:/home/zz/quard-start/Quard-Star/trusted_domain/FreeRTOS-Kernel/event_groups.c ****             vTaskPlaceOnUnorderedEventList( &( pxEventBits->xTasksWaitingForBits ), ( uxBitsToWaitF
 396:/home/zz/quard-start/Quard-Star/trusted_domain/FreeRTOS-Kernel/event_groups.c **** 
 397:/home/zz/quard-start/Quard-Star/trusted_domain/FreeRTOS-Kernel/event_groups.c ****             /* This is obsolete as it will get set after the task unblocks, but
 398:/home/zz/quard-start/Quard-Star/trusted_domain/FreeRTOS-Kernel/event_groups.c ****              * some compilers mistakenly generate a warning about the variable
 399:/home/zz/quard-start/Quard-Star/trusted_domain/FreeRTOS-Kernel/event_groups.c ****              * being returned without being set if it is not done. */
 400:/home/zz/quard-start/Quard-Star/trusted_domain/FreeRTOS-Kernel/event_groups.c ****             uxReturn = 0;
 401:/home/zz/quard-start/Quard-Star/trusted_domain/FreeRTOS-Kernel/event_groups.c **** 
 402:/home/zz/quard-start/Quard-Star/trusted_domain/FreeRTOS-Kernel/event_groups.c ****             traceEVENT_GROUP_WAIT_BITS_BLOCK( xEventGroup, uxBitsToWaitFor );
 403:/home/zz/quard-start/Quard-Star/trusted_domain/FreeRTOS-Kernel/event_groups.c ****         }
 404:/home/zz/quard-start/Quard-Star/trusted_domain/FreeRTOS-Kernel/event_groups.c ****     }
 405:/home/zz/quard-start/Quard-Star/trusted_domain/FreeRTOS-Kernel/event_groups.c ****     xAlreadyYielded = xTaskResumeAll();
 406:/home/zz/quard-start/Quard-Star/trusted_domain/FreeRTOS-Kernel/event_groups.c **** 
 407:/home/zz/quard-start/Quard-Star/trusted_domain/FreeRTOS-Kernel/event_groups.c ****     if( xTicksToWait != ( TickType_t ) 0 )
 408:/home/zz/quard-start/Quard-Star/trusted_domain/FreeRTOS-Kernel/event_groups.c ****     {
 409:/home/zz/quard-start/Quard-Star/trusted_domain/FreeRTOS-Kernel/event_groups.c ****         if( xAlreadyYielded == pdFALSE )
 410:/home/zz/quard-start/Quard-Star/trusted_domain/FreeRTOS-Kernel/event_groups.c ****         {
 411:/home/zz/quard-start/Quard-Star/trusted_domain/FreeRTOS-Kernel/event_groups.c ****             portYIELD_WITHIN_API();
 412:/home/zz/quard-start/Quard-Star/trusted_domain/FreeRTOS-Kernel/event_groups.c ****         }
 413:/home/zz/quard-start/Quard-Star/trusted_domain/FreeRTOS-Kernel/event_groups.c ****         else
 414:/home/zz/quard-start/Quard-Star/trusted_domain/FreeRTOS-Kernel/event_groups.c ****         {
 415:/home/zz/quard-start/Quard-Star/trusted_domain/FreeRTOS-Kernel/event_groups.c ****             mtCOVERAGE_TEST_MARKER();
 416:/home/zz/quard-start/Quard-Star/trusted_domain/FreeRTOS-Kernel/event_groups.c ****         }
 417:/home/zz/quard-start/Quard-Star/trusted_domain/FreeRTOS-Kernel/event_groups.c **** 
 418:/home/zz/quard-start/Quard-Star/trusted_domain/FreeRTOS-Kernel/event_groups.c ****         /* The task blocked to wait for its required bits to be set - at this
 419:/home/zz/quard-start/Quard-Star/trusted_domain/FreeRTOS-Kernel/event_groups.c ****          * point either the required bits were set or the block time expired.  If
 420:/home/zz/quard-start/Quard-Star/trusted_domain/FreeRTOS-Kernel/event_groups.c ****          * the required bits were set they will have been stored in the task's
 421:/home/zz/quard-start/Quard-Star/trusted_domain/FreeRTOS-Kernel/event_groups.c ****          * event list item, and they should now be retrieved then cleared. */
 422:/home/zz/quard-start/Quard-Star/trusted_domain/FreeRTOS-Kernel/event_groups.c ****         uxReturn = uxTaskResetEventItemValue();
 423:/home/zz/quard-start/Quard-Star/trusted_domain/FreeRTOS-Kernel/event_groups.c **** 
 424:/home/zz/quard-start/Quard-Star/trusted_domain/FreeRTOS-Kernel/event_groups.c ****         if( ( uxReturn & eventUNBLOCKED_DUE_TO_BIT_SET ) == ( EventBits_t ) 0 )
 425:/home/zz/quard-start/Quard-Star/trusted_domain/FreeRTOS-Kernel/event_groups.c ****         {
 426:/home/zz/quard-start/Quard-Star/trusted_domain/FreeRTOS-Kernel/event_groups.c ****             taskENTER_CRITICAL();
 427:/home/zz/quard-start/Quard-Star/trusted_domain/FreeRTOS-Kernel/event_groups.c ****             {
 428:/home/zz/quard-start/Quard-Star/trusted_domain/FreeRTOS-Kernel/event_groups.c ****                 /* The task timed out, just return the current event bit value. */
 429:/home/zz/quard-start/Quard-Star/trusted_domain/FreeRTOS-Kernel/event_groups.c ****                 uxReturn = pxEventBits->uxEventBits;
 430:/home/zz/quard-start/Quard-Star/trusted_domain/FreeRTOS-Kernel/event_groups.c **** 
 431:/home/zz/quard-start/Quard-Star/trusted_domain/FreeRTOS-Kernel/event_groups.c ****                 /* It is possible that the event bits were updated between this
 432:/home/zz/quard-start/Quard-Star/trusted_domain/FreeRTOS-Kernel/event_groups.c ****                  * task leaving the Blocked state and running again. */
 433:/home/zz/quard-start/Quard-Star/trusted_domain/FreeRTOS-Kernel/event_groups.c ****                 if( prvTestWaitCondition( uxReturn, uxBitsToWaitFor, xWaitForAllBits ) != pdFALSE )
 434:/home/zz/quard-start/Quard-Star/trusted_domain/FreeRTOS-Kernel/event_groups.c ****                 {
 435:/home/zz/quard-start/Quard-Star/trusted_domain/FreeRTOS-Kernel/event_groups.c ****                     if( xClearOnExit != pdFALSE )
 436:/home/zz/quard-start/Quard-Star/trusted_domain/FreeRTOS-Kernel/event_groups.c ****                     {
 437:/home/zz/quard-start/Quard-Star/trusted_domain/FreeRTOS-Kernel/event_groups.c ****                         pxEventBits->uxEventBits &= ~uxBitsToWaitFor;
 438:/home/zz/quard-start/Quard-Star/trusted_domain/FreeRTOS-Kernel/event_groups.c ****                     }
 439:/home/zz/quard-start/Quard-Star/trusted_domain/FreeRTOS-Kernel/event_groups.c ****                     else
 440:/home/zz/quard-start/Quard-Star/trusted_domain/FreeRTOS-Kernel/event_groups.c ****                     {
 441:/home/zz/quard-start/Quard-Star/trusted_domain/FreeRTOS-Kernel/event_groups.c ****                         mtCOVERAGE_TEST_MARKER();
 442:/home/zz/quard-start/Quard-Star/trusted_domain/FreeRTOS-Kernel/event_groups.c ****                     }
 443:/home/zz/quard-start/Quard-Star/trusted_domain/FreeRTOS-Kernel/event_groups.c ****                 }
GAS LISTING /tmp/cchuDWiq.s 			page 9


 444:/home/zz/quard-start/Quard-Star/trusted_domain/FreeRTOS-Kernel/event_groups.c ****                 else
 445:/home/zz/quard-start/Quard-Star/trusted_domain/FreeRTOS-Kernel/event_groups.c ****                 {
 446:/home/zz/quard-start/Quard-Star/trusted_domain/FreeRTOS-Kernel/event_groups.c ****                     mtCOVERAGE_TEST_MARKER();
 447:/home/zz/quard-start/Quard-Star/trusted_domain/FreeRTOS-Kernel/event_groups.c ****                 }
 448:/home/zz/quard-start/Quard-Star/trusted_domain/FreeRTOS-Kernel/event_groups.c **** 
 449:/home/zz/quard-start/Quard-Star/trusted_domain/FreeRTOS-Kernel/event_groups.c ****                 xTimeoutOccurred = pdTRUE;
 450:/home/zz/quard-start/Quard-Star/trusted_domain/FreeRTOS-Kernel/event_groups.c ****             }
 451:/home/zz/quard-start/Quard-Star/trusted_domain/FreeRTOS-Kernel/event_groups.c ****             taskEXIT_CRITICAL();
 452:/home/zz/quard-start/Quard-Star/trusted_domain/FreeRTOS-Kernel/event_groups.c ****         }
 453:/home/zz/quard-start/Quard-Star/trusted_domain/FreeRTOS-Kernel/event_groups.c ****         else
 454:/home/zz/quard-start/Quard-Star/trusted_domain/FreeRTOS-Kernel/event_groups.c ****         {
 455:/home/zz/quard-start/Quard-Star/trusted_domain/FreeRTOS-Kernel/event_groups.c ****             /* The task unblocked because the bits were set. */
 456:/home/zz/quard-start/Quard-Star/trusted_domain/FreeRTOS-Kernel/event_groups.c ****         }
 457:/home/zz/quard-start/Quard-Star/trusted_domain/FreeRTOS-Kernel/event_groups.c **** 
 458:/home/zz/quard-start/Quard-Star/trusted_domain/FreeRTOS-Kernel/event_groups.c ****         /* The task blocked so control bits may have been set. */
 459:/home/zz/quard-start/Quard-Star/trusted_domain/FreeRTOS-Kernel/event_groups.c ****         uxReturn &= ~eventEVENT_BITS_CONTROL_BYTES;
 460:/home/zz/quard-start/Quard-Star/trusted_domain/FreeRTOS-Kernel/event_groups.c ****     }
 461:/home/zz/quard-start/Quard-Star/trusted_domain/FreeRTOS-Kernel/event_groups.c **** 
 462:/home/zz/quard-start/Quard-Star/trusted_domain/FreeRTOS-Kernel/event_groups.c ****     traceEVENT_GROUP_WAIT_BITS_END( xEventGroup, uxBitsToWaitFor, xTimeoutOccurred );
 463:/home/zz/quard-start/Quard-Star/trusted_domain/FreeRTOS-Kernel/event_groups.c **** 
 464:/home/zz/quard-start/Quard-Star/trusted_domain/FreeRTOS-Kernel/event_groups.c ****     /* Prevent compiler warnings when trace macros are not used. */
 465:/home/zz/quard-start/Quard-Star/trusted_domain/FreeRTOS-Kernel/event_groups.c ****     ( void ) xTimeoutOccurred;
 466:/home/zz/quard-start/Quard-Star/trusted_domain/FreeRTOS-Kernel/event_groups.c **** 
 467:/home/zz/quard-start/Quard-Star/trusted_domain/FreeRTOS-Kernel/event_groups.c ****     return uxReturn;
 468:/home/zz/quard-start/Quard-Star/trusted_domain/FreeRTOS-Kernel/event_groups.c **** }
 469:/home/zz/quard-start/Quard-Star/trusted_domain/FreeRTOS-Kernel/event_groups.c **** /*-----------------------------------------------------------*/
 470:/home/zz/quard-start/Quard-Star/trusted_domain/FreeRTOS-Kernel/event_groups.c **** 
 471:/home/zz/quard-start/Quard-Star/trusted_domain/FreeRTOS-Kernel/event_groups.c **** EventBits_t xEventGroupClearBits( EventGroupHandle_t xEventGroup,
 472:/home/zz/quard-start/Quard-Star/trusted_domain/FreeRTOS-Kernel/event_groups.c ****                                   const EventBits_t uxBitsToClear )
 473:/home/zz/quard-start/Quard-Star/trusted_domain/FreeRTOS-Kernel/event_groups.c **** {
 474:/home/zz/quard-start/Quard-Star/trusted_domain/FreeRTOS-Kernel/event_groups.c ****     EventGroup_t * pxEventBits = xEventGroup;
 475:/home/zz/quard-start/Quard-Star/trusted_domain/FreeRTOS-Kernel/event_groups.c ****     EventBits_t uxReturn;
 476:/home/zz/quard-start/Quard-Star/trusted_domain/FreeRTOS-Kernel/event_groups.c **** 
 477:/home/zz/quard-start/Quard-Star/trusted_domain/FreeRTOS-Kernel/event_groups.c ****     /* Check the user is not attempting to clear the bits used by the kernel
 478:/home/zz/quard-start/Quard-Star/trusted_domain/FreeRTOS-Kernel/event_groups.c ****      * itself. */
 479:/home/zz/quard-start/Quard-Star/trusted_domain/FreeRTOS-Kernel/event_groups.c ****     configASSERT( xEventGroup );
 480:/home/zz/quard-start/Quard-Star/trusted_domain/FreeRTOS-Kernel/event_groups.c ****     configASSERT( ( uxBitsToClear & eventEVENT_BITS_CONTROL_BYTES ) == 0 );
 481:/home/zz/quard-start/Quard-Star/trusted_domain/FreeRTOS-Kernel/event_groups.c **** 
 482:/home/zz/quard-start/Quard-Star/trusted_domain/FreeRTOS-Kernel/event_groups.c ****     taskENTER_CRITICAL();
 483:/home/zz/quard-start/Quard-Star/trusted_domain/FreeRTOS-Kernel/event_groups.c ****     {
 484:/home/zz/quard-start/Quard-Star/trusted_domain/FreeRTOS-Kernel/event_groups.c ****         traceEVENT_GROUP_CLEAR_BITS( xEventGroup, uxBitsToClear );
 485:/home/zz/quard-start/Quard-Star/trusted_domain/FreeRTOS-Kernel/event_groups.c **** 
 486:/home/zz/quard-start/Quard-Star/trusted_domain/FreeRTOS-Kernel/event_groups.c ****         /* The value returned is the event group value prior to the bits being
 487:/home/zz/quard-start/Quard-Star/trusted_domain/FreeRTOS-Kernel/event_groups.c ****          * cleared. */
 488:/home/zz/quard-start/Quard-Star/trusted_domain/FreeRTOS-Kernel/event_groups.c ****         uxReturn = pxEventBits->uxEventBits;
 489:/home/zz/quard-start/Quard-Star/trusted_domain/FreeRTOS-Kernel/event_groups.c **** 
 490:/home/zz/quard-start/Quard-Star/trusted_domain/FreeRTOS-Kernel/event_groups.c ****         /* Clear the bits. */
 491:/home/zz/quard-start/Quard-Star/trusted_domain/FreeRTOS-Kernel/event_groups.c ****         pxEventBits->uxEventBits &= ~uxBitsToClear;
 492:/home/zz/quard-start/Quard-Star/trusted_domain/FreeRTOS-Kernel/event_groups.c ****     }
 493:/home/zz/quard-start/Quard-Star/trusted_domain/FreeRTOS-Kernel/event_groups.c ****     taskEXIT_CRITICAL();
 494:/home/zz/quard-start/Quard-Star/trusted_domain/FreeRTOS-Kernel/event_groups.c **** 
 495:/home/zz/quard-start/Quard-Star/trusted_domain/FreeRTOS-Kernel/event_groups.c ****     return uxReturn;
 496:/home/zz/quard-start/Quard-Star/trusted_domain/FreeRTOS-Kernel/event_groups.c **** }
 497:/home/zz/quard-start/Quard-Star/trusted_domain/FreeRTOS-Kernel/event_groups.c **** /*-----------------------------------------------------------*/
 498:/home/zz/quard-start/Quard-Star/trusted_domain/FreeRTOS-Kernel/event_groups.c **** 
 499:/home/zz/quard-start/Quard-Star/trusted_domain/FreeRTOS-Kernel/event_groups.c **** #if ( ( configUSE_TRACE_FACILITY == 1 ) && ( INCLUDE_xTimerPendFunctionCall == 1 ) && ( configUSE_T
 500:/home/zz/quard-start/Quard-Star/trusted_domain/FreeRTOS-Kernel/event_groups.c **** 
GAS LISTING /tmp/cchuDWiq.s 			page 10


 501:/home/zz/quard-start/Quard-Star/trusted_domain/FreeRTOS-Kernel/event_groups.c ****     BaseType_t xEventGroupClearBitsFromISR( EventGroupHandle_t xEventGroup,
 502:/home/zz/quard-start/Quard-Star/trusted_domain/FreeRTOS-Kernel/event_groups.c ****                                             const EventBits_t uxBitsToClear )
 503:/home/zz/quard-start/Quard-Star/trusted_domain/FreeRTOS-Kernel/event_groups.c ****     {
 504:/home/zz/quard-start/Quard-Star/trusted_domain/FreeRTOS-Kernel/event_groups.c ****         BaseType_t xReturn;
 505:/home/zz/quard-start/Quard-Star/trusted_domain/FreeRTOS-Kernel/event_groups.c **** 
 506:/home/zz/quard-start/Quard-Star/trusted_domain/FreeRTOS-Kernel/event_groups.c ****         traceEVENT_GROUP_CLEAR_BITS_FROM_ISR( xEventGroup, uxBitsToClear );
 507:/home/zz/quard-start/Quard-Star/trusted_domain/FreeRTOS-Kernel/event_groups.c ****         xReturn = xTimerPendFunctionCallFromISR( vEventGroupClearBitsCallback, ( void * ) xEventGro
 508:/home/zz/quard-start/Quard-Star/trusted_domain/FreeRTOS-Kernel/event_groups.c **** 
 509:/home/zz/quard-start/Quard-Star/trusted_domain/FreeRTOS-Kernel/event_groups.c ****         return xReturn;
 510:/home/zz/quard-start/Quard-Star/trusted_domain/FreeRTOS-Kernel/event_groups.c ****     }
 511:/home/zz/quard-start/Quard-Star/trusted_domain/FreeRTOS-Kernel/event_groups.c **** 
 512:/home/zz/quard-start/Quard-Star/trusted_domain/FreeRTOS-Kernel/event_groups.c **** #endif /* if ( ( configUSE_TRACE_FACILITY == 1 ) && ( INCLUDE_xTimerPendFunctionCall == 1 ) && ( co
 513:/home/zz/quard-start/Quard-Star/trusted_domain/FreeRTOS-Kernel/event_groups.c **** /*-----------------------------------------------------------*/
 514:/home/zz/quard-start/Quard-Star/trusted_domain/FreeRTOS-Kernel/event_groups.c **** 
 515:/home/zz/quard-start/Quard-Star/trusted_domain/FreeRTOS-Kernel/event_groups.c **** EventBits_t xEventGroupGetBitsFromISR( EventGroupHandle_t xEventGroup )
 516:/home/zz/quard-start/Quard-Star/trusted_domain/FreeRTOS-Kernel/event_groups.c **** {
 517:/home/zz/quard-start/Quard-Star/trusted_domain/FreeRTOS-Kernel/event_groups.c ****     UBaseType_t uxSavedInterruptStatus;
 518:/home/zz/quard-start/Quard-Star/trusted_domain/FreeRTOS-Kernel/event_groups.c ****     EventGroup_t const * const pxEventBits = xEventGroup;
 519:/home/zz/quard-start/Quard-Star/trusted_domain/FreeRTOS-Kernel/event_groups.c ****     EventBits_t uxReturn;
 520:/home/zz/quard-start/Quard-Star/trusted_domain/FreeRTOS-Kernel/event_groups.c **** 
 521:/home/zz/quard-start/Quard-Star/trusted_domain/FreeRTOS-Kernel/event_groups.c ****     uxSavedInterruptStatus = portSET_INTERRUPT_MASK_FROM_ISR();
 522:/home/zz/quard-start/Quard-Star/trusted_domain/FreeRTOS-Kernel/event_groups.c ****     {
 523:/home/zz/quard-start/Quard-Star/trusted_domain/FreeRTOS-Kernel/event_groups.c ****         uxReturn = pxEventBits->uxEventBits;
 524:/home/zz/quard-start/Quard-Star/trusted_domain/FreeRTOS-Kernel/event_groups.c ****     }
 525:/home/zz/quard-start/Quard-Star/trusted_domain/FreeRTOS-Kernel/event_groups.c ****     portCLEAR_INTERRUPT_MASK_FROM_ISR( uxSavedInterruptStatus );
 526:/home/zz/quard-start/Quard-Star/trusted_domain/FreeRTOS-Kernel/event_groups.c **** 
 527:/home/zz/quard-start/Quard-Star/trusted_domain/FreeRTOS-Kernel/event_groups.c ****     return uxReturn;
 528:/home/zz/quard-start/Quard-Star/trusted_domain/FreeRTOS-Kernel/event_groups.c **** } /*lint !e818 EventGroupHandle_t is a typedef used in other functions to so can't be pointer to co
 529:/home/zz/quard-start/Quard-Star/trusted_domain/FreeRTOS-Kernel/event_groups.c **** /*-----------------------------------------------------------*/
 530:/home/zz/quard-start/Quard-Star/trusted_domain/FreeRTOS-Kernel/event_groups.c **** 
 531:/home/zz/quard-start/Quard-Star/trusted_domain/FreeRTOS-Kernel/event_groups.c **** EventBits_t xEventGroupSetBits( EventGroupHandle_t xEventGroup,
 532:/home/zz/quard-start/Quard-Star/trusted_domain/FreeRTOS-Kernel/event_groups.c ****                                 const EventBits_t uxBitsToSet )
 533:/home/zz/quard-start/Quard-Star/trusted_domain/FreeRTOS-Kernel/event_groups.c **** {
 534:/home/zz/quard-start/Quard-Star/trusted_domain/FreeRTOS-Kernel/event_groups.c ****     ListItem_t * pxListItem, * pxNext;
 535:/home/zz/quard-start/Quard-Star/trusted_domain/FreeRTOS-Kernel/event_groups.c ****     ListItem_t const * pxListEnd;
 536:/home/zz/quard-start/Quard-Star/trusted_domain/FreeRTOS-Kernel/event_groups.c ****     List_t const * pxList;
 537:/home/zz/quard-start/Quard-Star/trusted_domain/FreeRTOS-Kernel/event_groups.c ****     EventBits_t uxBitsToClear = 0, uxBitsWaitedFor, uxControlBits;
 538:/home/zz/quard-start/Quard-Star/trusted_domain/FreeRTOS-Kernel/event_groups.c ****     EventGroup_t * pxEventBits = xEventGroup;
 539:/home/zz/quard-start/Quard-Star/trusted_domain/FreeRTOS-Kernel/event_groups.c ****     BaseType_t xMatchFound = pdFALSE;
 540:/home/zz/quard-start/Quard-Star/trusted_domain/FreeRTOS-Kernel/event_groups.c **** 
 541:/home/zz/quard-start/Quard-Star/trusted_domain/FreeRTOS-Kernel/event_groups.c ****     /* Check the user is not attempting to set the bits used by the kernel
 542:/home/zz/quard-start/Quard-Star/trusted_domain/FreeRTOS-Kernel/event_groups.c ****      * itself. */
 543:/home/zz/quard-start/Quard-Star/trusted_domain/FreeRTOS-Kernel/event_groups.c ****     configASSERT( xEventGroup );
 544:/home/zz/quard-start/Quard-Star/trusted_domain/FreeRTOS-Kernel/event_groups.c ****     configASSERT( ( uxBitsToSet & eventEVENT_BITS_CONTROL_BYTES ) == 0 );
 545:/home/zz/quard-start/Quard-Star/trusted_domain/FreeRTOS-Kernel/event_groups.c **** 
 546:/home/zz/quard-start/Quard-Star/trusted_domain/FreeRTOS-Kernel/event_groups.c ****     pxList = &( pxEventBits->xTasksWaitingForBits );
 547:/home/zz/quard-start/Quard-Star/trusted_domain/FreeRTOS-Kernel/event_groups.c ****     pxListEnd = listGET_END_MARKER( pxList ); /*lint !e826 !e740 !e9087 The mini list structure is 
 548:/home/zz/quard-start/Quard-Star/trusted_domain/FreeRTOS-Kernel/event_groups.c ****     vTaskSuspendAll();
 549:/home/zz/quard-start/Quard-Star/trusted_domain/FreeRTOS-Kernel/event_groups.c ****     {
 550:/home/zz/quard-start/Quard-Star/trusted_domain/FreeRTOS-Kernel/event_groups.c ****         traceEVENT_GROUP_SET_BITS( xEventGroup, uxBitsToSet );
 551:/home/zz/quard-start/Quard-Star/trusted_domain/FreeRTOS-Kernel/event_groups.c **** 
 552:/home/zz/quard-start/Quard-Star/trusted_domain/FreeRTOS-Kernel/event_groups.c ****         pxListItem = listGET_HEAD_ENTRY( pxList );
 553:/home/zz/quard-start/Quard-Star/trusted_domain/FreeRTOS-Kernel/event_groups.c **** 
 554:/home/zz/quard-start/Quard-Star/trusted_domain/FreeRTOS-Kernel/event_groups.c ****         /* Set the bits. */
 555:/home/zz/quard-start/Quard-Star/trusted_domain/FreeRTOS-Kernel/event_groups.c ****         pxEventBits->uxEventBits |= uxBitsToSet;
 556:/home/zz/quard-start/Quard-Star/trusted_domain/FreeRTOS-Kernel/event_groups.c **** 
 557:/home/zz/quard-start/Quard-Star/trusted_domain/FreeRTOS-Kernel/event_groups.c ****         /* See if the new bit value should unblock any tasks. */
GAS LISTING /tmp/cchuDWiq.s 			page 11


 558:/home/zz/quard-start/Quard-Star/trusted_domain/FreeRTOS-Kernel/event_groups.c ****         while( pxListItem != pxListEnd )
 559:/home/zz/quard-start/Quard-Star/trusted_domain/FreeRTOS-Kernel/event_groups.c ****         {
 560:/home/zz/quard-start/Quard-Star/trusted_domain/FreeRTOS-Kernel/event_groups.c ****             pxNext = listGET_NEXT( pxListItem );
 561:/home/zz/quard-start/Quard-Star/trusted_domain/FreeRTOS-Kernel/event_groups.c ****             uxBitsWaitedFor = listGET_LIST_ITEM_VALUE( pxListItem );
 562:/home/zz/quard-start/Quard-Star/trusted_domain/FreeRTOS-Kernel/event_groups.c ****             xMatchFound = pdFALSE;
 563:/home/zz/quard-start/Quard-Star/trusted_domain/FreeRTOS-Kernel/event_groups.c **** 
 564:/home/zz/quard-start/Quard-Star/trusted_domain/FreeRTOS-Kernel/event_groups.c ****             /* Split the bits waited for from the control bits. */
 565:/home/zz/quard-start/Quard-Star/trusted_domain/FreeRTOS-Kernel/event_groups.c ****             uxControlBits = uxBitsWaitedFor & eventEVENT_BITS_CONTROL_BYTES;
 566:/home/zz/quard-start/Quard-Star/trusted_domain/FreeRTOS-Kernel/event_groups.c ****             uxBitsWaitedFor &= ~eventEVENT_BITS_CONTROL_BYTES;
 567:/home/zz/quard-start/Quard-Star/trusted_domain/FreeRTOS-Kernel/event_groups.c **** 
 568:/home/zz/quard-start/Quard-Star/trusted_domain/FreeRTOS-Kernel/event_groups.c ****             if( ( uxControlBits & eventWAIT_FOR_ALL_BITS ) == ( EventBits_t ) 0 )
 569:/home/zz/quard-start/Quard-Star/trusted_domain/FreeRTOS-Kernel/event_groups.c ****             {
 570:/home/zz/quard-start/Quard-Star/trusted_domain/FreeRTOS-Kernel/event_groups.c ****                 /* Just looking for single bit being set. */
 571:/home/zz/quard-start/Quard-Star/trusted_domain/FreeRTOS-Kernel/event_groups.c ****                 if( ( uxBitsWaitedFor & pxEventBits->uxEventBits ) != ( EventBits_t ) 0 )
 572:/home/zz/quard-start/Quard-Star/trusted_domain/FreeRTOS-Kernel/event_groups.c ****                 {
 573:/home/zz/quard-start/Quard-Star/trusted_domain/FreeRTOS-Kernel/event_groups.c ****                     xMatchFound = pdTRUE;
 574:/home/zz/quard-start/Quard-Star/trusted_domain/FreeRTOS-Kernel/event_groups.c ****                 }
 575:/home/zz/quard-start/Quard-Star/trusted_domain/FreeRTOS-Kernel/event_groups.c ****                 else
 576:/home/zz/quard-start/Quard-Star/trusted_domain/FreeRTOS-Kernel/event_groups.c ****                 {
 577:/home/zz/quard-start/Quard-Star/trusted_domain/FreeRTOS-Kernel/event_groups.c ****                     mtCOVERAGE_TEST_MARKER();
 578:/home/zz/quard-start/Quard-Star/trusted_domain/FreeRTOS-Kernel/event_groups.c ****                 }
 579:/home/zz/quard-start/Quard-Star/trusted_domain/FreeRTOS-Kernel/event_groups.c ****             }
 580:/home/zz/quard-start/Quard-Star/trusted_domain/FreeRTOS-Kernel/event_groups.c ****             else if( ( uxBitsWaitedFor & pxEventBits->uxEventBits ) == uxBitsWaitedFor )
 581:/home/zz/quard-start/Quard-Star/trusted_domain/FreeRTOS-Kernel/event_groups.c ****             {
 582:/home/zz/quard-start/Quard-Star/trusted_domain/FreeRTOS-Kernel/event_groups.c ****                 /* All bits are set. */
 583:/home/zz/quard-start/Quard-Star/trusted_domain/FreeRTOS-Kernel/event_groups.c ****                 xMatchFound = pdTRUE;
 584:/home/zz/quard-start/Quard-Star/trusted_domain/FreeRTOS-Kernel/event_groups.c ****             }
 585:/home/zz/quard-start/Quard-Star/trusted_domain/FreeRTOS-Kernel/event_groups.c ****             else
 586:/home/zz/quard-start/Quard-Star/trusted_domain/FreeRTOS-Kernel/event_groups.c ****             {
 587:/home/zz/quard-start/Quard-Star/trusted_domain/FreeRTOS-Kernel/event_groups.c ****                 /* Need all bits to be set, but not all the bits were set. */
 588:/home/zz/quard-start/Quard-Star/trusted_domain/FreeRTOS-Kernel/event_groups.c ****             }
 589:/home/zz/quard-start/Quard-Star/trusted_domain/FreeRTOS-Kernel/event_groups.c **** 
 590:/home/zz/quard-start/Quard-Star/trusted_domain/FreeRTOS-Kernel/event_groups.c ****             if( xMatchFound != pdFALSE )
 591:/home/zz/quard-start/Quard-Star/trusted_domain/FreeRTOS-Kernel/event_groups.c ****             {
 592:/home/zz/quard-start/Quard-Star/trusted_domain/FreeRTOS-Kernel/event_groups.c ****                 /* The bits match.  Should the bits be cleared on exit? */
 593:/home/zz/quard-start/Quard-Star/trusted_domain/FreeRTOS-Kernel/event_groups.c ****                 if( ( uxControlBits & eventCLEAR_EVENTS_ON_EXIT_BIT ) != ( EventBits_t ) 0 )
 594:/home/zz/quard-start/Quard-Star/trusted_domain/FreeRTOS-Kernel/event_groups.c ****                 {
 595:/home/zz/quard-start/Quard-Star/trusted_domain/FreeRTOS-Kernel/event_groups.c ****                     uxBitsToClear |= uxBitsWaitedFor;
 596:/home/zz/quard-start/Quard-Star/trusted_domain/FreeRTOS-Kernel/event_groups.c ****                 }
 597:/home/zz/quard-start/Quard-Star/trusted_domain/FreeRTOS-Kernel/event_groups.c ****                 else
 598:/home/zz/quard-start/Quard-Star/trusted_domain/FreeRTOS-Kernel/event_groups.c ****                 {
 599:/home/zz/quard-start/Quard-Star/trusted_domain/FreeRTOS-Kernel/event_groups.c ****                     mtCOVERAGE_TEST_MARKER();
 600:/home/zz/quard-start/Quard-Star/trusted_domain/FreeRTOS-Kernel/event_groups.c ****                 }
 601:/home/zz/quard-start/Quard-Star/trusted_domain/FreeRTOS-Kernel/event_groups.c **** 
 602:/home/zz/quard-start/Quard-Star/trusted_domain/FreeRTOS-Kernel/event_groups.c ****                 /* Store the actual event flag value in the task's event list
 603:/home/zz/quard-start/Quard-Star/trusted_domain/FreeRTOS-Kernel/event_groups.c ****                  * item before removing the task from the event list.  The
 604:/home/zz/quard-start/Quard-Star/trusted_domain/FreeRTOS-Kernel/event_groups.c ****                  * eventUNBLOCKED_DUE_TO_BIT_SET bit is set so the task knows
 605:/home/zz/quard-start/Quard-Star/trusted_domain/FreeRTOS-Kernel/event_groups.c ****                  * that is was unblocked due to its required bits matching, rather
 606:/home/zz/quard-start/Quard-Star/trusted_domain/FreeRTOS-Kernel/event_groups.c ****                  * than because it timed out. */
 607:/home/zz/quard-start/Quard-Star/trusted_domain/FreeRTOS-Kernel/event_groups.c ****                 vTaskRemoveFromUnorderedEventList( pxListItem, pxEventBits->uxEventBits | eventUNBL
 608:/home/zz/quard-start/Quard-Star/trusted_domain/FreeRTOS-Kernel/event_groups.c ****             }
 609:/home/zz/quard-start/Quard-Star/trusted_domain/FreeRTOS-Kernel/event_groups.c **** 
 610:/home/zz/quard-start/Quard-Star/trusted_domain/FreeRTOS-Kernel/event_groups.c ****             /* Move onto the next list item.  Note pxListItem->pxNext is not
 611:/home/zz/quard-start/Quard-Star/trusted_domain/FreeRTOS-Kernel/event_groups.c ****              * used here as the list item may have been removed from the event list
 612:/home/zz/quard-start/Quard-Star/trusted_domain/FreeRTOS-Kernel/event_groups.c ****              * and inserted into the ready/pending reading list. */
 613:/home/zz/quard-start/Quard-Star/trusted_domain/FreeRTOS-Kernel/event_groups.c ****             pxListItem = pxNext;
 614:/home/zz/quard-start/Quard-Star/trusted_domain/FreeRTOS-Kernel/event_groups.c ****         }
GAS LISTING /tmp/cchuDWiq.s 			page 12


 615:/home/zz/quard-start/Quard-Star/trusted_domain/FreeRTOS-Kernel/event_groups.c **** 
 616:/home/zz/quard-start/Quard-Star/trusted_domain/FreeRTOS-Kernel/event_groups.c ****         /* Clear any bits that matched when the eventCLEAR_EVENTS_ON_EXIT_BIT
 617:/home/zz/quard-start/Quard-Star/trusted_domain/FreeRTOS-Kernel/event_groups.c ****          * bit was set in the control word. */
 618:/home/zz/quard-start/Quard-Star/trusted_domain/FreeRTOS-Kernel/event_groups.c ****         pxEventBits->uxEventBits &= ~uxBitsToClear;
 619:/home/zz/quard-start/Quard-Star/trusted_domain/FreeRTOS-Kernel/event_groups.c ****     }
 620:/home/zz/quard-start/Quard-Star/trusted_domain/FreeRTOS-Kernel/event_groups.c ****     ( void ) xTaskResumeAll();
 621:/home/zz/quard-start/Quard-Star/trusted_domain/FreeRTOS-Kernel/event_groups.c **** 
 622:/home/zz/quard-start/Quard-Star/trusted_domain/FreeRTOS-Kernel/event_groups.c ****     return pxEventBits->uxEventBits;
 623:/home/zz/quard-start/Quard-Star/trusted_domain/FreeRTOS-Kernel/event_groups.c **** }
 624:/home/zz/quard-start/Quard-Star/trusted_domain/FreeRTOS-Kernel/event_groups.c **** /*-----------------------------------------------------------*/
 625:/home/zz/quard-start/Quard-Star/trusted_domain/FreeRTOS-Kernel/event_groups.c **** 
 626:/home/zz/quard-start/Quard-Star/trusted_domain/FreeRTOS-Kernel/event_groups.c **** void vEventGroupDelete( EventGroupHandle_t xEventGroup )
 627:/home/zz/quard-start/Quard-Star/trusted_domain/FreeRTOS-Kernel/event_groups.c **** {
 628:/home/zz/quard-start/Quard-Star/trusted_domain/FreeRTOS-Kernel/event_groups.c ****     EventGroup_t * pxEventBits = xEventGroup;
 629:/home/zz/quard-start/Quard-Star/trusted_domain/FreeRTOS-Kernel/event_groups.c ****     const List_t * pxTasksWaitingForBits = &( pxEventBits->xTasksWaitingForBits );
 630:/home/zz/quard-start/Quard-Star/trusted_domain/FreeRTOS-Kernel/event_groups.c **** 
 631:/home/zz/quard-start/Quard-Star/trusted_domain/FreeRTOS-Kernel/event_groups.c ****     vTaskSuspendAll();
 632:/home/zz/quard-start/Quard-Star/trusted_domain/FreeRTOS-Kernel/event_groups.c ****     {
 633:/home/zz/quard-start/Quard-Star/trusted_domain/FreeRTOS-Kernel/event_groups.c ****         traceEVENT_GROUP_DELETE( xEventGroup );
 634:/home/zz/quard-start/Quard-Star/trusted_domain/FreeRTOS-Kernel/event_groups.c **** 
 635:/home/zz/quard-start/Quard-Star/trusted_domain/FreeRTOS-Kernel/event_groups.c ****         while( listCURRENT_LIST_LENGTH( pxTasksWaitingForBits ) > ( UBaseType_t ) 0 )
 636:/home/zz/quard-start/Quard-Star/trusted_domain/FreeRTOS-Kernel/event_groups.c ****         {
 637:/home/zz/quard-start/Quard-Star/trusted_domain/FreeRTOS-Kernel/event_groups.c ****             /* Unblock the task, returning 0 as the event list is being deleted
 638:/home/zz/quard-start/Quard-Star/trusted_domain/FreeRTOS-Kernel/event_groups.c ****              * and cannot therefore have any bits set. */
 639:/home/zz/quard-start/Quard-Star/trusted_domain/FreeRTOS-Kernel/event_groups.c ****             configASSERT( pxTasksWaitingForBits->xListEnd.pxNext != ( const ListItem_t * ) &( pxTas
 640:/home/zz/quard-start/Quard-Star/trusted_domain/FreeRTOS-Kernel/event_groups.c ****             vTaskRemoveFromUnorderedEventList( pxTasksWaitingForBits->xListEnd.pxNext, eventUNBLOCK
 641:/home/zz/quard-start/Quard-Star/trusted_domain/FreeRTOS-Kernel/event_groups.c ****         }
 642:/home/zz/quard-start/Quard-Star/trusted_domain/FreeRTOS-Kernel/event_groups.c **** 
 643:/home/zz/quard-start/Quard-Star/trusted_domain/FreeRTOS-Kernel/event_groups.c ****         #if ( ( configSUPPORT_DYNAMIC_ALLOCATION == 1 ) && ( configSUPPORT_STATIC_ALLOCATION == 0 )
 644:/home/zz/quard-start/Quard-Star/trusted_domain/FreeRTOS-Kernel/event_groups.c ****             {
 645:/home/zz/quard-start/Quard-Star/trusted_domain/FreeRTOS-Kernel/event_groups.c ****                 /* The event group can only have been allocated dynamically - free
 646:/home/zz/quard-start/Quard-Star/trusted_domain/FreeRTOS-Kernel/event_groups.c ****                  * it again. */
 647:/home/zz/quard-start/Quard-Star/trusted_domain/FreeRTOS-Kernel/event_groups.c ****                 vPortFree( pxEventBits );
 648:/home/zz/quard-start/Quard-Star/trusted_domain/FreeRTOS-Kernel/event_groups.c ****             }
 649:/home/zz/quard-start/Quard-Star/trusted_domain/FreeRTOS-Kernel/event_groups.c ****         #elif ( ( configSUPPORT_DYNAMIC_ALLOCATION == 1 ) && ( configSUPPORT_STATIC_ALLOCATION == 1
 650:/home/zz/quard-start/Quard-Star/trusted_domain/FreeRTOS-Kernel/event_groups.c ****             {
 651:/home/zz/quard-start/Quard-Star/trusted_domain/FreeRTOS-Kernel/event_groups.c ****                 /* The event group could have been allocated statically or
 652:/home/zz/quard-start/Quard-Star/trusted_domain/FreeRTOS-Kernel/event_groups.c ****                  * dynamically, so check before attempting to free the memory. */
 653:/home/zz/quard-start/Quard-Star/trusted_domain/FreeRTOS-Kernel/event_groups.c ****                 if( pxEventBits->ucStaticallyAllocated == ( uint8_t ) pdFALSE )
 654:/home/zz/quard-start/Quard-Star/trusted_domain/FreeRTOS-Kernel/event_groups.c ****                 {
 655:/home/zz/quard-start/Quard-Star/trusted_domain/FreeRTOS-Kernel/event_groups.c ****                     vPortFree( pxEventBits );
 656:/home/zz/quard-start/Quard-Star/trusted_domain/FreeRTOS-Kernel/event_groups.c ****                 }
 657:/home/zz/quard-start/Quard-Star/trusted_domain/FreeRTOS-Kernel/event_groups.c ****                 else
 658:/home/zz/quard-start/Quard-Star/trusted_domain/FreeRTOS-Kernel/event_groups.c ****                 {
 659:/home/zz/quard-start/Quard-Star/trusted_domain/FreeRTOS-Kernel/event_groups.c ****                     mtCOVERAGE_TEST_MARKER();
 660:/home/zz/quard-start/Quard-Star/trusted_domain/FreeRTOS-Kernel/event_groups.c ****                 }
 661:/home/zz/quard-start/Quard-Star/trusted_domain/FreeRTOS-Kernel/event_groups.c ****             }
 662:/home/zz/quard-start/Quard-Star/trusted_domain/FreeRTOS-Kernel/event_groups.c ****         #endif /* configSUPPORT_DYNAMIC_ALLOCATION */
 663:/home/zz/quard-start/Quard-Star/trusted_domain/FreeRTOS-Kernel/event_groups.c ****     }
 664:/home/zz/quard-start/Quard-Star/trusted_domain/FreeRTOS-Kernel/event_groups.c ****     ( void ) xTaskResumeAll();
 665:/home/zz/quard-start/Quard-Star/trusted_domain/FreeRTOS-Kernel/event_groups.c **** }
 666:/home/zz/quard-start/Quard-Star/trusted_domain/FreeRTOS-Kernel/event_groups.c **** /*-----------------------------------------------------------*/
 667:/home/zz/quard-start/Quard-Star/trusted_domain/FreeRTOS-Kernel/event_groups.c **** 
 668:/home/zz/quard-start/Quard-Star/trusted_domain/FreeRTOS-Kernel/event_groups.c **** /* For internal use only - execute a 'set bits' command that was pended from
 669:/home/zz/quard-start/Quard-Star/trusted_domain/FreeRTOS-Kernel/event_groups.c ****  * an interrupt. */
 670:/home/zz/quard-start/Quard-Star/trusted_domain/FreeRTOS-Kernel/event_groups.c **** void vEventGroupSetBitsCallback( void * pvEventGroup,
 671:/home/zz/quard-start/Quard-Star/trusted_domain/FreeRTOS-Kernel/event_groups.c ****                                  const uint32_t ulBitsToSet )
GAS LISTING /tmp/cchuDWiq.s 			page 13


 672:/home/zz/quard-start/Quard-Star/trusted_domain/FreeRTOS-Kernel/event_groups.c **** {
 673:/home/zz/quard-start/Quard-Star/trusted_domain/FreeRTOS-Kernel/event_groups.c ****     ( void ) xEventGroupSetBits( pvEventGroup, ( EventBits_t ) ulBitsToSet ); /*lint !e9079 Can't a
 674:/home/zz/quard-start/Quard-Star/trusted_domain/FreeRTOS-Kernel/event_groups.c **** }
 675:/home/zz/quard-start/Quard-Star/trusted_domain/FreeRTOS-Kernel/event_groups.c **** /*-----------------------------------------------------------*/
 676:/home/zz/quard-start/Quard-Star/trusted_domain/FreeRTOS-Kernel/event_groups.c **** 
 677:/home/zz/quard-start/Quard-Star/trusted_domain/FreeRTOS-Kernel/event_groups.c **** /* For internal use only - execute a 'clear bits' command that was pended from
 678:/home/zz/quard-start/Quard-Star/trusted_domain/FreeRTOS-Kernel/event_groups.c ****  * an interrupt. */
 679:/home/zz/quard-start/Quard-Star/trusted_domain/FreeRTOS-Kernel/event_groups.c **** void vEventGroupClearBitsCallback( void * pvEventGroup,
 680:/home/zz/quard-start/Quard-Star/trusted_domain/FreeRTOS-Kernel/event_groups.c ****                                    const uint32_t ulBitsToClear )
 681:/home/zz/quard-start/Quard-Star/trusted_domain/FreeRTOS-Kernel/event_groups.c **** {
 682:/home/zz/quard-start/Quard-Star/trusted_domain/FreeRTOS-Kernel/event_groups.c ****     ( void ) xEventGroupClearBits( pvEventGroup, ( EventBits_t ) ulBitsToClear ); /*lint !e9079 Can
 683:/home/zz/quard-start/Quard-Star/trusted_domain/FreeRTOS-Kernel/event_groups.c **** }
 684:/home/zz/quard-start/Quard-Star/trusted_domain/FreeRTOS-Kernel/event_groups.c **** /*-----------------------------------------------------------*/
 685:/home/zz/quard-start/Quard-Star/trusted_domain/FreeRTOS-Kernel/event_groups.c **** 
 686:/home/zz/quard-start/Quard-Star/trusted_domain/FreeRTOS-Kernel/event_groups.c **** static BaseType_t prvTestWaitCondition( const EventBits_t uxCurrentEventBits,
 687:/home/zz/quard-start/Quard-Star/trusted_domain/FreeRTOS-Kernel/event_groups.c ****                                         const EventBits_t uxBitsToWaitFor,
 688:/home/zz/quard-start/Quard-Star/trusted_domain/FreeRTOS-Kernel/event_groups.c ****                                         const BaseType_t xWaitForAllBits )
 689:/home/zz/quard-start/Quard-Star/trusted_domain/FreeRTOS-Kernel/event_groups.c **** {
  15              		.loc 1 689 1
  16              		.cfi_startproc
  17              	.LVL0:
 690:/home/zz/quard-start/Quard-Star/trusted_domain/FreeRTOS-Kernel/event_groups.c ****     BaseType_t xWaitConditionMet = pdFALSE;
  18              		.loc 1 690 5
 691:/home/zz/quard-start/Quard-Star/trusted_domain/FreeRTOS-Kernel/event_groups.c **** 
 692:/home/zz/quard-start/Quard-Star/trusted_domain/FreeRTOS-Kernel/event_groups.c ****     if( xWaitForAllBits == pdFALSE )
  19              		.loc 1 692 5
  20              		.loc 1 692 7 is_stmt 0
  21 0000 631A0600 		bne	a2,zero,.L2
 693:/home/zz/quard-start/Quard-Star/trusted_domain/FreeRTOS-Kernel/event_groups.c ****     {
 694:/home/zz/quard-start/Quard-Star/trusted_domain/FreeRTOS-Kernel/event_groups.c ****         /* Task only has to wait for one bit within uxBitsToWaitFor to be
 695:/home/zz/quard-start/Quard-Star/trusted_domain/FreeRTOS-Kernel/event_groups.c ****          * set.  Is one already set? */
 696:/home/zz/quard-start/Quard-Star/trusted_domain/FreeRTOS-Kernel/event_groups.c ****         if( ( uxCurrentEventBits & uxBitsToWaitFor ) != ( EventBits_t ) 0 )
  22              		.loc 1 696 9 is_stmt 1
  23              		.loc 1 696 34 is_stmt 0
  24 0004 3375B500 		and	a0,a0,a1
  25              	.LVL1:
  26              		.loc 1 696 11
  27 0008 631E0500 		bne	a0,zero,.L4
 690:/home/zz/quard-start/Quard-Star/trusted_domain/FreeRTOS-Kernel/event_groups.c **** 
  28              		.loc 1 690 16
  29 000c 13050600 		mv	a0,a2
  30 0010 67800000 		ret
  31              	.LVL2:
  32              	.L2:
 697:/home/zz/quard-start/Quard-Star/trusted_domain/FreeRTOS-Kernel/event_groups.c ****         {
 698:/home/zz/quard-start/Quard-Star/trusted_domain/FreeRTOS-Kernel/event_groups.c ****             xWaitConditionMet = pdTRUE;
 699:/home/zz/quard-start/Quard-Star/trusted_domain/FreeRTOS-Kernel/event_groups.c ****         }
 700:/home/zz/quard-start/Quard-Star/trusted_domain/FreeRTOS-Kernel/event_groups.c ****         else
 701:/home/zz/quard-start/Quard-Star/trusted_domain/FreeRTOS-Kernel/event_groups.c ****         {
 702:/home/zz/quard-start/Quard-Star/trusted_domain/FreeRTOS-Kernel/event_groups.c ****             mtCOVERAGE_TEST_MARKER();
 703:/home/zz/quard-start/Quard-Star/trusted_domain/FreeRTOS-Kernel/event_groups.c ****         }
 704:/home/zz/quard-start/Quard-Star/trusted_domain/FreeRTOS-Kernel/event_groups.c ****     }
 705:/home/zz/quard-start/Quard-Star/trusted_domain/FreeRTOS-Kernel/event_groups.c ****     else
 706:/home/zz/quard-start/Quard-Star/trusted_domain/FreeRTOS-Kernel/event_groups.c ****     {
 707:/home/zz/quard-start/Quard-Star/trusted_domain/FreeRTOS-Kernel/event_groups.c ****         /* Task has to wait for all the bits in uxBitsToWaitFor to be set.
 708:/home/zz/quard-start/Quard-Star/trusted_domain/FreeRTOS-Kernel/event_groups.c ****          * Are they set already? */
 709:/home/zz/quard-start/Quard-Star/trusted_domain/FreeRTOS-Kernel/event_groups.c ****         if( ( uxCurrentEventBits & uxBitsToWaitFor ) == uxBitsToWaitFor )
GAS LISTING /tmp/cchuDWiq.s 			page 14


  33              		.loc 1 709 9 is_stmt 1
  34              		.loc 1 709 34 is_stmt 0
  35 0014 3375B500 		and	a0,a0,a1
  36              	.LVL3:
  37              		.loc 1 709 11
  38 0018 630AB500 		beq	a0,a1,.L5
 690:/home/zz/quard-start/Quard-Star/trusted_domain/FreeRTOS-Kernel/event_groups.c **** 
  39              		.loc 1 690 16
  40 001c 13050000 		li	a0,0
  41 0020 67800000 		ret
  42              	.L4:
 698:/home/zz/quard-start/Quard-Star/trusted_domain/FreeRTOS-Kernel/event_groups.c ****         }
  43              		.loc 1 698 31
  44 0024 13051000 		li	a0,1
  45 0028 67800000 		ret
  46              	.L5:
 710:/home/zz/quard-start/Quard-Star/trusted_domain/FreeRTOS-Kernel/event_groups.c ****         {
 711:/home/zz/quard-start/Quard-Star/trusted_domain/FreeRTOS-Kernel/event_groups.c ****             xWaitConditionMet = pdTRUE;
  47              		.loc 1 711 31
  48 002c 13051000 		li	a0,1
  49              	.LVL4:
 712:/home/zz/quard-start/Quard-Star/trusted_domain/FreeRTOS-Kernel/event_groups.c ****         }
 713:/home/zz/quard-start/Quard-Star/trusted_domain/FreeRTOS-Kernel/event_groups.c ****         else
 714:/home/zz/quard-start/Quard-Star/trusted_domain/FreeRTOS-Kernel/event_groups.c ****         {
 715:/home/zz/quard-start/Quard-Star/trusted_domain/FreeRTOS-Kernel/event_groups.c ****             mtCOVERAGE_TEST_MARKER();
  50              		.loc 1 715 37 is_stmt 1
 716:/home/zz/quard-start/Quard-Star/trusted_domain/FreeRTOS-Kernel/event_groups.c ****         }
 717:/home/zz/quard-start/Quard-Star/trusted_domain/FreeRTOS-Kernel/event_groups.c ****     }
 718:/home/zz/quard-start/Quard-Star/trusted_domain/FreeRTOS-Kernel/event_groups.c **** 
 719:/home/zz/quard-start/Quard-Star/trusted_domain/FreeRTOS-Kernel/event_groups.c ****     return xWaitConditionMet;
  51              		.loc 1 719 5
 720:/home/zz/quard-start/Quard-Star/trusted_domain/FreeRTOS-Kernel/event_groups.c **** }
  52              		.loc 1 720 1 is_stmt 0
  53 0030 67800000 		ret
  54              		.cfi_endproc
  55              	.LFE11:
  57              		.section	.text.xEventGroupCreate,"ax",@progbits
  58              		.align	2
  59              		.globl	xEventGroupCreate
  61              	xEventGroupCreate:
  62              	.LFB1:
 147:/home/zz/quard-start/Quard-Star/trusted_domain/FreeRTOS-Kernel/event_groups.c ****         EventGroup_t * pxEventBits;
  63              		.loc 1 147 5 is_stmt 1
  64              		.cfi_startproc
  65 0000 130101FF 		addi	sp,sp,-16
  66              	.LCFI0:
  67              		.cfi_def_cfa_offset 16
  68 0004 23341100 		sd	ra,8(sp)
  69 0008 23308100 		sd	s0,0(sp)
  70              		.cfi_offset 1, -8
  71              		.cfi_offset 8, -16
 148:/home/zz/quard-start/Quard-Star/trusted_domain/FreeRTOS-Kernel/event_groups.c **** 
  72              		.loc 1 148 9
 163:/home/zz/quard-start/Quard-Star/trusted_domain/FreeRTOS-Kernel/event_groups.c **** 
  73              		.loc 1 163 9
 163:/home/zz/quard-start/Quard-Star/trusted_domain/FreeRTOS-Kernel/event_groups.c **** 
  74              		.loc 1 163 42 is_stmt 0
GAS LISTING /tmp/cchuDWiq.s 			page 15


  75 000c 13058003 		li	a0,56
  76 0010 97000000 		call	pvPortMalloc
  76      E7800000 
  77              	.LVL5:
  78 0018 13040500 		mv	s0,a0
  79              	.LVL6:
 165:/home/zz/quard-start/Quard-Star/trusted_domain/FreeRTOS-Kernel/event_groups.c ****         {
  80              		.loc 1 165 9 is_stmt 1
 165:/home/zz/quard-start/Quard-Star/trusted_domain/FreeRTOS-Kernel/event_groups.c ****         {
  81              		.loc 1 165 11 is_stmt 0
  82 001c 630A0500 		beq	a0,zero,.L6
 167:/home/zz/quard-start/Quard-Star/trusted_domain/FreeRTOS-Kernel/event_groups.c ****             vListInitialise( &( pxEventBits->xTasksWaitingForBits ) );
  83              		.loc 1 167 13 is_stmt 1
 167:/home/zz/quard-start/Quard-Star/trusted_domain/FreeRTOS-Kernel/event_groups.c ****             vListInitialise( &( pxEventBits->xTasksWaitingForBits ) );
  84              		.loc 1 167 38 is_stmt 0
  85 0020 23300500 		sd	zero,0(a0)
 168:/home/zz/quard-start/Quard-Star/trusted_domain/FreeRTOS-Kernel/event_groups.c **** 
  86              		.loc 1 168 13 is_stmt 1
  87 0024 13058500 		addi	a0,a0,8
  88 0028 97000000 		call	vListInitialise
  88      E7800000 
  89              	.LVL7:
 179:/home/zz/quard-start/Quard-Star/trusted_domain/FreeRTOS-Kernel/event_groups.c ****         }
  90              		.loc 1 179 51
 183:/home/zz/quard-start/Quard-Star/trusted_domain/FreeRTOS-Kernel/event_groups.c ****         }
  91              		.loc 1 183 45
 186:/home/zz/quard-start/Quard-Star/trusted_domain/FreeRTOS-Kernel/event_groups.c ****     }
  92              		.loc 1 186 9
  93              	.L6:
 187:/home/zz/quard-start/Quard-Star/trusted_domain/FreeRTOS-Kernel/event_groups.c **** 
  94              		.loc 1 187 5 is_stmt 0
  95 0030 13050400 		mv	a0,s0
  96 0034 83308100 		ld	ra,8(sp)
  97              		.cfi_restore 1
  98 0038 03340100 		ld	s0,0(sp)
  99              		.cfi_restore 8
 100              	.LVL8:
 101 003c 13010101 		addi	sp,sp,16
 102              	.LCFI1:
 103              		.cfi_def_cfa_offset 0
 104 0040 67800000 		jr	ra
 105              		.cfi_endproc
 106              	.LFE1:
 108              		.section	.text.xEventGroupWaitBits,"ax",@progbits
 109              		.align	2
 110              		.globl	xEventGroupWaitBits
 112              	xEventGroupWaitBits:
 113              	.LFB3:
 320:/home/zz/quard-start/Quard-Star/trusted_domain/FreeRTOS-Kernel/event_groups.c ****     EventGroup_t * pxEventBits = xEventGroup;
 114              		.loc 1 320 1 is_stmt 1
 115              		.cfi_startproc
 116              	.LVL9:
 117 0000 130101FC 		addi	sp,sp,-64
 118              	.LCFI2:
 119              		.cfi_def_cfa_offset 64
 120 0004 233C1102 		sd	ra,56(sp)
 121 0008 23388102 		sd	s0,48(sp)
GAS LISTING /tmp/cchuDWiq.s 			page 16


 122 000c 23349102 		sd	s1,40(sp)
 123 0010 23302103 		sd	s2,32(sp)
 124 0014 233C3101 		sd	s3,24(sp)
 125 0018 23384101 		sd	s4,16(sp)
 126 001c 23345101 		sd	s5,8(sp)
 127              		.cfi_offset 1, -8
 128              		.cfi_offset 8, -16
 129              		.cfi_offset 9, -24
 130              		.cfi_offset 18, -32
 131              		.cfi_offset 19, -40
 132              		.cfi_offset 20, -48
 133              		.cfi_offset 21, -56
 134 0020 130A0500 		mv	s4,a0
 135 0024 13890500 		mv	s2,a1
 136 0028 93090600 		mv	s3,a2
 137 002c 938A0600 		mv	s5,a3
 138 0030 93040700 		mv	s1,a4
 321:/home/zz/quard-start/Quard-Star/trusted_domain/FreeRTOS-Kernel/event_groups.c ****     EventBits_t uxReturn, uxControlBits = 0;
 139              		.loc 1 321 5
 140              	.LVL10:
 322:/home/zz/quard-start/Quard-Star/trusted_domain/FreeRTOS-Kernel/event_groups.c ****     BaseType_t xWaitConditionMet, xAlreadyYielded;
 141              		.loc 1 322 5
 323:/home/zz/quard-start/Quard-Star/trusted_domain/FreeRTOS-Kernel/event_groups.c ****     BaseType_t xTimeoutOccurred = pdFALSE;
 142              		.loc 1 323 5
 324:/home/zz/quard-start/Quard-Star/trusted_domain/FreeRTOS-Kernel/event_groups.c **** 
 143              		.loc 1 324 5
 328:/home/zz/quard-start/Quard-Star/trusted_domain/FreeRTOS-Kernel/event_groups.c ****     configASSERT( ( uxBitsToWaitFor & eventEVENT_BITS_CONTROL_BYTES ) == 0 );
 144              		.loc 1 328 32
 329:/home/zz/quard-start/Quard-Star/trusted_domain/FreeRTOS-Kernel/event_groups.c ****     configASSERT( uxBitsToWaitFor != 0 );
 145              		.loc 1 329 77
 330:/home/zz/quard-start/Quard-Star/trusted_domain/FreeRTOS-Kernel/event_groups.c ****     #if ( ( INCLUDE_xTaskGetSchedulerState == 1 ) || ( configUSE_TIMERS == 1 ) )
 146              		.loc 1 330 41
 333:/home/zz/quard-start/Quard-Star/trusted_domain/FreeRTOS-Kernel/event_groups.c ****         }
 147              		.loc 1 333 114
 337:/home/zz/quard-start/Quard-Star/trusted_domain/FreeRTOS-Kernel/event_groups.c ****     {
 148              		.loc 1 337 5
 149 0034 97000000 		call	vTaskSuspendAll
 149      E7800000 
 150              	.LVL11:
 151              	.LBB2:
 339:/home/zz/quard-start/Quard-Star/trusted_domain/FreeRTOS-Kernel/event_groups.c **** 
 152              		.loc 1 339 9
 339:/home/zz/quard-start/Quard-Star/trusted_domain/FreeRTOS-Kernel/event_groups.c **** 
 153              		.loc 1 339 27 is_stmt 0
 154 003c 03340A00 		ld	s0,0(s4)
 155              	.LVL12:
 342:/home/zz/quard-start/Quard-Star/trusted_domain/FreeRTOS-Kernel/event_groups.c **** 
 156              		.loc 1 342 9 is_stmt 1
 342:/home/zz/quard-start/Quard-Star/trusted_domain/FreeRTOS-Kernel/event_groups.c **** 
 157              		.loc 1 342 29 is_stmt 0
 158 0040 13860A00 		mv	a2,s5
 159 0044 93050900 		mv	a1,s2
 160 0048 13050400 		mv	a0,s0
 161 004c 97000000 		call	prvTestWaitCondition
 161      E7800000 
 162              	.LVL13:
 344:/home/zz/quard-start/Quard-Star/trusted_domain/FreeRTOS-Kernel/event_groups.c ****         {
GAS LISTING /tmp/cchuDWiq.s 			page 17


 163              		.loc 1 344 9 is_stmt 1
 344:/home/zz/quard-start/Quard-Star/trusted_domain/FreeRTOS-Kernel/event_groups.c ****         {
 164              		.loc 1 344 11 is_stmt 0
 165 0054 630E0500 		beq	a0,zero,.L10
 348:/home/zz/quard-start/Quard-Star/trusted_domain/FreeRTOS-Kernel/event_groups.c ****             xTicksToWait = ( TickType_t ) 0;
 166              		.loc 1 348 13 is_stmt 1
 167              	.LVL14:
 349:/home/zz/quard-start/Quard-Star/trusted_domain/FreeRTOS-Kernel/event_groups.c **** 
 168              		.loc 1 349 13
 352:/home/zz/quard-start/Quard-Star/trusted_domain/FreeRTOS-Kernel/event_groups.c ****             {
 169              		.loc 1 352 13
 352:/home/zz/quard-start/Quard-Star/trusted_domain/FreeRTOS-Kernel/event_groups.c ****             {
 170              		.loc 1 352 15 is_stmt 0
 171 0058 638A0904 		beq	s3,zero,.L18
 354:/home/zz/quard-start/Quard-Star/trusted_domain/FreeRTOS-Kernel/event_groups.c ****             }
 172              		.loc 1 354 17 is_stmt 1
 354:/home/zz/quard-start/Quard-Star/trusted_domain/FreeRTOS-Kernel/event_groups.c ****             }
 173              		.loc 1 354 45 is_stmt 0
 174 005c 9347F9FF 		not	a5,s2
 354:/home/zz/quard-start/Quard-Star/trusted_domain/FreeRTOS-Kernel/event_groups.c ****             }
 175              		.loc 1 354 42
 176 0060 B3F78700 		and	a5,a5,s0
 177 0064 2330FA00 		sd	a5,0(s4)
 349:/home/zz/quard-start/Quard-Star/trusted_domain/FreeRTOS-Kernel/event_groups.c **** 
 178              		.loc 1 349 26
 179 0068 93040000 		li	s1,0
 180 006c 6F004004 		j	.L11
 181              	.LVL15:
 182              	.L10:
 361:/home/zz/quard-start/Quard-Star/trusted_domain/FreeRTOS-Kernel/event_groups.c ****         {
 183              		.loc 1 361 14 is_stmt 1
 361:/home/zz/quard-start/Quard-Star/trusted_domain/FreeRTOS-Kernel/event_groups.c ****         {
 184              		.loc 1 361 16 is_stmt 0
 185 0070 63800404 		beq	s1,zero,.L11
 374:/home/zz/quard-start/Quard-Star/trusted_domain/FreeRTOS-Kernel/event_groups.c ****             {
 186              		.loc 1 374 13 is_stmt 1
 374:/home/zz/quard-start/Quard-Star/trusted_domain/FreeRTOS-Kernel/event_groups.c ****             {
 187              		.loc 1 374 15 is_stmt 0
 188 0074 63980902 		bne	s3,zero,.L19
 189              	.LBE2:
 322:/home/zz/quard-start/Quard-Star/trusted_domain/FreeRTOS-Kernel/event_groups.c ****     BaseType_t xWaitConditionMet, xAlreadyYielded;
 190              		.loc 1 322 27
 191 0078 93050000 		li	a1,0
 192              	.L12:
 193              	.LVL16:
 194              	.LBB3:
 380:/home/zz/quard-start/Quard-Star/trusted_domain/FreeRTOS-Kernel/event_groups.c ****             }
 195              		.loc 1 380 41 is_stmt 1
 383:/home/zz/quard-start/Quard-Star/trusted_domain/FreeRTOS-Kernel/event_groups.c ****             {
 196              		.loc 1 383 13
 383:/home/zz/quard-start/Quard-Star/trusted_domain/FreeRTOS-Kernel/event_groups.c ****             {
 197              		.loc 1 383 15 is_stmt 0
 198 007c 63860A00 		beq	s5,zero,.L13
 385:/home/zz/quard-start/Quard-Star/trusted_domain/FreeRTOS-Kernel/event_groups.c ****             }
 199              		.loc 1 385 17 is_stmt 1
 385:/home/zz/quard-start/Quard-Star/trusted_domain/FreeRTOS-Kernel/event_groups.c ****             }
 200              		.loc 1 385 31 is_stmt 0
GAS LISTING /tmp/cchuDWiq.s 			page 18


 201 0080 B7070004 		li	a5,67108864
 202 0084 B3E5F500 		or	a1,a1,a5
 203              	.LVL17:
 204              	.L13:
 389:/home/zz/quard-start/Quard-Star/trusted_domain/FreeRTOS-Kernel/event_groups.c ****             }
 205              		.loc 1 389 41 is_stmt 1
 395:/home/zz/quard-start/Quard-Star/trusted_domain/FreeRTOS-Kernel/event_groups.c **** 
 206              		.loc 1 395 13
 207 0088 13860400 		mv	a2,s1
 208 008c B3E52501 		or	a1,a1,s2
 209              	.LVL18:
 210 0090 13058A00 		addi	a0,s4,8
 211              	.LVL19:
 212 0094 97000000 		call	vTaskPlaceOnUnorderedEventList
 212      E7800000 
 213              	.LVL20:
 400:/home/zz/quard-start/Quard-Star/trusted_domain/FreeRTOS-Kernel/event_groups.c **** 
 214              		.loc 1 400 13
 400:/home/zz/quard-start/Quard-Star/trusted_domain/FreeRTOS-Kernel/event_groups.c **** 
 215              		.loc 1 400 22 is_stmt 0
 216 009c 13040000 		li	s0,0
 217              	.LVL21:
 218 00a0 6F000001 		j	.L11
 219              	.LVL22:
 220              	.L19:
 376:/home/zz/quard-start/Quard-Star/trusted_domain/FreeRTOS-Kernel/event_groups.c ****             }
 221              		.loc 1 376 31
 222 00a4 B7050001 		li	a1,16777216
 223 00a8 6FF05FFD 		j	.L12
 224              	.LVL23:
 225              	.L18:
 349:/home/zz/quard-start/Quard-Star/trusted_domain/FreeRTOS-Kernel/event_groups.c **** 
 226              		.loc 1 349 26
 227 00ac 93040000 		li	s1,0
 228              	.LVL24:
 229              	.L11:
 402:/home/zz/quard-start/Quard-Star/trusted_domain/FreeRTOS-Kernel/event_groups.c ****         }
 230              		.loc 1 402 77 is_stmt 1
 231              	.LBE3:
 405:/home/zz/quard-start/Quard-Star/trusted_domain/FreeRTOS-Kernel/event_groups.c **** 
 232              		.loc 1 405 5
 405:/home/zz/quard-start/Quard-Star/trusted_domain/FreeRTOS-Kernel/event_groups.c **** 
 233              		.loc 1 405 23 is_stmt 0
 234 00b0 97000000 		call	xTaskResumeAll
 234      E7800000 
 235              	.LVL25:
 407:/home/zz/quard-start/Quard-Star/trusted_domain/FreeRTOS-Kernel/event_groups.c ****     {
 236              		.loc 1 407 5 is_stmt 1
 407:/home/zz/quard-start/Quard-Star/trusted_domain/FreeRTOS-Kernel/event_groups.c ****     {
 237              		.loc 1 407 7 is_stmt 0
 238 00b8 63880402 		beq	s1,zero,.L9
 409:/home/zz/quard-start/Quard-Star/trusted_domain/FreeRTOS-Kernel/event_groups.c ****         {
 239              		.loc 1 409 9 is_stmt 1
 409:/home/zz/quard-start/Quard-Star/trusted_domain/FreeRTOS-Kernel/event_groups.c ****         {
 240              		.loc 1 409 11 is_stmt 0
 241 00bc 630A0504 		beq	a0,zero,.L21
 242              	.LVL26:
GAS LISTING /tmp/cchuDWiq.s 			page 19


 243              	.L15:
 415:/home/zz/quard-start/Quard-Star/trusted_domain/FreeRTOS-Kernel/event_groups.c ****         }
 244              		.loc 1 415 37 is_stmt 1
 422:/home/zz/quard-start/Quard-Star/trusted_domain/FreeRTOS-Kernel/event_groups.c **** 
 245              		.loc 1 422 9
 422:/home/zz/quard-start/Quard-Star/trusted_domain/FreeRTOS-Kernel/event_groups.c **** 
 246              		.loc 1 422 20 is_stmt 0
 247 00c0 97000000 		call	uxTaskResetEventItemValue
 247      E7800000 
 248              	.LVL27:
 249 00c8 13040500 		mv	s0,a0
 250              	.LVL28:
 424:/home/zz/quard-start/Quard-Star/trusted_domain/FreeRTOS-Kernel/event_groups.c ****         {
 251              		.loc 1 424 9 is_stmt 1
 424:/home/zz/quard-start/Quard-Star/trusted_domain/FreeRTOS-Kernel/event_groups.c ****         {
 252              		.loc 1 424 24 is_stmt 0
 253 00cc B7070002 		li	a5,33554432
 254 00d0 B377F500 		and	a5,a0,a5
 424:/home/zz/quard-start/Quard-Star/trusted_domain/FreeRTOS-Kernel/event_groups.c ****         {
 255              		.loc 1 424 11
 256 00d4 63860704 		beq	a5,zero,.L22
 257              	.LVL29:
 258              	.L16:
 456:/home/zz/quard-start/Quard-Star/trusted_domain/FreeRTOS-Kernel/event_groups.c **** 
 259              		.loc 1 456 9 is_stmt 1
 459:/home/zz/quard-start/Quard-Star/trusted_domain/FreeRTOS-Kernel/event_groups.c ****     }
 260              		.loc 1 459 9
 459:/home/zz/quard-start/Quard-Star/trusted_domain/FreeRTOS-Kernel/event_groups.c ****     }
 261              		.loc 1 459 18 is_stmt 0
 262 00d8 930710F0 		li	a5,-255
 263 00dc 93978701 		slli	a5,a5,24
 264 00e0 9387F7FF 		addi	a5,a5,-1
 265 00e4 3374F400 		and	s0,s0,a5
 266              	.LVL30:
 462:/home/zz/quard-start/Quard-Star/trusted_domain/FreeRTOS-Kernel/event_groups.c **** 
 267              		.loc 1 462 5 is_stmt 1
 465:/home/zz/quard-start/Quard-Star/trusted_domain/FreeRTOS-Kernel/event_groups.c **** 
 268              		.loc 1 465 5
 467:/home/zz/quard-start/Quard-Star/trusted_domain/FreeRTOS-Kernel/event_groups.c **** }
 269              		.loc 1 467 5
 270              	.L9:
 468:/home/zz/quard-start/Quard-Star/trusted_domain/FreeRTOS-Kernel/event_groups.c **** /*-----------------------------------------------------------*/
 271              		.loc 1 468 1 is_stmt 0
 272 00e8 13050400 		mv	a0,s0
 273 00ec 83308103 		ld	ra,56(sp)
 274              		.cfi_remember_state
 275              		.cfi_restore 1
 276 00f0 03340103 		ld	s0,48(sp)
 277              		.cfi_restore 8
 278              	.LVL31:
 279 00f4 83348102 		ld	s1,40(sp)
 280              		.cfi_restore 9
 281              	.LVL32:
 282 00f8 03390102 		ld	s2,32(sp)
 283              		.cfi_restore 18
 284 00fc 83398101 		ld	s3,24(sp)
 285              		.cfi_restore 19
GAS LISTING /tmp/cchuDWiq.s 			page 20


 286              	.LVL33:
 287 0100 033A0101 		ld	s4,16(sp)
 288              		.cfi_restore 20
 289              	.LVL34:
 290 0104 833A8100 		ld	s5,8(sp)
 291              		.cfi_restore 21
 292              	.LVL35:
 293 0108 13010104 		addi	sp,sp,64
 294              	.LCFI3:
 295              		.cfi_def_cfa_offset 0
 296 010c 67800000 		jr	ra
 297              	.LVL36:
 298              	.L21:
 299              	.LCFI4:
 300              		.cfi_restore_state
 411:/home/zz/quard-start/Quard-Star/trusted_domain/FreeRTOS-Kernel/event_groups.c ****         }
 301              		.loc 1 411 13 is_stmt 1
 302 0110 13050008 		li	a0,128
 303              	.LVL37:
 304 0114 97000000 		call	sbi_send_ipi
 304      E7800000 
 305              	.LVL38:
 306 011c 6FF05FFA 		j	.L15
 307              	.L22:
 426:/home/zz/quard-start/Quard-Star/trusted_domain/FreeRTOS-Kernel/event_groups.c ****             {
 308              		.loc 1 426 13
 309 0120 97000000 		call	vTaskEnterCritical
 309      E7800000 
 310              	.LVL39:
 429:/home/zz/quard-start/Quard-Star/trusted_domain/FreeRTOS-Kernel/event_groups.c **** 
 311              		.loc 1 429 17
 429:/home/zz/quard-start/Quard-Star/trusted_domain/FreeRTOS-Kernel/event_groups.c **** 
 312              		.loc 1 429 26 is_stmt 0
 313 0128 03340A00 		ld	s0,0(s4)
 314              	.LVL40:
 433:/home/zz/quard-start/Quard-Star/trusted_domain/FreeRTOS-Kernel/event_groups.c ****                 {
 315              		.loc 1 433 17 is_stmt 1
 433:/home/zz/quard-start/Quard-Star/trusted_domain/FreeRTOS-Kernel/event_groups.c ****                 {
 316              		.loc 1 433 21 is_stmt 0
 317 012c 13860A00 		mv	a2,s5
 318 0130 93050900 		mv	a1,s2
 319 0134 13050400 		mv	a0,s0
 320 0138 97000000 		call	prvTestWaitCondition
 320      E7800000 
 321              	.LVL41:
 433:/home/zz/quard-start/Quard-Star/trusted_domain/FreeRTOS-Kernel/event_groups.c ****                 {
 322              		.loc 1 433 19
 323 0140 630A0500 		beq	a0,zero,.L17
 435:/home/zz/quard-start/Quard-Star/trusted_domain/FreeRTOS-Kernel/event_groups.c ****                     {
 324              		.loc 1 435 21 is_stmt 1
 435:/home/zz/quard-start/Quard-Star/trusted_domain/FreeRTOS-Kernel/event_groups.c ****                     {
 325              		.loc 1 435 23 is_stmt 0
 326 0144 63880900 		beq	s3,zero,.L17
 437:/home/zz/quard-start/Quard-Star/trusted_domain/FreeRTOS-Kernel/event_groups.c ****                     }
 327              		.loc 1 437 25 is_stmt 1
 437:/home/zz/quard-start/Quard-Star/trusted_domain/FreeRTOS-Kernel/event_groups.c ****                     }
 328              		.loc 1 437 53 is_stmt 0
GAS LISTING /tmp/cchuDWiq.s 			page 21


 329 0148 1349F9FF 		not	s2,s2
 330              	.LVL42:
 437:/home/zz/quard-start/Quard-Star/trusted_domain/FreeRTOS-Kernel/event_groups.c ****                     }
 331              		.loc 1 437 50
 332 014c 33798900 		and	s2,s2,s0
 333              	.LVL43:
 334 0150 23302A01 		sd	s2,0(s4)
 335              	.L17:
 446:/home/zz/quard-start/Quard-Star/trusted_domain/FreeRTOS-Kernel/event_groups.c ****                 }
 336              		.loc 1 446 45 is_stmt 1
 449:/home/zz/quard-start/Quard-Star/trusted_domain/FreeRTOS-Kernel/event_groups.c ****             }
 337              		.loc 1 449 17
 338              	.LVL44:
 451:/home/zz/quard-start/Quard-Star/trusted_domain/FreeRTOS-Kernel/event_groups.c ****         }
 339              		.loc 1 451 13
 340 0154 97000000 		call	vTaskExitCritical
 340      E7800000 
 341              	.LVL45:
 342 015c 6FF0DFF7 		j	.L16
 343              		.cfi_endproc
 344              	.LFE3:
 346              		.section	.text.xEventGroupClearBits,"ax",@progbits
 347              		.align	2
 348              		.globl	xEventGroupClearBits
 350              	xEventGroupClearBits:
 351              	.LFB4:
 473:/home/zz/quard-start/Quard-Star/trusted_domain/FreeRTOS-Kernel/event_groups.c ****     EventGroup_t * pxEventBits = xEventGroup;
 352              		.loc 1 473 1
 353              		.cfi_startproc
 354              	.LVL46:
 355 0000 130101FE 		addi	sp,sp,-32
 356              	.LCFI5:
 357              		.cfi_def_cfa_offset 32
 358 0004 233C1100 		sd	ra,24(sp)
 359 0008 23388100 		sd	s0,16(sp)
 360 000c 23349100 		sd	s1,8(sp)
 361 0010 23302101 		sd	s2,0(sp)
 362              		.cfi_offset 1, -8
 363              		.cfi_offset 8, -16
 364              		.cfi_offset 9, -24
 365              		.cfi_offset 18, -32
 366 0014 93040500 		mv	s1,a0
 367 0018 13840500 		mv	s0,a1
 474:/home/zz/quard-start/Quard-Star/trusted_domain/FreeRTOS-Kernel/event_groups.c ****     EventBits_t uxReturn;
 368              		.loc 1 474 5
 369              	.LVL47:
 475:/home/zz/quard-start/Quard-Star/trusted_domain/FreeRTOS-Kernel/event_groups.c **** 
 370              		.loc 1 475 5
 479:/home/zz/quard-start/Quard-Star/trusted_domain/FreeRTOS-Kernel/event_groups.c ****     configASSERT( ( uxBitsToClear & eventEVENT_BITS_CONTROL_BYTES ) == 0 );
 371              		.loc 1 479 32
 480:/home/zz/quard-start/Quard-Star/trusted_domain/FreeRTOS-Kernel/event_groups.c **** 
 372              		.loc 1 480 75
 482:/home/zz/quard-start/Quard-Star/trusted_domain/FreeRTOS-Kernel/event_groups.c ****     {
 373              		.loc 1 482 5
 374 001c 97000000 		call	vTaskEnterCritical
 374      E7800000 
 375              	.LVL48:
GAS LISTING /tmp/cchuDWiq.s 			page 22


 484:/home/zz/quard-start/Quard-Star/trusted_domain/FreeRTOS-Kernel/event_groups.c **** 
 376              		.loc 1 484 66
 488:/home/zz/quard-start/Quard-Star/trusted_domain/FreeRTOS-Kernel/event_groups.c **** 
 377              		.loc 1 488 9
 488:/home/zz/quard-start/Quard-Star/trusted_domain/FreeRTOS-Kernel/event_groups.c **** 
 378              		.loc 1 488 18 is_stmt 0
 379 0024 03B90400 		ld	s2,0(s1)
 380              	.LVL49:
 491:/home/zz/quard-start/Quard-Star/trusted_domain/FreeRTOS-Kernel/event_groups.c ****     }
 381              		.loc 1 491 9 is_stmt 1
 491:/home/zz/quard-start/Quard-Star/trusted_domain/FreeRTOS-Kernel/event_groups.c ****     }
 382              		.loc 1 491 37 is_stmt 0
 383 0028 1344F4FF 		not	s0,s0
 384              	.LVL50:
 491:/home/zz/quard-start/Quard-Star/trusted_domain/FreeRTOS-Kernel/event_groups.c ****     }
 385              		.loc 1 491 34
 386 002c 33742401 		and	s0,s0,s2
 387              	.LVL51:
 388 0030 23B08400 		sd	s0,0(s1)
 493:/home/zz/quard-start/Quard-Star/trusted_domain/FreeRTOS-Kernel/event_groups.c **** 
 389              		.loc 1 493 5 is_stmt 1
 390 0034 97000000 		call	vTaskExitCritical
 390      E7800000 
 391              	.LVL52:
 495:/home/zz/quard-start/Quard-Star/trusted_domain/FreeRTOS-Kernel/event_groups.c **** }
 392              		.loc 1 495 5
 496:/home/zz/quard-start/Quard-Star/trusted_domain/FreeRTOS-Kernel/event_groups.c **** /*-----------------------------------------------------------*/
 393              		.loc 1 496 1 is_stmt 0
 394 003c 13050900 		mv	a0,s2
 395 0040 83308101 		ld	ra,24(sp)
 396              		.cfi_restore 1
 397 0044 03340101 		ld	s0,16(sp)
 398              		.cfi_restore 8
 399 0048 83348100 		ld	s1,8(sp)
 400              		.cfi_restore 9
 401              	.LVL53:
 402 004c 03390100 		ld	s2,0(sp)
 403              		.cfi_restore 18
 404              	.LVL54:
 405 0050 13010102 		addi	sp,sp,32
 406              	.LCFI6:
 407              		.cfi_def_cfa_offset 0
 408 0054 67800000 		jr	ra
 409              		.cfi_endproc
 410              	.LFE4:
 412              		.section	.text.vEventGroupClearBitsCallback,"ax",@progbits
 413              		.align	2
 414              		.globl	vEventGroupClearBitsCallback
 416              	vEventGroupClearBitsCallback:
 417              	.LFB10:
 681:/home/zz/quard-start/Quard-Star/trusted_domain/FreeRTOS-Kernel/event_groups.c ****     ( void ) xEventGroupClearBits( pvEventGroup, ( EventBits_t ) ulBitsToClear ); /*lint !e9079 Can
 418              		.loc 1 681 1 is_stmt 1
 419              		.cfi_startproc
 420              	.LVL55:
 421 0000 130101FF 		addi	sp,sp,-16
 422              	.LCFI7:
 423              		.cfi_def_cfa_offset 16
GAS LISTING /tmp/cchuDWiq.s 			page 23


 424 0004 23341100 		sd	ra,8(sp)
 425              		.cfi_offset 1, -8
 682:/home/zz/quard-start/Quard-Star/trusted_domain/FreeRTOS-Kernel/event_groups.c **** }
 426              		.loc 1 682 5
 682:/home/zz/quard-start/Quard-Star/trusted_domain/FreeRTOS-Kernel/event_groups.c **** }
 427              		.loc 1 682 14 is_stmt 0
 428 0008 93950502 		slli	a1,a1,32
 429              	.LVL56:
 430 000c 93D50502 		srli	a1,a1,32
 431 0010 97000000 		call	xEventGroupClearBits
 431      E7800000 
 432              	.LVL57:
 683:/home/zz/quard-start/Quard-Star/trusted_domain/FreeRTOS-Kernel/event_groups.c **** /*-----------------------------------------------------------*/
 433              		.loc 1 683 1
 434 0018 83308100 		ld	ra,8(sp)
 435              		.cfi_restore 1
 436 001c 13010101 		addi	sp,sp,16
 437              	.LCFI8:
 438              		.cfi_def_cfa_offset 0
 439 0020 67800000 		jr	ra
 440              		.cfi_endproc
 441              	.LFE10:
 443              		.section	.text.xEventGroupClearBitsFromISR,"ax",@progbits
 444              		.align	2
 445              		.globl	xEventGroupClearBitsFromISR
 447              	xEventGroupClearBitsFromISR:
 448              	.LFB5:
 503:/home/zz/quard-start/Quard-Star/trusted_domain/FreeRTOS-Kernel/event_groups.c ****         BaseType_t xReturn;
 449              		.loc 1 503 5 is_stmt 1
 450              		.cfi_startproc
 451              	.LVL58:
 452 0000 130101FF 		addi	sp,sp,-16
 453              	.LCFI9:
 454              		.cfi_def_cfa_offset 16
 455 0004 23341100 		sd	ra,8(sp)
 456              		.cfi_offset 1, -8
 504:/home/zz/quard-start/Quard-Star/trusted_domain/FreeRTOS-Kernel/event_groups.c **** 
 457              		.loc 1 504 9
 506:/home/zz/quard-start/Quard-Star/trusted_domain/FreeRTOS-Kernel/event_groups.c ****         xReturn = xTimerPendFunctionCallFromISR( vEventGroupClearBitsCallback, ( void * ) xEventGro
 458              		.loc 1 506 75
 507:/home/zz/quard-start/Quard-Star/trusted_domain/FreeRTOS-Kernel/event_groups.c **** 
 459              		.loc 1 507 9
 507:/home/zz/quard-start/Quard-Star/trusted_domain/FreeRTOS-Kernel/event_groups.c **** 
 460              		.loc 1 507 19 is_stmt 0
 461 0008 93060000 		li	a3,0
 462 000c 1B860500 		sext.w	a2,a1
 463 0010 93050500 		mv	a1,a0
 464              	.LVL59:
 465 0014 17050000 		lla	a0,vEventGroupClearBitsCallback
 465      13050500 
 466              	.LVL60:
 467 001c 97000000 		call	xTimerPendFunctionCallFromISR
 467      E7800000 
 468              	.LVL61:
 509:/home/zz/quard-start/Quard-Star/trusted_domain/FreeRTOS-Kernel/event_groups.c ****     }
 469              		.loc 1 509 9 is_stmt 1
 510:/home/zz/quard-start/Quard-Star/trusted_domain/FreeRTOS-Kernel/event_groups.c **** 
GAS LISTING /tmp/cchuDWiq.s 			page 24


 470              		.loc 1 510 5 is_stmt 0
 471 0024 83308100 		ld	ra,8(sp)
 472              		.cfi_restore 1
 473 0028 13010101 		addi	sp,sp,16
 474              	.LCFI10:
 475              		.cfi_def_cfa_offset 0
 476 002c 67800000 		jr	ra
 477              		.cfi_endproc
 478              	.LFE5:
 480              		.section	.text.xEventGroupGetBitsFromISR,"ax",@progbits
 481              		.align	2
 482              		.globl	xEventGroupGetBitsFromISR
 484              	xEventGroupGetBitsFromISR:
 485              	.LFB6:
 516:/home/zz/quard-start/Quard-Star/trusted_domain/FreeRTOS-Kernel/event_groups.c ****     UBaseType_t uxSavedInterruptStatus;
 486              		.loc 1 516 1 is_stmt 1
 487              		.cfi_startproc
 488              	.LVL62:
 517:/home/zz/quard-start/Quard-Star/trusted_domain/FreeRTOS-Kernel/event_groups.c ****     EventGroup_t const * const pxEventBits = xEventGroup;
 489              		.loc 1 517 5
 518:/home/zz/quard-start/Quard-Star/trusted_domain/FreeRTOS-Kernel/event_groups.c ****     EventBits_t uxReturn;
 490              		.loc 1 518 5
 519:/home/zz/quard-start/Quard-Star/trusted_domain/FreeRTOS-Kernel/event_groups.c **** 
 491              		.loc 1 519 5
 521:/home/zz/quard-start/Quard-Star/trusted_domain/FreeRTOS-Kernel/event_groups.c ****     {
 492              		.loc 1 521 5
 523:/home/zz/quard-start/Quard-Star/trusted_domain/FreeRTOS-Kernel/event_groups.c ****     }
 493              		.loc 1 523 9
 525:/home/zz/quard-start/Quard-Star/trusted_domain/FreeRTOS-Kernel/event_groups.c **** 
 494              		.loc 1 525 5
 527:/home/zz/quard-start/Quard-Star/trusted_domain/FreeRTOS-Kernel/event_groups.c **** } /*lint !e818 EventGroupHandle_t is a typedef used in other functions to so can't be pointer to co
 495              		.loc 1 527 5
 528:/home/zz/quard-start/Quard-Star/trusted_domain/FreeRTOS-Kernel/event_groups.c **** /*-----------------------------------------------------------*/
 496              		.loc 1 528 1 is_stmt 0
 497 0000 03350500 		ld	a0,0(a0)
 498              	.LVL63:
 499 0004 67800000 		ret
 500              		.cfi_endproc
 501              	.LFE6:
 503              		.section	.text.xEventGroupSetBits,"ax",@progbits
 504              		.align	2
 505              		.globl	xEventGroupSetBits
 507              	xEventGroupSetBits:
 508              	.LFB7:
 533:/home/zz/quard-start/Quard-Star/trusted_domain/FreeRTOS-Kernel/event_groups.c ****     ListItem_t * pxListItem, * pxNext;
 509              		.loc 1 533 1 is_stmt 1
 510              		.cfi_startproc
 511              	.LVL64:
 512 0000 130101FD 		addi	sp,sp,-48
 513              	.LCFI11:
 514              		.cfi_def_cfa_offset 48
 515 0004 23341102 		sd	ra,40(sp)
 516 0008 23308102 		sd	s0,32(sp)
 517 000c 233C9100 		sd	s1,24(sp)
 518 0010 23382101 		sd	s2,16(sp)
 519 0014 23343101 		sd	s3,8(sp)
 520              		.cfi_offset 1, -8
GAS LISTING /tmp/cchuDWiq.s 			page 25


 521              		.cfi_offset 8, -16
 522              		.cfi_offset 9, -24
 523              		.cfi_offset 18, -32
 524              		.cfi_offset 19, -40
 525 0018 13040500 		mv	s0,a0
 526 001c 93840500 		mv	s1,a1
 534:/home/zz/quard-start/Quard-Star/trusted_domain/FreeRTOS-Kernel/event_groups.c ****     ListItem_t const * pxListEnd;
 527              		.loc 1 534 5
 535:/home/zz/quard-start/Quard-Star/trusted_domain/FreeRTOS-Kernel/event_groups.c ****     List_t const * pxList;
 528              		.loc 1 535 5
 536:/home/zz/quard-start/Quard-Star/trusted_domain/FreeRTOS-Kernel/event_groups.c ****     EventBits_t uxBitsToClear = 0, uxBitsWaitedFor, uxControlBits;
 529              		.loc 1 536 5
 537:/home/zz/quard-start/Quard-Star/trusted_domain/FreeRTOS-Kernel/event_groups.c ****     EventGroup_t * pxEventBits = xEventGroup;
 530              		.loc 1 537 5
 531              	.LVL65:
 538:/home/zz/quard-start/Quard-Star/trusted_domain/FreeRTOS-Kernel/event_groups.c ****     BaseType_t xMatchFound = pdFALSE;
 532              		.loc 1 538 5
 539:/home/zz/quard-start/Quard-Star/trusted_domain/FreeRTOS-Kernel/event_groups.c **** 
 533              		.loc 1 539 5
 543:/home/zz/quard-start/Quard-Star/trusted_domain/FreeRTOS-Kernel/event_groups.c ****     configASSERT( ( uxBitsToSet & eventEVENT_BITS_CONTROL_BYTES ) == 0 );
 534              		.loc 1 543 32
 544:/home/zz/quard-start/Quard-Star/trusted_domain/FreeRTOS-Kernel/event_groups.c **** 
 535              		.loc 1 544 73
 546:/home/zz/quard-start/Quard-Star/trusted_domain/FreeRTOS-Kernel/event_groups.c ****     pxListEnd = listGET_END_MARKER( pxList ); /*lint !e826 !e740 !e9087 The mini list structure is 
 536              		.loc 1 546 5
 547:/home/zz/quard-start/Quard-Star/trusted_domain/FreeRTOS-Kernel/event_groups.c ****     vTaskSuspendAll();
 537              		.loc 1 547 5
 547:/home/zz/quard-start/Quard-Star/trusted_domain/FreeRTOS-Kernel/event_groups.c ****     vTaskSuspendAll();
 538              		.loc 1 547 15 is_stmt 0
 539 0020 13098501 		addi	s2,a0,24
 540              	.LVL66:
 548:/home/zz/quard-start/Quard-Star/trusted_domain/FreeRTOS-Kernel/event_groups.c ****     {
 541              		.loc 1 548 5 is_stmt 1
 542 0024 97000000 		call	vTaskSuspendAll
 542      E7800000 
 543              	.LVL67:
 550:/home/zz/quard-start/Quard-Star/trusted_domain/FreeRTOS-Kernel/event_groups.c **** 
 544              		.loc 1 550 62
 552:/home/zz/quard-start/Quard-Star/trusted_domain/FreeRTOS-Kernel/event_groups.c **** 
 545              		.loc 1 552 9
 552:/home/zz/quard-start/Quard-Star/trusted_domain/FreeRTOS-Kernel/event_groups.c **** 
 546              		.loc 1 552 20 is_stmt 0
 547 002c 03350402 		ld	a0,32(s0)
 548              	.LVL68:
 555:/home/zz/quard-start/Quard-Star/trusted_domain/FreeRTOS-Kernel/event_groups.c **** 
 549              		.loc 1 555 9 is_stmt 1
 555:/home/zz/quard-start/Quard-Star/trusted_domain/FreeRTOS-Kernel/event_groups.c **** 
 550              		.loc 1 555 20 is_stmt 0
 551 0030 83370400 		ld	a5,0(s0)
 555:/home/zz/quard-start/Quard-Star/trusted_domain/FreeRTOS-Kernel/event_groups.c **** 
 552              		.loc 1 555 34
 553 0034 B3E79700 		or	a5,a5,s1
 554 0038 2330F400 		sd	a5,0(s0)
 558:/home/zz/quard-start/Quard-Star/trusted_domain/FreeRTOS-Kernel/event_groups.c ****         {
 555              		.loc 1 558 9 is_stmt 1
 537:/home/zz/quard-start/Quard-Star/trusted_domain/FreeRTOS-Kernel/event_groups.c ****     EventGroup_t * pxEventBits = xEventGroup;
 556              		.loc 1 537 17 is_stmt 0
GAS LISTING /tmp/cchuDWiq.s 			page 26


 557 003c 93090000 		li	s3,0
 558:/home/zz/quard-start/Quard-Star/trusted_domain/FreeRTOS-Kernel/event_groups.c ****         {
 558              		.loc 1 558 14
 559 0040 6F00C002 		j	.L31
 560              	.LVL69:
 561              	.L32:
 580:/home/zz/quard-start/Quard-Star/trusted_domain/FreeRTOS-Kernel/event_groups.c ****             {
 562              		.loc 1 580 18 is_stmt 1
 580:/home/zz/quard-start/Quard-Star/trusted_domain/FreeRTOS-Kernel/event_groups.c ****             {
 563              		.loc 1 580 53 is_stmt 0
 564 0044 83360400 		ld	a3,0(s0)
 580:/home/zz/quard-start/Quard-Star/trusted_domain/FreeRTOS-Kernel/event_groups.c ****             {
 565              		.loc 1 580 40
 566 0048 B3F6F600 		and	a3,a3,a5
 580:/home/zz/quard-start/Quard-Star/trusted_domain/FreeRTOS-Kernel/event_groups.c ****             {
 567              		.loc 1 580 20
 568 004c 639EF600 		bne	a3,a5,.L34
 569 0050 6F000005 		j	.L33
 570              	.LVL70:
 571              	.L35:
 599:/home/zz/quard-start/Quard-Star/trusted_domain/FreeRTOS-Kernel/event_groups.c ****                 }
 572              		.loc 1 599 45 is_stmt 1
 607:/home/zz/quard-start/Quard-Star/trusted_domain/FreeRTOS-Kernel/event_groups.c ****             }
 573              		.loc 1 607 17
 607:/home/zz/quard-start/Quard-Star/trusted_domain/FreeRTOS-Kernel/event_groups.c ****             }
 574              		.loc 1 607 75 is_stmt 0
 575 0054 83350400 		ld	a1,0(s0)
 607:/home/zz/quard-start/Quard-Star/trusted_domain/FreeRTOS-Kernel/event_groups.c ****             }
 576              		.loc 1 607 17
 577 0058 B7070002 		li	a5,33554432
 578              	.LVL71:
 579 005c B3E5F500 		or	a1,a1,a5
 580 0060 97000000 		call	vTaskRemoveFromUnorderedEventList
 580      E7800000 
 581              	.LVL72:
 582              	.L34:
 533:/home/zz/quard-start/Quard-Star/trusted_domain/FreeRTOS-Kernel/event_groups.c ****     ListItem_t * pxListItem, * pxNext;
 583              		.loc 1 533 1
 584 0068 13850400 		mv	a0,s1
 585              	.LVL73:
 586              	.L31:
 558:/home/zz/quard-start/Quard-Star/trusted_domain/FreeRTOS-Kernel/event_groups.c ****         {
 587              		.loc 1 558 27 is_stmt 1
 588 006c 63042505 		beq	a0,s2,.L38
 560:/home/zz/quard-start/Quard-Star/trusted_domain/FreeRTOS-Kernel/event_groups.c ****             uxBitsWaitedFor = listGET_LIST_ITEM_VALUE( pxListItem );
 589              		.loc 1 560 13
 560:/home/zz/quard-start/Quard-Star/trusted_domain/FreeRTOS-Kernel/event_groups.c ****             uxBitsWaitedFor = listGET_LIST_ITEM_VALUE( pxListItem );
 590              		.loc 1 560 20 is_stmt 0
 591 0070 83348500 		ld	s1,8(a0)
 592              	.LVL74:
 561:/home/zz/quard-start/Quard-Star/trusted_domain/FreeRTOS-Kernel/event_groups.c ****             xMatchFound = pdFALSE;
 593              		.loc 1 561 13 is_stmt 1
 561:/home/zz/quard-start/Quard-Star/trusted_domain/FreeRTOS-Kernel/event_groups.c ****             xMatchFound = pdFALSE;
 594              		.loc 1 561 29 is_stmt 0
 595 0074 03370500 		ld	a4,0(a0)
 596              	.LVL75:
 562:/home/zz/quard-start/Quard-Star/trusted_domain/FreeRTOS-Kernel/event_groups.c **** 
GAS LISTING /tmp/cchuDWiq.s 			page 27


 597              		.loc 1 562 13 is_stmt 1
 565:/home/zz/quard-start/Quard-Star/trusted_domain/FreeRTOS-Kernel/event_groups.c ****             uxBitsWaitedFor &= ~eventEVENT_BITS_CONTROL_BYTES;
 598              		.loc 1 565 13
 566:/home/zz/quard-start/Quard-Star/trusted_domain/FreeRTOS-Kernel/event_groups.c **** 
 599              		.loc 1 566 13
 566:/home/zz/quard-start/Quard-Star/trusted_domain/FreeRTOS-Kernel/event_groups.c **** 
 600              		.loc 1 566 29 is_stmt 0
 601 0078 930710F0 		li	a5,-255
 602 007c 93978701 		slli	a5,a5,24
 603 0080 9387F7FF 		addi	a5,a5,-1
 604 0084 B377F700 		and	a5,a4,a5
 605              	.LVL76:
 568:/home/zz/quard-start/Quard-Star/trusted_domain/FreeRTOS-Kernel/event_groups.c ****             {
 606              		.loc 1 568 13 is_stmt 1
 568:/home/zz/quard-start/Quard-Star/trusted_domain/FreeRTOS-Kernel/event_groups.c ****             {
 607              		.loc 1 568 33 is_stmt 0
 608 0088 B7060004 		li	a3,67108864
 609 008c B376D700 		and	a3,a4,a3
 568:/home/zz/quard-start/Quard-Star/trusted_domain/FreeRTOS-Kernel/event_groups.c ****             {
 610              		.loc 1 568 15
 611 0090 E39A06FA 		bne	a3,zero,.L32
 571:/home/zz/quard-start/Quard-Star/trusted_domain/FreeRTOS-Kernel/event_groups.c ****                 {
 612              		.loc 1 571 17 is_stmt 1
 571:/home/zz/quard-start/Quard-Star/trusted_domain/FreeRTOS-Kernel/event_groups.c ****                 {
 613              		.loc 1 571 52 is_stmt 0
 614 0094 83360400 		ld	a3,0(s0)
 571:/home/zz/quard-start/Quard-Star/trusted_domain/FreeRTOS-Kernel/event_groups.c ****                 {
 615              		.loc 1 571 39
 616 0098 B3F6F600 		and	a3,a3,a5
 571:/home/zz/quard-start/Quard-Star/trusted_domain/FreeRTOS-Kernel/event_groups.c ****                 {
 617              		.loc 1 571 19
 618 009c E38606FC 		beq	a3,zero,.L34
 619              	.L33:
 620              	.LVL77:
 593:/home/zz/quard-start/Quard-Star/trusted_domain/FreeRTOS-Kernel/event_groups.c ****                 {
 621              		.loc 1 593 17 is_stmt 1
 593:/home/zz/quard-start/Quard-Star/trusted_domain/FreeRTOS-Kernel/event_groups.c ****                 {
 622              		.loc 1 593 37 is_stmt 0
 623 00a0 B7060001 		li	a3,16777216
 624 00a4 3377D700 		and	a4,a4,a3
 625              	.LVL78:
 593:/home/zz/quard-start/Quard-Star/trusted_domain/FreeRTOS-Kernel/event_groups.c ****                 {
 626              		.loc 1 593 19
 627 00a8 E30607FA 		beq	a4,zero,.L35
 595:/home/zz/quard-start/Quard-Star/trusted_domain/FreeRTOS-Kernel/event_groups.c ****                 }
 628              		.loc 1 595 21 is_stmt 1
 595:/home/zz/quard-start/Quard-Star/trusted_domain/FreeRTOS-Kernel/event_groups.c ****                 }
 629              		.loc 1 595 35 is_stmt 0
 630 00ac B3E9F900 		or	s3,s3,a5
 631              	.LVL79:
 632 00b0 6FF05FFA 		j	.L35
 633              	.LVL80:
 634              	.L38:
 618:/home/zz/quard-start/Quard-Star/trusted_domain/FreeRTOS-Kernel/event_groups.c ****     }
 635              		.loc 1 618 9 is_stmt 1
 618:/home/zz/quard-start/Quard-Star/trusted_domain/FreeRTOS-Kernel/event_groups.c ****     }
 636              		.loc 1 618 20 is_stmt 0
GAS LISTING /tmp/cchuDWiq.s 			page 28


 637 00b4 83370400 		ld	a5,0(s0)
 618:/home/zz/quard-start/Quard-Star/trusted_domain/FreeRTOS-Kernel/event_groups.c ****     }
 638              		.loc 1 618 37
 639 00b8 93C9F9FF 		not	s3,s3
 640              	.LVL81:
 618:/home/zz/quard-start/Quard-Star/trusted_domain/FreeRTOS-Kernel/event_groups.c ****     }
 641              		.loc 1 618 34
 642 00bc B3F73701 		and	a5,a5,s3
 643 00c0 2330F400 		sd	a5,0(s0)
 620:/home/zz/quard-start/Quard-Star/trusted_domain/FreeRTOS-Kernel/event_groups.c **** 
 644              		.loc 1 620 5 is_stmt 1
 620:/home/zz/quard-start/Quard-Star/trusted_domain/FreeRTOS-Kernel/event_groups.c **** 
 645              		.loc 1 620 14 is_stmt 0
 646 00c4 97000000 		call	xTaskResumeAll
 646      E7800000 
 647              	.LVL82:
 622:/home/zz/quard-start/Quard-Star/trusted_domain/FreeRTOS-Kernel/event_groups.c **** }
 648              		.loc 1 622 5 is_stmt 1
 623:/home/zz/quard-start/Quard-Star/trusted_domain/FreeRTOS-Kernel/event_groups.c **** /*-----------------------------------------------------------*/
 649              		.loc 1 623 1 is_stmt 0
 650 00cc 03350400 		ld	a0,0(s0)
 651 00d0 83308102 		ld	ra,40(sp)
 652              		.cfi_restore 1
 653 00d4 03340102 		ld	s0,32(sp)
 654              		.cfi_restore 8
 655              	.LVL83:
 656 00d8 83348101 		ld	s1,24(sp)
 657              		.cfi_restore 9
 658 00dc 03390101 		ld	s2,16(sp)
 659              		.cfi_restore 18
 660              	.LVL84:
 661 00e0 83398100 		ld	s3,8(sp)
 662              		.cfi_restore 19
 663              	.LVL85:
 664 00e4 13010103 		addi	sp,sp,48
 665              	.LCFI12:
 666              		.cfi_def_cfa_offset 0
 667 00e8 67800000 		jr	ra
 668              		.cfi_endproc
 669              	.LFE7:
 671              		.section	.text.xEventGroupSync,"ax",@progbits
 672              		.align	2
 673              		.globl	xEventGroupSync
 675              	xEventGroupSync:
 676              	.LFB2:
 196:/home/zz/quard-start/Quard-Star/trusted_domain/FreeRTOS-Kernel/event_groups.c ****     EventBits_t uxOriginalBitValue, uxReturn;
 677              		.loc 1 196 1 is_stmt 1
 678              		.cfi_startproc
 679              	.LVL86:
 680 0000 130101FD 		addi	sp,sp,-48
 681              	.LCFI13:
 682              		.cfi_def_cfa_offset 48
 683 0004 23341102 		sd	ra,40(sp)
 684 0008 23308102 		sd	s0,32(sp)
 685 000c 233C9100 		sd	s1,24(sp)
 686 0010 23382101 		sd	s2,16(sp)
 687 0014 23343101 		sd	s3,8(sp)
GAS LISTING /tmp/cchuDWiq.s 			page 29


 688 0018 23304101 		sd	s4,0(sp)
 689              		.cfi_offset 1, -8
 690              		.cfi_offset 8, -16
 691              		.cfi_offset 9, -24
 692              		.cfi_offset 18, -32
 693              		.cfi_offset 19, -40
 694              		.cfi_offset 20, -48
 695 001c 93040500 		mv	s1,a0
 696 0020 138A0500 		mv	s4,a1
 697 0024 13090600 		mv	s2,a2
 698 0028 93890600 		mv	s3,a3
 197:/home/zz/quard-start/Quard-Star/trusted_domain/FreeRTOS-Kernel/event_groups.c ****     EventGroup_t * pxEventBits = xEventGroup;
 699              		.loc 1 197 5
 198:/home/zz/quard-start/Quard-Star/trusted_domain/FreeRTOS-Kernel/event_groups.c ****     BaseType_t xAlreadyYielded;
 700              		.loc 1 198 5
 701              	.LVL87:
 199:/home/zz/quard-start/Quard-Star/trusted_domain/FreeRTOS-Kernel/event_groups.c ****     BaseType_t xTimeoutOccurred = pdFALSE;
 702              		.loc 1 199 5
 200:/home/zz/quard-start/Quard-Star/trusted_domain/FreeRTOS-Kernel/event_groups.c **** 
 703              		.loc 1 200 5
 202:/home/zz/quard-start/Quard-Star/trusted_domain/FreeRTOS-Kernel/event_groups.c ****     configASSERT( uxBitsToWaitFor != 0 );
 704              		.loc 1 202 77
 203:/home/zz/quard-start/Quard-Star/trusted_domain/FreeRTOS-Kernel/event_groups.c ****     #if ( ( INCLUDE_xTaskGetSchedulerState == 1 ) || ( configUSE_TIMERS == 1 ) )
 705              		.loc 1 203 41
 206:/home/zz/quard-start/Quard-Star/trusted_domain/FreeRTOS-Kernel/event_groups.c ****         }
 706              		.loc 1 206 114
 210:/home/zz/quard-start/Quard-Star/trusted_domain/FreeRTOS-Kernel/event_groups.c ****     {
 707              		.loc 1 210 5
 708 002c 97000000 		call	vTaskSuspendAll
 708      E7800000 
 709              	.LVL88:
 212:/home/zz/quard-start/Quard-Star/trusted_domain/FreeRTOS-Kernel/event_groups.c **** 
 710              		.loc 1 212 9
 212:/home/zz/quard-start/Quard-Star/trusted_domain/FreeRTOS-Kernel/event_groups.c **** 
 711              		.loc 1 212 28 is_stmt 0
 712 0034 03B40400 		ld	s0,0(s1)
 713              	.LVL89:
 214:/home/zz/quard-start/Quard-Star/trusted_domain/FreeRTOS-Kernel/event_groups.c **** 
 714              		.loc 1 214 9 is_stmt 1
 214:/home/zz/quard-start/Quard-Star/trusted_domain/FreeRTOS-Kernel/event_groups.c **** 
 715              		.loc 1 214 18 is_stmt 0
 716 0038 93050A00 		mv	a1,s4
 717 003c 13850400 		mv	a0,s1
 718 0040 97000000 		call	xEventGroupSetBits
 718      E7800000 
 719              	.LVL90:
 216:/home/zz/quard-start/Quard-Star/trusted_domain/FreeRTOS-Kernel/event_groups.c ****         {
 720              		.loc 1 216 9 is_stmt 1
 216:/home/zz/quard-start/Quard-Star/trusted_domain/FreeRTOS-Kernel/event_groups.c ****         {
 721              		.loc 1 216 36 is_stmt 0
 722 0048 33644401 		or	s0,s0,s4
 723              	.LVL91:
 216:/home/zz/quard-start/Quard-Star/trusted_domain/FreeRTOS-Kernel/event_groups.c ****         {
 724              		.loc 1 216 52
 725 004c B3772401 		and	a5,s0,s2
 216:/home/zz/quard-start/Quard-Star/trusted_domain/FreeRTOS-Kernel/event_groups.c ****         {
 726              		.loc 1 216 11
GAS LISTING /tmp/cchuDWiq.s 			page 30


 727 0050 63842707 		beq	a5,s2,.L48
 229:/home/zz/quard-start/Quard-Star/trusted_domain/FreeRTOS-Kernel/event_groups.c ****             {
 728              		.loc 1 229 13 is_stmt 1
 229:/home/zz/quard-start/Quard-Star/trusted_domain/FreeRTOS-Kernel/event_groups.c ****             {
 729              		.loc 1 229 15 is_stmt 0
 730 0054 639E0906 		bne	s3,zero,.L49
 248:/home/zz/quard-start/Quard-Star/trusted_domain/FreeRTOS-Kernel/event_groups.c ****                 xTimeoutOccurred = pdTRUE;
 731              		.loc 1 248 17 is_stmt 1
 248:/home/zz/quard-start/Quard-Star/trusted_domain/FreeRTOS-Kernel/event_groups.c ****                 xTimeoutOccurred = pdTRUE;
 732              		.loc 1 248 26 is_stmt 0
 733 0058 03B40400 		ld	s0,0(s1)
 734              	.LVL92:
 249:/home/zz/quard-start/Quard-Star/trusted_domain/FreeRTOS-Kernel/event_groups.c ****             }
 735              		.loc 1 249 17 is_stmt 1
 736              	.L41:
 253:/home/zz/quard-start/Quard-Star/trusted_domain/FreeRTOS-Kernel/event_groups.c **** 
 737              		.loc 1 253 5
 253:/home/zz/quard-start/Quard-Star/trusted_domain/FreeRTOS-Kernel/event_groups.c **** 
 738              		.loc 1 253 23 is_stmt 0
 739 005c 97000000 		call	xTaskResumeAll
 739      E7800000 
 740              	.LVL93:
 255:/home/zz/quard-start/Quard-Star/trusted_domain/FreeRTOS-Kernel/event_groups.c ****     {
 741              		.loc 1 255 5 is_stmt 1
 255:/home/zz/quard-start/Quard-Star/trusted_domain/FreeRTOS-Kernel/event_groups.c ****     {
 742              		.loc 1 255 7 is_stmt 0
 743 0064 63880902 		beq	s3,zero,.L39
 257:/home/zz/quard-start/Quard-Star/trusted_domain/FreeRTOS-Kernel/event_groups.c ****         {
 744              		.loc 1 257 9 is_stmt 1
 257:/home/zz/quard-start/Quard-Star/trusted_domain/FreeRTOS-Kernel/event_groups.c ****         {
 745              		.loc 1 257 11 is_stmt 0
 746 0068 63040508 		beq	a0,zero,.L50
 747              	.LVL94:
 748              	.L44:
 263:/home/zz/quard-start/Quard-Star/trusted_domain/FreeRTOS-Kernel/event_groups.c ****         }
 749              		.loc 1 263 37 is_stmt 1
 270:/home/zz/quard-start/Quard-Star/trusted_domain/FreeRTOS-Kernel/event_groups.c **** 
 750              		.loc 1 270 9
 270:/home/zz/quard-start/Quard-Star/trusted_domain/FreeRTOS-Kernel/event_groups.c **** 
 751              		.loc 1 270 20 is_stmt 0
 752 006c 97000000 		call	uxTaskResetEventItemValue
 752      E7800000 
 753              	.LVL95:
 754 0074 13040500 		mv	s0,a0
 755              	.LVL96:
 272:/home/zz/quard-start/Quard-Star/trusted_domain/FreeRTOS-Kernel/event_groups.c ****         {
 756              		.loc 1 272 9 is_stmt 1
 272:/home/zz/quard-start/Quard-Star/trusted_domain/FreeRTOS-Kernel/event_groups.c ****         {
 757              		.loc 1 272 24 is_stmt 0
 758 0078 B7070002 		li	a5,33554432
 759 007c B377F500 		and	a5,a0,a5
 272:/home/zz/quard-start/Quard-Star/trusted_domain/FreeRTOS-Kernel/event_groups.c ****         {
 760              		.loc 1 272 11
 761 0080 63800708 		beq	a5,zero,.L51
 762              	.LVL97:
 763              	.L45:
 299:/home/zz/quard-start/Quard-Star/trusted_domain/FreeRTOS-Kernel/event_groups.c **** 
GAS LISTING /tmp/cchuDWiq.s 			page 31


 764              		.loc 1 299 9 is_stmt 1
 303:/home/zz/quard-start/Quard-Star/trusted_domain/FreeRTOS-Kernel/event_groups.c ****     }
 765              		.loc 1 303 9
 303:/home/zz/quard-start/Quard-Star/trusted_domain/FreeRTOS-Kernel/event_groups.c ****     }
 766              		.loc 1 303 18 is_stmt 0
 767 0084 930710F0 		li	a5,-255
 768 0088 93978701 		slli	a5,a5,24
 769 008c 9387F7FF 		addi	a5,a5,-1
 770 0090 3374F400 		and	s0,s0,a5
 771              	.LVL98:
 306:/home/zz/quard-start/Quard-Star/trusted_domain/FreeRTOS-Kernel/event_groups.c **** 
 772              		.loc 1 306 5 is_stmt 1
 309:/home/zz/quard-start/Quard-Star/trusted_domain/FreeRTOS-Kernel/event_groups.c **** 
 773              		.loc 1 309 5
 311:/home/zz/quard-start/Quard-Star/trusted_domain/FreeRTOS-Kernel/event_groups.c **** }
 774              		.loc 1 311 5
 775              	.L39:
 312:/home/zz/quard-start/Quard-Star/trusted_domain/FreeRTOS-Kernel/event_groups.c **** /*-----------------------------------------------------------*/
 776              		.loc 1 312 1 is_stmt 0
 777 0094 13050400 		mv	a0,s0
 778 0098 83308102 		ld	ra,40(sp)
 779              		.cfi_remember_state
 780              		.cfi_restore 1
 781 009c 03340102 		ld	s0,32(sp)
 782              		.cfi_restore 8
 783              	.LVL99:
 784 00a0 83348101 		ld	s1,24(sp)
 785              		.cfi_restore 9
 786              	.LVL100:
 787 00a4 03390101 		ld	s2,16(sp)
 788              		.cfi_restore 18
 789 00a8 83398100 		ld	s3,8(sp)
 790              		.cfi_restore 19
 791              	.LVL101:
 792 00ac 033A0100 		ld	s4,0(sp)
 793              		.cfi_restore 20
 794              	.LVL102:
 795 00b0 13010103 		addi	sp,sp,48
 796              	.LCFI14:
 797              		.cfi_def_cfa_offset 0
 798 00b4 67800000 		jr	ra
 799              	.LVL103:
 800              	.L48:
 801              	.LCFI15:
 802              		.cfi_restore_state
 219:/home/zz/quard-start/Quard-Star/trusted_domain/FreeRTOS-Kernel/event_groups.c **** 
 803              		.loc 1 219 13 is_stmt 1
 223:/home/zz/quard-start/Quard-Star/trusted_domain/FreeRTOS-Kernel/event_groups.c **** 
 804              		.loc 1 223 13
 223:/home/zz/quard-start/Quard-Star/trusted_domain/FreeRTOS-Kernel/event_groups.c **** 
 805              		.loc 1 223 24 is_stmt 0
 806 00b8 83B70400 		ld	a5,0(s1)
 223:/home/zz/quard-start/Quard-Star/trusted_domain/FreeRTOS-Kernel/event_groups.c **** 
 807              		.loc 1 223 41
 808 00bc 1347F9FF 		not	a4,s2
 223:/home/zz/quard-start/Quard-Star/trusted_domain/FreeRTOS-Kernel/event_groups.c **** 
 809              		.loc 1 223 38
GAS LISTING /tmp/cchuDWiq.s 			page 32


 810 00c0 B3F7E700 		and	a5,a5,a4
 811 00c4 23B0F400 		sd	a5,0(s1)
 225:/home/zz/quard-start/Quard-Star/trusted_domain/FreeRTOS-Kernel/event_groups.c ****         }
 812              		.loc 1 225 13 is_stmt 1
 813              	.LVL104:
 225:/home/zz/quard-start/Quard-Star/trusted_domain/FreeRTOS-Kernel/event_groups.c ****         }
 814              		.loc 1 225 26 is_stmt 0
 815 00c8 93090000 		li	s3,0
 816 00cc 6FF01FF9 		j	.L41
 817              	.LVL105:
 818              	.L49:
 231:/home/zz/quard-start/Quard-Star/trusted_domain/FreeRTOS-Kernel/event_groups.c **** 
 819              		.loc 1 231 89 is_stmt 1
 236:/home/zz/quard-start/Quard-Star/trusted_domain/FreeRTOS-Kernel/event_groups.c **** 
 820              		.loc 1 236 17
 821 00d0 13860900 		mv	a2,s3
 822 00d4 B7050005 		li	a1,83886080
 823 00d8 B365B900 		or	a1,s2,a1
 824 00dc 13858400 		addi	a0,s1,8
 825 00e0 97000000 		call	vTaskPlaceOnUnorderedEventList
 825      E7800000 
 826              	.LVL106:
 242:/home/zz/quard-start/Quard-Star/trusted_domain/FreeRTOS-Kernel/event_groups.c ****             }
 827              		.loc 1 242 17
 242:/home/zz/quard-start/Quard-Star/trusted_domain/FreeRTOS-Kernel/event_groups.c ****             }
 828              		.loc 1 242 26 is_stmt 0
 829 00e8 13040000 		li	s0,0
 830 00ec 6FF01FF7 		j	.L41
 831              	.LVL107:
 832              	.L50:
 259:/home/zz/quard-start/Quard-Star/trusted_domain/FreeRTOS-Kernel/event_groups.c ****         }
 833              		.loc 1 259 13 is_stmt 1
 834 00f0 13050008 		li	a0,128
 835              	.LVL108:
 836 00f4 97000000 		call	sbi_send_ipi
 836      E7800000 
 837              	.LVL109:
 838 00fc 6FF01FF7 		j	.L44
 839              	.L51:
 275:/home/zz/quard-start/Quard-Star/trusted_domain/FreeRTOS-Kernel/event_groups.c ****             {
 840              		.loc 1 275 13
 841 0100 97000000 		call	vTaskEnterCritical
 841      E7800000 
 842              	.LVL110:
 277:/home/zz/quard-start/Quard-Star/trusted_domain/FreeRTOS-Kernel/event_groups.c **** 
 843              		.loc 1 277 17
 277:/home/zz/quard-start/Quard-Star/trusted_domain/FreeRTOS-Kernel/event_groups.c **** 
 844              		.loc 1 277 26 is_stmt 0
 845 0108 03B40400 		ld	s0,0(s1)
 846              	.LVL111:
 283:/home/zz/quard-start/Quard-Star/trusted_domain/FreeRTOS-Kernel/event_groups.c ****                 {
 847              		.loc 1 283 17 is_stmt 1
 283:/home/zz/quard-start/Quard-Star/trusted_domain/FreeRTOS-Kernel/event_groups.c ****                 {
 848              		.loc 1 283 32 is_stmt 0
 849 010c B3778900 		and	a5,s2,s0
 283:/home/zz/quard-start/Quard-Star/trusted_domain/FreeRTOS-Kernel/event_groups.c ****                 {
 850              		.loc 1 283 19
GAS LISTING /tmp/cchuDWiq.s 			page 33


 851 0110 63882701 		beq	a5,s2,.L52
 852              	.LVL112:
 853              	.L46:
 289:/home/zz/quard-start/Quard-Star/trusted_domain/FreeRTOS-Kernel/event_groups.c ****                 }
 854              		.loc 1 289 45 is_stmt 1
 292:/home/zz/quard-start/Quard-Star/trusted_domain/FreeRTOS-Kernel/event_groups.c **** 
 855              		.loc 1 292 13
 856 0114 97000000 		call	vTaskExitCritical
 856      E7800000 
 857              	.LVL113:
 294:/home/zz/quard-start/Quard-Star/trusted_domain/FreeRTOS-Kernel/event_groups.c ****         }
 858              		.loc 1 294 13
 859 011c 6FF09FF6 		j	.L45
 860              	.LVL114:
 861              	.L52:
 285:/home/zz/quard-start/Quard-Star/trusted_domain/FreeRTOS-Kernel/event_groups.c ****                 }
 862              		.loc 1 285 21
 285:/home/zz/quard-start/Quard-Star/trusted_domain/FreeRTOS-Kernel/event_groups.c ****                 }
 863              		.loc 1 285 49 is_stmt 0
 864 0120 1349F9FF 		not	s2,s2
 865              	.LVL115:
 285:/home/zz/quard-start/Quard-Star/trusted_domain/FreeRTOS-Kernel/event_groups.c ****                 }
 866              		.loc 1 285 46
 867 0124 33798900 		and	s2,s2,s0
 868              	.LVL116:
 869 0128 23B02401 		sd	s2,0(s1)
 870 012c 6FF09FFE 		j	.L46
 871              		.cfi_endproc
 872              	.LFE2:
 874              		.section	.text.vEventGroupSetBitsCallback,"ax",@progbits
 875              		.align	2
 876              		.globl	vEventGroupSetBitsCallback
 878              	vEventGroupSetBitsCallback:
 879              	.LFB9:
 672:/home/zz/quard-start/Quard-Star/trusted_domain/FreeRTOS-Kernel/event_groups.c ****     ( void ) xEventGroupSetBits( pvEventGroup, ( EventBits_t ) ulBitsToSet ); /*lint !e9079 Can't a
 880              		.loc 1 672 1 is_stmt 1
 881              		.cfi_startproc
 882              	.LVL117:
 883 0000 130101FF 		addi	sp,sp,-16
 884              	.LCFI16:
 885              		.cfi_def_cfa_offset 16
 886 0004 23341100 		sd	ra,8(sp)
 887              		.cfi_offset 1, -8
 673:/home/zz/quard-start/Quard-Star/trusted_domain/FreeRTOS-Kernel/event_groups.c **** }
 888              		.loc 1 673 5
 673:/home/zz/quard-start/Quard-Star/trusted_domain/FreeRTOS-Kernel/event_groups.c **** }
 889              		.loc 1 673 14 is_stmt 0
 890 0008 93950502 		slli	a1,a1,32
 891              	.LVL118:
 892 000c 93D50502 		srli	a1,a1,32
 893 0010 97000000 		call	xEventGroupSetBits
 893      E7800000 
 894              	.LVL119:
 674:/home/zz/quard-start/Quard-Star/trusted_domain/FreeRTOS-Kernel/event_groups.c **** /*-----------------------------------------------------------*/
 895              		.loc 1 674 1
 896 0018 83308100 		ld	ra,8(sp)
 897              		.cfi_restore 1
GAS LISTING /tmp/cchuDWiq.s 			page 34


 898 001c 13010101 		addi	sp,sp,16
 899              	.LCFI17:
 900              		.cfi_def_cfa_offset 0
 901 0020 67800000 		jr	ra
 902              		.cfi_endproc
 903              	.LFE9:
 905              		.section	.text.vEventGroupDelete,"ax",@progbits
 906              		.align	2
 907              		.globl	vEventGroupDelete
 909              	vEventGroupDelete:
 910              	.LFB8:
 627:/home/zz/quard-start/Quard-Star/trusted_domain/FreeRTOS-Kernel/event_groups.c ****     EventGroup_t * pxEventBits = xEventGroup;
 911              		.loc 1 627 1 is_stmt 1
 912              		.cfi_startproc
 913              	.LVL120:
 914 0000 130101FF 		addi	sp,sp,-16
 915              	.LCFI18:
 916              		.cfi_def_cfa_offset 16
 917 0004 23341100 		sd	ra,8(sp)
 918 0008 23308100 		sd	s0,0(sp)
 919              		.cfi_offset 1, -8
 920              		.cfi_offset 8, -16
 921 000c 13040500 		mv	s0,a0
 628:/home/zz/quard-start/Quard-Star/trusted_domain/FreeRTOS-Kernel/event_groups.c ****     const List_t * pxTasksWaitingForBits = &( pxEventBits->xTasksWaitingForBits );
 922              		.loc 1 628 5
 923              	.LVL121:
 629:/home/zz/quard-start/Quard-Star/trusted_domain/FreeRTOS-Kernel/event_groups.c **** 
 924              		.loc 1 629 5
 631:/home/zz/quard-start/Quard-Star/trusted_domain/FreeRTOS-Kernel/event_groups.c ****     {
 925              		.loc 1 631 5
 926 0010 97000000 		call	vTaskSuspendAll
 926      E7800000 
 927              	.LVL122:
 633:/home/zz/quard-start/Quard-Star/trusted_domain/FreeRTOS-Kernel/event_groups.c **** 
 928              		.loc 1 633 47
 635:/home/zz/quard-start/Quard-Star/trusted_domain/FreeRTOS-Kernel/event_groups.c ****         {
 929              		.loc 1 635 9
 635:/home/zz/quard-start/Quard-Star/trusted_domain/FreeRTOS-Kernel/event_groups.c ****         {
 930              		.loc 1 635 14 is_stmt 0
 931 0018 6F004001 		j	.L56
 932              	.L57:
 639:/home/zz/quard-start/Quard-Star/trusted_domain/FreeRTOS-Kernel/event_groups.c ****             vTaskRemoveFromUnorderedEventList( pxTasksWaitingForBits->xListEnd.pxNext, eventUNBLOCK
 933              		.loc 1 639 130 is_stmt 1
 640:/home/zz/quard-start/Quard-Star/trusted_domain/FreeRTOS-Kernel/event_groups.c ****         }
 934              		.loc 1 640 13
 935 001c B7050002 		li	a1,33554432
 936 0020 03350402 		ld	a0,32(s0)
 937 0024 97000000 		call	vTaskRemoveFromUnorderedEventList
 937      E7800000 
 938              	.LVL123:
 939              	.L56:
 635:/home/zz/quard-start/Quard-Star/trusted_domain/FreeRTOS-Kernel/event_groups.c ****         {
 940              		.loc 1 635 65
 635:/home/zz/quard-start/Quard-Star/trusted_domain/FreeRTOS-Kernel/event_groups.c ****         {
 941              		.loc 1 635 16 is_stmt 0
 942 002c 83378400 		ld	a5,8(s0)
 635:/home/zz/quard-start/Quard-Star/trusted_domain/FreeRTOS-Kernel/event_groups.c ****         {
GAS LISTING /tmp/cchuDWiq.s 			page 35


 943              		.loc 1 635 65
 944 0030 E39607FE 		bne	a5,zero,.L57
 647:/home/zz/quard-start/Quard-Star/trusted_domain/FreeRTOS-Kernel/event_groups.c ****             }
 945              		.loc 1 647 17 is_stmt 1
 946 0034 13050400 		mv	a0,s0
 947 0038 97000000 		call	vPortFree
 947      E7800000 
 948              	.LVL124:
 664:/home/zz/quard-start/Quard-Star/trusted_domain/FreeRTOS-Kernel/event_groups.c **** }
 949              		.loc 1 664 5
 664:/home/zz/quard-start/Quard-Star/trusted_domain/FreeRTOS-Kernel/event_groups.c **** }
 950              		.loc 1 664 14 is_stmt 0
 951 0040 97000000 		call	xTaskResumeAll
 951      E7800000 
 952              	.LVL125:
 665:/home/zz/quard-start/Quard-Star/trusted_domain/FreeRTOS-Kernel/event_groups.c **** /*-----------------------------------------------------------*/
 953              		.loc 1 665 1
 954 0048 83308100 		ld	ra,8(sp)
 955              		.cfi_restore 1
 956 004c 03340100 		ld	s0,0(sp)
 957              		.cfi_restore 8
 958              	.LVL126:
 959 0050 13010101 		addi	sp,sp,16
 960              	.LCFI19:
 961              		.cfi_def_cfa_offset 0
 962 0054 67800000 		jr	ra
 963              		.cfi_endproc
 964              	.LFE8:
 966              		.section	.text.xEventGroupSetBitsFromISR,"ax",@progbits
 967              		.align	2
 968              		.globl	xEventGroupSetBitsFromISR
 970              	xEventGroupSetBitsFromISR:
 971              	.LFB12:
 721:/home/zz/quard-start/Quard-Star/trusted_domain/FreeRTOS-Kernel/event_groups.c **** /*-----------------------------------------------------------*/
 722:/home/zz/quard-start/Quard-Star/trusted_domain/FreeRTOS-Kernel/event_groups.c **** 
 723:/home/zz/quard-start/Quard-Star/trusted_domain/FreeRTOS-Kernel/event_groups.c **** #if ( ( configUSE_TRACE_FACILITY == 1 ) && ( INCLUDE_xTimerPendFunctionCall == 1 ) && ( configUSE_T
 724:/home/zz/quard-start/Quard-Star/trusted_domain/FreeRTOS-Kernel/event_groups.c **** 
 725:/home/zz/quard-start/Quard-Star/trusted_domain/FreeRTOS-Kernel/event_groups.c ****     BaseType_t xEventGroupSetBitsFromISR( EventGroupHandle_t xEventGroup,
 726:/home/zz/quard-start/Quard-Star/trusted_domain/FreeRTOS-Kernel/event_groups.c ****                                           const EventBits_t uxBitsToSet,
 727:/home/zz/quard-start/Quard-Star/trusted_domain/FreeRTOS-Kernel/event_groups.c ****                                           BaseType_t * pxHigherPriorityTaskWoken )
 728:/home/zz/quard-start/Quard-Star/trusted_domain/FreeRTOS-Kernel/event_groups.c ****     {
 972              		.loc 1 728 5 is_stmt 1
 973              		.cfi_startproc
 974              	.LVL127:
 975 0000 130101FF 		addi	sp,sp,-16
 976              	.LCFI20:
 977              		.cfi_def_cfa_offset 16
 978 0004 23341100 		sd	ra,8(sp)
 979              		.cfi_offset 1, -8
 980 0008 93060600 		mv	a3,a2
 729:/home/zz/quard-start/Quard-Star/trusted_domain/FreeRTOS-Kernel/event_groups.c ****         BaseType_t xReturn;
 981              		.loc 1 729 9
 730:/home/zz/quard-start/Quard-Star/trusted_domain/FreeRTOS-Kernel/event_groups.c **** 
 731:/home/zz/quard-start/Quard-Star/trusted_domain/FreeRTOS-Kernel/event_groups.c ****         traceEVENT_GROUP_SET_BITS_FROM_ISR( xEventGroup, uxBitsToSet );
 982              		.loc 1 731 71
 732:/home/zz/quard-start/Quard-Star/trusted_domain/FreeRTOS-Kernel/event_groups.c ****         xReturn = xTimerPendFunctionCallFromISR( vEventGroupSetBitsCallback, ( void * ) xEventGroup
 983              		.loc 1 732 9
GAS LISTING /tmp/cchuDWiq.s 			page 36


 984              		.loc 1 732 19 is_stmt 0
 985 000c 1B860500 		sext.w	a2,a1
 986              	.LVL128:
 987 0010 93050500 		mv	a1,a0
 988              	.LVL129:
 989 0014 17050000 		lla	a0,vEventGroupSetBitsCallback
 989      13050500 
 990              	.LVL130:
 991 001c 97000000 		call	xTimerPendFunctionCallFromISR
 991      E7800000 
 992              	.LVL131:
 733:/home/zz/quard-start/Quard-Star/trusted_domain/FreeRTOS-Kernel/event_groups.c **** 
 734:/home/zz/quard-start/Quard-Star/trusted_domain/FreeRTOS-Kernel/event_groups.c ****         return xReturn;
 993              		.loc 1 734 9 is_stmt 1
 735:/home/zz/quard-start/Quard-Star/trusted_domain/FreeRTOS-Kernel/event_groups.c ****     }
 994              		.loc 1 735 5 is_stmt 0
 995 0024 83308100 		ld	ra,8(sp)
 996              		.cfi_restore 1
 997 0028 13010101 		addi	sp,sp,16
 998              	.LCFI21:
 999              		.cfi_def_cfa_offset 0
 1000 002c 67800000 		jr	ra
 1001              		.cfi_endproc
 1002              	.LFE12:
 1004              		.section	.text.uxEventGroupGetNumber,"ax",@progbits
 1005              		.align	2
 1006              		.globl	uxEventGroupGetNumber
 1008              	uxEventGroupGetNumber:
 1009              	.LFB13:
 736:/home/zz/quard-start/Quard-Star/trusted_domain/FreeRTOS-Kernel/event_groups.c **** 
 737:/home/zz/quard-start/Quard-Star/trusted_domain/FreeRTOS-Kernel/event_groups.c **** #endif /* if ( ( configUSE_TRACE_FACILITY == 1 ) && ( INCLUDE_xTimerPendFunctionCall == 1 ) && ( co
 738:/home/zz/quard-start/Quard-Star/trusted_domain/FreeRTOS-Kernel/event_groups.c **** /*-----------------------------------------------------------*/
 739:/home/zz/quard-start/Quard-Star/trusted_domain/FreeRTOS-Kernel/event_groups.c **** 
 740:/home/zz/quard-start/Quard-Star/trusted_domain/FreeRTOS-Kernel/event_groups.c **** #if ( configUSE_TRACE_FACILITY == 1 )
 741:/home/zz/quard-start/Quard-Star/trusted_domain/FreeRTOS-Kernel/event_groups.c **** 
 742:/home/zz/quard-start/Quard-Star/trusted_domain/FreeRTOS-Kernel/event_groups.c ****     UBaseType_t uxEventGroupGetNumber( void * xEventGroup )
 743:/home/zz/quard-start/Quard-Star/trusted_domain/FreeRTOS-Kernel/event_groups.c ****     {
 1010              		.loc 1 743 5 is_stmt 1
 1011              		.cfi_startproc
 1012              	.LVL132:
 744:/home/zz/quard-start/Quard-Star/trusted_domain/FreeRTOS-Kernel/event_groups.c ****         UBaseType_t xReturn;
 1013              		.loc 1 744 9
 745:/home/zz/quard-start/Quard-Star/trusted_domain/FreeRTOS-Kernel/event_groups.c ****         EventGroup_t const * pxEventBits = ( EventGroup_t * ) xEventGroup; /*lint !e9087 !e9079 Eve
 1014              		.loc 1 745 9
 746:/home/zz/quard-start/Quard-Star/trusted_domain/FreeRTOS-Kernel/event_groups.c **** 
 747:/home/zz/quard-start/Quard-Star/trusted_domain/FreeRTOS-Kernel/event_groups.c ****         if( xEventGroup == NULL )
 1015              		.loc 1 747 9
 1016              		.loc 1 747 11 is_stmt 0
 1017 0000 63060500 		beq	a0,zero,.L63
 748:/home/zz/quard-start/Quard-Star/trusted_domain/FreeRTOS-Kernel/event_groups.c ****         {
 749:/home/zz/quard-start/Quard-Star/trusted_domain/FreeRTOS-Kernel/event_groups.c ****             xReturn = 0;
 750:/home/zz/quard-start/Quard-Star/trusted_domain/FreeRTOS-Kernel/event_groups.c ****         }
 751:/home/zz/quard-start/Quard-Star/trusted_domain/FreeRTOS-Kernel/event_groups.c ****         else
 752:/home/zz/quard-start/Quard-Star/trusted_domain/FreeRTOS-Kernel/event_groups.c ****         {
 753:/home/zz/quard-start/Quard-Star/trusted_domain/FreeRTOS-Kernel/event_groups.c ****             xReturn = pxEventBits->uxEventGroupNumber;
 1018              		.loc 1 753 13 is_stmt 1
 1019              		.loc 1 753 21 is_stmt 0
GAS LISTING /tmp/cchuDWiq.s 			page 37


 1020 0004 03350503 		ld	a0,48(a0)
 1021              	.LVL133:
 1022 0008 67800000 		ret
 1023              	.LVL134:
 1024              	.L63:
 749:/home/zz/quard-start/Quard-Star/trusted_domain/FreeRTOS-Kernel/event_groups.c ****         }
 1025              		.loc 1 749 21
 1026 000c 13050000 		li	a0,0
 1027              	.LVL135:
 754:/home/zz/quard-start/Quard-Star/trusted_domain/FreeRTOS-Kernel/event_groups.c ****         }
 755:/home/zz/quard-start/Quard-Star/trusted_domain/FreeRTOS-Kernel/event_groups.c **** 
 756:/home/zz/quard-start/Quard-Star/trusted_domain/FreeRTOS-Kernel/event_groups.c ****         return xReturn;
 1028              		.loc 1 756 9 is_stmt 1
 757:/home/zz/quard-start/Quard-Star/trusted_domain/FreeRTOS-Kernel/event_groups.c ****     }
 1029              		.loc 1 757 5 is_stmt 0
 1030 0010 67800000 		ret
 1031              		.cfi_endproc
 1032              	.LFE13:
 1034              		.section	.text.vEventGroupSetNumber,"ax",@progbits
 1035              		.align	2
 1036              		.globl	vEventGroupSetNumber
 1038              	vEventGroupSetNumber:
 1039              	.LFB14:
 758:/home/zz/quard-start/Quard-Star/trusted_domain/FreeRTOS-Kernel/event_groups.c **** 
 759:/home/zz/quard-start/Quard-Star/trusted_domain/FreeRTOS-Kernel/event_groups.c **** #endif /* configUSE_TRACE_FACILITY */
 760:/home/zz/quard-start/Quard-Star/trusted_domain/FreeRTOS-Kernel/event_groups.c **** /*-----------------------------------------------------------*/
 761:/home/zz/quard-start/Quard-Star/trusted_domain/FreeRTOS-Kernel/event_groups.c **** 
 762:/home/zz/quard-start/Quard-Star/trusted_domain/FreeRTOS-Kernel/event_groups.c **** #if ( configUSE_TRACE_FACILITY == 1 )
 763:/home/zz/quard-start/Quard-Star/trusted_domain/FreeRTOS-Kernel/event_groups.c **** 
 764:/home/zz/quard-start/Quard-Star/trusted_domain/FreeRTOS-Kernel/event_groups.c ****     void vEventGroupSetNumber( void * xEventGroup,
 765:/home/zz/quard-start/Quard-Star/trusted_domain/FreeRTOS-Kernel/event_groups.c ****                                UBaseType_t uxEventGroupNumber )
 766:/home/zz/quard-start/Quard-Star/trusted_domain/FreeRTOS-Kernel/event_groups.c ****     {
 1040              		.loc 1 766 5 is_stmt 1
 1041              		.cfi_startproc
 1042              	.LVL136:
 767:/home/zz/quard-start/Quard-Star/trusted_domain/FreeRTOS-Kernel/event_groups.c ****         ( ( EventGroup_t * ) xEventGroup )->uxEventGroupNumber = uxEventGroupNumber; /*lint !e9087 
 1043              		.loc 1 767 9
 1044              		.loc 1 767 64 is_stmt 0
 1045 0000 2338B502 		sd	a1,48(a0)
 768:/home/zz/quard-start/Quard-Star/trusted_domain/FreeRTOS-Kernel/event_groups.c ****     }
 1046              		.loc 1 768 5
 1047 0004 67800000 		ret
 1048              		.cfi_endproc
 1049              	.LFE14:
 1051              		.text
 1052              	.Letext0:
 1053              		.file 2 "/home/zz/riscv/riscv/lib/gcc/riscv64-unknown-elf/12.2.0/include/stddef.h"
 1054              		.file 3 "/home/zz/riscv/riscv/riscv64-unknown-elf/include/machine/_default_types.h"
 1055              		.file 4 "/home/zz/riscv/riscv/riscv64-unknown-elf/include/sys/_stdint.h"
 1056              		.file 5 "/home/zz/quard-start/Quard-Star/trusted_domain/FreeRTOS-Kernel/portable/GCC/RISC-V/portma
 1057              		.file 6 "/home/zz/quard-start/Quard-Star/trusted_domain/FreeRTOS-Kernel/include/list.h"
 1058              		.file 7 "/home/zz/quard-start/Quard-Star/trusted_domain/FreeRTOS-Kernel/include/timers.h"
 1059              		.file 8 "/home/zz/quard-start/Quard-Star/trusted_domain/FreeRTOS-Kernel/include/event_groups.h"
 1060              		.file 9 "/home/zz/quard-start/Quard-Star/trusted_domain/FreeRTOS-Kernel/include/portable.h"
 1061              		.file 10 "/home/zz/quard-start/Quard-Star/trusted_domain/FreeRTOS-Kernel/include/task.h"
GAS LISTING /tmp/cchuDWiq.s 			page 38


DEFINED SYMBOLS
                            *ABS*:0000000000000000 event_groups.c
     /tmp/cchuDWiq.s:13     .text.prvTestWaitCondition:0000000000000000 prvTestWaitCondition
     /tmp/cchuDWiq.s:16     .text.prvTestWaitCondition:0000000000000000 .L0 
     /tmp/cchuDWiq.s:18     .text.prvTestWaitCondition:0000000000000000 .L0 
     /tmp/cchuDWiq.s:19     .text.prvTestWaitCondition:0000000000000000 .L0 
     /tmp/cchuDWiq.s:20     .text.prvTestWaitCondition:0000000000000000 .L0 
     /tmp/cchuDWiq.s:21     .text.prvTestWaitCondition:0000000000000000 $xrv64i2p1_m2p0_a2p1_f2p2_d2p2_zicsr2p0_zmmul1p0
     /tmp/cchuDWiq.s:21     .text.prvTestWaitCondition:0000000000000000 .L0 
     /tmp/cchuDWiq.s:23     .text.prvTestWaitCondition:0000000000000004 .L0 
     /tmp/cchuDWiq.s:24     .text.prvTestWaitCondition:0000000000000004 .L0 
     /tmp/cchuDWiq.s:27     .text.prvTestWaitCondition:0000000000000008 .L0 
     /tmp/cchuDWiq.s:29     .text.prvTestWaitCondition:000000000000000c .L0 
     /tmp/cchuDWiq.s:34     .text.prvTestWaitCondition:0000000000000014 .L0 
     /tmp/cchuDWiq.s:35     .text.prvTestWaitCondition:0000000000000014 .L0 
     /tmp/cchuDWiq.s:38     .text.prvTestWaitCondition:0000000000000018 .L0 
     /tmp/cchuDWiq.s:40     .text.prvTestWaitCondition:000000000000001c .L0 
     /tmp/cchuDWiq.s:44     .text.prvTestWaitCondition:0000000000000024 .L0 
     /tmp/cchuDWiq.s:48     .text.prvTestWaitCondition:000000000000002c .L0 
     /tmp/cchuDWiq.s:51     .text.prvTestWaitCondition:0000000000000030 .L0 
     /tmp/cchuDWiq.s:52     .text.prvTestWaitCondition:0000000000000030 .L0 
     /tmp/cchuDWiq.s:53     .text.prvTestWaitCondition:0000000000000030 .L0 
     /tmp/cchuDWiq.s:54     .text.prvTestWaitCondition:0000000000000034 .L0 
     /tmp/cchuDWiq.s:61     .text.xEventGroupCreate:0000000000000000 xEventGroupCreate
     /tmp/cchuDWiq.s:64     .text.xEventGroupCreate:0000000000000000 .L0 
     /tmp/cchuDWiq.s:65     .text.xEventGroupCreate:0000000000000000 $xrv64i2p1_m2p0_a2p1_f2p2_d2p2_zicsr2p0_zmmul1p0
     /tmp/cchuDWiq.s:65     .text.xEventGroupCreate:0000000000000000 .L0 
     /tmp/cchuDWiq.s:67     .text.xEventGroupCreate:0000000000000004 .L0 
     /tmp/cchuDWiq.s:70     .text.xEventGroupCreate:000000000000000c .L0 
     /tmp/cchuDWiq.s:71     .text.xEventGroupCreate:000000000000000c .L0 
     /tmp/cchuDWiq.s:73     .text.xEventGroupCreate:000000000000000c .L0 
     /tmp/cchuDWiq.s:74     .text.xEventGroupCreate:000000000000000c .L0 
     /tmp/cchuDWiq.s:75     .text.xEventGroupCreate:000000000000000c .L0 
     /tmp/cchuDWiq.s:81     .text.xEventGroupCreate:000000000000001c .L0 
     /tmp/cchuDWiq.s:82     .text.xEventGroupCreate:000000000000001c .L0 
     /tmp/cchuDWiq.s:84     .text.xEventGroupCreate:0000000000000020 .L0 
     /tmp/cchuDWiq.s:85     .text.xEventGroupCreate:0000000000000020 .L0 
     /tmp/cchuDWiq.s:87     .text.xEventGroupCreate:0000000000000024 .L0 
     /tmp/cchuDWiq.s:91     .text.xEventGroupCreate:0000000000000030 .L0 
     /tmp/cchuDWiq.s:92     .text.xEventGroupCreate:0000000000000030 .L0 
     /tmp/cchuDWiq.s:94     .text.xEventGroupCreate:0000000000000030 .L0 
     /tmp/cchuDWiq.s:95     .text.xEventGroupCreate:0000000000000030 .L0 
     /tmp/cchuDWiq.s:97     .text.xEventGroupCreate:0000000000000038 .L0 
     /tmp/cchuDWiq.s:99     .text.xEventGroupCreate:000000000000003c .L0 
     /tmp/cchuDWiq.s:103    .text.xEventGroupCreate:0000000000000040 .L0 
     /tmp/cchuDWiq.s:105    .text.xEventGroupCreate:0000000000000044 .L0 
     /tmp/cchuDWiq.s:112    .text.xEventGroupWaitBits:0000000000000000 xEventGroupWaitBits
     /tmp/cchuDWiq.s:115    .text.xEventGroupWaitBits:0000000000000000 .L0 
     /tmp/cchuDWiq.s:117    .text.xEventGroupWaitBits:0000000000000000 $xrv64i2p1_m2p0_a2p1_f2p2_d2p2_zicsr2p0_zmmul1p0
     /tmp/cchuDWiq.s:117    .text.xEventGroupWaitBits:0000000000000000 .L0 
     /tmp/cchuDWiq.s:119    .text.xEventGroupWaitBits:0000000000000004 .L0 
     /tmp/cchuDWiq.s:127    .text.xEventGroupWaitBits:0000000000000020 .L0 
     /tmp/cchuDWiq.s:128    .text.xEventGroupWaitBits:0000000000000020 .L0 
     /tmp/cchuDWiq.s:129    .text.xEventGroupWaitBits:0000000000000020 .L0 
     /tmp/cchuDWiq.s:130    .text.xEventGroupWaitBits:0000000000000020 .L0 
     /tmp/cchuDWiq.s:131    .text.xEventGroupWaitBits:0000000000000020 .L0 
     /tmp/cchuDWiq.s:132    .text.xEventGroupWaitBits:0000000000000020 .L0 
GAS LISTING /tmp/cchuDWiq.s 			page 39


     /tmp/cchuDWiq.s:133    .text.xEventGroupWaitBits:0000000000000020 .L0 
     /tmp/cchuDWiq.s:141    .text.xEventGroupWaitBits:0000000000000034 .L0 
     /tmp/cchuDWiq.s:142    .text.xEventGroupWaitBits:0000000000000034 .L0 
     /tmp/cchuDWiq.s:143    .text.xEventGroupWaitBits:0000000000000034 .L0 
     /tmp/cchuDWiq.s:144    .text.xEventGroupWaitBits:0000000000000034 .L0 
     /tmp/cchuDWiq.s:145    .text.xEventGroupWaitBits:0000000000000034 .L0 
     /tmp/cchuDWiq.s:146    .text.xEventGroupWaitBits:0000000000000034 .L0 
     /tmp/cchuDWiq.s:147    .text.xEventGroupWaitBits:0000000000000034 .L0 
     /tmp/cchuDWiq.s:148    .text.xEventGroupWaitBits:0000000000000034 .L0 
     /tmp/cchuDWiq.s:149    .text.xEventGroupWaitBits:0000000000000034 .L0 
     /tmp/cchuDWiq.s:153    .text.xEventGroupWaitBits:000000000000003c .L0 
     /tmp/cchuDWiq.s:154    .text.xEventGroupWaitBits:000000000000003c .L0 
     /tmp/cchuDWiq.s:157    .text.xEventGroupWaitBits:0000000000000040 .L0 
     /tmp/cchuDWiq.s:158    .text.xEventGroupWaitBits:0000000000000040 .L0 
     /tmp/cchuDWiq.s:164    .text.xEventGroupWaitBits:0000000000000054 .L0 
     /tmp/cchuDWiq.s:165    .text.xEventGroupWaitBits:0000000000000054 .L0 
     /tmp/cchuDWiq.s:168    .text.xEventGroupWaitBits:0000000000000058 .L0 
     /tmp/cchuDWiq.s:169    .text.xEventGroupWaitBits:0000000000000058 .L0 
     /tmp/cchuDWiq.s:170    .text.xEventGroupWaitBits:0000000000000058 .L0 
     /tmp/cchuDWiq.s:171    .text.xEventGroupWaitBits:0000000000000058 .L0 
     /tmp/cchuDWiq.s:173    .text.xEventGroupWaitBits:000000000000005c .L0 
     /tmp/cchuDWiq.s:174    .text.xEventGroupWaitBits:000000000000005c .L0 
     /tmp/cchuDWiq.s:176    .text.xEventGroupWaitBits:0000000000000060 .L0 
     /tmp/cchuDWiq.s:179    .text.xEventGroupWaitBits:0000000000000068 .L0 
     /tmp/cchuDWiq.s:184    .text.xEventGroupWaitBits:0000000000000070 .L0 
     /tmp/cchuDWiq.s:185    .text.xEventGroupWaitBits:0000000000000070 .L0 
     /tmp/cchuDWiq.s:187    .text.xEventGroupWaitBits:0000000000000074 .L0 
     /tmp/cchuDWiq.s:188    .text.xEventGroupWaitBits:0000000000000074 .L0 
     /tmp/cchuDWiq.s:191    .text.xEventGroupWaitBits:0000000000000078 .L0 
     /tmp/cchuDWiq.s:196    .text.xEventGroupWaitBits:000000000000007c .L0 
     /tmp/cchuDWiq.s:197    .text.xEventGroupWaitBits:000000000000007c .L0 
     /tmp/cchuDWiq.s:198    .text.xEventGroupWaitBits:000000000000007c .L0 
     /tmp/cchuDWiq.s:200    .text.xEventGroupWaitBits:0000000000000080 .L0 
     /tmp/cchuDWiq.s:201    .text.xEventGroupWaitBits:0000000000000080 .L0 
     /tmp/cchuDWiq.s:206    .text.xEventGroupWaitBits:0000000000000088 .L0 
     /tmp/cchuDWiq.s:207    .text.xEventGroupWaitBits:0000000000000088 .L0 
     /tmp/cchuDWiq.s:215    .text.xEventGroupWaitBits:000000000000009c .L0 
     /tmp/cchuDWiq.s:216    .text.xEventGroupWaitBits:000000000000009c .L0 
     /tmp/cchuDWiq.s:222    .text.xEventGroupWaitBits:00000000000000a4 .L0 
     /tmp/cchuDWiq.s:227    .text.xEventGroupWaitBits:00000000000000ac .L0 
     /tmp/cchuDWiq.s:232    .text.xEventGroupWaitBits:00000000000000b0 .L0 
     /tmp/cchuDWiq.s:233    .text.xEventGroupWaitBits:00000000000000b0 .L0 
     /tmp/cchuDWiq.s:234    .text.xEventGroupWaitBits:00000000000000b0 .L0 
     /tmp/cchuDWiq.s:237    .text.xEventGroupWaitBits:00000000000000b8 .L0 
     /tmp/cchuDWiq.s:238    .text.xEventGroupWaitBits:00000000000000b8 .L0 
     /tmp/cchuDWiq.s:240    .text.xEventGroupWaitBits:00000000000000bc .L0 
     /tmp/cchuDWiq.s:241    .text.xEventGroupWaitBits:00000000000000bc .L0 
     /tmp/cchuDWiq.s:245    .text.xEventGroupWaitBits:00000000000000c0 .L0 
     /tmp/cchuDWiq.s:246    .text.xEventGroupWaitBits:00000000000000c0 .L0 
     /tmp/cchuDWiq.s:247    .text.xEventGroupWaitBits:00000000000000c0 .L0 
     /tmp/cchuDWiq.s:252    .text.xEventGroupWaitBits:00000000000000cc .L0 
     /tmp/cchuDWiq.s:253    .text.xEventGroupWaitBits:00000000000000cc .L0 
     /tmp/cchuDWiq.s:256    .text.xEventGroupWaitBits:00000000000000d4 .L0 
     /tmp/cchuDWiq.s:260    .text.xEventGroupWaitBits:00000000000000d8 .L0 
     /tmp/cchuDWiq.s:261    .text.xEventGroupWaitBits:00000000000000d8 .L0 
     /tmp/cchuDWiq.s:262    .text.xEventGroupWaitBits:00000000000000d8 .L0 
     /tmp/cchuDWiq.s:268    .text.xEventGroupWaitBits:00000000000000e8 .L0 
GAS LISTING /tmp/cchuDWiq.s 			page 40


     /tmp/cchuDWiq.s:269    .text.xEventGroupWaitBits:00000000000000e8 .L0 
     /tmp/cchuDWiq.s:271    .text.xEventGroupWaitBits:00000000000000e8 .L0 
     /tmp/cchuDWiq.s:272    .text.xEventGroupWaitBits:00000000000000e8 .L0 
     /tmp/cchuDWiq.s:274    .text.xEventGroupWaitBits:00000000000000f0 .L0 
     /tmp/cchuDWiq.s:275    .text.xEventGroupWaitBits:00000000000000f0 .L0 
     /tmp/cchuDWiq.s:277    .text.xEventGroupWaitBits:00000000000000f4 .L0 
     /tmp/cchuDWiq.s:280    .text.xEventGroupWaitBits:00000000000000f8 .L0 
     /tmp/cchuDWiq.s:283    .text.xEventGroupWaitBits:00000000000000fc .L0 
     /tmp/cchuDWiq.s:285    .text.xEventGroupWaitBits:0000000000000100 .L0 
     /tmp/cchuDWiq.s:288    .text.xEventGroupWaitBits:0000000000000104 .L0 
     /tmp/cchuDWiq.s:291    .text.xEventGroupWaitBits:0000000000000108 .L0 
     /tmp/cchuDWiq.s:295    .text.xEventGroupWaitBits:000000000000010c .L0 
     /tmp/cchuDWiq.s:300    .text.xEventGroupWaitBits:0000000000000110 .L0 
     /tmp/cchuDWiq.s:302    .text.xEventGroupWaitBits:0000000000000110 .L0 
     /tmp/cchuDWiq.s:309    .text.xEventGroupWaitBits:0000000000000120 .L0 
     /tmp/cchuDWiq.s:312    .text.xEventGroupWaitBits:0000000000000128 .L0 
     /tmp/cchuDWiq.s:313    .text.xEventGroupWaitBits:0000000000000128 .L0 
     /tmp/cchuDWiq.s:316    .text.xEventGroupWaitBits:000000000000012c .L0 
     /tmp/cchuDWiq.s:317    .text.xEventGroupWaitBits:000000000000012c .L0 
     /tmp/cchuDWiq.s:323    .text.xEventGroupWaitBits:0000000000000140 .L0 
     /tmp/cchuDWiq.s:325    .text.xEventGroupWaitBits:0000000000000144 .L0 
     /tmp/cchuDWiq.s:326    .text.xEventGroupWaitBits:0000000000000144 .L0 
     /tmp/cchuDWiq.s:328    .text.xEventGroupWaitBits:0000000000000148 .L0 
     /tmp/cchuDWiq.s:329    .text.xEventGroupWaitBits:0000000000000148 .L0 
     /tmp/cchuDWiq.s:332    .text.xEventGroupWaitBits:000000000000014c .L0 
     /tmp/cchuDWiq.s:337    .text.xEventGroupWaitBits:0000000000000154 .L0 
     /tmp/cchuDWiq.s:339    .text.xEventGroupWaitBits:0000000000000154 .L0 
     /tmp/cchuDWiq.s:340    .text.xEventGroupWaitBits:0000000000000154 .L0 
     /tmp/cchuDWiq.s:343    .text.xEventGroupWaitBits:0000000000000160 .L0 
     /tmp/cchuDWiq.s:350    .text.xEventGroupClearBits:0000000000000000 xEventGroupClearBits
     /tmp/cchuDWiq.s:353    .text.xEventGroupClearBits:0000000000000000 .L0 
     /tmp/cchuDWiq.s:355    .text.xEventGroupClearBits:0000000000000000 $xrv64i2p1_m2p0_a2p1_f2p2_d2p2_zicsr2p0_zmmul1p0
     /tmp/cchuDWiq.s:355    .text.xEventGroupClearBits:0000000000000000 .L0 
     /tmp/cchuDWiq.s:357    .text.xEventGroupClearBits:0000000000000004 .L0 
     /tmp/cchuDWiq.s:362    .text.xEventGroupClearBits:0000000000000014 .L0 
     /tmp/cchuDWiq.s:363    .text.xEventGroupClearBits:0000000000000014 .L0 
     /tmp/cchuDWiq.s:364    .text.xEventGroupClearBits:0000000000000014 .L0 
     /tmp/cchuDWiq.s:365    .text.xEventGroupClearBits:0000000000000014 .L0 
     /tmp/cchuDWiq.s:370    .text.xEventGroupClearBits:000000000000001c .L0 
     /tmp/cchuDWiq.s:371    .text.xEventGroupClearBits:000000000000001c .L0 
     /tmp/cchuDWiq.s:372    .text.xEventGroupClearBits:000000000000001c .L0 
     /tmp/cchuDWiq.s:373    .text.xEventGroupClearBits:000000000000001c .L0 
     /tmp/cchuDWiq.s:374    .text.xEventGroupClearBits:000000000000001c .L0 
     /tmp/cchuDWiq.s:377    .text.xEventGroupClearBits:0000000000000024 .L0 
     /tmp/cchuDWiq.s:378    .text.xEventGroupClearBits:0000000000000024 .L0 
     /tmp/cchuDWiq.s:379    .text.xEventGroupClearBits:0000000000000024 .L0 
     /tmp/cchuDWiq.s:382    .text.xEventGroupClearBits:0000000000000028 .L0 
     /tmp/cchuDWiq.s:383    .text.xEventGroupClearBits:0000000000000028 .L0 
     /tmp/cchuDWiq.s:386    .text.xEventGroupClearBits:000000000000002c .L0 
     /tmp/cchuDWiq.s:390    .text.xEventGroupClearBits:0000000000000034 .L0 
     /tmp/cchuDWiq.s:393    .text.xEventGroupClearBits:000000000000003c .L0 
     /tmp/cchuDWiq.s:394    .text.xEventGroupClearBits:000000000000003c .L0 
     /tmp/cchuDWiq.s:396    .text.xEventGroupClearBits:0000000000000044 .L0 
     /tmp/cchuDWiq.s:398    .text.xEventGroupClearBits:0000000000000048 .L0 
     /tmp/cchuDWiq.s:400    .text.xEventGroupClearBits:000000000000004c .L0 
     /tmp/cchuDWiq.s:403    .text.xEventGroupClearBits:0000000000000050 .L0 
     /tmp/cchuDWiq.s:407    .text.xEventGroupClearBits:0000000000000054 .L0 
GAS LISTING /tmp/cchuDWiq.s 			page 41


     /tmp/cchuDWiq.s:409    .text.xEventGroupClearBits:0000000000000058 .L0 
     /tmp/cchuDWiq.s:416    .text.vEventGroupClearBitsCallback:0000000000000000 vEventGroupClearBitsCallback
     /tmp/cchuDWiq.s:419    .text.vEventGroupClearBitsCallback:0000000000000000 .L0 
     /tmp/cchuDWiq.s:421    .text.vEventGroupClearBitsCallback:0000000000000000 $xrv64i2p1_m2p0_a2p1_f2p2_d2p2_zicsr2p0_zmmul1p0
     /tmp/cchuDWiq.s:421    .text.vEventGroupClearBitsCallback:0000000000000000 .L0 
     /tmp/cchuDWiq.s:423    .text.vEventGroupClearBitsCallback:0000000000000004 .L0 
     /tmp/cchuDWiq.s:425    .text.vEventGroupClearBitsCallback:0000000000000008 .L0 
     /tmp/cchuDWiq.s:427    .text.vEventGroupClearBitsCallback:0000000000000008 .L0 
     /tmp/cchuDWiq.s:428    .text.vEventGroupClearBitsCallback:0000000000000008 .L0 
     /tmp/cchuDWiq.s:434    .text.vEventGroupClearBitsCallback:0000000000000018 .L0 
     /tmp/cchuDWiq.s:435    .text.vEventGroupClearBitsCallback:000000000000001c .L0 
     /tmp/cchuDWiq.s:438    .text.vEventGroupClearBitsCallback:0000000000000020 .L0 
     /tmp/cchuDWiq.s:440    .text.vEventGroupClearBitsCallback:0000000000000024 .L0 
     /tmp/cchuDWiq.s:447    .text.xEventGroupClearBitsFromISR:0000000000000000 xEventGroupClearBitsFromISR
     /tmp/cchuDWiq.s:450    .text.xEventGroupClearBitsFromISR:0000000000000000 .L0 
     /tmp/cchuDWiq.s:452    .text.xEventGroupClearBitsFromISR:0000000000000000 $xrv64i2p1_m2p0_a2p1_f2p2_d2p2_zicsr2p0_zmmul1p0
     /tmp/cchuDWiq.s:452    .text.xEventGroupClearBitsFromISR:0000000000000000 .L0 
     /tmp/cchuDWiq.s:454    .text.xEventGroupClearBitsFromISR:0000000000000004 .L0 
     /tmp/cchuDWiq.s:456    .text.xEventGroupClearBitsFromISR:0000000000000008 .L0 
     /tmp/cchuDWiq.s:458    .text.xEventGroupClearBitsFromISR:0000000000000008 .L0 
     /tmp/cchuDWiq.s:459    .text.xEventGroupClearBitsFromISR:0000000000000008 .L0 
     /tmp/cchuDWiq.s:460    .text.xEventGroupClearBitsFromISR:0000000000000008 .L0 
     /tmp/cchuDWiq.s:461    .text.xEventGroupClearBitsFromISR:0000000000000008 .L0 
     /tmp/cchuDWiq.s:470    .text.xEventGroupClearBitsFromISR:0000000000000024 .L0 
     /tmp/cchuDWiq.s:471    .text.xEventGroupClearBitsFromISR:0000000000000024 .L0 
     /tmp/cchuDWiq.s:472    .text.xEventGroupClearBitsFromISR:0000000000000028 .L0 
     /tmp/cchuDWiq.s:475    .text.xEventGroupClearBitsFromISR:000000000000002c .L0 
     /tmp/cchuDWiq.s:477    .text.xEventGroupClearBitsFromISR:0000000000000030 .L0 
     /tmp/cchuDWiq.s:484    .text.xEventGroupGetBitsFromISR:0000000000000000 xEventGroupGetBitsFromISR
     /tmp/cchuDWiq.s:487    .text.xEventGroupGetBitsFromISR:0000000000000000 .L0 
     /tmp/cchuDWiq.s:489    .text.xEventGroupGetBitsFromISR:0000000000000000 .L0 
     /tmp/cchuDWiq.s:490    .text.xEventGroupGetBitsFromISR:0000000000000000 .L0 
     /tmp/cchuDWiq.s:491    .text.xEventGroupGetBitsFromISR:0000000000000000 .L0 
     /tmp/cchuDWiq.s:492    .text.xEventGroupGetBitsFromISR:0000000000000000 .L0 
     /tmp/cchuDWiq.s:493    .text.xEventGroupGetBitsFromISR:0000000000000000 .L0 
     /tmp/cchuDWiq.s:494    .text.xEventGroupGetBitsFromISR:0000000000000000 .L0 
     /tmp/cchuDWiq.s:495    .text.xEventGroupGetBitsFromISR:0000000000000000 .L0 
     /tmp/cchuDWiq.s:496    .text.xEventGroupGetBitsFromISR:0000000000000000 .L0 
     /tmp/cchuDWiq.s:497    .text.xEventGroupGetBitsFromISR:0000000000000000 $xrv64i2p1_m2p0_a2p1_f2p2_d2p2_zicsr2p0_zmmul1p0
     /tmp/cchuDWiq.s:497    .text.xEventGroupGetBitsFromISR:0000000000000000 .L0 
     /tmp/cchuDWiq.s:500    .text.xEventGroupGetBitsFromISR:0000000000000008 .L0 
     /tmp/cchuDWiq.s:507    .text.xEventGroupSetBits:0000000000000000 xEventGroupSetBits
     /tmp/cchuDWiq.s:510    .text.xEventGroupSetBits:0000000000000000 .L0 
     /tmp/cchuDWiq.s:512    .text.xEventGroupSetBits:0000000000000000 $xrv64i2p1_m2p0_a2p1_f2p2_d2p2_zicsr2p0_zmmul1p0
     /tmp/cchuDWiq.s:512    .text.xEventGroupSetBits:0000000000000000 .L0 
     /tmp/cchuDWiq.s:514    .text.xEventGroupSetBits:0000000000000004 .L0 
     /tmp/cchuDWiq.s:520    .text.xEventGroupSetBits:0000000000000018 .L0 
     /tmp/cchuDWiq.s:521    .text.xEventGroupSetBits:0000000000000018 .L0 
     /tmp/cchuDWiq.s:522    .text.xEventGroupSetBits:0000000000000018 .L0 
     /tmp/cchuDWiq.s:523    .text.xEventGroupSetBits:0000000000000018 .L0 
     /tmp/cchuDWiq.s:524    .text.xEventGroupSetBits:0000000000000018 .L0 
     /tmp/cchuDWiq.s:528    .text.xEventGroupSetBits:0000000000000020 .L0 
     /tmp/cchuDWiq.s:529    .text.xEventGroupSetBits:0000000000000020 .L0 
     /tmp/cchuDWiq.s:530    .text.xEventGroupSetBits:0000000000000020 .L0 
     /tmp/cchuDWiq.s:532    .text.xEventGroupSetBits:0000000000000020 .L0 
     /tmp/cchuDWiq.s:533    .text.xEventGroupSetBits:0000000000000020 .L0 
     /tmp/cchuDWiq.s:534    .text.xEventGroupSetBits:0000000000000020 .L0 
GAS LISTING /tmp/cchuDWiq.s 			page 42


     /tmp/cchuDWiq.s:535    .text.xEventGroupSetBits:0000000000000020 .L0 
     /tmp/cchuDWiq.s:536    .text.xEventGroupSetBits:0000000000000020 .L0 
     /tmp/cchuDWiq.s:537    .text.xEventGroupSetBits:0000000000000020 .L0 
     /tmp/cchuDWiq.s:538    .text.xEventGroupSetBits:0000000000000020 .L0 
     /tmp/cchuDWiq.s:539    .text.xEventGroupSetBits:0000000000000020 .L0 
     /tmp/cchuDWiq.s:542    .text.xEventGroupSetBits:0000000000000024 .L0 
     /tmp/cchuDWiq.s:545    .text.xEventGroupSetBits:000000000000002c .L0 
     /tmp/cchuDWiq.s:546    .text.xEventGroupSetBits:000000000000002c .L0 
     /tmp/cchuDWiq.s:547    .text.xEventGroupSetBits:000000000000002c .L0 
     /tmp/cchuDWiq.s:550    .text.xEventGroupSetBits:0000000000000030 .L0 
     /tmp/cchuDWiq.s:551    .text.xEventGroupSetBits:0000000000000030 .L0 
     /tmp/cchuDWiq.s:553    .text.xEventGroupSetBits:0000000000000034 .L0 
     /tmp/cchuDWiq.s:556    .text.xEventGroupSetBits:000000000000003c .L0 
     /tmp/cchuDWiq.s:557    .text.xEventGroupSetBits:000000000000003c .L0 
     /tmp/cchuDWiq.s:559    .text.xEventGroupSetBits:0000000000000040 .L0 
     /tmp/cchuDWiq.s:563    .text.xEventGroupSetBits:0000000000000044 .L0 
     /tmp/cchuDWiq.s:564    .text.xEventGroupSetBits:0000000000000044 .L0 
     /tmp/cchuDWiq.s:566    .text.xEventGroupSetBits:0000000000000048 .L0 
     /tmp/cchuDWiq.s:568    .text.xEventGroupSetBits:000000000000004c .L0 
     /tmp/cchuDWiq.s:573    .text.xEventGroupSetBits:0000000000000054 .L0 
     /tmp/cchuDWiq.s:574    .text.xEventGroupSetBits:0000000000000054 .L0 
     /tmp/cchuDWiq.s:575    .text.xEventGroupSetBits:0000000000000054 .L0 
     /tmp/cchuDWiq.s:577    .text.xEventGroupSetBits:0000000000000058 .L0 
     /tmp/cchuDWiq.s:584    .text.xEventGroupSetBits:0000000000000068 .L0 
     /tmp/cchuDWiq.s:588    .text.xEventGroupSetBits:000000000000006c .L0 
     /tmp/cchuDWiq.s:590    .text.xEventGroupSetBits:0000000000000070 .L0 
     /tmp/cchuDWiq.s:591    .text.xEventGroupSetBits:0000000000000070 .L0 
     /tmp/cchuDWiq.s:594    .text.xEventGroupSetBits:0000000000000074 .L0 
     /tmp/cchuDWiq.s:595    .text.xEventGroupSetBits:0000000000000074 .L0 
     /tmp/cchuDWiq.s:598    .text.xEventGroupSetBits:0000000000000078 .L0 
     /tmp/cchuDWiq.s:599    .text.xEventGroupSetBits:0000000000000078 .L0 
     /tmp/cchuDWiq.s:600    .text.xEventGroupSetBits:0000000000000078 .L0 
     /tmp/cchuDWiq.s:601    .text.xEventGroupSetBits:0000000000000078 .L0 
     /tmp/cchuDWiq.s:607    .text.xEventGroupSetBits:0000000000000088 .L0 
     /tmp/cchuDWiq.s:608    .text.xEventGroupSetBits:0000000000000088 .L0 
     /tmp/cchuDWiq.s:611    .text.xEventGroupSetBits:0000000000000090 .L0 
     /tmp/cchuDWiq.s:613    .text.xEventGroupSetBits:0000000000000094 .L0 
     /tmp/cchuDWiq.s:614    .text.xEventGroupSetBits:0000000000000094 .L0 
     /tmp/cchuDWiq.s:616    .text.xEventGroupSetBits:0000000000000098 .L0 
     /tmp/cchuDWiq.s:618    .text.xEventGroupSetBits:000000000000009c .L0 
     /tmp/cchuDWiq.s:622    .text.xEventGroupSetBits:00000000000000a0 .L0 
     /tmp/cchuDWiq.s:623    .text.xEventGroupSetBits:00000000000000a0 .L0 
     /tmp/cchuDWiq.s:627    .text.xEventGroupSetBits:00000000000000a8 .L0 
     /tmp/cchuDWiq.s:629    .text.xEventGroupSetBits:00000000000000ac .L0 
     /tmp/cchuDWiq.s:630    .text.xEventGroupSetBits:00000000000000ac .L0 
     /tmp/cchuDWiq.s:636    .text.xEventGroupSetBits:00000000000000b4 .L0 
     /tmp/cchuDWiq.s:637    .text.xEventGroupSetBits:00000000000000b4 .L0 
     /tmp/cchuDWiq.s:639    .text.xEventGroupSetBits:00000000000000b8 .L0 
     /tmp/cchuDWiq.s:642    .text.xEventGroupSetBits:00000000000000bc .L0 
     /tmp/cchuDWiq.s:645    .text.xEventGroupSetBits:00000000000000c4 .L0 
     /tmp/cchuDWiq.s:646    .text.xEventGroupSetBits:00000000000000c4 .L0 
     /tmp/cchuDWiq.s:649    .text.xEventGroupSetBits:00000000000000cc .L0 
     /tmp/cchuDWiq.s:650    .text.xEventGroupSetBits:00000000000000cc .L0 
     /tmp/cchuDWiq.s:652    .text.xEventGroupSetBits:00000000000000d4 .L0 
     /tmp/cchuDWiq.s:654    .text.xEventGroupSetBits:00000000000000d8 .L0 
     /tmp/cchuDWiq.s:657    .text.xEventGroupSetBits:00000000000000dc .L0 
     /tmp/cchuDWiq.s:659    .text.xEventGroupSetBits:00000000000000e0 .L0 
GAS LISTING /tmp/cchuDWiq.s 			page 43


     /tmp/cchuDWiq.s:662    .text.xEventGroupSetBits:00000000000000e4 .L0 
     /tmp/cchuDWiq.s:666    .text.xEventGroupSetBits:00000000000000e8 .L0 
     /tmp/cchuDWiq.s:668    .text.xEventGroupSetBits:00000000000000ec .L0 
     /tmp/cchuDWiq.s:675    .text.xEventGroupSync:0000000000000000 xEventGroupSync
     /tmp/cchuDWiq.s:678    .text.xEventGroupSync:0000000000000000 .L0 
     /tmp/cchuDWiq.s:680    .text.xEventGroupSync:0000000000000000 $xrv64i2p1_m2p0_a2p1_f2p2_d2p2_zicsr2p0_zmmul1p0
     /tmp/cchuDWiq.s:680    .text.xEventGroupSync:0000000000000000 .L0 
     /tmp/cchuDWiq.s:682    .text.xEventGroupSync:0000000000000004 .L0 
     /tmp/cchuDWiq.s:689    .text.xEventGroupSync:000000000000001c .L0 
     /tmp/cchuDWiq.s:690    .text.xEventGroupSync:000000000000001c .L0 
     /tmp/cchuDWiq.s:691    .text.xEventGroupSync:000000000000001c .L0 
     /tmp/cchuDWiq.s:692    .text.xEventGroupSync:000000000000001c .L0 
     /tmp/cchuDWiq.s:693    .text.xEventGroupSync:000000000000001c .L0 
     /tmp/cchuDWiq.s:694    .text.xEventGroupSync:000000000000001c .L0 
     /tmp/cchuDWiq.s:700    .text.xEventGroupSync:000000000000002c .L0 
     /tmp/cchuDWiq.s:702    .text.xEventGroupSync:000000000000002c .L0 
     /tmp/cchuDWiq.s:703    .text.xEventGroupSync:000000000000002c .L0 
     /tmp/cchuDWiq.s:704    .text.xEventGroupSync:000000000000002c .L0 
     /tmp/cchuDWiq.s:705    .text.xEventGroupSync:000000000000002c .L0 
     /tmp/cchuDWiq.s:706    .text.xEventGroupSync:000000000000002c .L0 
     /tmp/cchuDWiq.s:707    .text.xEventGroupSync:000000000000002c .L0 
     /tmp/cchuDWiq.s:708    .text.xEventGroupSync:000000000000002c .L0 
     /tmp/cchuDWiq.s:711    .text.xEventGroupSync:0000000000000034 .L0 
     /tmp/cchuDWiq.s:712    .text.xEventGroupSync:0000000000000034 .L0 
     /tmp/cchuDWiq.s:715    .text.xEventGroupSync:0000000000000038 .L0 
     /tmp/cchuDWiq.s:716    .text.xEventGroupSync:0000000000000038 .L0 
     /tmp/cchuDWiq.s:721    .text.xEventGroupSync:0000000000000048 .L0 
     /tmp/cchuDWiq.s:722    .text.xEventGroupSync:0000000000000048 .L0 
     /tmp/cchuDWiq.s:725    .text.xEventGroupSync:000000000000004c .L0 
     /tmp/cchuDWiq.s:727    .text.xEventGroupSync:0000000000000050 .L0 
     /tmp/cchuDWiq.s:729    .text.xEventGroupSync:0000000000000054 .L0 
     /tmp/cchuDWiq.s:730    .text.xEventGroupSync:0000000000000054 .L0 
     /tmp/cchuDWiq.s:732    .text.xEventGroupSync:0000000000000058 .L0 
     /tmp/cchuDWiq.s:733    .text.xEventGroupSync:0000000000000058 .L0 
     /tmp/cchuDWiq.s:737    .text.xEventGroupSync:000000000000005c .L0 
     /tmp/cchuDWiq.s:738    .text.xEventGroupSync:000000000000005c .L0 
     /tmp/cchuDWiq.s:739    .text.xEventGroupSync:000000000000005c .L0 
     /tmp/cchuDWiq.s:742    .text.xEventGroupSync:0000000000000064 .L0 
     /tmp/cchuDWiq.s:743    .text.xEventGroupSync:0000000000000064 .L0 
     /tmp/cchuDWiq.s:745    .text.xEventGroupSync:0000000000000068 .L0 
     /tmp/cchuDWiq.s:746    .text.xEventGroupSync:0000000000000068 .L0 
     /tmp/cchuDWiq.s:750    .text.xEventGroupSync:000000000000006c .L0 
     /tmp/cchuDWiq.s:751    .text.xEventGroupSync:000000000000006c .L0 
     /tmp/cchuDWiq.s:752    .text.xEventGroupSync:000000000000006c .L0 
     /tmp/cchuDWiq.s:757    .text.xEventGroupSync:0000000000000078 .L0 
     /tmp/cchuDWiq.s:758    .text.xEventGroupSync:0000000000000078 .L0 
     /tmp/cchuDWiq.s:761    .text.xEventGroupSync:0000000000000080 .L0 
     /tmp/cchuDWiq.s:765    .text.xEventGroupSync:0000000000000084 .L0 
     /tmp/cchuDWiq.s:766    .text.xEventGroupSync:0000000000000084 .L0 
     /tmp/cchuDWiq.s:767    .text.xEventGroupSync:0000000000000084 .L0 
     /tmp/cchuDWiq.s:773    .text.xEventGroupSync:0000000000000094 .L0 
     /tmp/cchuDWiq.s:774    .text.xEventGroupSync:0000000000000094 .L0 
     /tmp/cchuDWiq.s:776    .text.xEventGroupSync:0000000000000094 .L0 
     /tmp/cchuDWiq.s:777    .text.xEventGroupSync:0000000000000094 .L0 
     /tmp/cchuDWiq.s:779    .text.xEventGroupSync:000000000000009c .L0 
     /tmp/cchuDWiq.s:780    .text.xEventGroupSync:000000000000009c .L0 
     /tmp/cchuDWiq.s:782    .text.xEventGroupSync:00000000000000a0 .L0 
GAS LISTING /tmp/cchuDWiq.s 			page 44


     /tmp/cchuDWiq.s:785    .text.xEventGroupSync:00000000000000a4 .L0 
     /tmp/cchuDWiq.s:788    .text.xEventGroupSync:00000000000000a8 .L0 
     /tmp/cchuDWiq.s:790    .text.xEventGroupSync:00000000000000ac .L0 
     /tmp/cchuDWiq.s:793    .text.xEventGroupSync:00000000000000b0 .L0 
     /tmp/cchuDWiq.s:797    .text.xEventGroupSync:00000000000000b4 .L0 
     /tmp/cchuDWiq.s:802    .text.xEventGroupSync:00000000000000b8 .L0 
     /tmp/cchuDWiq.s:804    .text.xEventGroupSync:00000000000000b8 .L0 
     /tmp/cchuDWiq.s:805    .text.xEventGroupSync:00000000000000b8 .L0 
     /tmp/cchuDWiq.s:806    .text.xEventGroupSync:00000000000000b8 .L0 
     /tmp/cchuDWiq.s:808    .text.xEventGroupSync:00000000000000bc .L0 
     /tmp/cchuDWiq.s:810    .text.xEventGroupSync:00000000000000c0 .L0 
     /tmp/cchuDWiq.s:814    .text.xEventGroupSync:00000000000000c8 .L0 
     /tmp/cchuDWiq.s:815    .text.xEventGroupSync:00000000000000c8 .L0 
     /tmp/cchuDWiq.s:820    .text.xEventGroupSync:00000000000000d0 .L0 
     /tmp/cchuDWiq.s:821    .text.xEventGroupSync:00000000000000d0 .L0 
     /tmp/cchuDWiq.s:828    .text.xEventGroupSync:00000000000000e8 .L0 
     /tmp/cchuDWiq.s:829    .text.xEventGroupSync:00000000000000e8 .L0 
     /tmp/cchuDWiq.s:834    .text.xEventGroupSync:00000000000000f0 .L0 
     /tmp/cchuDWiq.s:841    .text.xEventGroupSync:0000000000000100 .L0 
     /tmp/cchuDWiq.s:844    .text.xEventGroupSync:0000000000000108 .L0 
     /tmp/cchuDWiq.s:845    .text.xEventGroupSync:0000000000000108 .L0 
     /tmp/cchuDWiq.s:848    .text.xEventGroupSync:000000000000010c .L0 
     /tmp/cchuDWiq.s:849    .text.xEventGroupSync:000000000000010c .L0 
     /tmp/cchuDWiq.s:851    .text.xEventGroupSync:0000000000000110 .L0 
     /tmp/cchuDWiq.s:855    .text.xEventGroupSync:0000000000000114 .L0 
     /tmp/cchuDWiq.s:856    .text.xEventGroupSync:0000000000000114 .L0 
     /tmp/cchuDWiq.s:859    .text.xEventGroupSync:000000000000011c .L0 
     /tmp/cchuDWiq.s:863    .text.xEventGroupSync:0000000000000120 .L0 
     /tmp/cchuDWiq.s:864    .text.xEventGroupSync:0000000000000120 .L0 
     /tmp/cchuDWiq.s:867    .text.xEventGroupSync:0000000000000124 .L0 
     /tmp/cchuDWiq.s:871    .text.xEventGroupSync:0000000000000130 .L0 
     /tmp/cchuDWiq.s:878    .text.vEventGroupSetBitsCallback:0000000000000000 vEventGroupSetBitsCallback
     /tmp/cchuDWiq.s:881    .text.vEventGroupSetBitsCallback:0000000000000000 .L0 
     /tmp/cchuDWiq.s:883    .text.vEventGroupSetBitsCallback:0000000000000000 $xrv64i2p1_m2p0_a2p1_f2p2_d2p2_zicsr2p0_zmmul1p0
     /tmp/cchuDWiq.s:883    .text.vEventGroupSetBitsCallback:0000000000000000 .L0 
     /tmp/cchuDWiq.s:885    .text.vEventGroupSetBitsCallback:0000000000000004 .L0 
     /tmp/cchuDWiq.s:887    .text.vEventGroupSetBitsCallback:0000000000000008 .L0 
     /tmp/cchuDWiq.s:889    .text.vEventGroupSetBitsCallback:0000000000000008 .L0 
     /tmp/cchuDWiq.s:890    .text.vEventGroupSetBitsCallback:0000000000000008 .L0 
     /tmp/cchuDWiq.s:896    .text.vEventGroupSetBitsCallback:0000000000000018 .L0 
     /tmp/cchuDWiq.s:897    .text.vEventGroupSetBitsCallback:000000000000001c .L0 
     /tmp/cchuDWiq.s:900    .text.vEventGroupSetBitsCallback:0000000000000020 .L0 
     /tmp/cchuDWiq.s:902    .text.vEventGroupSetBitsCallback:0000000000000024 .L0 
     /tmp/cchuDWiq.s:909    .text.vEventGroupDelete:0000000000000000 vEventGroupDelete
     /tmp/cchuDWiq.s:912    .text.vEventGroupDelete:0000000000000000 .L0 
     /tmp/cchuDWiq.s:914    .text.vEventGroupDelete:0000000000000000 $xrv64i2p1_m2p0_a2p1_f2p2_d2p2_zicsr2p0_zmmul1p0
     /tmp/cchuDWiq.s:914    .text.vEventGroupDelete:0000000000000000 .L0 
     /tmp/cchuDWiq.s:916    .text.vEventGroupDelete:0000000000000004 .L0 
     /tmp/cchuDWiq.s:919    .text.vEventGroupDelete:000000000000000c .L0 
     /tmp/cchuDWiq.s:920    .text.vEventGroupDelete:000000000000000c .L0 
     /tmp/cchuDWiq.s:924    .text.vEventGroupDelete:0000000000000010 .L0 
     /tmp/cchuDWiq.s:925    .text.vEventGroupDelete:0000000000000010 .L0 
     /tmp/cchuDWiq.s:926    .text.vEventGroupDelete:0000000000000010 .L0 
     /tmp/cchuDWiq.s:929    .text.vEventGroupDelete:0000000000000018 .L0 
     /tmp/cchuDWiq.s:930    .text.vEventGroupDelete:0000000000000018 .L0 
     /tmp/cchuDWiq.s:931    .text.vEventGroupDelete:0000000000000018 .L0 
     /tmp/cchuDWiq.s:934    .text.vEventGroupDelete:000000000000001c .L0 
GAS LISTING /tmp/cchuDWiq.s 			page 45


     /tmp/cchuDWiq.s:935    .text.vEventGroupDelete:000000000000001c .L0 
     /tmp/cchuDWiq.s:941    .text.vEventGroupDelete:000000000000002c .L0 
     /tmp/cchuDWiq.s:942    .text.vEventGroupDelete:000000000000002c .L0 
     /tmp/cchuDWiq.s:944    .text.vEventGroupDelete:0000000000000030 .L0 
     /tmp/cchuDWiq.s:946    .text.vEventGroupDelete:0000000000000034 .L0 
     /tmp/cchuDWiq.s:950    .text.vEventGroupDelete:0000000000000040 .L0 
     /tmp/cchuDWiq.s:951    .text.vEventGroupDelete:0000000000000040 .L0 
     /tmp/cchuDWiq.s:954    .text.vEventGroupDelete:0000000000000048 .L0 
     /tmp/cchuDWiq.s:955    .text.vEventGroupDelete:000000000000004c .L0 
     /tmp/cchuDWiq.s:957    .text.vEventGroupDelete:0000000000000050 .L0 
     /tmp/cchuDWiq.s:961    .text.vEventGroupDelete:0000000000000054 .L0 
     /tmp/cchuDWiq.s:963    .text.vEventGroupDelete:0000000000000058 .L0 
     /tmp/cchuDWiq.s:970    .text.xEventGroupSetBitsFromISR:0000000000000000 xEventGroupSetBitsFromISR
     /tmp/cchuDWiq.s:973    .text.xEventGroupSetBitsFromISR:0000000000000000 .L0 
     /tmp/cchuDWiq.s:975    .text.xEventGroupSetBitsFromISR:0000000000000000 $xrv64i2p1_m2p0_a2p1_f2p2_d2p2_zicsr2p0_zmmul1p0
     /tmp/cchuDWiq.s:975    .text.xEventGroupSetBitsFromISR:0000000000000000 .L0 
     /tmp/cchuDWiq.s:977    .text.xEventGroupSetBitsFromISR:0000000000000004 .L0 
     /tmp/cchuDWiq.s:979    .text.xEventGroupSetBitsFromISR:0000000000000008 .L0 
     /tmp/cchuDWiq.s:982    .text.xEventGroupSetBitsFromISR:000000000000000c .L0 
     /tmp/cchuDWiq.s:983    .text.xEventGroupSetBitsFromISR:000000000000000c .L0 
     /tmp/cchuDWiq.s:984    .text.xEventGroupSetBitsFromISR:000000000000000c .L0 
     /tmp/cchuDWiq.s:985    .text.xEventGroupSetBitsFromISR:000000000000000c .L0 
     /tmp/cchuDWiq.s:994    .text.xEventGroupSetBitsFromISR:0000000000000024 .L0 
     /tmp/cchuDWiq.s:995    .text.xEventGroupSetBitsFromISR:0000000000000024 .L0 
     /tmp/cchuDWiq.s:996    .text.xEventGroupSetBitsFromISR:0000000000000028 .L0 
     /tmp/cchuDWiq.s:999    .text.xEventGroupSetBitsFromISR:000000000000002c .L0 
     /tmp/cchuDWiq.s:1001   .text.xEventGroupSetBitsFromISR:0000000000000030 .L0 
     /tmp/cchuDWiq.s:1008   .text.uxEventGroupGetNumber:0000000000000000 uxEventGroupGetNumber
     /tmp/cchuDWiq.s:1011   .text.uxEventGroupGetNumber:0000000000000000 .L0 
     /tmp/cchuDWiq.s:1013   .text.uxEventGroupGetNumber:0000000000000000 .L0 
     /tmp/cchuDWiq.s:1014   .text.uxEventGroupGetNumber:0000000000000000 .L0 
     /tmp/cchuDWiq.s:1015   .text.uxEventGroupGetNumber:0000000000000000 .L0 
     /tmp/cchuDWiq.s:1016   .text.uxEventGroupGetNumber:0000000000000000 .L0 
     /tmp/cchuDWiq.s:1017   .text.uxEventGroupGetNumber:0000000000000000 $xrv64i2p1_m2p0_a2p1_f2p2_d2p2_zicsr2p0_zmmul1p0
     /tmp/cchuDWiq.s:1017   .text.uxEventGroupGetNumber:0000000000000000 .L0 
     /tmp/cchuDWiq.s:1019   .text.uxEventGroupGetNumber:0000000000000004 .L0 
     /tmp/cchuDWiq.s:1020   .text.uxEventGroupGetNumber:0000000000000004 .L0 
     /tmp/cchuDWiq.s:1026   .text.uxEventGroupGetNumber:000000000000000c .L0 
     /tmp/cchuDWiq.s:1029   .text.uxEventGroupGetNumber:0000000000000010 .L0 
     /tmp/cchuDWiq.s:1030   .text.uxEventGroupGetNumber:0000000000000010 .L0 
     /tmp/cchuDWiq.s:1031   .text.uxEventGroupGetNumber:0000000000000014 .L0 
     /tmp/cchuDWiq.s:1038   .text.vEventGroupSetNumber:0000000000000000 vEventGroupSetNumber
     /tmp/cchuDWiq.s:1041   .text.vEventGroupSetNumber:0000000000000000 .L0 
     /tmp/cchuDWiq.s:1043   .text.vEventGroupSetNumber:0000000000000000 .L0 
     /tmp/cchuDWiq.s:1044   .text.vEventGroupSetNumber:0000000000000000 .L0 
     /tmp/cchuDWiq.s:1045   .text.vEventGroupSetNumber:0000000000000000 $xrv64i2p1_m2p0_a2p1_f2p2_d2p2_zicsr2p0_zmmul1p0
     /tmp/cchuDWiq.s:1045   .text.vEventGroupSetNumber:0000000000000000 .L0 
     /tmp/cchuDWiq.s:1047   .text.vEventGroupSetNumber:0000000000000004 .L0 
     /tmp/cchuDWiq.s:1048   .text.vEventGroupSetNumber:0000000000000008 .L0 
     /tmp/cchuDWiq.s:57     .text.prvTestWaitCondition:0000000000000034 .L0 
     /tmp/cchuDWiq.s:108    .text.xEventGroupCreate:0000000000000044 .L0 
     /tmp/cchuDWiq.s:346    .text.xEventGroupWaitBits:0000000000000160 .L0 
     /tmp/cchuDWiq.s:412    .text.xEventGroupClearBits:0000000000000058 .L0 
     /tmp/cchuDWiq.s:443    .text.vEventGroupClearBitsCallback:0000000000000024 .L0 
     /tmp/cchuDWiq.s:480    .text.xEventGroupClearBitsFromISR:0000000000000030 .L0 
     /tmp/cchuDWiq.s:503    .text.xEventGroupGetBitsFromISR:0000000000000008 .L0 
     /tmp/cchuDWiq.s:671    .text.xEventGroupSetBits:00000000000000ec .L0 
GAS LISTING /tmp/cchuDWiq.s 			page 46


     /tmp/cchuDWiq.s:874    .text.xEventGroupSync:0000000000000130 .L0 
     /tmp/cchuDWiq.s:905    .text.vEventGroupSetBitsCallback:0000000000000024 .L0 
     /tmp/cchuDWiq.s:966    .text.vEventGroupDelete:0000000000000058 .L0 
     /tmp/cchuDWiq.s:1004   .text.xEventGroupSetBitsFromISR:0000000000000030 .L0 
     /tmp/cchuDWiq.s:1034   .text.uxEventGroupGetNumber:0000000000000014 .L0 
     /tmp/cchuDWiq.s:1051   .text.vEventGroupSetNumber:0000000000000008 .L0 
                     .debug_frame:0000000000000000 .L0 
     /tmp/cchuDWiq.s:32     .text.prvTestWaitCondition:0000000000000014 .L2
     /tmp/cchuDWiq.s:42     .text.prvTestWaitCondition:0000000000000024 .L4
     /tmp/cchuDWiq.s:46     .text.prvTestWaitCondition:000000000000002c .L5
     /tmp/cchuDWiq.s:93     .text.xEventGroupCreate:0000000000000030 .L6
     /tmp/cchuDWiq.s:182    .text.xEventGroupWaitBits:0000000000000070 .L10
     /tmp/cchuDWiq.s:225    .text.xEventGroupWaitBits:00000000000000ac .L18
     /tmp/cchuDWiq.s:229    .text.xEventGroupWaitBits:00000000000000b0 .L11
     /tmp/cchuDWiq.s:220    .text.xEventGroupWaitBits:00000000000000a4 .L19
     /tmp/cchuDWiq.s:204    .text.xEventGroupWaitBits:0000000000000088 .L13
     /tmp/cchuDWiq.s:192    .text.xEventGroupWaitBits:000000000000007c .L12
     /tmp/cchuDWiq.s:270    .text.xEventGroupWaitBits:00000000000000e8 .L9
     /tmp/cchuDWiq.s:298    .text.xEventGroupWaitBits:0000000000000110 .L21
     /tmp/cchuDWiq.s:307    .text.xEventGroupWaitBits:0000000000000120 .L22
     /tmp/cchuDWiq.s:243    .text.xEventGroupWaitBits:00000000000000c0 .L15
     /tmp/cchuDWiq.s:335    .text.xEventGroupWaitBits:0000000000000154 .L17
     /tmp/cchuDWiq.s:258    .text.xEventGroupWaitBits:00000000000000d8 .L16
     /tmp/cchuDWiq.s:465    .text.xEventGroupClearBitsFromISR:0000000000000014 .L0 
     /tmp/cchuDWiq.s:586    .text.xEventGroupSetBits:000000000000006c .L31
     /tmp/cchuDWiq.s:582    .text.xEventGroupSetBits:0000000000000068 .L34
     /tmp/cchuDWiq.s:619    .text.xEventGroupSetBits:00000000000000a0 .L33
     /tmp/cchuDWiq.s:634    .text.xEventGroupSetBits:00000000000000b4 .L38
     /tmp/cchuDWiq.s:561    .text.xEventGroupSetBits:0000000000000044 .L32
     /tmp/cchuDWiq.s:571    .text.xEventGroupSetBits:0000000000000054 .L35
     /tmp/cchuDWiq.s:800    .text.xEventGroupSync:00000000000000b8 .L48
     /tmp/cchuDWiq.s:818    .text.xEventGroupSync:00000000000000d0 .L49
     /tmp/cchuDWiq.s:775    .text.xEventGroupSync:0000000000000094 .L39
     /tmp/cchuDWiq.s:832    .text.xEventGroupSync:00000000000000f0 .L50
     /tmp/cchuDWiq.s:839    .text.xEventGroupSync:0000000000000100 .L51
     /tmp/cchuDWiq.s:736    .text.xEventGroupSync:000000000000005c .L41
     /tmp/cchuDWiq.s:748    .text.xEventGroupSync:000000000000006c .L44
     /tmp/cchuDWiq.s:861    .text.xEventGroupSync:0000000000000120 .L52
     /tmp/cchuDWiq.s:763    .text.xEventGroupSync:0000000000000084 .L45
     /tmp/cchuDWiq.s:853    .text.xEventGroupSync:0000000000000114 .L46
     /tmp/cchuDWiq.s:939    .text.vEventGroupDelete:000000000000002c .L56
     /tmp/cchuDWiq.s:932    .text.vEventGroupDelete:000000000000001c .L57
     /tmp/cchuDWiq.s:989    .text.xEventGroupSetBitsFromISR:0000000000000014 .L0 
     /tmp/cchuDWiq.s:1024   .text.uxEventGroupGetNumber:000000000000000c .L63
     /tmp/cchuDWiq.s:2556   .debug_abbrev:0000000000000000 .Ldebug_abbrev0
     /tmp/cchuDWiq.s:4617   .debug_str:0000000000000127 .LASF95
     /tmp/cchuDWiq.s:4727   .debug_str:0000000000000535 .LASF96
     /tmp/cchuDWiq.s:4767   .debug_str:00000000000006b7 .LASF97
     /tmp/cchuDWiq.s:4537   .debug_ranges:0000000000000000 .Ldebug_ranges0
     /tmp/cchuDWiq.s:4575   .debug_line:0000000000000000 .Ldebug_line0
     /tmp/cchuDWiq.s:4593   .debug_str:0000000000000090 .LASF9
     /tmp/cchuDWiq.s:4715   .debug_str:00000000000004ca .LASF0
     /tmp/cchuDWiq.s:4639   .debug_str:00000000000002a2 .LASF1
     /tmp/cchuDWiq.s:4633   .debug_str:0000000000000270 .LASF2
     /tmp/cchuDWiq.s:4659   .debug_str:0000000000000329 .LASF3
     /tmp/cchuDWiq.s:4673   .debug_str:0000000000000396 .LASF4
     /tmp/cchuDWiq.s:4665   .debug_str:000000000000035d .LASF5
GAS LISTING /tmp/cchuDWiq.s 			page 47


     /tmp/cchuDWiq.s:4663   .debug_str:000000000000034f .LASF6
     /tmp/cchuDWiq.s:4591   .debug_str:0000000000000086 .LASF7
     /tmp/cchuDWiq.s:4685   .debug_str:00000000000003e8 .LASF8
     /tmp/cchuDWiq.s:4599   .debug_str:00000000000000af .LASF10
     /tmp/cchuDWiq.s:4747   .debug_str:0000000000000613 .LASF11
     /tmp/cchuDWiq.s:4699   .debug_str:0000000000000445 .LASF12
     /tmp/cchuDWiq.s:4691   .debug_str:000000000000041a .LASF13
     /tmp/cchuDWiq.s:4667   .debug_str:0000000000000369 .LASF14
     /tmp/cchuDWiq.s:4669   .debug_str:0000000000000380 .LASF15
     /tmp/cchuDWiq.s:4609   .debug_str:00000000000000f3 .LASF16
     /tmp/cchuDWiq.s:4589   .debug_str:000000000000007d .LASF17
     /tmp/cchuDWiq.s:4677   .debug_str:00000000000003ae .LASF18
     /tmp/cchuDWiq.s:4719   .debug_str:00000000000004e9 .LASF19
     /tmp/cchuDWiq.s:4657   .debug_str:000000000000031e .LASF20
     /tmp/cchuDWiq.s:4651   .debug_str:00000000000002ec .LASF26
     /tmp/cchuDWiq.s:4645   .debug_str:00000000000002bc .LASF21
     /tmp/cchuDWiq.s:4693   .debug_str:000000000000041f .LASF22
     /tmp/cchuDWiq.s:4595   .debug_str:0000000000000097 .LASF23
     /tmp/cchuDWiq.s:4607   .debug_str:00000000000000eb .LASF24
     /tmp/cchuDWiq.s:4679   .debug_str:00000000000003b9 .LASF25
     /tmp/cchuDWiq.s:4641   .debug_str:00000000000002ab .LASF27
     /tmp/cchuDWiq.s:4723   .debug_str:000000000000050b .LASF28
     /tmp/cchuDWiq.s:4749   .debug_str:000000000000061d .LASF29
     /tmp/cchuDWiq.s:4729   .debug_str:0000000000000583 .LASF30
     /tmp/cchuDWiq.s:4675   .debug_str:00000000000003a3 .LASF31
     /tmp/cchuDWiq.s:4755   .debug_str:0000000000000651 .LASF32
     /tmp/cchuDWiq.s:4631   .debug_str:0000000000000261 .LASF33
     /tmp/cchuDWiq.s:4629   .debug_str:000000000000025a .LASF34
     /tmp/cchuDWiq.s:4711   .debug_str:00000000000004b0 .LASF35
     /tmp/cchuDWiq.s:4615   .debug_str:0000000000000114 .LASF36
     /tmp/cchuDWiq.s:4701   .debug_str:0000000000000450 .LASF37
     /tmp/cchuDWiq.s:4697   .debug_str:0000000000000439 .LASF38
     /tmp/cchuDWiq.s:4647   .debug_str:00000000000002c7 .LASF39
     /tmp/cchuDWiq.s:4625   .debug_str:0000000000000237 .LASF40
     /tmp/cchuDWiq.s:4601   .debug_str:00000000000000ba .LASF41
     /tmp/cchuDWiq.s:4773   .debug_str:0000000000000700 .LASF42
     /tmp/cchuDWiq.s:4687   .debug_str:00000000000003fb .LASF43
     /tmp/cchuDWiq.s:4577   .debug_str:0000000000000000 .LASF44
     /tmp/cchuDWiq.s:4619   .debug_str:00000000000001f7 .LASF53
     /tmp/cchuDWiq.s:4653   .debug_str:00000000000002f7 .LASF45
     /tmp/cchuDWiq.s:4605   .debug_str:00000000000000d8 .LASF46
     /tmp/cchuDWiq.s:4725   .debug_str:000000000000051b .LASF48
     /tmp/cchuDWiq.s:4717   .debug_str:00000000000004dc .LASF47
     /tmp/cchuDWiq.s:4683   .debug_str:00000000000003d9 .LASF49
     /tmp/cchuDWiq.s:4581   .debug_str:0000000000000034 .LASF50
     /tmp/cchuDWiq.s:4763   .debug_str:0000000000000697 .LASF51
     /tmp/cchuDWiq.s:4587   .debug_str:000000000000006d .LASF52
     /tmp/cchuDWiq.s:4759   .debug_str:0000000000000674 .LASF54
     /tmp/cchuDWiq.s:4703   .debug_str:0000000000000460 .LASF66
     /tmp/cchuDWiq.s:1039   .text.vEventGroupSetNumber:0000000000000000 .LFB14
     /tmp/cchuDWiq.s:1049   .text.vEventGroupSetNumber:0000000000000008 .LFE14
     /tmp/cchuDWiq.s:4611   .debug_str:00000000000000fb .LASF55
     /tmp/cchuDWiq.s:4721   .debug_str:00000000000004f5 .LASF58
     /tmp/cchuDWiq.s:1009   .text.uxEventGroupGetNumber:0000000000000000 .LFB13
     /tmp/cchuDWiq.s:1032   .text.uxEventGroupGetNumber:0000000000000014 .LFE13
     /tmp/cchuDWiq.s:3206   .debug_loc:0000000000000000 .LLST64
     /tmp/cchuDWiq.s:4735   .debug_str:00000000000005bf .LASF56
GAS LISTING /tmp/cchuDWiq.s 			page 48


     /tmp/cchuDWiq.s:3231   .debug_loc:0000000000000062 .LLST65
     /tmp/cchuDWiq.s:4745   .debug_str:0000000000000607 .LASF57
     /tmp/cchuDWiq.s:3243   .debug_loc:0000000000000099 .LLST66
     /tmp/cchuDWiq.s:4661   .debug_str:0000000000000335 .LASF59
     /tmp/cchuDWiq.s:971    .text.xEventGroupSetBitsFromISR:0000000000000000 .LFB12
     /tmp/cchuDWiq.s:1002   .text.xEventGroupSetBitsFromISR:0000000000000030 .LFE12
     /tmp/cchuDWiq.s:3268   .debug_loc:00000000000000fb .LLST60
     /tmp/cchuDWiq.s:3286   .debug_loc:0000000000000147 .LLST61
     /tmp/cchuDWiq.s:4769   .debug_str:00000000000006e6 .LASF60
     /tmp/cchuDWiq.s:3304   .debug_loc:0000000000000193 .LLST62
     /tmp/cchuDWiq.s:4741   .debug_str:00000000000005df .LASF61
     /tmp/cchuDWiq.s:3318   .debug_loc:00000000000001cc .LLST63
     /tmp/cchuDWiq.s:992    .text.xEventGroupSetBitsFromISR:0000000000000024 .LVL131
     /tmp/cchuDWiq.s:4689   .debug_str:0000000000000405 .LASF98
     /tmp/cchuDWiq.s:14     .text.prvTestWaitCondition:0000000000000000 .LFB11
     /tmp/cchuDWiq.s:55     .text.prvTestWaitCondition:0000000000000034 .LFE11
     /tmp/cchuDWiq.s:4757   .debug_str:0000000000000661 .LASF62
     /tmp/cchuDWiq.s:3336   .debug_loc:0000000000000218 .LLST0
     /tmp/cchuDWiq.s:4627   .debug_str:000000000000024a .LASF63
     /tmp/cchuDWiq.s:4583   .debug_str:0000000000000053 .LASF64
     /tmp/cchuDWiq.s:4603   .debug_str:00000000000000c6 .LASF65
     /tmp/cchuDWiq.s:3361   .debug_loc:000000000000027a .LLST1
     /tmp/cchuDWiq.s:4635   .debug_str:000000000000027e .LASF67
     /tmp/cchuDWiq.s:417    .text.vEventGroupClearBitsCallback:0000000000000000 .LFB10
     /tmp/cchuDWiq.s:441    .text.vEventGroupClearBitsCallback:0000000000000024 .LFE10
     /tmp/cchuDWiq.s:3374   .debug_loc:00000000000002b2 .LLST22
     /tmp/cchuDWiq.s:4671   .debug_str:0000000000000389 .LASF68
     /tmp/cchuDWiq.s:3392   .debug_loc:00000000000002fe .LLST23
     /tmp/cchuDWiq.s:4771   .debug_str:00000000000006f2 .LASF69
     /tmp/cchuDWiq.s:3406   .debug_loc:0000000000000337 .LLST24
     /tmp/cchuDWiq.s:432    .text.vEventGroupClearBitsCallback:0000000000000018 .LVL57
     /tmp/cchuDWiq.s:4753   .debug_str:0000000000000636 .LASF70
     /tmp/cchuDWiq.s:879    .text.vEventGroupSetBitsCallback:0000000000000000 .LFB9
     /tmp/cchuDWiq.s:903    .text.vEventGroupSetBitsCallback:0000000000000024 .LFE9
     /tmp/cchuDWiq.s:3420   .debug_loc:0000000000000370 .LLST53
     /tmp/cchuDWiq.s:3438   .debug_loc:00000000000003bc .LLST54
     /tmp/cchuDWiq.s:4737   .debug_str:00000000000005c7 .LASF71
     /tmp/cchuDWiq.s:3452   .debug_loc:00000000000003f5 .LLST55
     /tmp/cchuDWiq.s:894    .text.vEventGroupSetBitsCallback:0000000000000018 .LVL119
     /tmp/cchuDWiq.s:4623   .debug_str:0000000000000225 .LASF72
     /tmp/cchuDWiq.s:910    .text.vEventGroupDelete:0000000000000000 .LFB8
     /tmp/cchuDWiq.s:964    .text.vEventGroupDelete:0000000000000058 .LFE8
     /tmp/cchuDWiq.s:3466   .debug_loc:000000000000042e .LLST56
     /tmp/cchuDWiq.s:3484   .debug_loc:000000000000047a .LLST57
     /tmp/cchuDWiq.s:3502   .debug_loc:00000000000004c6 .LLST58
     /tmp/cchuDWiq.s:4761   .debug_str:0000000000000681 .LASF73
     /tmp/cchuDWiq.s:3520   .debug_loc:0000000000000512 .LLST59
     /tmp/cchuDWiq.s:927    .text.vEventGroupDelete:0000000000000018 .LVL122
     /tmp/cchuDWiq.s:938    .text.vEventGroupDelete:000000000000002c .LVL123
     /tmp/cchuDWiq.s:948    .text.vEventGroupDelete:0000000000000040 .LVL124
     /tmp/cchuDWiq.s:952    .text.vEventGroupDelete:0000000000000048 .LVL125
     /tmp/cchuDWiq.s:4709   .debug_str:000000000000049d .LASF74
     /tmp/cchuDWiq.s:508    .text.xEventGroupSetBits:0000000000000000 .LFB7
     /tmp/cchuDWiq.s:669    .text.xEventGroupSetBits:00000000000000ec .LFE7
     /tmp/cchuDWiq.s:3544   .debug_loc:0000000000000564 .LLST31
     /tmp/cchuDWiq.s:3562   .debug_loc:00000000000005b0 .LLST32
     /tmp/cchuDWiq.s:3586   .debug_loc:0000000000000611 .LLST33
GAS LISTING /tmp/cchuDWiq.s 			page 49


     /tmp/cchuDWiq.s:4643   .debug_str:00000000000002b1 .LASF75
     /tmp/cchuDWiq.s:3604   .debug_loc:000000000000065d .LLST34
     /tmp/cchuDWiq.s:3615   .debug_loc:0000000000000693 .LLST35
     /tmp/cchuDWiq.s:4585   .debug_str:0000000000000063 .LASF76
     /tmp/cchuDWiq.s:3626   .debug_loc:00000000000006c9 .LLST36
     /tmp/cchuDWiq.s:4637   .debug_str:000000000000029b .LASF77
     /tmp/cchuDWiq.s:3642   .debug_loc:0000000000000704 .LLST37
     /tmp/cchuDWiq.s:4743   .debug_str:00000000000005f9 .LASF78
     /tmp/cchuDWiq.s:3672   .debug_loc:000000000000076b .LLST38
     /tmp/cchuDWiq.s:4621   .debug_str:0000000000000215 .LASF79
     /tmp/cchuDWiq.s:3691   .debug_loc:00000000000007b8 .LLST39
     /tmp/cchuDWiq.s:4705   .debug_str:0000000000000475 .LASF80
     /tmp/cchuDWiq.s:3716   .debug_loc:000000000000081e .LLST40
     /tmp/cchuDWiq.s:3765   .debug_loc:0000000000000898 .LLST41
     /tmp/cchuDWiq.s:4739   .debug_str:00000000000005d3 .LASF81
     /tmp/cchuDWiq.s:3789   .debug_loc:00000000000008f9 .LLST42
     /tmp/cchuDWiq.s:543    .text.xEventGroupSetBits:000000000000002c .LVL67
     /tmp/cchuDWiq.s:581    .text.xEventGroupSetBits:0000000000000068 .LVL72
     /tmp/cchuDWiq.s:647    .text.xEventGroupSetBits:00000000000000cc .LVL82
     /tmp/cchuDWiq.s:4707   .debug_str:0000000000000483 .LASF82
     /tmp/cchuDWiq.s:485    .text.xEventGroupGetBitsFromISR:0000000000000000 .LFB6
     /tmp/cchuDWiq.s:501    .text.xEventGroupGetBitsFromISR:0000000000000008 .LFE6
     /tmp/cchuDWiq.s:3802   .debug_loc:0000000000000931 .LLST28
     /tmp/cchuDWiq.s:4733   .debug_str:00000000000005a8 .LASF83
     /tmp/cchuDWiq.s:3816   .debug_loc:000000000000096a .LLST29
     /tmp/cchuDWiq.s:4713   .debug_str:00000000000004c1 .LASF84
     /tmp/cchuDWiq.s:3830   .debug_loc:00000000000009a3 .LLST30
     /tmp/cchuDWiq.s:4731   .debug_str:000000000000058c .LASF85
     /tmp/cchuDWiq.s:448    .text.xEventGroupClearBitsFromISR:0000000000000000 .LFB5
     /tmp/cchuDWiq.s:478    .text.xEventGroupClearBitsFromISR:0000000000000030 .LFE5
     /tmp/cchuDWiq.s:3842   .debug_loc:00000000000009da .LLST25
     /tmp/cchuDWiq.s:3860   .debug_loc:0000000000000a26 .LLST26
     /tmp/cchuDWiq.s:3878   .debug_loc:0000000000000a72 .LLST27
     /tmp/cchuDWiq.s:468    .text.xEventGroupClearBitsFromISR:0000000000000024 .LVL61
     /tmp/cchuDWiq.s:4655   .debug_str:0000000000000309 .LASF86
     /tmp/cchuDWiq.s:351    .text.xEventGroupClearBits:0000000000000000 .LFB4
     /tmp/cchuDWiq.s:410    .text.xEventGroupClearBits:0000000000000058 .LFE4
     /tmp/cchuDWiq.s:3892   .debug_loc:0000000000000aab .LLST17
     /tmp/cchuDWiq.s:3910   .debug_loc:0000000000000af7 .LLST18
     /tmp/cchuDWiq.s:3928   .debug_loc:0000000000000b43 .LLST19
     /tmp/cchuDWiq.s:3953   .debug_loc:0000000000000ba5 .LLST20
     /tmp/cchuDWiq.s:3971   .debug_loc:0000000000000bf1 .LLST21
     /tmp/cchuDWiq.s:375    .text.xEventGroupClearBits:0000000000000024 .LVL48
     /tmp/cchuDWiq.s:391    .text.xEventGroupClearBits:000000000000003c .LVL52
     /tmp/cchuDWiq.s:4681   .debug_str:00000000000003c5 .LASF87
     /tmp/cchuDWiq.s:113    .text.xEventGroupWaitBits:0000000000000000 .LFB3
     /tmp/cchuDWiq.s:344    .text.xEventGroupWaitBits:0000000000000160 .LFE3
     /tmp/cchuDWiq.s:3982   .debug_loc:0000000000000c27 .LLST4
     /tmp/cchuDWiq.s:4005   .debug_loc:0000000000000c89 .LLST5
     /tmp/cchuDWiq.s:4027   .debug_loc:0000000000000ce8 .LLST6
     /tmp/cchuDWiq.s:4597   .debug_str:00000000000000a2 .LASF88
     /tmp/cchuDWiq.s:4063   .debug_loc:0000000000000d73 .LLST7
     /tmp/cchuDWiq.s:4085   .debug_loc:0000000000000dd2 .LLST8
     /tmp/cchuDWiq.s:4613   .debug_str:0000000000000107 .LASF89
     /tmp/cchuDWiq.s:4107   .debug_loc:0000000000000e31 .LLST9
     /tmp/cchuDWiq.s:4140   .debug_loc:0000000000000ec8 .LLST10
     /tmp/cchuDWiq.s:4162   .debug_loc:0000000000000f27 .LLST11
GAS LISTING /tmp/cchuDWiq.s 			page 50


     /tmp/cchuDWiq.s:4186   .debug_loc:0000000000000f97 .LLST12
     /tmp/cchuDWiq.s:4203   .debug_loc:0000000000000fe2 .LLST13
     /tmp/cchuDWiq.s:4765   .debug_str:00000000000006a7 .LASF90
     /tmp/cchuDWiq.s:4214   .debug_loc:0000000000001018 .LLST14
     /tmp/cchuDWiq.s:4751   .debug_str:0000000000000625 .LASF91
     /tmp/cchuDWiq.s:4225   .debug_loc:000000000000104e .LLST15
     /tmp/cchuDWiq.s:4238   .debug_loc:0000000000001086 .LLST16
     /tmp/cchuDWiq.s:162    .text.xEventGroupWaitBits:0000000000000054 .LVL13
     /tmp/cchuDWiq.s:213    .text.xEventGroupWaitBits:000000000000009c .LVL20
     /tmp/cchuDWiq.s:150    .text.xEventGroupWaitBits:000000000000003c .LVL11
     /tmp/cchuDWiq.s:235    .text.xEventGroupWaitBits:00000000000000b8 .LVL25
     /tmp/cchuDWiq.s:248    .text.xEventGroupWaitBits:00000000000000c8 .LVL27
     /tmp/cchuDWiq.s:305    .text.xEventGroupWaitBits:000000000000011c .LVL38
     /tmp/cchuDWiq.s:310    .text.xEventGroupWaitBits:0000000000000128 .LVL39
     /tmp/cchuDWiq.s:321    .text.xEventGroupWaitBits:0000000000000140 .LVL41
     /tmp/cchuDWiq.s:341    .text.xEventGroupWaitBits:000000000000015c .LVL45
     /tmp/cchuDWiq.s:4649   .debug_str:00000000000002dc .LASF92
     /tmp/cchuDWiq.s:676    .text.xEventGroupSync:0000000000000000 .LFB2
     /tmp/cchuDWiq.s:872    .text.xEventGroupSync:0000000000000130 .LFE2
     /tmp/cchuDWiq.s:4249   .debug_loc:00000000000010bc .LLST43
     /tmp/cchuDWiq.s:4272   .debug_loc:000000000000111c .LLST44
     /tmp/cchuDWiq.s:4294   .debug_loc:000000000000117b .LLST45
     /tmp/cchuDWiq.s:4316   .debug_loc:00000000000011da .LLST46
     /tmp/cchuDWiq.s:4363   .debug_loc:000000000000128e .LLST47
     /tmp/cchuDWiq.s:4695   .debug_str:0000000000000426 .LASF93
     /tmp/cchuDWiq.s:4387   .debug_loc:00000000000012fe .LLST48
     /tmp/cchuDWiq.s:4394   .debug_loc:0000000000001321 .LLST49
     /tmp/cchuDWiq.s:4418   .debug_loc:0000000000001391 .LLST50
     /tmp/cchuDWiq.s:4440   .debug_loc:00000000000013f0 .LLST51
     /tmp/cchuDWiq.s:4451   .debug_loc:0000000000001426 .LLST52
     /tmp/cchuDWiq.s:709    .text.xEventGroupSync:0000000000000034 .LVL88
     /tmp/cchuDWiq.s:719    .text.xEventGroupSync:0000000000000048 .LVL90
     /tmp/cchuDWiq.s:740    .text.xEventGroupSync:0000000000000064 .LVL93
     /tmp/cchuDWiq.s:753    .text.xEventGroupSync:0000000000000074 .LVL95
     /tmp/cchuDWiq.s:826    .text.xEventGroupSync:00000000000000e8 .LVL106
     /tmp/cchuDWiq.s:837    .text.xEventGroupSync:00000000000000fc .LVL109
     /tmp/cchuDWiq.s:842    .text.xEventGroupSync:0000000000000108 .LVL110
     /tmp/cchuDWiq.s:857    .text.xEventGroupSync:000000000000011c .LVL113
     /tmp/cchuDWiq.s:4579   .debug_str:0000000000000022 .LASF94
     /tmp/cchuDWiq.s:62     .text.xEventGroupCreate:0000000000000000 .LFB1
     /tmp/cchuDWiq.s:106    .text.xEventGroupCreate:0000000000000044 .LFE1
     /tmp/cchuDWiq.s:4469   .debug_loc:0000000000001472 .LLST2
     /tmp/cchuDWiq.s:4487   .debug_loc:00000000000014be .LLST3
     /tmp/cchuDWiq.s:77     .text.xEventGroupCreate:0000000000000018 .LVL5
     /tmp/cchuDWiq.s:89     .text.xEventGroupCreate:0000000000000030 .LVL7
     /tmp/cchuDWiq.s:1012   .text.uxEventGroupGetNumber:0000000000000000 .LVL132
     /tmp/cchuDWiq.s:1021   .text.uxEventGroupGetNumber:0000000000000008 .LVL133
     /tmp/cchuDWiq.s:1023   .text.uxEventGroupGetNumber:000000000000000c .LVL134
     /tmp/cchuDWiq.s:1027   .text.uxEventGroupGetNumber:0000000000000010 .LVL135
     /tmp/cchuDWiq.s:976    .text.xEventGroupSetBitsFromISR:0000000000000004 .LCFI20
     /tmp/cchuDWiq.s:998    .text.xEventGroupSetBitsFromISR:000000000000002c .LCFI21
     /tmp/cchuDWiq.s:974    .text.xEventGroupSetBitsFromISR:0000000000000000 .LVL127
     /tmp/cchuDWiq.s:990    .text.xEventGroupSetBitsFromISR:000000000000001c .LVL130
     /tmp/cchuDWiq.s:988    .text.xEventGroupSetBitsFromISR:0000000000000014 .LVL129
     /tmp/cchuDWiq.s:986    .text.xEventGroupSetBitsFromISR:0000000000000010 .LVL128
     /tmp/cchuDWiq.s:17     .text.prvTestWaitCondition:0000000000000000 .LVL0
     /tmp/cchuDWiq.s:25     .text.prvTestWaitCondition:0000000000000008 .LVL1
GAS LISTING /tmp/cchuDWiq.s 			page 51


     /tmp/cchuDWiq.s:31     .text.prvTestWaitCondition:0000000000000014 .LVL2
     /tmp/cchuDWiq.s:36     .text.prvTestWaitCondition:0000000000000018 .LVL3
     /tmp/cchuDWiq.s:49     .text.prvTestWaitCondition:0000000000000030 .LVL4
     /tmp/cchuDWiq.s:422    .text.vEventGroupClearBitsCallback:0000000000000004 .LCFI7
     /tmp/cchuDWiq.s:437    .text.vEventGroupClearBitsCallback:0000000000000020 .LCFI8
     /tmp/cchuDWiq.s:420    .text.vEventGroupClearBitsCallback:0000000000000000 .LVL55
     /tmp/cchuDWiq.s:429    .text.vEventGroupClearBitsCallback:000000000000000c .LVL56
     /tmp/cchuDWiq.s:884    .text.vEventGroupSetBitsCallback:0000000000000004 .LCFI16
     /tmp/cchuDWiq.s:899    .text.vEventGroupSetBitsCallback:0000000000000020 .LCFI17
     /tmp/cchuDWiq.s:882    .text.vEventGroupSetBitsCallback:0000000000000000 .LVL117
     /tmp/cchuDWiq.s:891    .text.vEventGroupSetBitsCallback:000000000000000c .LVL118
     /tmp/cchuDWiq.s:915    .text.vEventGroupDelete:0000000000000004 .LCFI18
     /tmp/cchuDWiq.s:960    .text.vEventGroupDelete:0000000000000054 .LCFI19
     /tmp/cchuDWiq.s:913    .text.vEventGroupDelete:0000000000000000 .LVL120
     /tmp/cchuDWiq.s:958    .text.vEventGroupDelete:0000000000000050 .LVL126
     /tmp/cchuDWiq.s:923    .text.vEventGroupDelete:0000000000000010 .LVL121
     /tmp/cchuDWiq.s:513    .text.xEventGroupSetBits:0000000000000004 .LCFI11
     /tmp/cchuDWiq.s:665    .text.xEventGroupSetBits:00000000000000e8 .LCFI12
     /tmp/cchuDWiq.s:511    .text.xEventGroupSetBits:0000000000000000 .LVL64
     /tmp/cchuDWiq.s:655    .text.xEventGroupSetBits:00000000000000d8 .LVL83
     /tmp/cchuDWiq.s:660    .text.xEventGroupSetBits:00000000000000e0 .LVL84
     /tmp/cchuDWiq.s:560    .text.xEventGroupSetBits:0000000000000044 .LVL69
     /tmp/cchuDWiq.s:548    .text.xEventGroupSetBits:0000000000000030 .LVL68
     /tmp/cchuDWiq.s:585    .text.xEventGroupSetBits:000000000000006c .LVL73
     /tmp/cchuDWiq.s:592    .text.xEventGroupSetBits:0000000000000074 .LVL74
     /tmp/cchuDWiq.s:633    .text.xEventGroupSetBits:00000000000000b4 .LVL80
     /tmp/cchuDWiq.s:540    .text.xEventGroupSetBits:0000000000000024 .LVL66
     /tmp/cchuDWiq.s:531    .text.xEventGroupSetBits:0000000000000020 .LVL65
     /tmp/cchuDWiq.s:640    .text.xEventGroupSetBits:00000000000000bc .LVL81
     /tmp/cchuDWiq.s:663    .text.xEventGroupSetBits:00000000000000e4 .LVL85
     /tmp/cchuDWiq.s:578    .text.xEventGroupSetBits:000000000000005c .LVL71
     /tmp/cchuDWiq.s:596    .text.xEventGroupSetBits:0000000000000078 .LVL75
     /tmp/cchuDWiq.s:605    .text.xEventGroupSetBits:0000000000000088 .LVL76
     /tmp/cchuDWiq.s:570    .text.xEventGroupSetBits:0000000000000054 .LVL70
     /tmp/cchuDWiq.s:625    .text.xEventGroupSetBits:00000000000000a8 .LVL78
     /tmp/cchuDWiq.s:620    .text.xEventGroupSetBits:00000000000000a0 .LVL77
     /tmp/cchuDWiq.s:488    .text.xEventGroupGetBitsFromISR:0000000000000000 .LVL62
     /tmp/cchuDWiq.s:498    .text.xEventGroupGetBitsFromISR:0000000000000004 .LVL63
     /tmp/cchuDWiq.s:453    .text.xEventGroupClearBitsFromISR:0000000000000004 .LCFI9
     /tmp/cchuDWiq.s:474    .text.xEventGroupClearBitsFromISR:000000000000002c .LCFI10
     /tmp/cchuDWiq.s:451    .text.xEventGroupClearBitsFromISR:0000000000000000 .LVL58
     /tmp/cchuDWiq.s:466    .text.xEventGroupClearBitsFromISR:000000000000001c .LVL60
     /tmp/cchuDWiq.s:464    .text.xEventGroupClearBitsFromISR:0000000000000014 .LVL59
     /tmp/cchuDWiq.s:356    .text.xEventGroupClearBits:0000000000000004 .LCFI5
     /tmp/cchuDWiq.s:406    .text.xEventGroupClearBits:0000000000000054 .LCFI6
     /tmp/cchuDWiq.s:354    .text.xEventGroupClearBits:0000000000000000 .LVL46
     /tmp/cchuDWiq.s:401    .text.xEventGroupClearBits:000000000000004c .LVL53
     /tmp/cchuDWiq.s:384    .text.xEventGroupClearBits:000000000000002c .LVL50
     /tmp/cchuDWiq.s:387    .text.xEventGroupClearBits:0000000000000030 .LVL51
     /tmp/cchuDWiq.s:369    .text.xEventGroupClearBits:000000000000001c .LVL47
     /tmp/cchuDWiq.s:380    .text.xEventGroupClearBits:0000000000000028 .LVL49
     /tmp/cchuDWiq.s:404    .text.xEventGroupClearBits:0000000000000050 .LVL54
     /tmp/cchuDWiq.s:118    .text.xEventGroupWaitBits:0000000000000004 .LCFI2
     /tmp/cchuDWiq.s:294    .text.xEventGroupWaitBits:000000000000010c .LCFI3
     /tmp/cchuDWiq.s:299    .text.xEventGroupWaitBits:0000000000000110 .LCFI4
     /tmp/cchuDWiq.s:116    .text.xEventGroupWaitBits:0000000000000000 .LVL9
     /tmp/cchuDWiq.s:289    .text.xEventGroupWaitBits:0000000000000104 .LVL34
GAS LISTING /tmp/cchuDWiq.s 			page 52


     /tmp/cchuDWiq.s:297    .text.xEventGroupWaitBits:0000000000000110 .LVL36
     /tmp/cchuDWiq.s:257    .text.xEventGroupWaitBits:00000000000000d8 .LVL29
     /tmp/cchuDWiq.s:330    .text.xEventGroupWaitBits:000000000000014c .LVL42
     /tmp/cchuDWiq.s:333    .text.xEventGroupWaitBits:0000000000000150 .LVL43
     /tmp/cchuDWiq.s:286    .text.xEventGroupWaitBits:0000000000000100 .LVL33
     /tmp/cchuDWiq.s:292    .text.xEventGroupWaitBits:0000000000000108 .LVL35
     /tmp/cchuDWiq.s:167    .text.xEventGroupWaitBits:0000000000000058 .LVL14
     /tmp/cchuDWiq.s:181    .text.xEventGroupWaitBits:0000000000000070 .LVL15
     /tmp/cchuDWiq.s:224    .text.xEventGroupWaitBits:00000000000000ac .LVL23
     /tmp/cchuDWiq.s:228    .text.xEventGroupWaitBits:00000000000000b0 .LVL24
     /tmp/cchuDWiq.s:281    .text.xEventGroupWaitBits:00000000000000f8 .LVL32
     /tmp/cchuDWiq.s:140    .text.xEventGroupWaitBits:0000000000000034 .LVL10
     /tmp/cchuDWiq.s:219    .text.xEventGroupWaitBits:00000000000000a4 .LVL22
     /tmp/cchuDWiq.s:278    .text.xEventGroupWaitBits:00000000000000f4 .LVL31
     /tmp/cchuDWiq.s:193    .text.xEventGroupWaitBits:000000000000007c .LVL16
     /tmp/cchuDWiq.s:209    .text.xEventGroupWaitBits:0000000000000090 .LVL18
     /tmp/cchuDWiq.s:211    .text.xEventGroupWaitBits:0000000000000094 .LVL19
     /tmp/cchuDWiq.s:242    .text.xEventGroupWaitBits:00000000000000c0 .LVL26
     /tmp/cchuDWiq.s:303    .text.xEventGroupWaitBits:0000000000000114 .LVL37
     /tmp/cchuDWiq.s:338    .text.xEventGroupWaitBits:0000000000000154 .LVL44
     /tmp/cchuDWiq.s:155    .text.xEventGroupWaitBits:0000000000000040 .LVL12
     /tmp/cchuDWiq.s:217    .text.xEventGroupWaitBits:00000000000000a0 .LVL21
     /tmp/cchuDWiq.s:681    .text.xEventGroupSync:0000000000000004 .LCFI13
     /tmp/cchuDWiq.s:796    .text.xEventGroupSync:00000000000000b4 .LCFI14
     /tmp/cchuDWiq.s:801    .text.xEventGroupSync:00000000000000b8 .LCFI15
     /tmp/cchuDWiq.s:679    .text.xEventGroupSync:0000000000000000 .LVL86
     /tmp/cchuDWiq.s:786    .text.xEventGroupSync:00000000000000a4 .LVL100
     /tmp/cchuDWiq.s:799    .text.xEventGroupSync:00000000000000b8 .LVL103
     /tmp/cchuDWiq.s:794    .text.xEventGroupSync:00000000000000b0 .LVL102
     /tmp/cchuDWiq.s:762    .text.xEventGroupSync:0000000000000084 .LVL97
     /tmp/cchuDWiq.s:852    .text.xEventGroupSync:0000000000000114 .LVL112
     /tmp/cchuDWiq.s:860    .text.xEventGroupSync:0000000000000120 .LVL114
     /tmp/cchuDWiq.s:865    .text.xEventGroupSync:0000000000000124 .LVL115
     /tmp/cchuDWiq.s:868    .text.xEventGroupSync:0000000000000128 .LVL116
     /tmp/cchuDWiq.s:791    .text.xEventGroupSync:00000000000000ac .LVL101
     /tmp/cchuDWiq.s:813    .text.xEventGroupSync:00000000000000c8 .LVL104
     /tmp/cchuDWiq.s:817    .text.xEventGroupSync:00000000000000d0 .LVL105
     /tmp/cchuDWiq.s:713    .text.xEventGroupSync:0000000000000038 .LVL89
     /tmp/cchuDWiq.s:723    .text.xEventGroupSync:000000000000004c .LVL91
     /tmp/cchuDWiq.s:734    .text.xEventGroupSync:000000000000005c .LVL92
     /tmp/cchuDWiq.s:783    .text.xEventGroupSync:00000000000000a0 .LVL99
     /tmp/cchuDWiq.s:831    .text.xEventGroupSync:00000000000000f0 .LVL107
     /tmp/cchuDWiq.s:701    .text.xEventGroupSync:000000000000002c .LVL87
     /tmp/cchuDWiq.s:747    .text.xEventGroupSync:000000000000006c .LVL94
     /tmp/cchuDWiq.s:835    .text.xEventGroupSync:00000000000000f4 .LVL108
     /tmp/cchuDWiq.s:66     .text.xEventGroupCreate:0000000000000004 .LCFI0
     /tmp/cchuDWiq.s:102    .text.xEventGroupCreate:0000000000000040 .LCFI1
     /tmp/cchuDWiq.s:79     .text.xEventGroupCreate:000000000000001c .LVL6
     /tmp/cchuDWiq.s:100    .text.xEventGroupCreate:000000000000003c .LVL8
     /tmp/cchuDWiq.s:1063   .debug_info:0000000000000000 .Ldebug_info0
     /tmp/cchuDWiq.s:151    .text.xEventGroupWaitBits:000000000000003c .LBB2
     /tmp/cchuDWiq.s:189    .text.xEventGroupWaitBits:0000000000000078 .LBE2
     /tmp/cchuDWiq.s:194    .text.xEventGroupWaitBits:000000000000007c .LBB3
     /tmp/cchuDWiq.s:231    .text.xEventGroupWaitBits:00000000000000b0 .LBE3

UNDEFINED SYMBOLS
pvPortMalloc
GAS LISTING /tmp/cchuDWiq.s 			page 53


vListInitialise
vTaskSuspendAll
vTaskPlaceOnUnorderedEventList
xTaskResumeAll
uxTaskResetEventItemValue
sbi_send_ipi
vTaskEnterCritical
vTaskExitCritical
xTimerPendFunctionCallFromISR
vTaskRemoveFromUnorderedEventList
vPortFree
