GAS LISTING /tmp/ccjMK2NG.s 			page 1


   1              		.file	"queue.c"
   2              		.option nopic
   3              		.attribute arch, "rv64i2p1_m2p0_a2p1_f2p2_d2p2_zicsr2p0"
   4              		.attribute unaligned_access, 0
   5              		.attribute stack_align, 16
   6              		.text
   7              	.Ltext0:
   8              		.cfi_sections	.debug_frame
   9              		.file 1 "/home/zz/quard-start/Quard-Star/trusted_domain/FreeRTOS-Kernel/queue.c"
  10              		.section	.text.prvGetDisinheritPriorityAfterTimeout,"ax",@progbits
  11              		.align	2
  13              	prvGetDisinheritPriorityAfterTimeout:
  14              	.LFB27:
   1:/home/zz/quard-start/Quard-Star/trusted_domain/FreeRTOS-Kernel/queue.c **** /*
   2:/home/zz/quard-start/Quard-Star/trusted_domain/FreeRTOS-Kernel/queue.c ****  * FreeRTOS Kernel V10.4.3 LTS Patch 3
   3:/home/zz/quard-start/Quard-Star/trusted_domain/FreeRTOS-Kernel/queue.c ****  * Copyright (C) 2020 Amazon.com, Inc. or its affiliates.  All Rights Reserved.
   4:/home/zz/quard-start/Quard-Star/trusted_domain/FreeRTOS-Kernel/queue.c ****  *
   5:/home/zz/quard-start/Quard-Star/trusted_domain/FreeRTOS-Kernel/queue.c ****  * Permission is hereby granted, free of charge, to any person obtaining a copy of
   6:/home/zz/quard-start/Quard-Star/trusted_domain/FreeRTOS-Kernel/queue.c ****  * this software and associated documentation files (the "Software"), to deal in
   7:/home/zz/quard-start/Quard-Star/trusted_domain/FreeRTOS-Kernel/queue.c ****  * the Software without restriction, including without limitation the rights to
   8:/home/zz/quard-start/Quard-Star/trusted_domain/FreeRTOS-Kernel/queue.c ****  * use, copy, modify, merge, publish, distribute, sublicense, and/or sell copies of
   9:/home/zz/quard-start/Quard-Star/trusted_domain/FreeRTOS-Kernel/queue.c ****  * the Software, and to permit persons to whom the Software is furnished to do so,
  10:/home/zz/quard-start/Quard-Star/trusted_domain/FreeRTOS-Kernel/queue.c ****  * subject to the following conditions:
  11:/home/zz/quard-start/Quard-Star/trusted_domain/FreeRTOS-Kernel/queue.c ****  *
  12:/home/zz/quard-start/Quard-Star/trusted_domain/FreeRTOS-Kernel/queue.c ****  * The above copyright notice and this permission notice shall be included in all
  13:/home/zz/quard-start/Quard-Star/trusted_domain/FreeRTOS-Kernel/queue.c ****  * copies or substantial portions of the Software.
  14:/home/zz/quard-start/Quard-Star/trusted_domain/FreeRTOS-Kernel/queue.c ****  *
  15:/home/zz/quard-start/Quard-Star/trusted_domain/FreeRTOS-Kernel/queue.c ****  * THE SOFTWARE IS PROVIDED "AS IS", WITHOUT WARRANTY OF ANY KIND, EXPRESS OR
  16:/home/zz/quard-start/Quard-Star/trusted_domain/FreeRTOS-Kernel/queue.c ****  * IMPLIED, INCLUDING BUT NOT LIMITED TO THE WARRANTIES OF MERCHANTABILITY, FITNESS
  17:/home/zz/quard-start/Quard-Star/trusted_domain/FreeRTOS-Kernel/queue.c ****  * FOR A PARTICULAR PURPOSE AND NONINFRINGEMENT. IN NO EVENT SHALL THE AUTHORS OR
  18:/home/zz/quard-start/Quard-Star/trusted_domain/FreeRTOS-Kernel/queue.c ****  * COPYRIGHT HOLDERS BE LIABLE FOR ANY CLAIM, DAMAGES OR OTHER LIABILITY, WHETHER
  19:/home/zz/quard-start/Quard-Star/trusted_domain/FreeRTOS-Kernel/queue.c ****  * IN AN ACTION OF CONTRACT, TORT OR OTHERWISE, ARISING FROM, OUT OF OR IN
  20:/home/zz/quard-start/Quard-Star/trusted_domain/FreeRTOS-Kernel/queue.c ****  * CONNECTION WITH THE SOFTWARE OR THE USE OR OTHER DEALINGS IN THE SOFTWARE.
  21:/home/zz/quard-start/Quard-Star/trusted_domain/FreeRTOS-Kernel/queue.c ****  *
  22:/home/zz/quard-start/Quard-Star/trusted_domain/FreeRTOS-Kernel/queue.c ****  * https://www.FreeRTOS.org
  23:/home/zz/quard-start/Quard-Star/trusted_domain/FreeRTOS-Kernel/queue.c ****  * https://github.com/FreeRTOS
  24:/home/zz/quard-start/Quard-Star/trusted_domain/FreeRTOS-Kernel/queue.c ****  *
  25:/home/zz/quard-start/Quard-Star/trusted_domain/FreeRTOS-Kernel/queue.c ****  */
  26:/home/zz/quard-start/Quard-Star/trusted_domain/FreeRTOS-Kernel/queue.c **** 
  27:/home/zz/quard-start/Quard-Star/trusted_domain/FreeRTOS-Kernel/queue.c **** #include <stdlib.h>
  28:/home/zz/quard-start/Quard-Star/trusted_domain/FreeRTOS-Kernel/queue.c **** #include <string.h>
  29:/home/zz/quard-start/Quard-Star/trusted_domain/FreeRTOS-Kernel/queue.c **** 
  30:/home/zz/quard-start/Quard-Star/trusted_domain/FreeRTOS-Kernel/queue.c **** /* Defining MPU_WRAPPERS_INCLUDED_FROM_API_FILE prevents task.h from redefining
  31:/home/zz/quard-start/Quard-Star/trusted_domain/FreeRTOS-Kernel/queue.c ****  * all the API functions to use the MPU wrappers.  That should only be done when
  32:/home/zz/quard-start/Quard-Star/trusted_domain/FreeRTOS-Kernel/queue.c ****  * task.h is included from an application file. */
  33:/home/zz/quard-start/Quard-Star/trusted_domain/FreeRTOS-Kernel/queue.c **** #define MPU_WRAPPERS_INCLUDED_FROM_API_FILE
  34:/home/zz/quard-start/Quard-Star/trusted_domain/FreeRTOS-Kernel/queue.c **** 
  35:/home/zz/quard-start/Quard-Star/trusted_domain/FreeRTOS-Kernel/queue.c **** #include "FreeRTOS.h"
  36:/home/zz/quard-start/Quard-Star/trusted_domain/FreeRTOS-Kernel/queue.c **** #include "task.h"
  37:/home/zz/quard-start/Quard-Star/trusted_domain/FreeRTOS-Kernel/queue.c **** #include "queue.h"
  38:/home/zz/quard-start/Quard-Star/trusted_domain/FreeRTOS-Kernel/queue.c **** 
  39:/home/zz/quard-start/Quard-Star/trusted_domain/FreeRTOS-Kernel/queue.c **** #if ( configUSE_CO_ROUTINES == 1 )
  40:/home/zz/quard-start/Quard-Star/trusted_domain/FreeRTOS-Kernel/queue.c ****     #include "croutine.h"
  41:/home/zz/quard-start/Quard-Star/trusted_domain/FreeRTOS-Kernel/queue.c **** #endif
  42:/home/zz/quard-start/Quard-Star/trusted_domain/FreeRTOS-Kernel/queue.c **** 
  43:/home/zz/quard-start/Quard-Star/trusted_domain/FreeRTOS-Kernel/queue.c **** /* Lint e9021, e961 and e750 are suppressed as a MISRA exception justified
  44:/home/zz/quard-start/Quard-Star/trusted_domain/FreeRTOS-Kernel/queue.c ****  * because the MPU ports require MPU_WRAPPERS_INCLUDED_FROM_API_FILE to be defined
GAS LISTING /tmp/ccjMK2NG.s 			page 2


  45:/home/zz/quard-start/Quard-Star/trusted_domain/FreeRTOS-Kernel/queue.c ****  * for the header files above, but not in this file, in order to generate the
  46:/home/zz/quard-start/Quard-Star/trusted_domain/FreeRTOS-Kernel/queue.c ****  * correct privileged Vs unprivileged linkage and placement. */
  47:/home/zz/quard-start/Quard-Star/trusted_domain/FreeRTOS-Kernel/queue.c **** #undef MPU_WRAPPERS_INCLUDED_FROM_API_FILE /*lint !e961 !e750 !e9021. */
  48:/home/zz/quard-start/Quard-Star/trusted_domain/FreeRTOS-Kernel/queue.c **** 
  49:/home/zz/quard-start/Quard-Star/trusted_domain/FreeRTOS-Kernel/queue.c **** 
  50:/home/zz/quard-start/Quard-Star/trusted_domain/FreeRTOS-Kernel/queue.c **** /* Constants used with the cRxLock and cTxLock structure members. */
  51:/home/zz/quard-start/Quard-Star/trusted_domain/FreeRTOS-Kernel/queue.c **** #define queueUNLOCKED             ( ( int8_t ) -1 )
  52:/home/zz/quard-start/Quard-Star/trusted_domain/FreeRTOS-Kernel/queue.c **** #define queueLOCKED_UNMODIFIED    ( ( int8_t ) 0 )
  53:/home/zz/quard-start/Quard-Star/trusted_domain/FreeRTOS-Kernel/queue.c **** #define queueINT8_MAX             ( ( int8_t ) 127 )
  54:/home/zz/quard-start/Quard-Star/trusted_domain/FreeRTOS-Kernel/queue.c **** 
  55:/home/zz/quard-start/Quard-Star/trusted_domain/FreeRTOS-Kernel/queue.c **** /* When the Queue_t structure is used to represent a base queue its pcHead and
  56:/home/zz/quard-start/Quard-Star/trusted_domain/FreeRTOS-Kernel/queue.c ****  * pcTail members are used as pointers into the queue storage area.  When the
  57:/home/zz/quard-start/Quard-Star/trusted_domain/FreeRTOS-Kernel/queue.c ****  * Queue_t structure is used to represent a mutex pcHead and pcTail pointers are
  58:/home/zz/quard-start/Quard-Star/trusted_domain/FreeRTOS-Kernel/queue.c ****  * not necessary, and the pcHead pointer is set to NULL to indicate that the
  59:/home/zz/quard-start/Quard-Star/trusted_domain/FreeRTOS-Kernel/queue.c ****  * structure instead holds a pointer to the mutex holder (if any).  Map alternative
  60:/home/zz/quard-start/Quard-Star/trusted_domain/FreeRTOS-Kernel/queue.c ****  * names to the pcHead and structure member to ensure the readability of the code
  61:/home/zz/quard-start/Quard-Star/trusted_domain/FreeRTOS-Kernel/queue.c ****  * is maintained.  The QueuePointers_t and SemaphoreData_t types are used to form
  62:/home/zz/quard-start/Quard-Star/trusted_domain/FreeRTOS-Kernel/queue.c ****  * a union as their usage is mutually exclusive dependent on what the queue is
  63:/home/zz/quard-start/Quard-Star/trusted_domain/FreeRTOS-Kernel/queue.c ****  * being used for. */
  64:/home/zz/quard-start/Quard-Star/trusted_domain/FreeRTOS-Kernel/queue.c **** #define uxQueueType               pcHead
  65:/home/zz/quard-start/Quard-Star/trusted_domain/FreeRTOS-Kernel/queue.c **** #define queueQUEUE_IS_MUTEX       NULL
  66:/home/zz/quard-start/Quard-Star/trusted_domain/FreeRTOS-Kernel/queue.c **** 
  67:/home/zz/quard-start/Quard-Star/trusted_domain/FreeRTOS-Kernel/queue.c **** typedef struct QueuePointers
  68:/home/zz/quard-start/Quard-Star/trusted_domain/FreeRTOS-Kernel/queue.c **** {
  69:/home/zz/quard-start/Quard-Star/trusted_domain/FreeRTOS-Kernel/queue.c ****     int8_t * pcTail;     /*< Points to the byte at the end of the queue storage area.  Once more by
  70:/home/zz/quard-start/Quard-Star/trusted_domain/FreeRTOS-Kernel/queue.c ****     int8_t * pcReadFrom; /*< Points to the last place that a queued item was read from when the str
  71:/home/zz/quard-start/Quard-Star/trusted_domain/FreeRTOS-Kernel/queue.c **** } QueuePointers_t;
  72:/home/zz/quard-start/Quard-Star/trusted_domain/FreeRTOS-Kernel/queue.c **** 
  73:/home/zz/quard-start/Quard-Star/trusted_domain/FreeRTOS-Kernel/queue.c **** typedef struct SemaphoreData
  74:/home/zz/quard-start/Quard-Star/trusted_domain/FreeRTOS-Kernel/queue.c **** {
  75:/home/zz/quard-start/Quard-Star/trusted_domain/FreeRTOS-Kernel/queue.c ****     TaskHandle_t xMutexHolder;        /*< The handle of the task that holds the mutex. */
  76:/home/zz/quard-start/Quard-Star/trusted_domain/FreeRTOS-Kernel/queue.c ****     UBaseType_t uxRecursiveCallCount; /*< Maintains a count of the number of times a recursive mute
  77:/home/zz/quard-start/Quard-Star/trusted_domain/FreeRTOS-Kernel/queue.c **** } SemaphoreData_t;
  78:/home/zz/quard-start/Quard-Star/trusted_domain/FreeRTOS-Kernel/queue.c **** 
  79:/home/zz/quard-start/Quard-Star/trusted_domain/FreeRTOS-Kernel/queue.c **** /* Semaphores do not actually store or copy data, so have an item size of
  80:/home/zz/quard-start/Quard-Star/trusted_domain/FreeRTOS-Kernel/queue.c ****  * zero. */
  81:/home/zz/quard-start/Quard-Star/trusted_domain/FreeRTOS-Kernel/queue.c **** #define queueSEMAPHORE_QUEUE_ITEM_LENGTH    ( ( UBaseType_t ) 0 )
  82:/home/zz/quard-start/Quard-Star/trusted_domain/FreeRTOS-Kernel/queue.c **** #define queueMUTEX_GIVE_BLOCK_TIME          ( ( TickType_t ) 0U )
  83:/home/zz/quard-start/Quard-Star/trusted_domain/FreeRTOS-Kernel/queue.c **** 
  84:/home/zz/quard-start/Quard-Star/trusted_domain/FreeRTOS-Kernel/queue.c **** #if ( configUSE_PREEMPTION == 0 )
  85:/home/zz/quard-start/Quard-Star/trusted_domain/FreeRTOS-Kernel/queue.c **** 
  86:/home/zz/quard-start/Quard-Star/trusted_domain/FreeRTOS-Kernel/queue.c **** /* If the cooperative scheduler is being used then a yield should not be
  87:/home/zz/quard-start/Quard-Star/trusted_domain/FreeRTOS-Kernel/queue.c ****  * performed just because a higher priority task has been woken. */
  88:/home/zz/quard-start/Quard-Star/trusted_domain/FreeRTOS-Kernel/queue.c ****     #define queueYIELD_IF_USING_PREEMPTION()
  89:/home/zz/quard-start/Quard-Star/trusted_domain/FreeRTOS-Kernel/queue.c **** #else
  90:/home/zz/quard-start/Quard-Star/trusted_domain/FreeRTOS-Kernel/queue.c ****     #define queueYIELD_IF_USING_PREEMPTION()    portYIELD_WITHIN_API()
  91:/home/zz/quard-start/Quard-Star/trusted_domain/FreeRTOS-Kernel/queue.c **** #endif
  92:/home/zz/quard-start/Quard-Star/trusted_domain/FreeRTOS-Kernel/queue.c **** 
  93:/home/zz/quard-start/Quard-Star/trusted_domain/FreeRTOS-Kernel/queue.c **** /*
  94:/home/zz/quard-start/Quard-Star/trusted_domain/FreeRTOS-Kernel/queue.c ****  * Definition of the queue used by the scheduler.
  95:/home/zz/quard-start/Quard-Star/trusted_domain/FreeRTOS-Kernel/queue.c ****  * Items are queued by copy, not reference.  See the following link for the
  96:/home/zz/quard-start/Quard-Star/trusted_domain/FreeRTOS-Kernel/queue.c ****  * rationale: https://www.FreeRTOS.org/Embedded-RTOS-Queues.html
  97:/home/zz/quard-start/Quard-Star/trusted_domain/FreeRTOS-Kernel/queue.c ****  */
  98:/home/zz/quard-start/Quard-Star/trusted_domain/FreeRTOS-Kernel/queue.c **** typedef struct QueueDefinition /* The old naming convention is used to prevent breaking kernel awar
  99:/home/zz/quard-start/Quard-Star/trusted_domain/FreeRTOS-Kernel/queue.c **** {
 100:/home/zz/quard-start/Quard-Star/trusted_domain/FreeRTOS-Kernel/queue.c ****     int8_t * pcHead;           /*< Points to the beginning of the queue storage area. */
 101:/home/zz/quard-start/Quard-Star/trusted_domain/FreeRTOS-Kernel/queue.c ****     int8_t * pcWriteTo;        /*< Points to the free next place in the storage area. */
GAS LISTING /tmp/ccjMK2NG.s 			page 3


 102:/home/zz/quard-start/Quard-Star/trusted_domain/FreeRTOS-Kernel/queue.c **** 
 103:/home/zz/quard-start/Quard-Star/trusted_domain/FreeRTOS-Kernel/queue.c ****     union
 104:/home/zz/quard-start/Quard-Star/trusted_domain/FreeRTOS-Kernel/queue.c ****     {
 105:/home/zz/quard-start/Quard-Star/trusted_domain/FreeRTOS-Kernel/queue.c ****         QueuePointers_t xQueue;     /*< Data required exclusively when this structure is used as a 
 106:/home/zz/quard-start/Quard-Star/trusted_domain/FreeRTOS-Kernel/queue.c ****         SemaphoreData_t xSemaphore; /*< Data required exclusively when this structure is used as a 
 107:/home/zz/quard-start/Quard-Star/trusted_domain/FreeRTOS-Kernel/queue.c ****     } u;
 108:/home/zz/quard-start/Quard-Star/trusted_domain/FreeRTOS-Kernel/queue.c **** 
 109:/home/zz/quard-start/Quard-Star/trusted_domain/FreeRTOS-Kernel/queue.c ****     List_t xTasksWaitingToSend;             /*< List of tasks that are blocked waiting to post onto
 110:/home/zz/quard-start/Quard-Star/trusted_domain/FreeRTOS-Kernel/queue.c ****     List_t xTasksWaitingToReceive;          /*< List of tasks that are blocked waiting to read from
 111:/home/zz/quard-start/Quard-Star/trusted_domain/FreeRTOS-Kernel/queue.c **** 
 112:/home/zz/quard-start/Quard-Star/trusted_domain/FreeRTOS-Kernel/queue.c ****     volatile UBaseType_t uxMessagesWaiting; /*< The number of items currently in the queue. */
 113:/home/zz/quard-start/Quard-Star/trusted_domain/FreeRTOS-Kernel/queue.c ****     UBaseType_t uxLength;                   /*< The length of the queue defined as the number of it
 114:/home/zz/quard-start/Quard-Star/trusted_domain/FreeRTOS-Kernel/queue.c ****     UBaseType_t uxItemSize;                 /*< The size of each items that the queue will hold. */
 115:/home/zz/quard-start/Quard-Star/trusted_domain/FreeRTOS-Kernel/queue.c **** 
 116:/home/zz/quard-start/Quard-Star/trusted_domain/FreeRTOS-Kernel/queue.c ****     volatile int8_t cRxLock;                /*< Stores the number of items received from the queue 
 117:/home/zz/quard-start/Quard-Star/trusted_domain/FreeRTOS-Kernel/queue.c ****     volatile int8_t cTxLock;                /*< Stores the number of items transmitted to the queue
 118:/home/zz/quard-start/Quard-Star/trusted_domain/FreeRTOS-Kernel/queue.c **** 
 119:/home/zz/quard-start/Quard-Star/trusted_domain/FreeRTOS-Kernel/queue.c ****     #if ( ( configSUPPORT_STATIC_ALLOCATION == 1 ) && ( configSUPPORT_DYNAMIC_ALLOCATION == 1 ) )
 120:/home/zz/quard-start/Quard-Star/trusted_domain/FreeRTOS-Kernel/queue.c ****         uint8_t ucStaticallyAllocated; /*< Set to pdTRUE if the memory used by the queue was static
 121:/home/zz/quard-start/Quard-Star/trusted_domain/FreeRTOS-Kernel/queue.c ****     #endif
 122:/home/zz/quard-start/Quard-Star/trusted_domain/FreeRTOS-Kernel/queue.c **** 
 123:/home/zz/quard-start/Quard-Star/trusted_domain/FreeRTOS-Kernel/queue.c ****     #if ( configUSE_QUEUE_SETS == 1 )
 124:/home/zz/quard-start/Quard-Star/trusted_domain/FreeRTOS-Kernel/queue.c ****         struct QueueDefinition * pxQueueSetContainer;
 125:/home/zz/quard-start/Quard-Star/trusted_domain/FreeRTOS-Kernel/queue.c ****     #endif
 126:/home/zz/quard-start/Quard-Star/trusted_domain/FreeRTOS-Kernel/queue.c **** 
 127:/home/zz/quard-start/Quard-Star/trusted_domain/FreeRTOS-Kernel/queue.c ****     #if ( configUSE_TRACE_FACILITY == 1 )
 128:/home/zz/quard-start/Quard-Star/trusted_domain/FreeRTOS-Kernel/queue.c ****         UBaseType_t uxQueueNumber;
 129:/home/zz/quard-start/Quard-Star/trusted_domain/FreeRTOS-Kernel/queue.c ****         uint8_t ucQueueType;
 130:/home/zz/quard-start/Quard-Star/trusted_domain/FreeRTOS-Kernel/queue.c ****     #endif
 131:/home/zz/quard-start/Quard-Star/trusted_domain/FreeRTOS-Kernel/queue.c **** } xQUEUE;
 132:/home/zz/quard-start/Quard-Star/trusted_domain/FreeRTOS-Kernel/queue.c **** 
 133:/home/zz/quard-start/Quard-Star/trusted_domain/FreeRTOS-Kernel/queue.c **** /* The old xQUEUE name is maintained above then typedefed to the new Queue_t
 134:/home/zz/quard-start/Quard-Star/trusted_domain/FreeRTOS-Kernel/queue.c ****  * name below to enable the use of older kernel aware debuggers. */
 135:/home/zz/quard-start/Quard-Star/trusted_domain/FreeRTOS-Kernel/queue.c **** typedef xQUEUE Queue_t;
 136:/home/zz/quard-start/Quard-Star/trusted_domain/FreeRTOS-Kernel/queue.c **** 
 137:/home/zz/quard-start/Quard-Star/trusted_domain/FreeRTOS-Kernel/queue.c **** /*-----------------------------------------------------------*/
 138:/home/zz/quard-start/Quard-Star/trusted_domain/FreeRTOS-Kernel/queue.c **** 
 139:/home/zz/quard-start/Quard-Star/trusted_domain/FreeRTOS-Kernel/queue.c **** /*
 140:/home/zz/quard-start/Quard-Star/trusted_domain/FreeRTOS-Kernel/queue.c ****  * The queue registry is just a means for kernel aware debuggers to locate
 141:/home/zz/quard-start/Quard-Star/trusted_domain/FreeRTOS-Kernel/queue.c ****  * queue structures.  It has no other purpose so is an optional component.
 142:/home/zz/quard-start/Quard-Star/trusted_domain/FreeRTOS-Kernel/queue.c ****  */
 143:/home/zz/quard-start/Quard-Star/trusted_domain/FreeRTOS-Kernel/queue.c **** #if ( configQUEUE_REGISTRY_SIZE > 0 )
 144:/home/zz/quard-start/Quard-Star/trusted_domain/FreeRTOS-Kernel/queue.c **** 
 145:/home/zz/quard-start/Quard-Star/trusted_domain/FreeRTOS-Kernel/queue.c **** /* The type stored within the queue registry array.  This allows a name
 146:/home/zz/quard-start/Quard-Star/trusted_domain/FreeRTOS-Kernel/queue.c ****  * to be assigned to each queue making kernel aware debugging a little
 147:/home/zz/quard-start/Quard-Star/trusted_domain/FreeRTOS-Kernel/queue.c ****  * more user friendly. */
 148:/home/zz/quard-start/Quard-Star/trusted_domain/FreeRTOS-Kernel/queue.c ****     typedef struct QUEUE_REGISTRY_ITEM
 149:/home/zz/quard-start/Quard-Star/trusted_domain/FreeRTOS-Kernel/queue.c ****     {
 150:/home/zz/quard-start/Quard-Star/trusted_domain/FreeRTOS-Kernel/queue.c ****         const char * pcQueueName; /*lint !e971 Unqualified char types are allowed for strings and s
 151:/home/zz/quard-start/Quard-Star/trusted_domain/FreeRTOS-Kernel/queue.c ****         QueueHandle_t xHandle;
 152:/home/zz/quard-start/Quard-Star/trusted_domain/FreeRTOS-Kernel/queue.c ****     } xQueueRegistryItem;
 153:/home/zz/quard-start/Quard-Star/trusted_domain/FreeRTOS-Kernel/queue.c **** 
 154:/home/zz/quard-start/Quard-Star/trusted_domain/FreeRTOS-Kernel/queue.c **** /* The old xQueueRegistryItem name is maintained above then typedefed to the
 155:/home/zz/quard-start/Quard-Star/trusted_domain/FreeRTOS-Kernel/queue.c ****  * new xQueueRegistryItem name below to enable the use of older kernel aware
 156:/home/zz/quard-start/Quard-Star/trusted_domain/FreeRTOS-Kernel/queue.c ****  * debuggers. */
 157:/home/zz/quard-start/Quard-Star/trusted_domain/FreeRTOS-Kernel/queue.c ****     typedef xQueueRegistryItem QueueRegistryItem_t;
 158:/home/zz/quard-start/Quard-Star/trusted_domain/FreeRTOS-Kernel/queue.c **** 
GAS LISTING /tmp/ccjMK2NG.s 			page 4


 159:/home/zz/quard-start/Quard-Star/trusted_domain/FreeRTOS-Kernel/queue.c **** /* The queue registry is simply an array of QueueRegistryItem_t structures.
 160:/home/zz/quard-start/Quard-Star/trusted_domain/FreeRTOS-Kernel/queue.c ****  * The pcQueueName member of a structure being NULL is indicative of the
 161:/home/zz/quard-start/Quard-Star/trusted_domain/FreeRTOS-Kernel/queue.c ****  * array position being vacant. */
 162:/home/zz/quard-start/Quard-Star/trusted_domain/FreeRTOS-Kernel/queue.c ****     PRIVILEGED_DATA QueueRegistryItem_t xQueueRegistry[ configQUEUE_REGISTRY_SIZE ];
 163:/home/zz/quard-start/Quard-Star/trusted_domain/FreeRTOS-Kernel/queue.c **** 
 164:/home/zz/quard-start/Quard-Star/trusted_domain/FreeRTOS-Kernel/queue.c **** #endif /* configQUEUE_REGISTRY_SIZE */
 165:/home/zz/quard-start/Quard-Star/trusted_domain/FreeRTOS-Kernel/queue.c **** 
 166:/home/zz/quard-start/Quard-Star/trusted_domain/FreeRTOS-Kernel/queue.c **** /*
 167:/home/zz/quard-start/Quard-Star/trusted_domain/FreeRTOS-Kernel/queue.c ****  * Unlocks a queue locked by a call to prvLockQueue.  Locking a queue does not
 168:/home/zz/quard-start/Quard-Star/trusted_domain/FreeRTOS-Kernel/queue.c ****  * prevent an ISR from adding or removing items to the queue, but does prevent
 169:/home/zz/quard-start/Quard-Star/trusted_domain/FreeRTOS-Kernel/queue.c ****  * an ISR from removing tasks from the queue event lists.  If an ISR finds a
 170:/home/zz/quard-start/Quard-Star/trusted_domain/FreeRTOS-Kernel/queue.c ****  * queue is locked it will instead increment the appropriate queue lock count
 171:/home/zz/quard-start/Quard-Star/trusted_domain/FreeRTOS-Kernel/queue.c ****  * to indicate that a task may require unblocking.  When the queue in unlocked
 172:/home/zz/quard-start/Quard-Star/trusted_domain/FreeRTOS-Kernel/queue.c ****  * these lock counts are inspected, and the appropriate action taken.
 173:/home/zz/quard-start/Quard-Star/trusted_domain/FreeRTOS-Kernel/queue.c ****  */
 174:/home/zz/quard-start/Quard-Star/trusted_domain/FreeRTOS-Kernel/queue.c **** static void prvUnlockQueue( Queue_t * const pxQueue ) PRIVILEGED_FUNCTION;
 175:/home/zz/quard-start/Quard-Star/trusted_domain/FreeRTOS-Kernel/queue.c **** 
 176:/home/zz/quard-start/Quard-Star/trusted_domain/FreeRTOS-Kernel/queue.c **** /*
 177:/home/zz/quard-start/Quard-Star/trusted_domain/FreeRTOS-Kernel/queue.c ****  * Uses a critical section to determine if there is any data in a queue.
 178:/home/zz/quard-start/Quard-Star/trusted_domain/FreeRTOS-Kernel/queue.c ****  *
 179:/home/zz/quard-start/Quard-Star/trusted_domain/FreeRTOS-Kernel/queue.c ****  * @return pdTRUE if the queue contains no items, otherwise pdFALSE.
 180:/home/zz/quard-start/Quard-Star/trusted_domain/FreeRTOS-Kernel/queue.c ****  */
 181:/home/zz/quard-start/Quard-Star/trusted_domain/FreeRTOS-Kernel/queue.c **** static BaseType_t prvIsQueueEmpty( const Queue_t * pxQueue ) PRIVILEGED_FUNCTION;
 182:/home/zz/quard-start/Quard-Star/trusted_domain/FreeRTOS-Kernel/queue.c **** 
 183:/home/zz/quard-start/Quard-Star/trusted_domain/FreeRTOS-Kernel/queue.c **** /*
 184:/home/zz/quard-start/Quard-Star/trusted_domain/FreeRTOS-Kernel/queue.c ****  * Uses a critical section to determine if there is any space in a queue.
 185:/home/zz/quard-start/Quard-Star/trusted_domain/FreeRTOS-Kernel/queue.c ****  *
 186:/home/zz/quard-start/Quard-Star/trusted_domain/FreeRTOS-Kernel/queue.c ****  * @return pdTRUE if there is no space, otherwise pdFALSE;
 187:/home/zz/quard-start/Quard-Star/trusted_domain/FreeRTOS-Kernel/queue.c ****  */
 188:/home/zz/quard-start/Quard-Star/trusted_domain/FreeRTOS-Kernel/queue.c **** static BaseType_t prvIsQueueFull( const Queue_t * pxQueue ) PRIVILEGED_FUNCTION;
 189:/home/zz/quard-start/Quard-Star/trusted_domain/FreeRTOS-Kernel/queue.c **** 
 190:/home/zz/quard-start/Quard-Star/trusted_domain/FreeRTOS-Kernel/queue.c **** /*
 191:/home/zz/quard-start/Quard-Star/trusted_domain/FreeRTOS-Kernel/queue.c ****  * Copies an item into the queue, either at the front of the queue or the
 192:/home/zz/quard-start/Quard-Star/trusted_domain/FreeRTOS-Kernel/queue.c ****  * back of the queue.
 193:/home/zz/quard-start/Quard-Star/trusted_domain/FreeRTOS-Kernel/queue.c ****  */
 194:/home/zz/quard-start/Quard-Star/trusted_domain/FreeRTOS-Kernel/queue.c **** static BaseType_t prvCopyDataToQueue( Queue_t * const pxQueue,
 195:/home/zz/quard-start/Quard-Star/trusted_domain/FreeRTOS-Kernel/queue.c ****                                       const void * pvItemToQueue,
 196:/home/zz/quard-start/Quard-Star/trusted_domain/FreeRTOS-Kernel/queue.c ****                                       const BaseType_t xPosition ) PRIVILEGED_FUNCTION;
 197:/home/zz/quard-start/Quard-Star/trusted_domain/FreeRTOS-Kernel/queue.c **** 
 198:/home/zz/quard-start/Quard-Star/trusted_domain/FreeRTOS-Kernel/queue.c **** /*
 199:/home/zz/quard-start/Quard-Star/trusted_domain/FreeRTOS-Kernel/queue.c ****  * Copies an item out of a queue.
 200:/home/zz/quard-start/Quard-Star/trusted_domain/FreeRTOS-Kernel/queue.c ****  */
 201:/home/zz/quard-start/Quard-Star/trusted_domain/FreeRTOS-Kernel/queue.c **** static void prvCopyDataFromQueue( Queue_t * const pxQueue,
 202:/home/zz/quard-start/Quard-Star/trusted_domain/FreeRTOS-Kernel/queue.c ****                                   void * const pvBuffer ) PRIVILEGED_FUNCTION;
 203:/home/zz/quard-start/Quard-Star/trusted_domain/FreeRTOS-Kernel/queue.c **** 
 204:/home/zz/quard-start/Quard-Star/trusted_domain/FreeRTOS-Kernel/queue.c **** #if ( configUSE_QUEUE_SETS == 1 )
 205:/home/zz/quard-start/Quard-Star/trusted_domain/FreeRTOS-Kernel/queue.c **** 
 206:/home/zz/quard-start/Quard-Star/trusted_domain/FreeRTOS-Kernel/queue.c **** /*
 207:/home/zz/quard-start/Quard-Star/trusted_domain/FreeRTOS-Kernel/queue.c ****  * Checks to see if a queue is a member of a queue set, and if so, notifies
 208:/home/zz/quard-start/Quard-Star/trusted_domain/FreeRTOS-Kernel/queue.c ****  * the queue set that the queue contains data.
 209:/home/zz/quard-start/Quard-Star/trusted_domain/FreeRTOS-Kernel/queue.c ****  */
 210:/home/zz/quard-start/Quard-Star/trusted_domain/FreeRTOS-Kernel/queue.c ****     static BaseType_t prvNotifyQueueSetContainer( const Queue_t * const pxQueue ) PRIVILEGED_FUNCTI
 211:/home/zz/quard-start/Quard-Star/trusted_domain/FreeRTOS-Kernel/queue.c **** #endif
 212:/home/zz/quard-start/Quard-Star/trusted_domain/FreeRTOS-Kernel/queue.c **** 
 213:/home/zz/quard-start/Quard-Star/trusted_domain/FreeRTOS-Kernel/queue.c **** /*
 214:/home/zz/quard-start/Quard-Star/trusted_domain/FreeRTOS-Kernel/queue.c ****  * Called after a Queue_t structure has been allocated either statically or
 215:/home/zz/quard-start/Quard-Star/trusted_domain/FreeRTOS-Kernel/queue.c ****  * dynamically to fill in the structure's members.
GAS LISTING /tmp/ccjMK2NG.s 			page 5


 216:/home/zz/quard-start/Quard-Star/trusted_domain/FreeRTOS-Kernel/queue.c ****  */
 217:/home/zz/quard-start/Quard-Star/trusted_domain/FreeRTOS-Kernel/queue.c **** static void prvInitialiseNewQueue( const UBaseType_t uxQueueLength,
 218:/home/zz/quard-start/Quard-Star/trusted_domain/FreeRTOS-Kernel/queue.c ****                                    const UBaseType_t uxItemSize,
 219:/home/zz/quard-start/Quard-Star/trusted_domain/FreeRTOS-Kernel/queue.c ****                                    uint8_t * pucQueueStorage,
 220:/home/zz/quard-start/Quard-Star/trusted_domain/FreeRTOS-Kernel/queue.c ****                                    const uint8_t ucQueueType,
 221:/home/zz/quard-start/Quard-Star/trusted_domain/FreeRTOS-Kernel/queue.c ****                                    Queue_t * pxNewQueue ) PRIVILEGED_FUNCTION;
 222:/home/zz/quard-start/Quard-Star/trusted_domain/FreeRTOS-Kernel/queue.c **** 
 223:/home/zz/quard-start/Quard-Star/trusted_domain/FreeRTOS-Kernel/queue.c **** /*
 224:/home/zz/quard-start/Quard-Star/trusted_domain/FreeRTOS-Kernel/queue.c ****  * Mutexes are a special type of queue.  When a mutex is created, first the
 225:/home/zz/quard-start/Quard-Star/trusted_domain/FreeRTOS-Kernel/queue.c ****  * queue is created, then prvInitialiseMutex() is called to configure the queue
 226:/home/zz/quard-start/Quard-Star/trusted_domain/FreeRTOS-Kernel/queue.c ****  * as a mutex.
 227:/home/zz/quard-start/Quard-Star/trusted_domain/FreeRTOS-Kernel/queue.c ****  */
 228:/home/zz/quard-start/Quard-Star/trusted_domain/FreeRTOS-Kernel/queue.c **** #if ( configUSE_MUTEXES == 1 )
 229:/home/zz/quard-start/Quard-Star/trusted_domain/FreeRTOS-Kernel/queue.c ****     static void prvInitialiseMutex( Queue_t * pxNewQueue ) PRIVILEGED_FUNCTION;
 230:/home/zz/quard-start/Quard-Star/trusted_domain/FreeRTOS-Kernel/queue.c **** #endif
 231:/home/zz/quard-start/Quard-Star/trusted_domain/FreeRTOS-Kernel/queue.c **** 
 232:/home/zz/quard-start/Quard-Star/trusted_domain/FreeRTOS-Kernel/queue.c **** #if ( configUSE_MUTEXES == 1 )
 233:/home/zz/quard-start/Quard-Star/trusted_domain/FreeRTOS-Kernel/queue.c **** 
 234:/home/zz/quard-start/Quard-Star/trusted_domain/FreeRTOS-Kernel/queue.c **** /*
 235:/home/zz/quard-start/Quard-Star/trusted_domain/FreeRTOS-Kernel/queue.c ****  * If a task waiting for a mutex causes the mutex holder to inherit a
 236:/home/zz/quard-start/Quard-Star/trusted_domain/FreeRTOS-Kernel/queue.c ****  * priority, but the waiting task times out, then the holder should
 237:/home/zz/quard-start/Quard-Star/trusted_domain/FreeRTOS-Kernel/queue.c ****  * disinherit the priority - but only down to the highest priority of any
 238:/home/zz/quard-start/Quard-Star/trusted_domain/FreeRTOS-Kernel/queue.c ****  * other tasks that are waiting for the same mutex.  This function returns
 239:/home/zz/quard-start/Quard-Star/trusted_domain/FreeRTOS-Kernel/queue.c ****  * that priority.
 240:/home/zz/quard-start/Quard-Star/trusted_domain/FreeRTOS-Kernel/queue.c ****  */
 241:/home/zz/quard-start/Quard-Star/trusted_domain/FreeRTOS-Kernel/queue.c ****     static UBaseType_t prvGetDisinheritPriorityAfterTimeout( const Queue_t * const pxQueue ) PRIVIL
 242:/home/zz/quard-start/Quard-Star/trusted_domain/FreeRTOS-Kernel/queue.c **** #endif
 243:/home/zz/quard-start/Quard-Star/trusted_domain/FreeRTOS-Kernel/queue.c **** /*-----------------------------------------------------------*/
 244:/home/zz/quard-start/Quard-Star/trusted_domain/FreeRTOS-Kernel/queue.c **** 
 245:/home/zz/quard-start/Quard-Star/trusted_domain/FreeRTOS-Kernel/queue.c **** /*
 246:/home/zz/quard-start/Quard-Star/trusted_domain/FreeRTOS-Kernel/queue.c ****  * Macro to mark a queue as locked.  Locking a queue prevents an ISR from
 247:/home/zz/quard-start/Quard-Star/trusted_domain/FreeRTOS-Kernel/queue.c ****  * accessing the queue event lists.
 248:/home/zz/quard-start/Quard-Star/trusted_domain/FreeRTOS-Kernel/queue.c ****  */
 249:/home/zz/quard-start/Quard-Star/trusted_domain/FreeRTOS-Kernel/queue.c **** #define prvLockQueue( pxQueue )                            \
 250:/home/zz/quard-start/Quard-Star/trusted_domain/FreeRTOS-Kernel/queue.c ****     taskENTER_CRITICAL();                                  \
 251:/home/zz/quard-start/Quard-Star/trusted_domain/FreeRTOS-Kernel/queue.c ****     {                                                      \
 252:/home/zz/quard-start/Quard-Star/trusted_domain/FreeRTOS-Kernel/queue.c ****         if( ( pxQueue )->cRxLock == queueUNLOCKED )        \
 253:/home/zz/quard-start/Quard-Star/trusted_domain/FreeRTOS-Kernel/queue.c ****         {                                                  \
 254:/home/zz/quard-start/Quard-Star/trusted_domain/FreeRTOS-Kernel/queue.c ****             ( pxQueue )->cRxLock = queueLOCKED_UNMODIFIED; \
 255:/home/zz/quard-start/Quard-Star/trusted_domain/FreeRTOS-Kernel/queue.c ****         }                                                  \
 256:/home/zz/quard-start/Quard-Star/trusted_domain/FreeRTOS-Kernel/queue.c ****         if( ( pxQueue )->cTxLock == queueUNLOCKED )        \
 257:/home/zz/quard-start/Quard-Star/trusted_domain/FreeRTOS-Kernel/queue.c ****         {                                                  \
 258:/home/zz/quard-start/Quard-Star/trusted_domain/FreeRTOS-Kernel/queue.c ****             ( pxQueue )->cTxLock = queueLOCKED_UNMODIFIED; \
 259:/home/zz/quard-start/Quard-Star/trusted_domain/FreeRTOS-Kernel/queue.c ****         }                                                  \
 260:/home/zz/quard-start/Quard-Star/trusted_domain/FreeRTOS-Kernel/queue.c ****     }                                                      \
 261:/home/zz/quard-start/Quard-Star/trusted_domain/FreeRTOS-Kernel/queue.c ****     taskEXIT_CRITICAL()
 262:/home/zz/quard-start/Quard-Star/trusted_domain/FreeRTOS-Kernel/queue.c **** /*-----------------------------------------------------------*/
 263:/home/zz/quard-start/Quard-Star/trusted_domain/FreeRTOS-Kernel/queue.c **** 
 264:/home/zz/quard-start/Quard-Star/trusted_domain/FreeRTOS-Kernel/queue.c **** BaseType_t xQueueGenericReset( QueueHandle_t xQueue,
 265:/home/zz/quard-start/Quard-Star/trusted_domain/FreeRTOS-Kernel/queue.c ****                                BaseType_t xNewQueue )
 266:/home/zz/quard-start/Quard-Star/trusted_domain/FreeRTOS-Kernel/queue.c **** {
 267:/home/zz/quard-start/Quard-Star/trusted_domain/FreeRTOS-Kernel/queue.c ****     Queue_t * const pxQueue = xQueue;
 268:/home/zz/quard-start/Quard-Star/trusted_domain/FreeRTOS-Kernel/queue.c **** 
 269:/home/zz/quard-start/Quard-Star/trusted_domain/FreeRTOS-Kernel/queue.c ****     configASSERT( pxQueue );
 270:/home/zz/quard-start/Quard-Star/trusted_domain/FreeRTOS-Kernel/queue.c **** 
 271:/home/zz/quard-start/Quard-Star/trusted_domain/FreeRTOS-Kernel/queue.c ****     taskENTER_CRITICAL();
 272:/home/zz/quard-start/Quard-Star/trusted_domain/FreeRTOS-Kernel/queue.c ****     {
GAS LISTING /tmp/ccjMK2NG.s 			page 6


 273:/home/zz/quard-start/Quard-Star/trusted_domain/FreeRTOS-Kernel/queue.c ****         pxQueue->u.xQueue.pcTail = pxQueue->pcHead + ( pxQueue->uxLength * pxQueue->uxItemSize ); /
 274:/home/zz/quard-start/Quard-Star/trusted_domain/FreeRTOS-Kernel/queue.c ****         pxQueue->uxMessagesWaiting = ( UBaseType_t ) 0U;
 275:/home/zz/quard-start/Quard-Star/trusted_domain/FreeRTOS-Kernel/queue.c ****         pxQueue->pcWriteTo = pxQueue->pcHead;
 276:/home/zz/quard-start/Quard-Star/trusted_domain/FreeRTOS-Kernel/queue.c ****         pxQueue->u.xQueue.pcReadFrom = pxQueue->pcHead + ( ( pxQueue->uxLength - 1U ) * pxQueue->ux
 277:/home/zz/quard-start/Quard-Star/trusted_domain/FreeRTOS-Kernel/queue.c ****         pxQueue->cRxLock = queueUNLOCKED;
 278:/home/zz/quard-start/Quard-Star/trusted_domain/FreeRTOS-Kernel/queue.c ****         pxQueue->cTxLock = queueUNLOCKED;
 279:/home/zz/quard-start/Quard-Star/trusted_domain/FreeRTOS-Kernel/queue.c **** 
 280:/home/zz/quard-start/Quard-Star/trusted_domain/FreeRTOS-Kernel/queue.c ****         if( xNewQueue == pdFALSE )
 281:/home/zz/quard-start/Quard-Star/trusted_domain/FreeRTOS-Kernel/queue.c ****         {
 282:/home/zz/quard-start/Quard-Star/trusted_domain/FreeRTOS-Kernel/queue.c ****             /* If there are tasks blocked waiting to read from the queue, then
 283:/home/zz/quard-start/Quard-Star/trusted_domain/FreeRTOS-Kernel/queue.c ****              * the tasks will remain blocked as after this function exits the queue
 284:/home/zz/quard-start/Quard-Star/trusted_domain/FreeRTOS-Kernel/queue.c ****              * will still be empty.  If there are tasks blocked waiting to write to
 285:/home/zz/quard-start/Quard-Star/trusted_domain/FreeRTOS-Kernel/queue.c ****              * the queue, then one should be unblocked as after this function exits
 286:/home/zz/quard-start/Quard-Star/trusted_domain/FreeRTOS-Kernel/queue.c ****              * it will be possible to write to it. */
 287:/home/zz/quard-start/Quard-Star/trusted_domain/FreeRTOS-Kernel/queue.c ****             if( listLIST_IS_EMPTY( &( pxQueue->xTasksWaitingToSend ) ) == pdFALSE )
 288:/home/zz/quard-start/Quard-Star/trusted_domain/FreeRTOS-Kernel/queue.c ****             {
 289:/home/zz/quard-start/Quard-Star/trusted_domain/FreeRTOS-Kernel/queue.c ****                 if( xTaskRemoveFromEventList( &( pxQueue->xTasksWaitingToSend ) ) != pdFALSE )
 290:/home/zz/quard-start/Quard-Star/trusted_domain/FreeRTOS-Kernel/queue.c ****                 {
 291:/home/zz/quard-start/Quard-Star/trusted_domain/FreeRTOS-Kernel/queue.c ****                     queueYIELD_IF_USING_PREEMPTION();
 292:/home/zz/quard-start/Quard-Star/trusted_domain/FreeRTOS-Kernel/queue.c ****                 }
 293:/home/zz/quard-start/Quard-Star/trusted_domain/FreeRTOS-Kernel/queue.c ****                 else
 294:/home/zz/quard-start/Quard-Star/trusted_domain/FreeRTOS-Kernel/queue.c ****                 {
 295:/home/zz/quard-start/Quard-Star/trusted_domain/FreeRTOS-Kernel/queue.c ****                     mtCOVERAGE_TEST_MARKER();
 296:/home/zz/quard-start/Quard-Star/trusted_domain/FreeRTOS-Kernel/queue.c ****                 }
 297:/home/zz/quard-start/Quard-Star/trusted_domain/FreeRTOS-Kernel/queue.c ****             }
 298:/home/zz/quard-start/Quard-Star/trusted_domain/FreeRTOS-Kernel/queue.c ****             else
 299:/home/zz/quard-start/Quard-Star/trusted_domain/FreeRTOS-Kernel/queue.c ****             {
 300:/home/zz/quard-start/Quard-Star/trusted_domain/FreeRTOS-Kernel/queue.c ****                 mtCOVERAGE_TEST_MARKER();
 301:/home/zz/quard-start/Quard-Star/trusted_domain/FreeRTOS-Kernel/queue.c ****             }
 302:/home/zz/quard-start/Quard-Star/trusted_domain/FreeRTOS-Kernel/queue.c ****         }
 303:/home/zz/quard-start/Quard-Star/trusted_domain/FreeRTOS-Kernel/queue.c ****         else
 304:/home/zz/quard-start/Quard-Star/trusted_domain/FreeRTOS-Kernel/queue.c ****         {
 305:/home/zz/quard-start/Quard-Star/trusted_domain/FreeRTOS-Kernel/queue.c ****             /* Ensure the event queues start in the correct state. */
 306:/home/zz/quard-start/Quard-Star/trusted_domain/FreeRTOS-Kernel/queue.c ****             vListInitialise( &( pxQueue->xTasksWaitingToSend ) );
 307:/home/zz/quard-start/Quard-Star/trusted_domain/FreeRTOS-Kernel/queue.c ****             vListInitialise( &( pxQueue->xTasksWaitingToReceive ) );
 308:/home/zz/quard-start/Quard-Star/trusted_domain/FreeRTOS-Kernel/queue.c ****         }
 309:/home/zz/quard-start/Quard-Star/trusted_domain/FreeRTOS-Kernel/queue.c ****     }
 310:/home/zz/quard-start/Quard-Star/trusted_domain/FreeRTOS-Kernel/queue.c ****     taskEXIT_CRITICAL();
 311:/home/zz/quard-start/Quard-Star/trusted_domain/FreeRTOS-Kernel/queue.c **** 
 312:/home/zz/quard-start/Quard-Star/trusted_domain/FreeRTOS-Kernel/queue.c ****     /* A value is returned for calling semantic consistency with previous
 313:/home/zz/quard-start/Quard-Star/trusted_domain/FreeRTOS-Kernel/queue.c ****      * versions. */
 314:/home/zz/quard-start/Quard-Star/trusted_domain/FreeRTOS-Kernel/queue.c ****     return pdPASS;
 315:/home/zz/quard-start/Quard-Star/trusted_domain/FreeRTOS-Kernel/queue.c **** }
 316:/home/zz/quard-start/Quard-Star/trusted_domain/FreeRTOS-Kernel/queue.c **** /*-----------------------------------------------------------*/
 317:/home/zz/quard-start/Quard-Star/trusted_domain/FreeRTOS-Kernel/queue.c **** 
 318:/home/zz/quard-start/Quard-Star/trusted_domain/FreeRTOS-Kernel/queue.c **** #if ( configSUPPORT_STATIC_ALLOCATION == 1 )
 319:/home/zz/quard-start/Quard-Star/trusted_domain/FreeRTOS-Kernel/queue.c **** 
 320:/home/zz/quard-start/Quard-Star/trusted_domain/FreeRTOS-Kernel/queue.c ****     QueueHandle_t xQueueGenericCreateStatic( const UBaseType_t uxQueueLength,
 321:/home/zz/quard-start/Quard-Star/trusted_domain/FreeRTOS-Kernel/queue.c ****                                              const UBaseType_t uxItemSize,
 322:/home/zz/quard-start/Quard-Star/trusted_domain/FreeRTOS-Kernel/queue.c ****                                              uint8_t * pucQueueStorage,
 323:/home/zz/quard-start/Quard-Star/trusted_domain/FreeRTOS-Kernel/queue.c ****                                              StaticQueue_t * pxStaticQueue,
 324:/home/zz/quard-start/Quard-Star/trusted_domain/FreeRTOS-Kernel/queue.c ****                                              const uint8_t ucQueueType )
 325:/home/zz/quard-start/Quard-Star/trusted_domain/FreeRTOS-Kernel/queue.c ****     {
 326:/home/zz/quard-start/Quard-Star/trusted_domain/FreeRTOS-Kernel/queue.c ****         Queue_t * pxNewQueue;
 327:/home/zz/quard-start/Quard-Star/trusted_domain/FreeRTOS-Kernel/queue.c **** 
 328:/home/zz/quard-start/Quard-Star/trusted_domain/FreeRTOS-Kernel/queue.c ****         configASSERT( uxQueueLength > ( UBaseType_t ) 0 );
 329:/home/zz/quard-start/Quard-Star/trusted_domain/FreeRTOS-Kernel/queue.c **** 
GAS LISTING /tmp/ccjMK2NG.s 			page 7


 330:/home/zz/quard-start/Quard-Star/trusted_domain/FreeRTOS-Kernel/queue.c ****         /* The StaticQueue_t structure and the queue storage area must be
 331:/home/zz/quard-start/Quard-Star/trusted_domain/FreeRTOS-Kernel/queue.c ****          * supplied. */
 332:/home/zz/quard-start/Quard-Star/trusted_domain/FreeRTOS-Kernel/queue.c ****         configASSERT( pxStaticQueue != NULL );
 333:/home/zz/quard-start/Quard-Star/trusted_domain/FreeRTOS-Kernel/queue.c **** 
 334:/home/zz/quard-start/Quard-Star/trusted_domain/FreeRTOS-Kernel/queue.c ****         /* A queue storage area should be provided if the item size is not 0, and
 335:/home/zz/quard-start/Quard-Star/trusted_domain/FreeRTOS-Kernel/queue.c ****          * should not be provided if the item size is 0. */
 336:/home/zz/quard-start/Quard-Star/trusted_domain/FreeRTOS-Kernel/queue.c ****         configASSERT( !( ( pucQueueStorage != NULL ) && ( uxItemSize == 0 ) ) );
 337:/home/zz/quard-start/Quard-Star/trusted_domain/FreeRTOS-Kernel/queue.c ****         configASSERT( !( ( pucQueueStorage == NULL ) && ( uxItemSize != 0 ) ) );
 338:/home/zz/quard-start/Quard-Star/trusted_domain/FreeRTOS-Kernel/queue.c **** 
 339:/home/zz/quard-start/Quard-Star/trusted_domain/FreeRTOS-Kernel/queue.c ****         #if ( configASSERT_DEFINED == 1 )
 340:/home/zz/quard-start/Quard-Star/trusted_domain/FreeRTOS-Kernel/queue.c ****             {
 341:/home/zz/quard-start/Quard-Star/trusted_domain/FreeRTOS-Kernel/queue.c ****                 /* Sanity check that the size of the structure used to declare a
 342:/home/zz/quard-start/Quard-Star/trusted_domain/FreeRTOS-Kernel/queue.c ****                  * variable of type StaticQueue_t or StaticSemaphore_t equals the size of
 343:/home/zz/quard-start/Quard-Star/trusted_domain/FreeRTOS-Kernel/queue.c ****                  * the real queue and semaphore structures. */
 344:/home/zz/quard-start/Quard-Star/trusted_domain/FreeRTOS-Kernel/queue.c ****                 volatile size_t xSize = sizeof( StaticQueue_t );
 345:/home/zz/quard-start/Quard-Star/trusted_domain/FreeRTOS-Kernel/queue.c ****                 configASSERT( xSize == sizeof( Queue_t ) );
 346:/home/zz/quard-start/Quard-Star/trusted_domain/FreeRTOS-Kernel/queue.c ****                 ( void ) xSize; /* Keeps lint quiet when configASSERT() is not defined. */
 347:/home/zz/quard-start/Quard-Star/trusted_domain/FreeRTOS-Kernel/queue.c ****             }
 348:/home/zz/quard-start/Quard-Star/trusted_domain/FreeRTOS-Kernel/queue.c ****         #endif /* configASSERT_DEFINED */
 349:/home/zz/quard-start/Quard-Star/trusted_domain/FreeRTOS-Kernel/queue.c **** 
 350:/home/zz/quard-start/Quard-Star/trusted_domain/FreeRTOS-Kernel/queue.c ****         /* The address of a statically allocated queue was passed in, use it.
 351:/home/zz/quard-start/Quard-Star/trusted_domain/FreeRTOS-Kernel/queue.c ****          * The address of a statically allocated storage area was also passed in
 352:/home/zz/quard-start/Quard-Star/trusted_domain/FreeRTOS-Kernel/queue.c ****          * but is already set. */
 353:/home/zz/quard-start/Quard-Star/trusted_domain/FreeRTOS-Kernel/queue.c ****         pxNewQueue = ( Queue_t * ) pxStaticQueue; /*lint !e740 !e9087 Unusual cast is ok as the str
 354:/home/zz/quard-start/Quard-Star/trusted_domain/FreeRTOS-Kernel/queue.c **** 
 355:/home/zz/quard-start/Quard-Star/trusted_domain/FreeRTOS-Kernel/queue.c ****         if( pxNewQueue != NULL )
 356:/home/zz/quard-start/Quard-Star/trusted_domain/FreeRTOS-Kernel/queue.c ****         {
 357:/home/zz/quard-start/Quard-Star/trusted_domain/FreeRTOS-Kernel/queue.c ****             #if ( configSUPPORT_DYNAMIC_ALLOCATION == 1 )
 358:/home/zz/quard-start/Quard-Star/trusted_domain/FreeRTOS-Kernel/queue.c ****                 {
 359:/home/zz/quard-start/Quard-Star/trusted_domain/FreeRTOS-Kernel/queue.c ****                     /* Queues can be allocated wither statically or dynamically, so
 360:/home/zz/quard-start/Quard-Star/trusted_domain/FreeRTOS-Kernel/queue.c ****                      * note this queue was allocated statically in case the queue is
 361:/home/zz/quard-start/Quard-Star/trusted_domain/FreeRTOS-Kernel/queue.c ****                      * later deleted. */
 362:/home/zz/quard-start/Quard-Star/trusted_domain/FreeRTOS-Kernel/queue.c ****                     pxNewQueue->ucStaticallyAllocated = pdTRUE;
 363:/home/zz/quard-start/Quard-Star/trusted_domain/FreeRTOS-Kernel/queue.c ****                 }
 364:/home/zz/quard-start/Quard-Star/trusted_domain/FreeRTOS-Kernel/queue.c ****             #endif /* configSUPPORT_DYNAMIC_ALLOCATION */
 365:/home/zz/quard-start/Quard-Star/trusted_domain/FreeRTOS-Kernel/queue.c **** 
 366:/home/zz/quard-start/Quard-Star/trusted_domain/FreeRTOS-Kernel/queue.c ****             prvInitialiseNewQueue( uxQueueLength, uxItemSize, pucQueueStorage, ucQueueType, pxNewQu
 367:/home/zz/quard-start/Quard-Star/trusted_domain/FreeRTOS-Kernel/queue.c ****         }
 368:/home/zz/quard-start/Quard-Star/trusted_domain/FreeRTOS-Kernel/queue.c ****         else
 369:/home/zz/quard-start/Quard-Star/trusted_domain/FreeRTOS-Kernel/queue.c ****         {
 370:/home/zz/quard-start/Quard-Star/trusted_domain/FreeRTOS-Kernel/queue.c ****             traceQUEUE_CREATE_FAILED( ucQueueType );
 371:/home/zz/quard-start/Quard-Star/trusted_domain/FreeRTOS-Kernel/queue.c ****             mtCOVERAGE_TEST_MARKER();
 372:/home/zz/quard-start/Quard-Star/trusted_domain/FreeRTOS-Kernel/queue.c ****         }
 373:/home/zz/quard-start/Quard-Star/trusted_domain/FreeRTOS-Kernel/queue.c **** 
 374:/home/zz/quard-start/Quard-Star/trusted_domain/FreeRTOS-Kernel/queue.c ****         return pxNewQueue;
 375:/home/zz/quard-start/Quard-Star/trusted_domain/FreeRTOS-Kernel/queue.c ****     }
 376:/home/zz/quard-start/Quard-Star/trusted_domain/FreeRTOS-Kernel/queue.c **** 
 377:/home/zz/quard-start/Quard-Star/trusted_domain/FreeRTOS-Kernel/queue.c **** #endif /* configSUPPORT_STATIC_ALLOCATION */
 378:/home/zz/quard-start/Quard-Star/trusted_domain/FreeRTOS-Kernel/queue.c **** /*-----------------------------------------------------------*/
 379:/home/zz/quard-start/Quard-Star/trusted_domain/FreeRTOS-Kernel/queue.c **** 
 380:/home/zz/quard-start/Quard-Star/trusted_domain/FreeRTOS-Kernel/queue.c **** #if ( configSUPPORT_DYNAMIC_ALLOCATION == 1 )
 381:/home/zz/quard-start/Quard-Star/trusted_domain/FreeRTOS-Kernel/queue.c **** 
 382:/home/zz/quard-start/Quard-Star/trusted_domain/FreeRTOS-Kernel/queue.c ****     QueueHandle_t xQueueGenericCreate( const UBaseType_t uxQueueLength,
 383:/home/zz/quard-start/Quard-Star/trusted_domain/FreeRTOS-Kernel/queue.c ****                                        const UBaseType_t uxItemSize,
 384:/home/zz/quard-start/Quard-Star/trusted_domain/FreeRTOS-Kernel/queue.c ****                                        const uint8_t ucQueueType )
 385:/home/zz/quard-start/Quard-Star/trusted_domain/FreeRTOS-Kernel/queue.c ****     {
 386:/home/zz/quard-start/Quard-Star/trusted_domain/FreeRTOS-Kernel/queue.c ****         Queue_t * pxNewQueue;
GAS LISTING /tmp/ccjMK2NG.s 			page 8


 387:/home/zz/quard-start/Quard-Star/trusted_domain/FreeRTOS-Kernel/queue.c ****         size_t xQueueSizeInBytes;
 388:/home/zz/quard-start/Quard-Star/trusted_domain/FreeRTOS-Kernel/queue.c ****         uint8_t * pucQueueStorage;
 389:/home/zz/quard-start/Quard-Star/trusted_domain/FreeRTOS-Kernel/queue.c **** 
 390:/home/zz/quard-start/Quard-Star/trusted_domain/FreeRTOS-Kernel/queue.c ****         configASSERT( uxQueueLength > ( UBaseType_t ) 0 );
 391:/home/zz/quard-start/Quard-Star/trusted_domain/FreeRTOS-Kernel/queue.c **** 
 392:/home/zz/quard-start/Quard-Star/trusted_domain/FreeRTOS-Kernel/queue.c ****         /* Allocate enough space to hold the maximum number of items that
 393:/home/zz/quard-start/Quard-Star/trusted_domain/FreeRTOS-Kernel/queue.c ****          * can be in the queue at any time.  It is valid for uxItemSize to be
 394:/home/zz/quard-start/Quard-Star/trusted_domain/FreeRTOS-Kernel/queue.c ****          * zero in the case the queue is used as a semaphore. */
 395:/home/zz/quard-start/Quard-Star/trusted_domain/FreeRTOS-Kernel/queue.c ****         xQueueSizeInBytes = ( size_t ) ( uxQueueLength * uxItemSize ); /*lint !e961 MISRA exception
 396:/home/zz/quard-start/Quard-Star/trusted_domain/FreeRTOS-Kernel/queue.c **** 
 397:/home/zz/quard-start/Quard-Star/trusted_domain/FreeRTOS-Kernel/queue.c ****         /* Check for multiplication overflow. */
 398:/home/zz/quard-start/Quard-Star/trusted_domain/FreeRTOS-Kernel/queue.c ****         configASSERT( ( uxItemSize == 0 ) || ( uxQueueLength == ( xQueueSizeInBytes / uxItemSize ) 
 399:/home/zz/quard-start/Quard-Star/trusted_domain/FreeRTOS-Kernel/queue.c **** 
 400:/home/zz/quard-start/Quard-Star/trusted_domain/FreeRTOS-Kernel/queue.c ****         /* Check for addition overflow. */
 401:/home/zz/quard-start/Quard-Star/trusted_domain/FreeRTOS-Kernel/queue.c ****         configASSERT( ( sizeof( Queue_t ) + xQueueSizeInBytes ) >  xQueueSizeInBytes );
 402:/home/zz/quard-start/Quard-Star/trusted_domain/FreeRTOS-Kernel/queue.c **** 
 403:/home/zz/quard-start/Quard-Star/trusted_domain/FreeRTOS-Kernel/queue.c ****         /* Allocate the queue and storage area.  Justification for MISRA
 404:/home/zz/quard-start/Quard-Star/trusted_domain/FreeRTOS-Kernel/queue.c ****          * deviation as follows:  pvPortMalloc() always ensures returned memory
 405:/home/zz/quard-start/Quard-Star/trusted_domain/FreeRTOS-Kernel/queue.c ****          * blocks are aligned per the requirements of the MCU stack.  In this case
 406:/home/zz/quard-start/Quard-Star/trusted_domain/FreeRTOS-Kernel/queue.c ****          * pvPortMalloc() must return a pointer that is guaranteed to meet the
 407:/home/zz/quard-start/Quard-Star/trusted_domain/FreeRTOS-Kernel/queue.c ****          * alignment requirements of the Queue_t structure - which in this case
 408:/home/zz/quard-start/Quard-Star/trusted_domain/FreeRTOS-Kernel/queue.c ****          * is an int8_t *.  Therefore, whenever the stack alignment requirements
 409:/home/zz/quard-start/Quard-Star/trusted_domain/FreeRTOS-Kernel/queue.c ****          * are greater than or equal to the pointer to char requirements the cast
 410:/home/zz/quard-start/Quard-Star/trusted_domain/FreeRTOS-Kernel/queue.c ****          * is safe.  In other cases alignment requirements are not strict (one or
 411:/home/zz/quard-start/Quard-Star/trusted_domain/FreeRTOS-Kernel/queue.c ****          * two bytes). */
 412:/home/zz/quard-start/Quard-Star/trusted_domain/FreeRTOS-Kernel/queue.c ****         pxNewQueue = ( Queue_t * ) pvPortMalloc( sizeof( Queue_t ) + xQueueSizeInBytes ); /*lint !e
 413:/home/zz/quard-start/Quard-Star/trusted_domain/FreeRTOS-Kernel/queue.c **** 
 414:/home/zz/quard-start/Quard-Star/trusted_domain/FreeRTOS-Kernel/queue.c ****         if( pxNewQueue != NULL )
 415:/home/zz/quard-start/Quard-Star/trusted_domain/FreeRTOS-Kernel/queue.c ****         {
 416:/home/zz/quard-start/Quard-Star/trusted_domain/FreeRTOS-Kernel/queue.c ****             /* Jump past the queue structure to find the location of the queue
 417:/home/zz/quard-start/Quard-Star/trusted_domain/FreeRTOS-Kernel/queue.c ****              * storage area. */
 418:/home/zz/quard-start/Quard-Star/trusted_domain/FreeRTOS-Kernel/queue.c ****             pucQueueStorage = ( uint8_t * ) pxNewQueue;
 419:/home/zz/quard-start/Quard-Star/trusted_domain/FreeRTOS-Kernel/queue.c ****             pucQueueStorage += sizeof( Queue_t ); /*lint !e9016 Pointer arithmetic allowed on char 
 420:/home/zz/quard-start/Quard-Star/trusted_domain/FreeRTOS-Kernel/queue.c **** 
 421:/home/zz/quard-start/Quard-Star/trusted_domain/FreeRTOS-Kernel/queue.c ****             #if ( configSUPPORT_STATIC_ALLOCATION == 1 )
 422:/home/zz/quard-start/Quard-Star/trusted_domain/FreeRTOS-Kernel/queue.c ****                 {
 423:/home/zz/quard-start/Quard-Star/trusted_domain/FreeRTOS-Kernel/queue.c ****                     /* Queues can be created either statically or dynamically, so
 424:/home/zz/quard-start/Quard-Star/trusted_domain/FreeRTOS-Kernel/queue.c ****                      * note this task was created dynamically in case it is later
 425:/home/zz/quard-start/Quard-Star/trusted_domain/FreeRTOS-Kernel/queue.c ****                      * deleted. */
 426:/home/zz/quard-start/Quard-Star/trusted_domain/FreeRTOS-Kernel/queue.c ****                     pxNewQueue->ucStaticallyAllocated = pdFALSE;
 427:/home/zz/quard-start/Quard-Star/trusted_domain/FreeRTOS-Kernel/queue.c ****                 }
 428:/home/zz/quard-start/Quard-Star/trusted_domain/FreeRTOS-Kernel/queue.c ****             #endif /* configSUPPORT_STATIC_ALLOCATION */
 429:/home/zz/quard-start/Quard-Star/trusted_domain/FreeRTOS-Kernel/queue.c **** 
 430:/home/zz/quard-start/Quard-Star/trusted_domain/FreeRTOS-Kernel/queue.c ****             prvInitialiseNewQueue( uxQueueLength, uxItemSize, pucQueueStorage, ucQueueType, pxNewQu
 431:/home/zz/quard-start/Quard-Star/trusted_domain/FreeRTOS-Kernel/queue.c ****         }
 432:/home/zz/quard-start/Quard-Star/trusted_domain/FreeRTOS-Kernel/queue.c ****         else
 433:/home/zz/quard-start/Quard-Star/trusted_domain/FreeRTOS-Kernel/queue.c ****         {
 434:/home/zz/quard-start/Quard-Star/trusted_domain/FreeRTOS-Kernel/queue.c ****             traceQUEUE_CREATE_FAILED( ucQueueType );
 435:/home/zz/quard-start/Quard-Star/trusted_domain/FreeRTOS-Kernel/queue.c ****             mtCOVERAGE_TEST_MARKER();
 436:/home/zz/quard-start/Quard-Star/trusted_domain/FreeRTOS-Kernel/queue.c ****         }
 437:/home/zz/quard-start/Quard-Star/trusted_domain/FreeRTOS-Kernel/queue.c **** 
 438:/home/zz/quard-start/Quard-Star/trusted_domain/FreeRTOS-Kernel/queue.c ****         return pxNewQueue;
 439:/home/zz/quard-start/Quard-Star/trusted_domain/FreeRTOS-Kernel/queue.c ****     }
 440:/home/zz/quard-start/Quard-Star/trusted_domain/FreeRTOS-Kernel/queue.c **** 
 441:/home/zz/quard-start/Quard-Star/trusted_domain/FreeRTOS-Kernel/queue.c **** #endif /* configSUPPORT_STATIC_ALLOCATION */
 442:/home/zz/quard-start/Quard-Star/trusted_domain/FreeRTOS-Kernel/queue.c **** /*-----------------------------------------------------------*/
 443:/home/zz/quard-start/Quard-Star/trusted_domain/FreeRTOS-Kernel/queue.c **** 
GAS LISTING /tmp/ccjMK2NG.s 			page 9


 444:/home/zz/quard-start/Quard-Star/trusted_domain/FreeRTOS-Kernel/queue.c **** static void prvInitialiseNewQueue( const UBaseType_t uxQueueLength,
 445:/home/zz/quard-start/Quard-Star/trusted_domain/FreeRTOS-Kernel/queue.c ****                                    const UBaseType_t uxItemSize,
 446:/home/zz/quard-start/Quard-Star/trusted_domain/FreeRTOS-Kernel/queue.c ****                                    uint8_t * pucQueueStorage,
 447:/home/zz/quard-start/Quard-Star/trusted_domain/FreeRTOS-Kernel/queue.c ****                                    const uint8_t ucQueueType,
 448:/home/zz/quard-start/Quard-Star/trusted_domain/FreeRTOS-Kernel/queue.c ****                                    Queue_t * pxNewQueue )
 449:/home/zz/quard-start/Quard-Star/trusted_domain/FreeRTOS-Kernel/queue.c **** {
 450:/home/zz/quard-start/Quard-Star/trusted_domain/FreeRTOS-Kernel/queue.c ****     /* Remove compiler warnings about unused parameters should
 451:/home/zz/quard-start/Quard-Star/trusted_domain/FreeRTOS-Kernel/queue.c ****      * configUSE_TRACE_FACILITY not be set to 1. */
 452:/home/zz/quard-start/Quard-Star/trusted_domain/FreeRTOS-Kernel/queue.c ****     ( void ) ucQueueType;
 453:/home/zz/quard-start/Quard-Star/trusted_domain/FreeRTOS-Kernel/queue.c **** 
 454:/home/zz/quard-start/Quard-Star/trusted_domain/FreeRTOS-Kernel/queue.c ****     if( uxItemSize == ( UBaseType_t ) 0 )
 455:/home/zz/quard-start/Quard-Star/trusted_domain/FreeRTOS-Kernel/queue.c ****     {
 456:/home/zz/quard-start/Quard-Star/trusted_domain/FreeRTOS-Kernel/queue.c ****         /* No RAM was allocated for the queue storage area, but PC head cannot
 457:/home/zz/quard-start/Quard-Star/trusted_domain/FreeRTOS-Kernel/queue.c ****          * be set to NULL because NULL is used as a key to say the queue is used as
 458:/home/zz/quard-start/Quard-Star/trusted_domain/FreeRTOS-Kernel/queue.c ****          * a mutex.  Therefore just set pcHead to point to the queue as a benign
 459:/home/zz/quard-start/Quard-Star/trusted_domain/FreeRTOS-Kernel/queue.c ****          * value that is known to be within the memory map. */
 460:/home/zz/quard-start/Quard-Star/trusted_domain/FreeRTOS-Kernel/queue.c ****         pxNewQueue->pcHead = ( int8_t * ) pxNewQueue;
 461:/home/zz/quard-start/Quard-Star/trusted_domain/FreeRTOS-Kernel/queue.c ****     }
 462:/home/zz/quard-start/Quard-Star/trusted_domain/FreeRTOS-Kernel/queue.c ****     else
 463:/home/zz/quard-start/Quard-Star/trusted_domain/FreeRTOS-Kernel/queue.c ****     {
 464:/home/zz/quard-start/Quard-Star/trusted_domain/FreeRTOS-Kernel/queue.c ****         /* Set the head to the start of the queue storage area. */
 465:/home/zz/quard-start/Quard-Star/trusted_domain/FreeRTOS-Kernel/queue.c ****         pxNewQueue->pcHead = ( int8_t * ) pucQueueStorage;
 466:/home/zz/quard-start/Quard-Star/trusted_domain/FreeRTOS-Kernel/queue.c ****     }
 467:/home/zz/quard-start/Quard-Star/trusted_domain/FreeRTOS-Kernel/queue.c **** 
 468:/home/zz/quard-start/Quard-Star/trusted_domain/FreeRTOS-Kernel/queue.c ****     /* Initialise the queue members as described where the queue type is
 469:/home/zz/quard-start/Quard-Star/trusted_domain/FreeRTOS-Kernel/queue.c ****      * defined. */
 470:/home/zz/quard-start/Quard-Star/trusted_domain/FreeRTOS-Kernel/queue.c ****     pxNewQueue->uxLength = uxQueueLength;
 471:/home/zz/quard-start/Quard-Star/trusted_domain/FreeRTOS-Kernel/queue.c ****     pxNewQueue->uxItemSize = uxItemSize;
 472:/home/zz/quard-start/Quard-Star/trusted_domain/FreeRTOS-Kernel/queue.c ****     ( void ) xQueueGenericReset( pxNewQueue, pdTRUE );
 473:/home/zz/quard-start/Quard-Star/trusted_domain/FreeRTOS-Kernel/queue.c **** 
 474:/home/zz/quard-start/Quard-Star/trusted_domain/FreeRTOS-Kernel/queue.c ****     #if ( configUSE_TRACE_FACILITY == 1 )
 475:/home/zz/quard-start/Quard-Star/trusted_domain/FreeRTOS-Kernel/queue.c ****         {
 476:/home/zz/quard-start/Quard-Star/trusted_domain/FreeRTOS-Kernel/queue.c ****             pxNewQueue->ucQueueType = ucQueueType;
 477:/home/zz/quard-start/Quard-Star/trusted_domain/FreeRTOS-Kernel/queue.c ****         }
 478:/home/zz/quard-start/Quard-Star/trusted_domain/FreeRTOS-Kernel/queue.c ****     #endif /* configUSE_TRACE_FACILITY */
 479:/home/zz/quard-start/Quard-Star/trusted_domain/FreeRTOS-Kernel/queue.c **** 
 480:/home/zz/quard-start/Quard-Star/trusted_domain/FreeRTOS-Kernel/queue.c ****     #if ( configUSE_QUEUE_SETS == 1 )
 481:/home/zz/quard-start/Quard-Star/trusted_domain/FreeRTOS-Kernel/queue.c ****         {
 482:/home/zz/quard-start/Quard-Star/trusted_domain/FreeRTOS-Kernel/queue.c ****             pxNewQueue->pxQueueSetContainer = NULL;
 483:/home/zz/quard-start/Quard-Star/trusted_domain/FreeRTOS-Kernel/queue.c ****         }
 484:/home/zz/quard-start/Quard-Star/trusted_domain/FreeRTOS-Kernel/queue.c ****     #endif /* configUSE_QUEUE_SETS */
 485:/home/zz/quard-start/Quard-Star/trusted_domain/FreeRTOS-Kernel/queue.c **** 
 486:/home/zz/quard-start/Quard-Star/trusted_domain/FreeRTOS-Kernel/queue.c ****     traceQUEUE_CREATE( pxNewQueue );
 487:/home/zz/quard-start/Quard-Star/trusted_domain/FreeRTOS-Kernel/queue.c **** }
 488:/home/zz/quard-start/Quard-Star/trusted_domain/FreeRTOS-Kernel/queue.c **** /*-----------------------------------------------------------*/
 489:/home/zz/quard-start/Quard-Star/trusted_domain/FreeRTOS-Kernel/queue.c **** 
 490:/home/zz/quard-start/Quard-Star/trusted_domain/FreeRTOS-Kernel/queue.c **** #if ( configUSE_MUTEXES == 1 )
 491:/home/zz/quard-start/Quard-Star/trusted_domain/FreeRTOS-Kernel/queue.c **** 
 492:/home/zz/quard-start/Quard-Star/trusted_domain/FreeRTOS-Kernel/queue.c ****     static void prvInitialiseMutex( Queue_t * pxNewQueue )
 493:/home/zz/quard-start/Quard-Star/trusted_domain/FreeRTOS-Kernel/queue.c ****     {
 494:/home/zz/quard-start/Quard-Star/trusted_domain/FreeRTOS-Kernel/queue.c ****         if( pxNewQueue != NULL )
 495:/home/zz/quard-start/Quard-Star/trusted_domain/FreeRTOS-Kernel/queue.c ****         {
 496:/home/zz/quard-start/Quard-Star/trusted_domain/FreeRTOS-Kernel/queue.c ****             /* The queue create function will set all the queue structure members
 497:/home/zz/quard-start/Quard-Star/trusted_domain/FreeRTOS-Kernel/queue.c ****             * correctly for a generic queue, but this function is creating a
 498:/home/zz/quard-start/Quard-Star/trusted_domain/FreeRTOS-Kernel/queue.c ****             * mutex.  Overwrite those members that need to be set differently -
 499:/home/zz/quard-start/Quard-Star/trusted_domain/FreeRTOS-Kernel/queue.c ****             * in particular the information required for priority inheritance. */
 500:/home/zz/quard-start/Quard-Star/trusted_domain/FreeRTOS-Kernel/queue.c ****             pxNewQueue->u.xSemaphore.xMutexHolder = NULL;
GAS LISTING /tmp/ccjMK2NG.s 			page 10


 501:/home/zz/quard-start/Quard-Star/trusted_domain/FreeRTOS-Kernel/queue.c ****             pxNewQueue->uxQueueType = queueQUEUE_IS_MUTEX;
 502:/home/zz/quard-start/Quard-Star/trusted_domain/FreeRTOS-Kernel/queue.c **** 
 503:/home/zz/quard-start/Quard-Star/trusted_domain/FreeRTOS-Kernel/queue.c ****             /* In case this is a recursive mutex. */
 504:/home/zz/quard-start/Quard-Star/trusted_domain/FreeRTOS-Kernel/queue.c ****             pxNewQueue->u.xSemaphore.uxRecursiveCallCount = 0;
 505:/home/zz/quard-start/Quard-Star/trusted_domain/FreeRTOS-Kernel/queue.c **** 
 506:/home/zz/quard-start/Quard-Star/trusted_domain/FreeRTOS-Kernel/queue.c ****             traceCREATE_MUTEX( pxNewQueue );
 507:/home/zz/quard-start/Quard-Star/trusted_domain/FreeRTOS-Kernel/queue.c **** 
 508:/home/zz/quard-start/Quard-Star/trusted_domain/FreeRTOS-Kernel/queue.c ****             /* Start with the semaphore in the expected state. */
 509:/home/zz/quard-start/Quard-Star/trusted_domain/FreeRTOS-Kernel/queue.c ****             ( void ) xQueueGenericSend( pxNewQueue, NULL, ( TickType_t ) 0U, queueSEND_TO_BACK );
 510:/home/zz/quard-start/Quard-Star/trusted_domain/FreeRTOS-Kernel/queue.c ****         }
 511:/home/zz/quard-start/Quard-Star/trusted_domain/FreeRTOS-Kernel/queue.c ****         else
 512:/home/zz/quard-start/Quard-Star/trusted_domain/FreeRTOS-Kernel/queue.c ****         {
 513:/home/zz/quard-start/Quard-Star/trusted_domain/FreeRTOS-Kernel/queue.c ****             traceCREATE_MUTEX_FAILED();
 514:/home/zz/quard-start/Quard-Star/trusted_domain/FreeRTOS-Kernel/queue.c ****         }
 515:/home/zz/quard-start/Quard-Star/trusted_domain/FreeRTOS-Kernel/queue.c ****     }
 516:/home/zz/quard-start/Quard-Star/trusted_domain/FreeRTOS-Kernel/queue.c **** 
 517:/home/zz/quard-start/Quard-Star/trusted_domain/FreeRTOS-Kernel/queue.c **** #endif /* configUSE_MUTEXES */
 518:/home/zz/quard-start/Quard-Star/trusted_domain/FreeRTOS-Kernel/queue.c **** /*-----------------------------------------------------------*/
 519:/home/zz/quard-start/Quard-Star/trusted_domain/FreeRTOS-Kernel/queue.c **** 
 520:/home/zz/quard-start/Quard-Star/trusted_domain/FreeRTOS-Kernel/queue.c **** #if ( ( configUSE_MUTEXES == 1 ) && ( configSUPPORT_DYNAMIC_ALLOCATION == 1 ) )
 521:/home/zz/quard-start/Quard-Star/trusted_domain/FreeRTOS-Kernel/queue.c **** 
 522:/home/zz/quard-start/Quard-Star/trusted_domain/FreeRTOS-Kernel/queue.c ****     QueueHandle_t xQueueCreateMutex( const uint8_t ucQueueType )
 523:/home/zz/quard-start/Quard-Star/trusted_domain/FreeRTOS-Kernel/queue.c ****     {
 524:/home/zz/quard-start/Quard-Star/trusted_domain/FreeRTOS-Kernel/queue.c ****         QueueHandle_t xNewQueue;
 525:/home/zz/quard-start/Quard-Star/trusted_domain/FreeRTOS-Kernel/queue.c ****         const UBaseType_t uxMutexLength = ( UBaseType_t ) 1, uxMutexSize = ( UBaseType_t ) 0;
 526:/home/zz/quard-start/Quard-Star/trusted_domain/FreeRTOS-Kernel/queue.c **** 
 527:/home/zz/quard-start/Quard-Star/trusted_domain/FreeRTOS-Kernel/queue.c ****         xNewQueue = xQueueGenericCreate( uxMutexLength, uxMutexSize, ucQueueType );
 528:/home/zz/quard-start/Quard-Star/trusted_domain/FreeRTOS-Kernel/queue.c ****         prvInitialiseMutex( ( Queue_t * ) xNewQueue );
 529:/home/zz/quard-start/Quard-Star/trusted_domain/FreeRTOS-Kernel/queue.c **** 
 530:/home/zz/quard-start/Quard-Star/trusted_domain/FreeRTOS-Kernel/queue.c ****         return xNewQueue;
 531:/home/zz/quard-start/Quard-Star/trusted_domain/FreeRTOS-Kernel/queue.c ****     }
 532:/home/zz/quard-start/Quard-Star/trusted_domain/FreeRTOS-Kernel/queue.c **** 
 533:/home/zz/quard-start/Quard-Star/trusted_domain/FreeRTOS-Kernel/queue.c **** #endif /* configUSE_MUTEXES */
 534:/home/zz/quard-start/Quard-Star/trusted_domain/FreeRTOS-Kernel/queue.c **** /*-----------------------------------------------------------*/
 535:/home/zz/quard-start/Quard-Star/trusted_domain/FreeRTOS-Kernel/queue.c **** 
 536:/home/zz/quard-start/Quard-Star/trusted_domain/FreeRTOS-Kernel/queue.c **** #if ( ( configUSE_MUTEXES == 1 ) && ( configSUPPORT_STATIC_ALLOCATION == 1 ) )
 537:/home/zz/quard-start/Quard-Star/trusted_domain/FreeRTOS-Kernel/queue.c **** 
 538:/home/zz/quard-start/Quard-Star/trusted_domain/FreeRTOS-Kernel/queue.c ****     QueueHandle_t xQueueCreateMutexStatic( const uint8_t ucQueueType,
 539:/home/zz/quard-start/Quard-Star/trusted_domain/FreeRTOS-Kernel/queue.c ****                                            StaticQueue_t * pxStaticQueue )
 540:/home/zz/quard-start/Quard-Star/trusted_domain/FreeRTOS-Kernel/queue.c ****     {
 541:/home/zz/quard-start/Quard-Star/trusted_domain/FreeRTOS-Kernel/queue.c ****         QueueHandle_t xNewQueue;
 542:/home/zz/quard-start/Quard-Star/trusted_domain/FreeRTOS-Kernel/queue.c ****         const UBaseType_t uxMutexLength = ( UBaseType_t ) 1, uxMutexSize = ( UBaseType_t ) 0;
 543:/home/zz/quard-start/Quard-Star/trusted_domain/FreeRTOS-Kernel/queue.c **** 
 544:/home/zz/quard-start/Quard-Star/trusted_domain/FreeRTOS-Kernel/queue.c ****         /* Prevent compiler warnings about unused parameters if
 545:/home/zz/quard-start/Quard-Star/trusted_domain/FreeRTOS-Kernel/queue.c ****          * configUSE_TRACE_FACILITY does not equal 1. */
 546:/home/zz/quard-start/Quard-Star/trusted_domain/FreeRTOS-Kernel/queue.c ****         ( void ) ucQueueType;
 547:/home/zz/quard-start/Quard-Star/trusted_domain/FreeRTOS-Kernel/queue.c **** 
 548:/home/zz/quard-start/Quard-Star/trusted_domain/FreeRTOS-Kernel/queue.c ****         xNewQueue = xQueueGenericCreateStatic( uxMutexLength, uxMutexSize, NULL, pxStaticQueue, ucQ
 549:/home/zz/quard-start/Quard-Star/trusted_domain/FreeRTOS-Kernel/queue.c ****         prvInitialiseMutex( ( Queue_t * ) xNewQueue );
 550:/home/zz/quard-start/Quard-Star/trusted_domain/FreeRTOS-Kernel/queue.c **** 
 551:/home/zz/quard-start/Quard-Star/trusted_domain/FreeRTOS-Kernel/queue.c ****         return xNewQueue;
 552:/home/zz/quard-start/Quard-Star/trusted_domain/FreeRTOS-Kernel/queue.c ****     }
 553:/home/zz/quard-start/Quard-Star/trusted_domain/FreeRTOS-Kernel/queue.c **** 
 554:/home/zz/quard-start/Quard-Star/trusted_domain/FreeRTOS-Kernel/queue.c **** #endif /* configUSE_MUTEXES */
 555:/home/zz/quard-start/Quard-Star/trusted_domain/FreeRTOS-Kernel/queue.c **** /*-----------------------------------------------------------*/
 556:/home/zz/quard-start/Quard-Star/trusted_domain/FreeRTOS-Kernel/queue.c **** 
 557:/home/zz/quard-start/Quard-Star/trusted_domain/FreeRTOS-Kernel/queue.c **** #if ( ( configUSE_MUTEXES == 1 ) && ( INCLUDE_xSemaphoreGetMutexHolder == 1 ) )
GAS LISTING /tmp/ccjMK2NG.s 			page 11


 558:/home/zz/quard-start/Quard-Star/trusted_domain/FreeRTOS-Kernel/queue.c **** 
 559:/home/zz/quard-start/Quard-Star/trusted_domain/FreeRTOS-Kernel/queue.c ****     TaskHandle_t xQueueGetMutexHolder( QueueHandle_t xSemaphore )
 560:/home/zz/quard-start/Quard-Star/trusted_domain/FreeRTOS-Kernel/queue.c ****     {
 561:/home/zz/quard-start/Quard-Star/trusted_domain/FreeRTOS-Kernel/queue.c ****         TaskHandle_t pxReturn;
 562:/home/zz/quard-start/Quard-Star/trusted_domain/FreeRTOS-Kernel/queue.c ****         Queue_t * const pxSemaphore = ( Queue_t * ) xSemaphore;
 563:/home/zz/quard-start/Quard-Star/trusted_domain/FreeRTOS-Kernel/queue.c **** 
 564:/home/zz/quard-start/Quard-Star/trusted_domain/FreeRTOS-Kernel/queue.c ****         /* This function is called by xSemaphoreGetMutexHolder(), and should not
 565:/home/zz/quard-start/Quard-Star/trusted_domain/FreeRTOS-Kernel/queue.c ****          * be called directly.  Note:  This is a good way of determining if the
 566:/home/zz/quard-start/Quard-Star/trusted_domain/FreeRTOS-Kernel/queue.c ****          * calling task is the mutex holder, but not a good way of determining the
 567:/home/zz/quard-start/Quard-Star/trusted_domain/FreeRTOS-Kernel/queue.c ****          * identity of the mutex holder, as the holder may change between the
 568:/home/zz/quard-start/Quard-Star/trusted_domain/FreeRTOS-Kernel/queue.c ****          * following critical section exiting and the function returning. */
 569:/home/zz/quard-start/Quard-Star/trusted_domain/FreeRTOS-Kernel/queue.c ****         taskENTER_CRITICAL();
 570:/home/zz/quard-start/Quard-Star/trusted_domain/FreeRTOS-Kernel/queue.c ****         {
 571:/home/zz/quard-start/Quard-Star/trusted_domain/FreeRTOS-Kernel/queue.c ****             if( pxSemaphore->uxQueueType == queueQUEUE_IS_MUTEX )
 572:/home/zz/quard-start/Quard-Star/trusted_domain/FreeRTOS-Kernel/queue.c ****             {
 573:/home/zz/quard-start/Quard-Star/trusted_domain/FreeRTOS-Kernel/queue.c ****                 pxReturn = pxSemaphore->u.xSemaphore.xMutexHolder;
 574:/home/zz/quard-start/Quard-Star/trusted_domain/FreeRTOS-Kernel/queue.c ****             }
 575:/home/zz/quard-start/Quard-Star/trusted_domain/FreeRTOS-Kernel/queue.c ****             else
 576:/home/zz/quard-start/Quard-Star/trusted_domain/FreeRTOS-Kernel/queue.c ****             {
 577:/home/zz/quard-start/Quard-Star/trusted_domain/FreeRTOS-Kernel/queue.c ****                 pxReturn = NULL;
 578:/home/zz/quard-start/Quard-Star/trusted_domain/FreeRTOS-Kernel/queue.c ****             }
 579:/home/zz/quard-start/Quard-Star/trusted_domain/FreeRTOS-Kernel/queue.c ****         }
 580:/home/zz/quard-start/Quard-Star/trusted_domain/FreeRTOS-Kernel/queue.c ****         taskEXIT_CRITICAL();
 581:/home/zz/quard-start/Quard-Star/trusted_domain/FreeRTOS-Kernel/queue.c **** 
 582:/home/zz/quard-start/Quard-Star/trusted_domain/FreeRTOS-Kernel/queue.c ****         return pxReturn;
 583:/home/zz/quard-start/Quard-Star/trusted_domain/FreeRTOS-Kernel/queue.c ****     } /*lint !e818 xSemaphore cannot be a pointer to const because it is a typedef. */
 584:/home/zz/quard-start/Quard-Star/trusted_domain/FreeRTOS-Kernel/queue.c **** 
 585:/home/zz/quard-start/Quard-Star/trusted_domain/FreeRTOS-Kernel/queue.c **** #endif /* if ( ( configUSE_MUTEXES == 1 ) && ( INCLUDE_xSemaphoreGetMutexHolder == 1 ) ) */
 586:/home/zz/quard-start/Quard-Star/trusted_domain/FreeRTOS-Kernel/queue.c **** /*-----------------------------------------------------------*/
 587:/home/zz/quard-start/Quard-Star/trusted_domain/FreeRTOS-Kernel/queue.c **** 
 588:/home/zz/quard-start/Quard-Star/trusted_domain/FreeRTOS-Kernel/queue.c **** #if ( ( configUSE_MUTEXES == 1 ) && ( INCLUDE_xSemaphoreGetMutexHolder == 1 ) )
 589:/home/zz/quard-start/Quard-Star/trusted_domain/FreeRTOS-Kernel/queue.c **** 
 590:/home/zz/quard-start/Quard-Star/trusted_domain/FreeRTOS-Kernel/queue.c ****     TaskHandle_t xQueueGetMutexHolderFromISR( QueueHandle_t xSemaphore )
 591:/home/zz/quard-start/Quard-Star/trusted_domain/FreeRTOS-Kernel/queue.c ****     {
 592:/home/zz/quard-start/Quard-Star/trusted_domain/FreeRTOS-Kernel/queue.c ****         TaskHandle_t pxReturn;
 593:/home/zz/quard-start/Quard-Star/trusted_domain/FreeRTOS-Kernel/queue.c **** 
 594:/home/zz/quard-start/Quard-Star/trusted_domain/FreeRTOS-Kernel/queue.c ****         configASSERT( xSemaphore );
 595:/home/zz/quard-start/Quard-Star/trusted_domain/FreeRTOS-Kernel/queue.c **** 
 596:/home/zz/quard-start/Quard-Star/trusted_domain/FreeRTOS-Kernel/queue.c ****         /* Mutexes cannot be used in interrupt service routines, so the mutex
 597:/home/zz/quard-start/Quard-Star/trusted_domain/FreeRTOS-Kernel/queue.c ****          * holder should not change in an ISR, and therefore a critical section is
 598:/home/zz/quard-start/Quard-Star/trusted_domain/FreeRTOS-Kernel/queue.c ****          * not required here. */
 599:/home/zz/quard-start/Quard-Star/trusted_domain/FreeRTOS-Kernel/queue.c ****         if( ( ( Queue_t * ) xSemaphore )->uxQueueType == queueQUEUE_IS_MUTEX )
 600:/home/zz/quard-start/Quard-Star/trusted_domain/FreeRTOS-Kernel/queue.c ****         {
 601:/home/zz/quard-start/Quard-Star/trusted_domain/FreeRTOS-Kernel/queue.c ****             pxReturn = ( ( Queue_t * ) xSemaphore )->u.xSemaphore.xMutexHolder;
 602:/home/zz/quard-start/Quard-Star/trusted_domain/FreeRTOS-Kernel/queue.c ****         }
 603:/home/zz/quard-start/Quard-Star/trusted_domain/FreeRTOS-Kernel/queue.c ****         else
 604:/home/zz/quard-start/Quard-Star/trusted_domain/FreeRTOS-Kernel/queue.c ****         {
 605:/home/zz/quard-start/Quard-Star/trusted_domain/FreeRTOS-Kernel/queue.c ****             pxReturn = NULL;
 606:/home/zz/quard-start/Quard-Star/trusted_domain/FreeRTOS-Kernel/queue.c ****         }
 607:/home/zz/quard-start/Quard-Star/trusted_domain/FreeRTOS-Kernel/queue.c **** 
 608:/home/zz/quard-start/Quard-Star/trusted_domain/FreeRTOS-Kernel/queue.c ****         return pxReturn;
 609:/home/zz/quard-start/Quard-Star/trusted_domain/FreeRTOS-Kernel/queue.c ****     } /*lint !e818 xSemaphore cannot be a pointer to const because it is a typedef. */
 610:/home/zz/quard-start/Quard-Star/trusted_domain/FreeRTOS-Kernel/queue.c **** 
 611:/home/zz/quard-start/Quard-Star/trusted_domain/FreeRTOS-Kernel/queue.c **** #endif /* if ( ( configUSE_MUTEXES == 1 ) && ( INCLUDE_xSemaphoreGetMutexHolder == 1 ) ) */
 612:/home/zz/quard-start/Quard-Star/trusted_domain/FreeRTOS-Kernel/queue.c **** /*-----------------------------------------------------------*/
 613:/home/zz/quard-start/Quard-Star/trusted_domain/FreeRTOS-Kernel/queue.c **** 
 614:/home/zz/quard-start/Quard-Star/trusted_domain/FreeRTOS-Kernel/queue.c **** #if ( configUSE_RECURSIVE_MUTEXES == 1 )
GAS LISTING /tmp/ccjMK2NG.s 			page 12


 615:/home/zz/quard-start/Quard-Star/trusted_domain/FreeRTOS-Kernel/queue.c **** 
 616:/home/zz/quard-start/Quard-Star/trusted_domain/FreeRTOS-Kernel/queue.c ****     BaseType_t xQueueGiveMutexRecursive( QueueHandle_t xMutex )
 617:/home/zz/quard-start/Quard-Star/trusted_domain/FreeRTOS-Kernel/queue.c ****     {
 618:/home/zz/quard-start/Quard-Star/trusted_domain/FreeRTOS-Kernel/queue.c ****         BaseType_t xReturn;
 619:/home/zz/quard-start/Quard-Star/trusted_domain/FreeRTOS-Kernel/queue.c ****         Queue_t * const pxMutex = ( Queue_t * ) xMutex;
 620:/home/zz/quard-start/Quard-Star/trusted_domain/FreeRTOS-Kernel/queue.c **** 
 621:/home/zz/quard-start/Quard-Star/trusted_domain/FreeRTOS-Kernel/queue.c ****         configASSERT( pxMutex );
 622:/home/zz/quard-start/Quard-Star/trusted_domain/FreeRTOS-Kernel/queue.c **** 
 623:/home/zz/quard-start/Quard-Star/trusted_domain/FreeRTOS-Kernel/queue.c ****         /* If this is the task that holds the mutex then xMutexHolder will not
 624:/home/zz/quard-start/Quard-Star/trusted_domain/FreeRTOS-Kernel/queue.c ****          * change outside of this task.  If this task does not hold the mutex then
 625:/home/zz/quard-start/Quard-Star/trusted_domain/FreeRTOS-Kernel/queue.c ****          * pxMutexHolder can never coincidentally equal the tasks handle, and as
 626:/home/zz/quard-start/Quard-Star/trusted_domain/FreeRTOS-Kernel/queue.c ****          * this is the only condition we are interested in it does not matter if
 627:/home/zz/quard-start/Quard-Star/trusted_domain/FreeRTOS-Kernel/queue.c ****          * pxMutexHolder is accessed simultaneously by another task.  Therefore no
 628:/home/zz/quard-start/Quard-Star/trusted_domain/FreeRTOS-Kernel/queue.c ****          * mutual exclusion is required to test the pxMutexHolder variable. */
 629:/home/zz/quard-start/Quard-Star/trusted_domain/FreeRTOS-Kernel/queue.c ****         if( pxMutex->u.xSemaphore.xMutexHolder == xTaskGetCurrentTaskHandle() )
 630:/home/zz/quard-start/Quard-Star/trusted_domain/FreeRTOS-Kernel/queue.c ****         {
 631:/home/zz/quard-start/Quard-Star/trusted_domain/FreeRTOS-Kernel/queue.c ****             traceGIVE_MUTEX_RECURSIVE( pxMutex );
 632:/home/zz/quard-start/Quard-Star/trusted_domain/FreeRTOS-Kernel/queue.c **** 
 633:/home/zz/quard-start/Quard-Star/trusted_domain/FreeRTOS-Kernel/queue.c ****             /* uxRecursiveCallCount cannot be zero if xMutexHolder is equal to
 634:/home/zz/quard-start/Quard-Star/trusted_domain/FreeRTOS-Kernel/queue.c ****              * the task handle, therefore no underflow check is required.  Also,
 635:/home/zz/quard-start/Quard-Star/trusted_domain/FreeRTOS-Kernel/queue.c ****              * uxRecursiveCallCount is only modified by the mutex holder, and as
 636:/home/zz/quard-start/Quard-Star/trusted_domain/FreeRTOS-Kernel/queue.c ****              * there can only be one, no mutual exclusion is required to modify the
 637:/home/zz/quard-start/Quard-Star/trusted_domain/FreeRTOS-Kernel/queue.c ****              * uxRecursiveCallCount member. */
 638:/home/zz/quard-start/Quard-Star/trusted_domain/FreeRTOS-Kernel/queue.c ****             ( pxMutex->u.xSemaphore.uxRecursiveCallCount )--;
 639:/home/zz/quard-start/Quard-Star/trusted_domain/FreeRTOS-Kernel/queue.c **** 
 640:/home/zz/quard-start/Quard-Star/trusted_domain/FreeRTOS-Kernel/queue.c ****             /* Has the recursive call count unwound to 0? */
 641:/home/zz/quard-start/Quard-Star/trusted_domain/FreeRTOS-Kernel/queue.c ****             if( pxMutex->u.xSemaphore.uxRecursiveCallCount == ( UBaseType_t ) 0 )
 642:/home/zz/quard-start/Quard-Star/trusted_domain/FreeRTOS-Kernel/queue.c ****             {
 643:/home/zz/quard-start/Quard-Star/trusted_domain/FreeRTOS-Kernel/queue.c ****                 /* Return the mutex.  This will automatically unblock any other
 644:/home/zz/quard-start/Quard-Star/trusted_domain/FreeRTOS-Kernel/queue.c ****                  * task that might be waiting to access the mutex. */
 645:/home/zz/quard-start/Quard-Star/trusted_domain/FreeRTOS-Kernel/queue.c ****                 ( void ) xQueueGenericSend( pxMutex, NULL, queueMUTEX_GIVE_BLOCK_TIME, queueSEND_TO
 646:/home/zz/quard-start/Quard-Star/trusted_domain/FreeRTOS-Kernel/queue.c ****             }
 647:/home/zz/quard-start/Quard-Star/trusted_domain/FreeRTOS-Kernel/queue.c ****             else
 648:/home/zz/quard-start/Quard-Star/trusted_domain/FreeRTOS-Kernel/queue.c ****             {
 649:/home/zz/quard-start/Quard-Star/trusted_domain/FreeRTOS-Kernel/queue.c ****                 mtCOVERAGE_TEST_MARKER();
 650:/home/zz/quard-start/Quard-Star/trusted_domain/FreeRTOS-Kernel/queue.c ****             }
 651:/home/zz/quard-start/Quard-Star/trusted_domain/FreeRTOS-Kernel/queue.c **** 
 652:/home/zz/quard-start/Quard-Star/trusted_domain/FreeRTOS-Kernel/queue.c ****             xReturn = pdPASS;
 653:/home/zz/quard-start/Quard-Star/trusted_domain/FreeRTOS-Kernel/queue.c ****         }
 654:/home/zz/quard-start/Quard-Star/trusted_domain/FreeRTOS-Kernel/queue.c ****         else
 655:/home/zz/quard-start/Quard-Star/trusted_domain/FreeRTOS-Kernel/queue.c ****         {
 656:/home/zz/quard-start/Quard-Star/trusted_domain/FreeRTOS-Kernel/queue.c ****             /* The mutex cannot be given because the calling task is not the
 657:/home/zz/quard-start/Quard-Star/trusted_domain/FreeRTOS-Kernel/queue.c ****              * holder. */
 658:/home/zz/quard-start/Quard-Star/trusted_domain/FreeRTOS-Kernel/queue.c ****             xReturn = pdFAIL;
 659:/home/zz/quard-start/Quard-Star/trusted_domain/FreeRTOS-Kernel/queue.c **** 
 660:/home/zz/quard-start/Quard-Star/trusted_domain/FreeRTOS-Kernel/queue.c ****             traceGIVE_MUTEX_RECURSIVE_FAILED( pxMutex );
 661:/home/zz/quard-start/Quard-Star/trusted_domain/FreeRTOS-Kernel/queue.c ****         }
 662:/home/zz/quard-start/Quard-Star/trusted_domain/FreeRTOS-Kernel/queue.c **** 
 663:/home/zz/quard-start/Quard-Star/trusted_domain/FreeRTOS-Kernel/queue.c ****         return xReturn;
 664:/home/zz/quard-start/Quard-Star/trusted_domain/FreeRTOS-Kernel/queue.c ****     }
 665:/home/zz/quard-start/Quard-Star/trusted_domain/FreeRTOS-Kernel/queue.c **** 
 666:/home/zz/quard-start/Quard-Star/trusted_domain/FreeRTOS-Kernel/queue.c **** #endif /* configUSE_RECURSIVE_MUTEXES */
 667:/home/zz/quard-start/Quard-Star/trusted_domain/FreeRTOS-Kernel/queue.c **** /*-----------------------------------------------------------*/
 668:/home/zz/quard-start/Quard-Star/trusted_domain/FreeRTOS-Kernel/queue.c **** 
 669:/home/zz/quard-start/Quard-Star/trusted_domain/FreeRTOS-Kernel/queue.c **** #if ( configUSE_RECURSIVE_MUTEXES == 1 )
 670:/home/zz/quard-start/Quard-Star/trusted_domain/FreeRTOS-Kernel/queue.c **** 
 671:/home/zz/quard-start/Quard-Star/trusted_domain/FreeRTOS-Kernel/queue.c ****     BaseType_t xQueueTakeMutexRecursive( QueueHandle_t xMutex,
GAS LISTING /tmp/ccjMK2NG.s 			page 13


 672:/home/zz/quard-start/Quard-Star/trusted_domain/FreeRTOS-Kernel/queue.c ****                                          TickType_t xTicksToWait )
 673:/home/zz/quard-start/Quard-Star/trusted_domain/FreeRTOS-Kernel/queue.c ****     {
 674:/home/zz/quard-start/Quard-Star/trusted_domain/FreeRTOS-Kernel/queue.c ****         BaseType_t xReturn;
 675:/home/zz/quard-start/Quard-Star/trusted_domain/FreeRTOS-Kernel/queue.c ****         Queue_t * const pxMutex = ( Queue_t * ) xMutex;
 676:/home/zz/quard-start/Quard-Star/trusted_domain/FreeRTOS-Kernel/queue.c **** 
 677:/home/zz/quard-start/Quard-Star/trusted_domain/FreeRTOS-Kernel/queue.c ****         configASSERT( pxMutex );
 678:/home/zz/quard-start/Quard-Star/trusted_domain/FreeRTOS-Kernel/queue.c **** 
 679:/home/zz/quard-start/Quard-Star/trusted_domain/FreeRTOS-Kernel/queue.c ****         /* Comments regarding mutual exclusion as per those within
 680:/home/zz/quard-start/Quard-Star/trusted_domain/FreeRTOS-Kernel/queue.c ****          * xQueueGiveMutexRecursive(). */
 681:/home/zz/quard-start/Quard-Star/trusted_domain/FreeRTOS-Kernel/queue.c **** 
 682:/home/zz/quard-start/Quard-Star/trusted_domain/FreeRTOS-Kernel/queue.c ****         traceTAKE_MUTEX_RECURSIVE( pxMutex );
 683:/home/zz/quard-start/Quard-Star/trusted_domain/FreeRTOS-Kernel/queue.c **** 
 684:/home/zz/quard-start/Quard-Star/trusted_domain/FreeRTOS-Kernel/queue.c ****         if( pxMutex->u.xSemaphore.xMutexHolder == xTaskGetCurrentTaskHandle() )
 685:/home/zz/quard-start/Quard-Star/trusted_domain/FreeRTOS-Kernel/queue.c ****         {
 686:/home/zz/quard-start/Quard-Star/trusted_domain/FreeRTOS-Kernel/queue.c ****             ( pxMutex->u.xSemaphore.uxRecursiveCallCount )++;
 687:/home/zz/quard-start/Quard-Star/trusted_domain/FreeRTOS-Kernel/queue.c ****             xReturn = pdPASS;
 688:/home/zz/quard-start/Quard-Star/trusted_domain/FreeRTOS-Kernel/queue.c ****         }
 689:/home/zz/quard-start/Quard-Star/trusted_domain/FreeRTOS-Kernel/queue.c ****         else
 690:/home/zz/quard-start/Quard-Star/trusted_domain/FreeRTOS-Kernel/queue.c ****         {
 691:/home/zz/quard-start/Quard-Star/trusted_domain/FreeRTOS-Kernel/queue.c ****             xReturn = xQueueSemaphoreTake( pxMutex, xTicksToWait );
 692:/home/zz/quard-start/Quard-Star/trusted_domain/FreeRTOS-Kernel/queue.c **** 
 693:/home/zz/quard-start/Quard-Star/trusted_domain/FreeRTOS-Kernel/queue.c ****             /* pdPASS will only be returned if the mutex was successfully
 694:/home/zz/quard-start/Quard-Star/trusted_domain/FreeRTOS-Kernel/queue.c ****              * obtained.  The calling task may have entered the Blocked state
 695:/home/zz/quard-start/Quard-Star/trusted_domain/FreeRTOS-Kernel/queue.c ****              * before reaching here. */
 696:/home/zz/quard-start/Quard-Star/trusted_domain/FreeRTOS-Kernel/queue.c ****             if( xReturn != pdFAIL )
 697:/home/zz/quard-start/Quard-Star/trusted_domain/FreeRTOS-Kernel/queue.c ****             {
 698:/home/zz/quard-start/Quard-Star/trusted_domain/FreeRTOS-Kernel/queue.c ****                 ( pxMutex->u.xSemaphore.uxRecursiveCallCount )++;
 699:/home/zz/quard-start/Quard-Star/trusted_domain/FreeRTOS-Kernel/queue.c ****             }
 700:/home/zz/quard-start/Quard-Star/trusted_domain/FreeRTOS-Kernel/queue.c ****             else
 701:/home/zz/quard-start/Quard-Star/trusted_domain/FreeRTOS-Kernel/queue.c ****             {
 702:/home/zz/quard-start/Quard-Star/trusted_domain/FreeRTOS-Kernel/queue.c ****                 traceTAKE_MUTEX_RECURSIVE_FAILED( pxMutex );
 703:/home/zz/quard-start/Quard-Star/trusted_domain/FreeRTOS-Kernel/queue.c ****             }
 704:/home/zz/quard-start/Quard-Star/trusted_domain/FreeRTOS-Kernel/queue.c ****         }
 705:/home/zz/quard-start/Quard-Star/trusted_domain/FreeRTOS-Kernel/queue.c **** 
 706:/home/zz/quard-start/Quard-Star/trusted_domain/FreeRTOS-Kernel/queue.c ****         return xReturn;
 707:/home/zz/quard-start/Quard-Star/trusted_domain/FreeRTOS-Kernel/queue.c ****     }
 708:/home/zz/quard-start/Quard-Star/trusted_domain/FreeRTOS-Kernel/queue.c **** 
 709:/home/zz/quard-start/Quard-Star/trusted_domain/FreeRTOS-Kernel/queue.c **** #endif /* configUSE_RECURSIVE_MUTEXES */
 710:/home/zz/quard-start/Quard-Star/trusted_domain/FreeRTOS-Kernel/queue.c **** /*-----------------------------------------------------------*/
 711:/home/zz/quard-start/Quard-Star/trusted_domain/FreeRTOS-Kernel/queue.c **** 
 712:/home/zz/quard-start/Quard-Star/trusted_domain/FreeRTOS-Kernel/queue.c **** #if ( ( configUSE_COUNTING_SEMAPHORES == 1 ) && ( configSUPPORT_STATIC_ALLOCATION == 1 ) )
 713:/home/zz/quard-start/Quard-Star/trusted_domain/FreeRTOS-Kernel/queue.c **** 
 714:/home/zz/quard-start/Quard-Star/trusted_domain/FreeRTOS-Kernel/queue.c ****     QueueHandle_t xQueueCreateCountingSemaphoreStatic( const UBaseType_t uxMaxCount,
 715:/home/zz/quard-start/Quard-Star/trusted_domain/FreeRTOS-Kernel/queue.c ****                                                        const UBaseType_t uxInitialCount,
 716:/home/zz/quard-start/Quard-Star/trusted_domain/FreeRTOS-Kernel/queue.c ****                                                        StaticQueue_t * pxStaticQueue )
 717:/home/zz/quard-start/Quard-Star/trusted_domain/FreeRTOS-Kernel/queue.c ****     {
 718:/home/zz/quard-start/Quard-Star/trusted_domain/FreeRTOS-Kernel/queue.c ****         QueueHandle_t xHandle;
 719:/home/zz/quard-start/Quard-Star/trusted_domain/FreeRTOS-Kernel/queue.c **** 
 720:/home/zz/quard-start/Quard-Star/trusted_domain/FreeRTOS-Kernel/queue.c ****         configASSERT( uxMaxCount != 0 );
 721:/home/zz/quard-start/Quard-Star/trusted_domain/FreeRTOS-Kernel/queue.c ****         configASSERT( uxInitialCount <= uxMaxCount );
 722:/home/zz/quard-start/Quard-Star/trusted_domain/FreeRTOS-Kernel/queue.c **** 
 723:/home/zz/quard-start/Quard-Star/trusted_domain/FreeRTOS-Kernel/queue.c ****         xHandle = xQueueGenericCreateStatic( uxMaxCount, queueSEMAPHORE_QUEUE_ITEM_LENGTH, NULL, px
 724:/home/zz/quard-start/Quard-Star/trusted_domain/FreeRTOS-Kernel/queue.c **** 
 725:/home/zz/quard-start/Quard-Star/trusted_domain/FreeRTOS-Kernel/queue.c ****         if( xHandle != NULL )
 726:/home/zz/quard-start/Quard-Star/trusted_domain/FreeRTOS-Kernel/queue.c ****         {
 727:/home/zz/quard-start/Quard-Star/trusted_domain/FreeRTOS-Kernel/queue.c ****             ( ( Queue_t * ) xHandle )->uxMessagesWaiting = uxInitialCount;
 728:/home/zz/quard-start/Quard-Star/trusted_domain/FreeRTOS-Kernel/queue.c **** 
GAS LISTING /tmp/ccjMK2NG.s 			page 14


 729:/home/zz/quard-start/Quard-Star/trusted_domain/FreeRTOS-Kernel/queue.c ****             traceCREATE_COUNTING_SEMAPHORE();
 730:/home/zz/quard-start/Quard-Star/trusted_domain/FreeRTOS-Kernel/queue.c ****         }
 731:/home/zz/quard-start/Quard-Star/trusted_domain/FreeRTOS-Kernel/queue.c ****         else
 732:/home/zz/quard-start/Quard-Star/trusted_domain/FreeRTOS-Kernel/queue.c ****         {
 733:/home/zz/quard-start/Quard-Star/trusted_domain/FreeRTOS-Kernel/queue.c ****             traceCREATE_COUNTING_SEMAPHORE_FAILED();
 734:/home/zz/quard-start/Quard-Star/trusted_domain/FreeRTOS-Kernel/queue.c ****         }
 735:/home/zz/quard-start/Quard-Star/trusted_domain/FreeRTOS-Kernel/queue.c **** 
 736:/home/zz/quard-start/Quard-Star/trusted_domain/FreeRTOS-Kernel/queue.c ****         return xHandle;
 737:/home/zz/quard-start/Quard-Star/trusted_domain/FreeRTOS-Kernel/queue.c ****     }
 738:/home/zz/quard-start/Quard-Star/trusted_domain/FreeRTOS-Kernel/queue.c **** 
 739:/home/zz/quard-start/Quard-Star/trusted_domain/FreeRTOS-Kernel/queue.c **** #endif /* ( ( configUSE_COUNTING_SEMAPHORES == 1 ) && ( configSUPPORT_DYNAMIC_ALLOCATION == 1 ) ) *
 740:/home/zz/quard-start/Quard-Star/trusted_domain/FreeRTOS-Kernel/queue.c **** /*-----------------------------------------------------------*/
 741:/home/zz/quard-start/Quard-Star/trusted_domain/FreeRTOS-Kernel/queue.c **** 
 742:/home/zz/quard-start/Quard-Star/trusted_domain/FreeRTOS-Kernel/queue.c **** #if ( ( configUSE_COUNTING_SEMAPHORES == 1 ) && ( configSUPPORT_DYNAMIC_ALLOCATION == 1 ) )
 743:/home/zz/quard-start/Quard-Star/trusted_domain/FreeRTOS-Kernel/queue.c **** 
 744:/home/zz/quard-start/Quard-Star/trusted_domain/FreeRTOS-Kernel/queue.c ****     QueueHandle_t xQueueCreateCountingSemaphore( const UBaseType_t uxMaxCount,
 745:/home/zz/quard-start/Quard-Star/trusted_domain/FreeRTOS-Kernel/queue.c ****                                                  const UBaseType_t uxInitialCount )
 746:/home/zz/quard-start/Quard-Star/trusted_domain/FreeRTOS-Kernel/queue.c ****     {
 747:/home/zz/quard-start/Quard-Star/trusted_domain/FreeRTOS-Kernel/queue.c ****         QueueHandle_t xHandle;
 748:/home/zz/quard-start/Quard-Star/trusted_domain/FreeRTOS-Kernel/queue.c **** 
 749:/home/zz/quard-start/Quard-Star/trusted_domain/FreeRTOS-Kernel/queue.c ****         configASSERT( uxMaxCount != 0 );
 750:/home/zz/quard-start/Quard-Star/trusted_domain/FreeRTOS-Kernel/queue.c ****         configASSERT( uxInitialCount <= uxMaxCount );
 751:/home/zz/quard-start/Quard-Star/trusted_domain/FreeRTOS-Kernel/queue.c **** 
 752:/home/zz/quard-start/Quard-Star/trusted_domain/FreeRTOS-Kernel/queue.c ****         xHandle = xQueueGenericCreate( uxMaxCount, queueSEMAPHORE_QUEUE_ITEM_LENGTH, queueQUEUE_TYP
 753:/home/zz/quard-start/Quard-Star/trusted_domain/FreeRTOS-Kernel/queue.c **** 
 754:/home/zz/quard-start/Quard-Star/trusted_domain/FreeRTOS-Kernel/queue.c ****         if( xHandle != NULL )
 755:/home/zz/quard-start/Quard-Star/trusted_domain/FreeRTOS-Kernel/queue.c ****         {
 756:/home/zz/quard-start/Quard-Star/trusted_domain/FreeRTOS-Kernel/queue.c ****             ( ( Queue_t * ) xHandle )->uxMessagesWaiting = uxInitialCount;
 757:/home/zz/quard-start/Quard-Star/trusted_domain/FreeRTOS-Kernel/queue.c **** 
 758:/home/zz/quard-start/Quard-Star/trusted_domain/FreeRTOS-Kernel/queue.c ****             traceCREATE_COUNTING_SEMAPHORE();
 759:/home/zz/quard-start/Quard-Star/trusted_domain/FreeRTOS-Kernel/queue.c ****         }
 760:/home/zz/quard-start/Quard-Star/trusted_domain/FreeRTOS-Kernel/queue.c ****         else
 761:/home/zz/quard-start/Quard-Star/trusted_domain/FreeRTOS-Kernel/queue.c ****         {
 762:/home/zz/quard-start/Quard-Star/trusted_domain/FreeRTOS-Kernel/queue.c ****             traceCREATE_COUNTING_SEMAPHORE_FAILED();
 763:/home/zz/quard-start/Quard-Star/trusted_domain/FreeRTOS-Kernel/queue.c ****         }
 764:/home/zz/quard-start/Quard-Star/trusted_domain/FreeRTOS-Kernel/queue.c **** 
 765:/home/zz/quard-start/Quard-Star/trusted_domain/FreeRTOS-Kernel/queue.c ****         return xHandle;
 766:/home/zz/quard-start/Quard-Star/trusted_domain/FreeRTOS-Kernel/queue.c ****     }
 767:/home/zz/quard-start/Quard-Star/trusted_domain/FreeRTOS-Kernel/queue.c **** 
 768:/home/zz/quard-start/Quard-Star/trusted_domain/FreeRTOS-Kernel/queue.c **** #endif /* ( ( configUSE_COUNTING_SEMAPHORES == 1 ) && ( configSUPPORT_DYNAMIC_ALLOCATION == 1 ) ) *
 769:/home/zz/quard-start/Quard-Star/trusted_domain/FreeRTOS-Kernel/queue.c **** /*-----------------------------------------------------------*/
 770:/home/zz/quard-start/Quard-Star/trusted_domain/FreeRTOS-Kernel/queue.c **** 
 771:/home/zz/quard-start/Quard-Star/trusted_domain/FreeRTOS-Kernel/queue.c **** BaseType_t xQueueGenericSend( QueueHandle_t xQueue,
 772:/home/zz/quard-start/Quard-Star/trusted_domain/FreeRTOS-Kernel/queue.c ****                               const void * const pvItemToQueue,
 773:/home/zz/quard-start/Quard-Star/trusted_domain/FreeRTOS-Kernel/queue.c ****                               TickType_t xTicksToWait,
 774:/home/zz/quard-start/Quard-Star/trusted_domain/FreeRTOS-Kernel/queue.c ****                               const BaseType_t xCopyPosition )
 775:/home/zz/quard-start/Quard-Star/trusted_domain/FreeRTOS-Kernel/queue.c **** {
 776:/home/zz/quard-start/Quard-Star/trusted_domain/FreeRTOS-Kernel/queue.c ****     BaseType_t xEntryTimeSet = pdFALSE, xYieldRequired;
 777:/home/zz/quard-start/Quard-Star/trusted_domain/FreeRTOS-Kernel/queue.c ****     TimeOut_t xTimeOut;
 778:/home/zz/quard-start/Quard-Star/trusted_domain/FreeRTOS-Kernel/queue.c ****     Queue_t * const pxQueue = xQueue;
 779:/home/zz/quard-start/Quard-Star/trusted_domain/FreeRTOS-Kernel/queue.c **** 
 780:/home/zz/quard-start/Quard-Star/trusted_domain/FreeRTOS-Kernel/queue.c ****     configASSERT( pxQueue );
 781:/home/zz/quard-start/Quard-Star/trusted_domain/FreeRTOS-Kernel/queue.c ****     configASSERT( !( ( pvItemToQueue == NULL ) && ( pxQueue->uxItemSize != ( UBaseType_t ) 0U ) ) )
 782:/home/zz/quard-start/Quard-Star/trusted_domain/FreeRTOS-Kernel/queue.c ****     configASSERT( !( ( xCopyPosition == queueOVERWRITE ) && ( pxQueue->uxLength != 1 ) ) );
 783:/home/zz/quard-start/Quard-Star/trusted_domain/FreeRTOS-Kernel/queue.c ****     #if ( ( INCLUDE_xTaskGetSchedulerState == 1 ) || ( configUSE_TIMERS == 1 ) )
 784:/home/zz/quard-start/Quard-Star/trusted_domain/FreeRTOS-Kernel/queue.c ****         {
 785:/home/zz/quard-start/Quard-Star/trusted_domain/FreeRTOS-Kernel/queue.c ****             configASSERT( !( ( xTaskGetSchedulerState() == taskSCHEDULER_SUSPENDED ) && ( xTicksToW
GAS LISTING /tmp/ccjMK2NG.s 			page 15


 786:/home/zz/quard-start/Quard-Star/trusted_domain/FreeRTOS-Kernel/queue.c ****         }
 787:/home/zz/quard-start/Quard-Star/trusted_domain/FreeRTOS-Kernel/queue.c ****     #endif
 788:/home/zz/quard-start/Quard-Star/trusted_domain/FreeRTOS-Kernel/queue.c **** 
 789:/home/zz/quard-start/Quard-Star/trusted_domain/FreeRTOS-Kernel/queue.c ****     /*lint -save -e904 This function relaxes the coding standard somewhat to
 790:/home/zz/quard-start/Quard-Star/trusted_domain/FreeRTOS-Kernel/queue.c ****      * allow return statements within the function itself.  This is done in the
 791:/home/zz/quard-start/Quard-Star/trusted_domain/FreeRTOS-Kernel/queue.c ****      * interest of execution time efficiency. */
 792:/home/zz/quard-start/Quard-Star/trusted_domain/FreeRTOS-Kernel/queue.c ****     for( ; ; )
 793:/home/zz/quard-start/Quard-Star/trusted_domain/FreeRTOS-Kernel/queue.c ****     {
 794:/home/zz/quard-start/Quard-Star/trusted_domain/FreeRTOS-Kernel/queue.c ****         taskENTER_CRITICAL();
 795:/home/zz/quard-start/Quard-Star/trusted_domain/FreeRTOS-Kernel/queue.c ****         {
 796:/home/zz/quard-start/Quard-Star/trusted_domain/FreeRTOS-Kernel/queue.c ****             /* Is there room on the queue now?  The running task must be the
 797:/home/zz/quard-start/Quard-Star/trusted_domain/FreeRTOS-Kernel/queue.c ****              * highest priority task wanting to access the queue.  If the head item
 798:/home/zz/quard-start/Quard-Star/trusted_domain/FreeRTOS-Kernel/queue.c ****              * in the queue is to be overwritten then it does not matter if the
 799:/home/zz/quard-start/Quard-Star/trusted_domain/FreeRTOS-Kernel/queue.c ****              * queue is full. */
 800:/home/zz/quard-start/Quard-Star/trusted_domain/FreeRTOS-Kernel/queue.c ****             if( ( pxQueue->uxMessagesWaiting < pxQueue->uxLength ) || ( xCopyPosition == queueOVERW
 801:/home/zz/quard-start/Quard-Star/trusted_domain/FreeRTOS-Kernel/queue.c ****             {
 802:/home/zz/quard-start/Quard-Star/trusted_domain/FreeRTOS-Kernel/queue.c ****                 traceQUEUE_SEND( pxQueue );
 803:/home/zz/quard-start/Quard-Star/trusted_domain/FreeRTOS-Kernel/queue.c **** 
 804:/home/zz/quard-start/Quard-Star/trusted_domain/FreeRTOS-Kernel/queue.c ****                 #if ( configUSE_QUEUE_SETS == 1 )
 805:/home/zz/quard-start/Quard-Star/trusted_domain/FreeRTOS-Kernel/queue.c ****                     {
 806:/home/zz/quard-start/Quard-Star/trusted_domain/FreeRTOS-Kernel/queue.c ****                         const UBaseType_t uxPreviousMessagesWaiting = pxQueue->uxMessagesWaiting;
 807:/home/zz/quard-start/Quard-Star/trusted_domain/FreeRTOS-Kernel/queue.c **** 
 808:/home/zz/quard-start/Quard-Star/trusted_domain/FreeRTOS-Kernel/queue.c ****                         xYieldRequired = prvCopyDataToQueue( pxQueue, pvItemToQueue, xCopyPosition 
 809:/home/zz/quard-start/Quard-Star/trusted_domain/FreeRTOS-Kernel/queue.c **** 
 810:/home/zz/quard-start/Quard-Star/trusted_domain/FreeRTOS-Kernel/queue.c ****                         if( pxQueue->pxQueueSetContainer != NULL )
 811:/home/zz/quard-start/Quard-Star/trusted_domain/FreeRTOS-Kernel/queue.c ****                         {
 812:/home/zz/quard-start/Quard-Star/trusted_domain/FreeRTOS-Kernel/queue.c ****                             if( ( xCopyPosition == queueOVERWRITE ) && ( uxPreviousMessagesWaiting 
 813:/home/zz/quard-start/Quard-Star/trusted_domain/FreeRTOS-Kernel/queue.c ****                             {
 814:/home/zz/quard-start/Quard-Star/trusted_domain/FreeRTOS-Kernel/queue.c ****                                 /* Do not notify the queue set as an existing item
 815:/home/zz/quard-start/Quard-Star/trusted_domain/FreeRTOS-Kernel/queue.c ****                                  * was overwritten in the queue so the number of items
 816:/home/zz/quard-start/Quard-Star/trusted_domain/FreeRTOS-Kernel/queue.c ****                                  * in the queue has not changed. */
 817:/home/zz/quard-start/Quard-Star/trusted_domain/FreeRTOS-Kernel/queue.c ****                                 mtCOVERAGE_TEST_MARKER();
 818:/home/zz/quard-start/Quard-Star/trusted_domain/FreeRTOS-Kernel/queue.c ****                             }
 819:/home/zz/quard-start/Quard-Star/trusted_domain/FreeRTOS-Kernel/queue.c ****                             else if( prvNotifyQueueSetContainer( pxQueue ) != pdFALSE )
 820:/home/zz/quard-start/Quard-Star/trusted_domain/FreeRTOS-Kernel/queue.c ****                             {
 821:/home/zz/quard-start/Quard-Star/trusted_domain/FreeRTOS-Kernel/queue.c ****                                 /* The queue is a member of a queue set, and posting
 822:/home/zz/quard-start/Quard-Star/trusted_domain/FreeRTOS-Kernel/queue.c ****                                  * to the queue set caused a higher priority task to
 823:/home/zz/quard-start/Quard-Star/trusted_domain/FreeRTOS-Kernel/queue.c ****                                  * unblock. A context switch is required. */
 824:/home/zz/quard-start/Quard-Star/trusted_domain/FreeRTOS-Kernel/queue.c ****                                 queueYIELD_IF_USING_PREEMPTION();
 825:/home/zz/quard-start/Quard-Star/trusted_domain/FreeRTOS-Kernel/queue.c ****                             }
 826:/home/zz/quard-start/Quard-Star/trusted_domain/FreeRTOS-Kernel/queue.c ****                             else
 827:/home/zz/quard-start/Quard-Star/trusted_domain/FreeRTOS-Kernel/queue.c ****                             {
 828:/home/zz/quard-start/Quard-Star/trusted_domain/FreeRTOS-Kernel/queue.c ****                                 mtCOVERAGE_TEST_MARKER();
 829:/home/zz/quard-start/Quard-Star/trusted_domain/FreeRTOS-Kernel/queue.c ****                             }
 830:/home/zz/quard-start/Quard-Star/trusted_domain/FreeRTOS-Kernel/queue.c ****                         }
 831:/home/zz/quard-start/Quard-Star/trusted_domain/FreeRTOS-Kernel/queue.c ****                         else
 832:/home/zz/quard-start/Quard-Star/trusted_domain/FreeRTOS-Kernel/queue.c ****                         {
 833:/home/zz/quard-start/Quard-Star/trusted_domain/FreeRTOS-Kernel/queue.c ****                             /* If there was a task waiting for data to arrive on the
 834:/home/zz/quard-start/Quard-Star/trusted_domain/FreeRTOS-Kernel/queue.c ****                              * queue then unblock it now. */
 835:/home/zz/quard-start/Quard-Star/trusted_domain/FreeRTOS-Kernel/queue.c ****                             if( listLIST_IS_EMPTY( &( pxQueue->xTasksWaitingToReceive ) ) == pdFALS
 836:/home/zz/quard-start/Quard-Star/trusted_domain/FreeRTOS-Kernel/queue.c ****                             {
 837:/home/zz/quard-start/Quard-Star/trusted_domain/FreeRTOS-Kernel/queue.c ****                                 if( xTaskRemoveFromEventList( &( pxQueue->xTasksWaitingToReceive ) 
 838:/home/zz/quard-start/Quard-Star/trusted_domain/FreeRTOS-Kernel/queue.c ****                                 {
 839:/home/zz/quard-start/Quard-Star/trusted_domain/FreeRTOS-Kernel/queue.c ****                                     /* The unblocked task has a priority higher than
 840:/home/zz/quard-start/Quard-Star/trusted_domain/FreeRTOS-Kernel/queue.c ****                                      * our own so yield immediately.  Yes it is ok to
 841:/home/zz/quard-start/Quard-Star/trusted_domain/FreeRTOS-Kernel/queue.c ****                                      * do this from within the critical section - the
 842:/home/zz/quard-start/Quard-Star/trusted_domain/FreeRTOS-Kernel/queue.c ****                                      * kernel takes care of that. */
GAS LISTING /tmp/ccjMK2NG.s 			page 16


 843:/home/zz/quard-start/Quard-Star/trusted_domain/FreeRTOS-Kernel/queue.c ****                                     queueYIELD_IF_USING_PREEMPTION();
 844:/home/zz/quard-start/Quard-Star/trusted_domain/FreeRTOS-Kernel/queue.c ****                                 }
 845:/home/zz/quard-start/Quard-Star/trusted_domain/FreeRTOS-Kernel/queue.c ****                                 else
 846:/home/zz/quard-start/Quard-Star/trusted_domain/FreeRTOS-Kernel/queue.c ****                                 {
 847:/home/zz/quard-start/Quard-Star/trusted_domain/FreeRTOS-Kernel/queue.c ****                                     mtCOVERAGE_TEST_MARKER();
 848:/home/zz/quard-start/Quard-Star/trusted_domain/FreeRTOS-Kernel/queue.c ****                                 }
 849:/home/zz/quard-start/Quard-Star/trusted_domain/FreeRTOS-Kernel/queue.c ****                             }
 850:/home/zz/quard-start/Quard-Star/trusted_domain/FreeRTOS-Kernel/queue.c ****                             else if( xYieldRequired != pdFALSE )
 851:/home/zz/quard-start/Quard-Star/trusted_domain/FreeRTOS-Kernel/queue.c ****                             {
 852:/home/zz/quard-start/Quard-Star/trusted_domain/FreeRTOS-Kernel/queue.c ****                                 /* This path is a special case that will only get
 853:/home/zz/quard-start/Quard-Star/trusted_domain/FreeRTOS-Kernel/queue.c ****                                  * executed if the task was holding multiple mutexes
 854:/home/zz/quard-start/Quard-Star/trusted_domain/FreeRTOS-Kernel/queue.c ****                                  * and the mutexes were given back in an order that is
 855:/home/zz/quard-start/Quard-Star/trusted_domain/FreeRTOS-Kernel/queue.c ****                                  * different to that in which they were taken. */
 856:/home/zz/quard-start/Quard-Star/trusted_domain/FreeRTOS-Kernel/queue.c ****                                 queueYIELD_IF_USING_PREEMPTION();
 857:/home/zz/quard-start/Quard-Star/trusted_domain/FreeRTOS-Kernel/queue.c ****                             }
 858:/home/zz/quard-start/Quard-Star/trusted_domain/FreeRTOS-Kernel/queue.c ****                             else
 859:/home/zz/quard-start/Quard-Star/trusted_domain/FreeRTOS-Kernel/queue.c ****                             {
 860:/home/zz/quard-start/Quard-Star/trusted_domain/FreeRTOS-Kernel/queue.c ****                                 mtCOVERAGE_TEST_MARKER();
 861:/home/zz/quard-start/Quard-Star/trusted_domain/FreeRTOS-Kernel/queue.c ****                             }
 862:/home/zz/quard-start/Quard-Star/trusted_domain/FreeRTOS-Kernel/queue.c ****                         }
 863:/home/zz/quard-start/Quard-Star/trusted_domain/FreeRTOS-Kernel/queue.c ****                     }
 864:/home/zz/quard-start/Quard-Star/trusted_domain/FreeRTOS-Kernel/queue.c ****                 #else /* configUSE_QUEUE_SETS */
 865:/home/zz/quard-start/Quard-Star/trusted_domain/FreeRTOS-Kernel/queue.c ****                     {
 866:/home/zz/quard-start/Quard-Star/trusted_domain/FreeRTOS-Kernel/queue.c ****                         xYieldRequired = prvCopyDataToQueue( pxQueue, pvItemToQueue, xCopyPosition 
 867:/home/zz/quard-start/Quard-Star/trusted_domain/FreeRTOS-Kernel/queue.c **** 
 868:/home/zz/quard-start/Quard-Star/trusted_domain/FreeRTOS-Kernel/queue.c ****                         /* If there was a task waiting for data to arrive on the
 869:/home/zz/quard-start/Quard-Star/trusted_domain/FreeRTOS-Kernel/queue.c ****                          * queue then unblock it now. */
 870:/home/zz/quard-start/Quard-Star/trusted_domain/FreeRTOS-Kernel/queue.c ****                         //判断等待读取的任务链表是否为空
 871:/home/zz/quard-start/Quard-Star/trusted_domain/FreeRTOS-Kernel/queue.c ****                         if( listLIST_IS_EMPTY( &( pxQueue->xTasksWaitingToReceive ) ) == pdFALSE )
 872:/home/zz/quard-start/Quard-Star/trusted_domain/FreeRTOS-Kernel/queue.c ****                         {
 873:/home/zz/quard-start/Quard-Star/trusted_domain/FreeRTOS-Kernel/queue.c ****                             //从Receive链表中移除任务，并且将移除的任务唤醒添�
 874:/home/zz/quard-start/Quard-Star/trusted_domain/FreeRTOS-Kernel/queue.c ****                             if( xTaskRemoveFromEventList( &( pxQueue->xTasksWaitingToReceive ) ) !=
 875:/home/zz/quard-start/Quard-Star/trusted_domain/FreeRTOS-Kernel/queue.c ****                             {
 876:/home/zz/quard-start/Quard-Star/trusted_domain/FreeRTOS-Kernel/queue.c ****                                 /* The unblocked task has a priority higher than
 877:/home/zz/quard-start/Quard-Star/trusted_domain/FreeRTOS-Kernel/queue.c ****                                  * our own so yield immediately.  Yes it is ok to do
 878:/home/zz/quard-start/Quard-Star/trusted_domain/FreeRTOS-Kernel/queue.c ****                                  * this from within the critical section - the kernel
 879:/home/zz/quard-start/Quard-Star/trusted_domain/FreeRTOS-Kernel/queue.c ****                                  * takes care of that. */
 880:/home/zz/quard-start/Quard-Star/trusted_domain/FreeRTOS-Kernel/queue.c ****                                 //执行任务切换
 881:/home/zz/quard-start/Quard-Star/trusted_domain/FreeRTOS-Kernel/queue.c ****                                 queueYIELD_IF_USING_PREEMPTION();
 882:/home/zz/quard-start/Quard-Star/trusted_domain/FreeRTOS-Kernel/queue.c ****                             }
 883:/home/zz/quard-start/Quard-Star/trusted_domain/FreeRTOS-Kernel/queue.c ****                             else
 884:/home/zz/quard-start/Quard-Star/trusted_domain/FreeRTOS-Kernel/queue.c ****                             {
 885:/home/zz/quard-start/Quard-Star/trusted_domain/FreeRTOS-Kernel/queue.c ****                                 mtCOVERAGE_TEST_MARKER();
 886:/home/zz/quard-start/Quard-Star/trusted_domain/FreeRTOS-Kernel/queue.c ****                             }
 887:/home/zz/quard-start/Quard-Star/trusted_domain/FreeRTOS-Kernel/queue.c ****                         }
 888:/home/zz/quard-start/Quard-Star/trusted_domain/FreeRTOS-Kernel/queue.c ****                         else if( xYieldRequired != pdFALSE )
 889:/home/zz/quard-start/Quard-Star/trusted_domain/FreeRTOS-Kernel/queue.c ****                         {
 890:/home/zz/quard-start/Quard-Star/trusted_domain/FreeRTOS-Kernel/queue.c ****                             /* This path is a special case that will only get
 891:/home/zz/quard-start/Quard-Star/trusted_domain/FreeRTOS-Kernel/queue.c ****                              * executed if the task was holding multiple mutexes and
 892:/home/zz/quard-start/Quard-Star/trusted_domain/FreeRTOS-Kernel/queue.c ****                              * the mutexes were given back in an order that is
 893:/home/zz/quard-start/Quard-Star/trusted_domain/FreeRTOS-Kernel/queue.c ****                              * different to that in which they were taken. */
 894:/home/zz/quard-start/Quard-Star/trusted_domain/FreeRTOS-Kernel/queue.c ****                             queueYIELD_IF_USING_PREEMPTION();
 895:/home/zz/quard-start/Quard-Star/trusted_domain/FreeRTOS-Kernel/queue.c ****                         }
 896:/home/zz/quard-start/Quard-Star/trusted_domain/FreeRTOS-Kernel/queue.c ****                         else
 897:/home/zz/quard-start/Quard-Star/trusted_domain/FreeRTOS-Kernel/queue.c ****                         {
 898:/home/zz/quard-start/Quard-Star/trusted_domain/FreeRTOS-Kernel/queue.c ****                             mtCOVERAGE_TEST_MARKER();
 899:/home/zz/quard-start/Quard-Star/trusted_domain/FreeRTOS-Kernel/queue.c ****                         }
GAS LISTING /tmp/ccjMK2NG.s 			page 17


 900:/home/zz/quard-start/Quard-Star/trusted_domain/FreeRTOS-Kernel/queue.c ****                     }
 901:/home/zz/quard-start/Quard-Star/trusted_domain/FreeRTOS-Kernel/queue.c ****                 #endif /* configUSE_QUEUE_SETS */
 902:/home/zz/quard-start/Quard-Star/trusted_domain/FreeRTOS-Kernel/queue.c **** 
 903:/home/zz/quard-start/Quard-Star/trusted_domain/FreeRTOS-Kernel/queue.c ****                 taskEXIT_CRITICAL();
 904:/home/zz/quard-start/Quard-Star/trusted_domain/FreeRTOS-Kernel/queue.c ****                 return pdPASS;
 905:/home/zz/quard-start/Quard-Star/trusted_domain/FreeRTOS-Kernel/queue.c ****             }
 906:/home/zz/quard-start/Quard-Star/trusted_domain/FreeRTOS-Kernel/queue.c ****             else
 907:/home/zz/quard-start/Quard-Star/trusted_domain/FreeRTOS-Kernel/queue.c ****             {
 908:/home/zz/quard-start/Quard-Star/trusted_domain/FreeRTOS-Kernel/queue.c ****                 if( xTicksToWait == ( TickType_t ) 0 )
 909:/home/zz/quard-start/Quard-Star/trusted_domain/FreeRTOS-Kernel/queue.c ****                 {
 910:/home/zz/quard-start/Quard-Star/trusted_domain/FreeRTOS-Kernel/queue.c ****                     /* The queue was full and no block time is specified (or
 911:/home/zz/quard-start/Quard-Star/trusted_domain/FreeRTOS-Kernel/queue.c ****                      * the block time has expired) so leave now. */
 912:/home/zz/quard-start/Quard-Star/trusted_domain/FreeRTOS-Kernel/queue.c ****                     taskEXIT_CRITICAL();
 913:/home/zz/quard-start/Quard-Star/trusted_domain/FreeRTOS-Kernel/queue.c **** 
 914:/home/zz/quard-start/Quard-Star/trusted_domain/FreeRTOS-Kernel/queue.c ****                     /* Return to the original privilege level before exiting
 915:/home/zz/quard-start/Quard-Star/trusted_domain/FreeRTOS-Kernel/queue.c ****                      * the function. */
 916:/home/zz/quard-start/Quard-Star/trusted_domain/FreeRTOS-Kernel/queue.c ****                     traceQUEUE_SEND_FAILED( pxQueue );
 917:/home/zz/quard-start/Quard-Star/trusted_domain/FreeRTOS-Kernel/queue.c ****                     return errQUEUE_FULL;
 918:/home/zz/quard-start/Quard-Star/trusted_domain/FreeRTOS-Kernel/queue.c ****                 }
 919:/home/zz/quard-start/Quard-Star/trusted_domain/FreeRTOS-Kernel/queue.c ****                 else if( xEntryTimeSet == pdFALSE )
 920:/home/zz/quard-start/Quard-Star/trusted_domain/FreeRTOS-Kernel/queue.c ****                 {
 921:/home/zz/quard-start/Quard-Star/trusted_domain/FreeRTOS-Kernel/queue.c ****                     /* The queue was full and a block time was specified so
 922:/home/zz/quard-start/Quard-Star/trusted_domain/FreeRTOS-Kernel/queue.c ****                      * configure the timeout structure. */
 923:/home/zz/quard-start/Quard-Star/trusted_domain/FreeRTOS-Kernel/queue.c ****                     vTaskInternalSetTimeOutState( &xTimeOut );
 924:/home/zz/quard-start/Quard-Star/trusted_domain/FreeRTOS-Kernel/queue.c ****                     xEntryTimeSet = pdTRUE;
 925:/home/zz/quard-start/Quard-Star/trusted_domain/FreeRTOS-Kernel/queue.c ****                 }
 926:/home/zz/quard-start/Quard-Star/trusted_domain/FreeRTOS-Kernel/queue.c ****                 else
 927:/home/zz/quard-start/Quard-Star/trusted_domain/FreeRTOS-Kernel/queue.c ****                 {
 928:/home/zz/quard-start/Quard-Star/trusted_domain/FreeRTOS-Kernel/queue.c ****                     /* Entry time was already set. */
 929:/home/zz/quard-start/Quard-Star/trusted_domain/FreeRTOS-Kernel/queue.c ****                     mtCOVERAGE_TEST_MARKER();
 930:/home/zz/quard-start/Quard-Star/trusted_domain/FreeRTOS-Kernel/queue.c ****                 }
 931:/home/zz/quard-start/Quard-Star/trusted_domain/FreeRTOS-Kernel/queue.c ****             }
 932:/home/zz/quard-start/Quard-Star/trusted_domain/FreeRTOS-Kernel/queue.c ****         }
 933:/home/zz/quard-start/Quard-Star/trusted_domain/FreeRTOS-Kernel/queue.c ****         taskEXIT_CRITICAL();
 934:/home/zz/quard-start/Quard-Star/trusted_domain/FreeRTOS-Kernel/queue.c **** 
 935:/home/zz/quard-start/Quard-Star/trusted_domain/FreeRTOS-Kernel/queue.c ****         /* Interrupts and other tasks can send to and receive from the queue
 936:/home/zz/quard-start/Quard-Star/trusted_domain/FreeRTOS-Kernel/queue.c ****          * now the critical section has been exited. */
 937:/home/zz/quard-start/Quard-Star/trusted_domain/FreeRTOS-Kernel/queue.c **** 
 938:/home/zz/quard-start/Quard-Star/trusted_domain/FreeRTOS-Kernel/queue.c ****         vTaskSuspendAll();
 939:/home/zz/quard-start/Quard-Star/trusted_domain/FreeRTOS-Kernel/queue.c ****         prvLockQueue( pxQueue );
 940:/home/zz/quard-start/Quard-Star/trusted_domain/FreeRTOS-Kernel/queue.c **** 
 941:/home/zz/quard-start/Quard-Star/trusted_domain/FreeRTOS-Kernel/queue.c ****         /* Update the timeout state to see if it has expired yet. */
 942:/home/zz/quard-start/Quard-Star/trusted_domain/FreeRTOS-Kernel/queue.c ****         if( xTaskCheckForTimeOut( &xTimeOut, &xTicksToWait ) == pdFALSE )
 943:/home/zz/quard-start/Quard-Star/trusted_domain/FreeRTOS-Kernel/queue.c ****         {
 944:/home/zz/quard-start/Quard-Star/trusted_domain/FreeRTOS-Kernel/queue.c ****             if( prvIsQueueFull( pxQueue ) != pdFALSE )
 945:/home/zz/quard-start/Quard-Star/trusted_domain/FreeRTOS-Kernel/queue.c ****             {
 946:/home/zz/quard-start/Quard-Star/trusted_domain/FreeRTOS-Kernel/queue.c ****                 traceBLOCKING_ON_QUEUE_SEND( pxQueue );
 947:/home/zz/quard-start/Quard-Star/trusted_domain/FreeRTOS-Kernel/queue.c ****                 vTaskPlaceOnEventList( &( pxQueue->xTasksWaitingToSend ), xTicksToWait );
 948:/home/zz/quard-start/Quard-Star/trusted_domain/FreeRTOS-Kernel/queue.c **** 
 949:/home/zz/quard-start/Quard-Star/trusted_domain/FreeRTOS-Kernel/queue.c ****                 /* Unlocking the queue means queue events can effect the
 950:/home/zz/quard-start/Quard-Star/trusted_domain/FreeRTOS-Kernel/queue.c ****                  * event list.  It is possible that interrupts occurring now
 951:/home/zz/quard-start/Quard-Star/trusted_domain/FreeRTOS-Kernel/queue.c ****                  * remove this task from the event list again - but as the
 952:/home/zz/quard-start/Quard-Star/trusted_domain/FreeRTOS-Kernel/queue.c ****                  * scheduler is suspended the task will go onto the pending
 953:/home/zz/quard-start/Quard-Star/trusted_domain/FreeRTOS-Kernel/queue.c ****                  * ready last instead of the actual ready list. */
 954:/home/zz/quard-start/Quard-Star/trusted_domain/FreeRTOS-Kernel/queue.c ****                 prvUnlockQueue( pxQueue );
 955:/home/zz/quard-start/Quard-Star/trusted_domain/FreeRTOS-Kernel/queue.c **** 
 956:/home/zz/quard-start/Quard-Star/trusted_domain/FreeRTOS-Kernel/queue.c ****                 /* Resuming the scheduler will move tasks from the pending
GAS LISTING /tmp/ccjMK2NG.s 			page 18


 957:/home/zz/quard-start/Quard-Star/trusted_domain/FreeRTOS-Kernel/queue.c ****                  * ready list into the ready list - so it is feasible that this
 958:/home/zz/quard-start/Quard-Star/trusted_domain/FreeRTOS-Kernel/queue.c ****                  * task is already in a ready list before it yields - in which
 959:/home/zz/quard-start/Quard-Star/trusted_domain/FreeRTOS-Kernel/queue.c ****                  * case the yield will not cause a context switch unless there
 960:/home/zz/quard-start/Quard-Star/trusted_domain/FreeRTOS-Kernel/queue.c ****                  * is also a higher priority task in the pending ready list. */
 961:/home/zz/quard-start/Quard-Star/trusted_domain/FreeRTOS-Kernel/queue.c ****                 if( xTaskResumeAll() == pdFALSE )
 962:/home/zz/quard-start/Quard-Star/trusted_domain/FreeRTOS-Kernel/queue.c ****                 {
 963:/home/zz/quard-start/Quard-Star/trusted_domain/FreeRTOS-Kernel/queue.c ****                     portYIELD_WITHIN_API();
 964:/home/zz/quard-start/Quard-Star/trusted_domain/FreeRTOS-Kernel/queue.c ****                 }
 965:/home/zz/quard-start/Quard-Star/trusted_domain/FreeRTOS-Kernel/queue.c ****             }
 966:/home/zz/quard-start/Quard-Star/trusted_domain/FreeRTOS-Kernel/queue.c ****             else
 967:/home/zz/quard-start/Quard-Star/trusted_domain/FreeRTOS-Kernel/queue.c ****             {
 968:/home/zz/quard-start/Quard-Star/trusted_domain/FreeRTOS-Kernel/queue.c ****                 /* Try again. */
 969:/home/zz/quard-start/Quard-Star/trusted_domain/FreeRTOS-Kernel/queue.c ****                 prvUnlockQueue( pxQueue );
 970:/home/zz/quard-start/Quard-Star/trusted_domain/FreeRTOS-Kernel/queue.c ****                 ( void ) xTaskResumeAll();
 971:/home/zz/quard-start/Quard-Star/trusted_domain/FreeRTOS-Kernel/queue.c ****             }
 972:/home/zz/quard-start/Quard-Star/trusted_domain/FreeRTOS-Kernel/queue.c ****         }
 973:/home/zz/quard-start/Quard-Star/trusted_domain/FreeRTOS-Kernel/queue.c ****         else
 974:/home/zz/quard-start/Quard-Star/trusted_domain/FreeRTOS-Kernel/queue.c ****         {
 975:/home/zz/quard-start/Quard-Star/trusted_domain/FreeRTOS-Kernel/queue.c ****             /* The timeout has expired. */
 976:/home/zz/quard-start/Quard-Star/trusted_domain/FreeRTOS-Kernel/queue.c ****             prvUnlockQueue( pxQueue );
 977:/home/zz/quard-start/Quard-Star/trusted_domain/FreeRTOS-Kernel/queue.c ****             ( void ) xTaskResumeAll();
 978:/home/zz/quard-start/Quard-Star/trusted_domain/FreeRTOS-Kernel/queue.c **** 
 979:/home/zz/quard-start/Quard-Star/trusted_domain/FreeRTOS-Kernel/queue.c ****             traceQUEUE_SEND_FAILED( pxQueue );
 980:/home/zz/quard-start/Quard-Star/trusted_domain/FreeRTOS-Kernel/queue.c ****             return errQUEUE_FULL;
 981:/home/zz/quard-start/Quard-Star/trusted_domain/FreeRTOS-Kernel/queue.c ****         }
 982:/home/zz/quard-start/Quard-Star/trusted_domain/FreeRTOS-Kernel/queue.c ****     } /*lint -restore */
 983:/home/zz/quard-start/Quard-Star/trusted_domain/FreeRTOS-Kernel/queue.c **** }
 984:/home/zz/quard-start/Quard-Star/trusted_domain/FreeRTOS-Kernel/queue.c **** /*-----------------------------------------------------------*/
 985:/home/zz/quard-start/Quard-Star/trusted_domain/FreeRTOS-Kernel/queue.c **** 
 986:/home/zz/quard-start/Quard-Star/trusted_domain/FreeRTOS-Kernel/queue.c **** BaseType_t xQueueGenericSendFromISR( QueueHandle_t xQueue,
 987:/home/zz/quard-start/Quard-Star/trusted_domain/FreeRTOS-Kernel/queue.c ****                                      const void * const pvItemToQueue,
 988:/home/zz/quard-start/Quard-Star/trusted_domain/FreeRTOS-Kernel/queue.c ****                                      BaseType_t * const pxHigherPriorityTaskWoken,
 989:/home/zz/quard-start/Quard-Star/trusted_domain/FreeRTOS-Kernel/queue.c ****                                      const BaseType_t xCopyPosition )
 990:/home/zz/quard-start/Quard-Star/trusted_domain/FreeRTOS-Kernel/queue.c **** {
 991:/home/zz/quard-start/Quard-Star/trusted_domain/FreeRTOS-Kernel/queue.c ****     BaseType_t xReturn;
 992:/home/zz/quard-start/Quard-Star/trusted_domain/FreeRTOS-Kernel/queue.c ****     UBaseType_t uxSavedInterruptStatus;
 993:/home/zz/quard-start/Quard-Star/trusted_domain/FreeRTOS-Kernel/queue.c ****     Queue_t * const pxQueue = xQueue;
 994:/home/zz/quard-start/Quard-Star/trusted_domain/FreeRTOS-Kernel/queue.c **** 
 995:/home/zz/quard-start/Quard-Star/trusted_domain/FreeRTOS-Kernel/queue.c ****     configASSERT( pxQueue );
 996:/home/zz/quard-start/Quard-Star/trusted_domain/FreeRTOS-Kernel/queue.c ****     configASSERT( !( ( pvItemToQueue == NULL ) && ( pxQueue->uxItemSize != ( UBaseType_t ) 0U ) ) )
 997:/home/zz/quard-start/Quard-Star/trusted_domain/FreeRTOS-Kernel/queue.c ****     configASSERT( !( ( xCopyPosition == queueOVERWRITE ) && ( pxQueue->uxLength != 1 ) ) );
 998:/home/zz/quard-start/Quard-Star/trusted_domain/FreeRTOS-Kernel/queue.c **** 
 999:/home/zz/quard-start/Quard-Star/trusted_domain/FreeRTOS-Kernel/queue.c ****     /* RTOS ports that support interrupt nesting have the concept of a maximum
1000:/home/zz/quard-start/Quard-Star/trusted_domain/FreeRTOS-Kernel/queue.c ****      * system call (or maximum API call) interrupt priority.  Interrupts that are
1001:/home/zz/quard-start/Quard-Star/trusted_domain/FreeRTOS-Kernel/queue.c ****      * above the maximum system call priority are kept permanently enabled, even
1002:/home/zz/quard-start/Quard-Star/trusted_domain/FreeRTOS-Kernel/queue.c ****      * when the RTOS kernel is in a critical section, but cannot make any calls to
1003:/home/zz/quard-start/Quard-Star/trusted_domain/FreeRTOS-Kernel/queue.c ****      * FreeRTOS API functions.  If configASSERT() is defined in FreeRTOSConfig.h
1004:/home/zz/quard-start/Quard-Star/trusted_domain/FreeRTOS-Kernel/queue.c ****      * then portASSERT_IF_INTERRUPT_PRIORITY_INVALID() will result in an assertion
1005:/home/zz/quard-start/Quard-Star/trusted_domain/FreeRTOS-Kernel/queue.c ****      * failure if a FreeRTOS API function is called from an interrupt that has been
1006:/home/zz/quard-start/Quard-Star/trusted_domain/FreeRTOS-Kernel/queue.c ****      * assigned a priority above the configured maximum system call priority.
1007:/home/zz/quard-start/Quard-Star/trusted_domain/FreeRTOS-Kernel/queue.c ****      * Only FreeRTOS functions that end in FromISR can be called from interrupts
1008:/home/zz/quard-start/Quard-Star/trusted_domain/FreeRTOS-Kernel/queue.c ****      * that have been assigned a priority at or (logically) below the maximum
1009:/home/zz/quard-start/Quard-Star/trusted_domain/FreeRTOS-Kernel/queue.c ****      * system call interrupt priority.  FreeRTOS maintains a separate interrupt
1010:/home/zz/quard-start/Quard-Star/trusted_domain/FreeRTOS-Kernel/queue.c ****      * safe API to ensure interrupt entry is as fast and as simple as possible.
1011:/home/zz/quard-start/Quard-Star/trusted_domain/FreeRTOS-Kernel/queue.c ****      * More information (albeit Cortex-M specific) is provided on the following
1012:/home/zz/quard-start/Quard-Star/trusted_domain/FreeRTOS-Kernel/queue.c ****      * link: https://www.FreeRTOS.org/RTOS-Cortex-M3-M4.html */
1013:/home/zz/quard-start/Quard-Star/trusted_domain/FreeRTOS-Kernel/queue.c ****     portASSERT_IF_INTERRUPT_PRIORITY_INVALID();
GAS LISTING /tmp/ccjMK2NG.s 			page 19


1014:/home/zz/quard-start/Quard-Star/trusted_domain/FreeRTOS-Kernel/queue.c **** 
1015:/home/zz/quard-start/Quard-Star/trusted_domain/FreeRTOS-Kernel/queue.c ****     /* Similar to xQueueGenericSend, except without blocking if there is no room
1016:/home/zz/quard-start/Quard-Star/trusted_domain/FreeRTOS-Kernel/queue.c ****      * in the queue.  Also don't directly wake a task that was blocked on a queue
1017:/home/zz/quard-start/Quard-Star/trusted_domain/FreeRTOS-Kernel/queue.c ****      * read, instead return a flag to say whether a context switch is required or
1018:/home/zz/quard-start/Quard-Star/trusted_domain/FreeRTOS-Kernel/queue.c ****      * not (i.e. has a task with a higher priority than us been woken by this
1019:/home/zz/quard-start/Quard-Star/trusted_domain/FreeRTOS-Kernel/queue.c ****      * post). */
1020:/home/zz/quard-start/Quard-Star/trusted_domain/FreeRTOS-Kernel/queue.c ****     uxSavedInterruptStatus = portSET_INTERRUPT_MASK_FROM_ISR();
1021:/home/zz/quard-start/Quard-Star/trusted_domain/FreeRTOS-Kernel/queue.c ****     {
1022:/home/zz/quard-start/Quard-Star/trusted_domain/FreeRTOS-Kernel/queue.c ****         if( ( pxQueue->uxMessagesWaiting < pxQueue->uxLength ) || ( xCopyPosition == queueOVERWRITE
1023:/home/zz/quard-start/Quard-Star/trusted_domain/FreeRTOS-Kernel/queue.c ****         {
1024:/home/zz/quard-start/Quard-Star/trusted_domain/FreeRTOS-Kernel/queue.c ****             const int8_t cTxLock = pxQueue->cTxLock;
1025:/home/zz/quard-start/Quard-Star/trusted_domain/FreeRTOS-Kernel/queue.c ****             const UBaseType_t uxPreviousMessagesWaiting = pxQueue->uxMessagesWaiting;
1026:/home/zz/quard-start/Quard-Star/trusted_domain/FreeRTOS-Kernel/queue.c **** 
1027:/home/zz/quard-start/Quard-Star/trusted_domain/FreeRTOS-Kernel/queue.c ****             traceQUEUE_SEND_FROM_ISR( pxQueue );
1028:/home/zz/quard-start/Quard-Star/trusted_domain/FreeRTOS-Kernel/queue.c **** 
1029:/home/zz/quard-start/Quard-Star/trusted_domain/FreeRTOS-Kernel/queue.c ****             /* Semaphores use xQueueGiveFromISR(), so pxQueue will not be a
1030:/home/zz/quard-start/Quard-Star/trusted_domain/FreeRTOS-Kernel/queue.c ****              *  semaphore or mutex.  That means prvCopyDataToQueue() cannot result
1031:/home/zz/quard-start/Quard-Star/trusted_domain/FreeRTOS-Kernel/queue.c ****              *  in a task disinheriting a priority and prvCopyDataToQueue() can be
1032:/home/zz/quard-start/Quard-Star/trusted_domain/FreeRTOS-Kernel/queue.c ****              *  called here even though the disinherit function does not check if
1033:/home/zz/quard-start/Quard-Star/trusted_domain/FreeRTOS-Kernel/queue.c ****              *  the scheduler is suspended before accessing the ready lists. */
1034:/home/zz/quard-start/Quard-Star/trusted_domain/FreeRTOS-Kernel/queue.c ****             ( void ) prvCopyDataToQueue( pxQueue, pvItemToQueue, xCopyPosition );
1035:/home/zz/quard-start/Quard-Star/trusted_domain/FreeRTOS-Kernel/queue.c **** 
1036:/home/zz/quard-start/Quard-Star/trusted_domain/FreeRTOS-Kernel/queue.c ****             /* The event list is not altered if the queue is locked.  This will
1037:/home/zz/quard-start/Quard-Star/trusted_domain/FreeRTOS-Kernel/queue.c ****              * be done when the queue is unlocked later. */
1038:/home/zz/quard-start/Quard-Star/trusted_domain/FreeRTOS-Kernel/queue.c ****             if( cTxLock == queueUNLOCKED )
1039:/home/zz/quard-start/Quard-Star/trusted_domain/FreeRTOS-Kernel/queue.c ****             {
1040:/home/zz/quard-start/Quard-Star/trusted_domain/FreeRTOS-Kernel/queue.c ****                 #if ( configUSE_QUEUE_SETS == 1 )
1041:/home/zz/quard-start/Quard-Star/trusted_domain/FreeRTOS-Kernel/queue.c ****                     {
1042:/home/zz/quard-start/Quard-Star/trusted_domain/FreeRTOS-Kernel/queue.c ****                         if( pxQueue->pxQueueSetContainer != NULL )
1043:/home/zz/quard-start/Quard-Star/trusted_domain/FreeRTOS-Kernel/queue.c ****                         {
1044:/home/zz/quard-start/Quard-Star/trusted_domain/FreeRTOS-Kernel/queue.c ****                             if( ( xCopyPosition == queueOVERWRITE ) && ( uxPreviousMessagesWaiting 
1045:/home/zz/quard-start/Quard-Star/trusted_domain/FreeRTOS-Kernel/queue.c ****                             {
1046:/home/zz/quard-start/Quard-Star/trusted_domain/FreeRTOS-Kernel/queue.c ****                                 /* Do not notify the queue set as an existing item
1047:/home/zz/quard-start/Quard-Star/trusted_domain/FreeRTOS-Kernel/queue.c ****                                  * was overwritten in the queue so the number of items
1048:/home/zz/quard-start/Quard-Star/trusted_domain/FreeRTOS-Kernel/queue.c ****                                  * in the queue has not changed. */
1049:/home/zz/quard-start/Quard-Star/trusted_domain/FreeRTOS-Kernel/queue.c ****                                 mtCOVERAGE_TEST_MARKER();
1050:/home/zz/quard-start/Quard-Star/trusted_domain/FreeRTOS-Kernel/queue.c ****                             }
1051:/home/zz/quard-start/Quard-Star/trusted_domain/FreeRTOS-Kernel/queue.c ****                             else if( prvNotifyQueueSetContainer( pxQueue ) != pdFALSE )
1052:/home/zz/quard-start/Quard-Star/trusted_domain/FreeRTOS-Kernel/queue.c ****                             {
1053:/home/zz/quard-start/Quard-Star/trusted_domain/FreeRTOS-Kernel/queue.c ****                                 /* The queue is a member of a queue set, and posting
1054:/home/zz/quard-start/Quard-Star/trusted_domain/FreeRTOS-Kernel/queue.c ****                                  * to the queue set caused a higher priority task to
1055:/home/zz/quard-start/Quard-Star/trusted_domain/FreeRTOS-Kernel/queue.c ****                                  * unblock.  A context switch is required. */
1056:/home/zz/quard-start/Quard-Star/trusted_domain/FreeRTOS-Kernel/queue.c ****                                 if( pxHigherPriorityTaskWoken != NULL )
1057:/home/zz/quard-start/Quard-Star/trusted_domain/FreeRTOS-Kernel/queue.c ****                                 {
1058:/home/zz/quard-start/Quard-Star/trusted_domain/FreeRTOS-Kernel/queue.c ****                                     *pxHigherPriorityTaskWoken = pdTRUE;
1059:/home/zz/quard-start/Quard-Star/trusted_domain/FreeRTOS-Kernel/queue.c ****                                 }
1060:/home/zz/quard-start/Quard-Star/trusted_domain/FreeRTOS-Kernel/queue.c ****                                 else
1061:/home/zz/quard-start/Quard-Star/trusted_domain/FreeRTOS-Kernel/queue.c ****                                 {
1062:/home/zz/quard-start/Quard-Star/trusted_domain/FreeRTOS-Kernel/queue.c ****                                     mtCOVERAGE_TEST_MARKER();
1063:/home/zz/quard-start/Quard-Star/trusted_domain/FreeRTOS-Kernel/queue.c ****                                 }
1064:/home/zz/quard-start/Quard-Star/trusted_domain/FreeRTOS-Kernel/queue.c ****                             }
1065:/home/zz/quard-start/Quard-Star/trusted_domain/FreeRTOS-Kernel/queue.c ****                             else
1066:/home/zz/quard-start/Quard-Star/trusted_domain/FreeRTOS-Kernel/queue.c ****                             {
1067:/home/zz/quard-start/Quard-Star/trusted_domain/FreeRTOS-Kernel/queue.c ****                                 mtCOVERAGE_TEST_MARKER();
1068:/home/zz/quard-start/Quard-Star/trusted_domain/FreeRTOS-Kernel/queue.c ****                             }
1069:/home/zz/quard-start/Quard-Star/trusted_domain/FreeRTOS-Kernel/queue.c ****                         }
1070:/home/zz/quard-start/Quard-Star/trusted_domain/FreeRTOS-Kernel/queue.c ****                         else
GAS LISTING /tmp/ccjMK2NG.s 			page 20


1071:/home/zz/quard-start/Quard-Star/trusted_domain/FreeRTOS-Kernel/queue.c ****                         {
1072:/home/zz/quard-start/Quard-Star/trusted_domain/FreeRTOS-Kernel/queue.c ****                             if( listLIST_IS_EMPTY( &( pxQueue->xTasksWaitingToReceive ) ) == pdFALS
1073:/home/zz/quard-start/Quard-Star/trusted_domain/FreeRTOS-Kernel/queue.c ****                             {
1074:/home/zz/quard-start/Quard-Star/trusted_domain/FreeRTOS-Kernel/queue.c ****                                 if( xTaskRemoveFromEventList( &( pxQueue->xTasksWaitingToReceive ) 
1075:/home/zz/quard-start/Quard-Star/trusted_domain/FreeRTOS-Kernel/queue.c ****                                 {
1076:/home/zz/quard-start/Quard-Star/trusted_domain/FreeRTOS-Kernel/queue.c ****                                     /* The task waiting has a higher priority so
1077:/home/zz/quard-start/Quard-Star/trusted_domain/FreeRTOS-Kernel/queue.c ****                                      *  record that a context switch is required. */
1078:/home/zz/quard-start/Quard-Star/trusted_domain/FreeRTOS-Kernel/queue.c ****                                     if( pxHigherPriorityTaskWoken != NULL )
1079:/home/zz/quard-start/Quard-Star/trusted_domain/FreeRTOS-Kernel/queue.c ****                                     {
1080:/home/zz/quard-start/Quard-Star/trusted_domain/FreeRTOS-Kernel/queue.c ****                                         *pxHigherPriorityTaskWoken = pdTRUE;
1081:/home/zz/quard-start/Quard-Star/trusted_domain/FreeRTOS-Kernel/queue.c ****                                     }
1082:/home/zz/quard-start/Quard-Star/trusted_domain/FreeRTOS-Kernel/queue.c ****                                     else
1083:/home/zz/quard-start/Quard-Star/trusted_domain/FreeRTOS-Kernel/queue.c ****                                     {
1084:/home/zz/quard-start/Quard-Star/trusted_domain/FreeRTOS-Kernel/queue.c ****                                         mtCOVERAGE_TEST_MARKER();
1085:/home/zz/quard-start/Quard-Star/trusted_domain/FreeRTOS-Kernel/queue.c ****                                     }
1086:/home/zz/quard-start/Quard-Star/trusted_domain/FreeRTOS-Kernel/queue.c ****                                 }
1087:/home/zz/quard-start/Quard-Star/trusted_domain/FreeRTOS-Kernel/queue.c ****                                 else
1088:/home/zz/quard-start/Quard-Star/trusted_domain/FreeRTOS-Kernel/queue.c ****                                 {
1089:/home/zz/quard-start/Quard-Star/trusted_domain/FreeRTOS-Kernel/queue.c ****                                     mtCOVERAGE_TEST_MARKER();
1090:/home/zz/quard-start/Quard-Star/trusted_domain/FreeRTOS-Kernel/queue.c ****                                 }
1091:/home/zz/quard-start/Quard-Star/trusted_domain/FreeRTOS-Kernel/queue.c ****                             }
1092:/home/zz/quard-start/Quard-Star/trusted_domain/FreeRTOS-Kernel/queue.c ****                             else
1093:/home/zz/quard-start/Quard-Star/trusted_domain/FreeRTOS-Kernel/queue.c ****                             {
1094:/home/zz/quard-start/Quard-Star/trusted_domain/FreeRTOS-Kernel/queue.c ****                                 mtCOVERAGE_TEST_MARKER();
1095:/home/zz/quard-start/Quard-Star/trusted_domain/FreeRTOS-Kernel/queue.c ****                             }
1096:/home/zz/quard-start/Quard-Star/trusted_domain/FreeRTOS-Kernel/queue.c ****                         }
1097:/home/zz/quard-start/Quard-Star/trusted_domain/FreeRTOS-Kernel/queue.c ****                     }
1098:/home/zz/quard-start/Quard-Star/trusted_domain/FreeRTOS-Kernel/queue.c ****                 #else /* configUSE_QUEUE_SETS */
1099:/home/zz/quard-start/Quard-Star/trusted_domain/FreeRTOS-Kernel/queue.c ****                     {
1100:/home/zz/quard-start/Quard-Star/trusted_domain/FreeRTOS-Kernel/queue.c ****                         if( listLIST_IS_EMPTY( &( pxQueue->xTasksWaitingToReceive ) ) == pdFALSE )
1101:/home/zz/quard-start/Quard-Star/trusted_domain/FreeRTOS-Kernel/queue.c ****                         {
1102:/home/zz/quard-start/Quard-Star/trusted_domain/FreeRTOS-Kernel/queue.c ****                             if( xTaskRemoveFromEventList( &( pxQueue->xTasksWaitingToReceive ) ) !=
1103:/home/zz/quard-start/Quard-Star/trusted_domain/FreeRTOS-Kernel/queue.c ****                             {
1104:/home/zz/quard-start/Quard-Star/trusted_domain/FreeRTOS-Kernel/queue.c ****                                 /* The task waiting has a higher priority so record that a
1105:/home/zz/quard-start/Quard-Star/trusted_domain/FreeRTOS-Kernel/queue.c ****                                  * context switch is required. */
1106:/home/zz/quard-start/Quard-Star/trusted_domain/FreeRTOS-Kernel/queue.c ****                                 if( pxHigherPriorityTaskWoken != NULL )
1107:/home/zz/quard-start/Quard-Star/trusted_domain/FreeRTOS-Kernel/queue.c ****                                 {
1108:/home/zz/quard-start/Quard-Star/trusted_domain/FreeRTOS-Kernel/queue.c ****                                     *pxHigherPriorityTaskWoken = pdTRUE;
1109:/home/zz/quard-start/Quard-Star/trusted_domain/FreeRTOS-Kernel/queue.c ****                                 }
1110:/home/zz/quard-start/Quard-Star/trusted_domain/FreeRTOS-Kernel/queue.c ****                                 else
1111:/home/zz/quard-start/Quard-Star/trusted_domain/FreeRTOS-Kernel/queue.c ****                                 {
1112:/home/zz/quard-start/Quard-Star/trusted_domain/FreeRTOS-Kernel/queue.c ****                                     mtCOVERAGE_TEST_MARKER();
1113:/home/zz/quard-start/Quard-Star/trusted_domain/FreeRTOS-Kernel/queue.c ****                                 }
1114:/home/zz/quard-start/Quard-Star/trusted_domain/FreeRTOS-Kernel/queue.c ****                             }
1115:/home/zz/quard-start/Quard-Star/trusted_domain/FreeRTOS-Kernel/queue.c ****                             else
1116:/home/zz/quard-start/Quard-Star/trusted_domain/FreeRTOS-Kernel/queue.c ****                             {
1117:/home/zz/quard-start/Quard-Star/trusted_domain/FreeRTOS-Kernel/queue.c ****                                 mtCOVERAGE_TEST_MARKER();
1118:/home/zz/quard-start/Quard-Star/trusted_domain/FreeRTOS-Kernel/queue.c ****                             }
1119:/home/zz/quard-start/Quard-Star/trusted_domain/FreeRTOS-Kernel/queue.c ****                         }
1120:/home/zz/quard-start/Quard-Star/trusted_domain/FreeRTOS-Kernel/queue.c ****                         else
1121:/home/zz/quard-start/Quard-Star/trusted_domain/FreeRTOS-Kernel/queue.c ****                         {
1122:/home/zz/quard-start/Quard-Star/trusted_domain/FreeRTOS-Kernel/queue.c ****                             mtCOVERAGE_TEST_MARKER();
1123:/home/zz/quard-start/Quard-Star/trusted_domain/FreeRTOS-Kernel/queue.c ****                         }
1124:/home/zz/quard-start/Quard-Star/trusted_domain/FreeRTOS-Kernel/queue.c **** 
1125:/home/zz/quard-start/Quard-Star/trusted_domain/FreeRTOS-Kernel/queue.c ****                         /* Not used in this path. */
1126:/home/zz/quard-start/Quard-Star/trusted_domain/FreeRTOS-Kernel/queue.c ****                         ( void ) uxPreviousMessagesWaiting;
1127:/home/zz/quard-start/Quard-Star/trusted_domain/FreeRTOS-Kernel/queue.c ****                     }
GAS LISTING /tmp/ccjMK2NG.s 			page 21


1128:/home/zz/quard-start/Quard-Star/trusted_domain/FreeRTOS-Kernel/queue.c ****                 #endif /* configUSE_QUEUE_SETS */
1129:/home/zz/quard-start/Quard-Star/trusted_domain/FreeRTOS-Kernel/queue.c ****             }
1130:/home/zz/quard-start/Quard-Star/trusted_domain/FreeRTOS-Kernel/queue.c ****             else
1131:/home/zz/quard-start/Quard-Star/trusted_domain/FreeRTOS-Kernel/queue.c ****             {
1132:/home/zz/quard-start/Quard-Star/trusted_domain/FreeRTOS-Kernel/queue.c ****                 /* Increment the lock count so the task that unlocks the queue
1133:/home/zz/quard-start/Quard-Star/trusted_domain/FreeRTOS-Kernel/queue.c ****                  * knows that data was posted while it was locked. */
1134:/home/zz/quard-start/Quard-Star/trusted_domain/FreeRTOS-Kernel/queue.c ****                 configASSERT( cTxLock != queueINT8_MAX );
1135:/home/zz/quard-start/Quard-Star/trusted_domain/FreeRTOS-Kernel/queue.c **** 
1136:/home/zz/quard-start/Quard-Star/trusted_domain/FreeRTOS-Kernel/queue.c ****                 pxQueue->cTxLock = ( int8_t ) ( cTxLock + 1 );
1137:/home/zz/quard-start/Quard-Star/trusted_domain/FreeRTOS-Kernel/queue.c ****             }
1138:/home/zz/quard-start/Quard-Star/trusted_domain/FreeRTOS-Kernel/queue.c **** 
1139:/home/zz/quard-start/Quard-Star/trusted_domain/FreeRTOS-Kernel/queue.c ****             xReturn = pdPASS;
1140:/home/zz/quard-start/Quard-Star/trusted_domain/FreeRTOS-Kernel/queue.c ****         }
1141:/home/zz/quard-start/Quard-Star/trusted_domain/FreeRTOS-Kernel/queue.c ****         else
1142:/home/zz/quard-start/Quard-Star/trusted_domain/FreeRTOS-Kernel/queue.c ****         {
1143:/home/zz/quard-start/Quard-Star/trusted_domain/FreeRTOS-Kernel/queue.c ****             traceQUEUE_SEND_FROM_ISR_FAILED( pxQueue );
1144:/home/zz/quard-start/Quard-Star/trusted_domain/FreeRTOS-Kernel/queue.c ****             xReturn = errQUEUE_FULL;
1145:/home/zz/quard-start/Quard-Star/trusted_domain/FreeRTOS-Kernel/queue.c ****         }
1146:/home/zz/quard-start/Quard-Star/trusted_domain/FreeRTOS-Kernel/queue.c ****     }
1147:/home/zz/quard-start/Quard-Star/trusted_domain/FreeRTOS-Kernel/queue.c ****     portCLEAR_INTERRUPT_MASK_FROM_ISR( uxSavedInterruptStatus );
1148:/home/zz/quard-start/Quard-Star/trusted_domain/FreeRTOS-Kernel/queue.c **** 
1149:/home/zz/quard-start/Quard-Star/trusted_domain/FreeRTOS-Kernel/queue.c ****     return xReturn;
1150:/home/zz/quard-start/Quard-Star/trusted_domain/FreeRTOS-Kernel/queue.c **** }
1151:/home/zz/quard-start/Quard-Star/trusted_domain/FreeRTOS-Kernel/queue.c **** /*-----------------------------------------------------------*/
1152:/home/zz/quard-start/Quard-Star/trusted_domain/FreeRTOS-Kernel/queue.c **** 
1153:/home/zz/quard-start/Quard-Star/trusted_domain/FreeRTOS-Kernel/queue.c **** BaseType_t xQueueGiveFromISR( QueueHandle_t xQueue,
1154:/home/zz/quard-start/Quard-Star/trusted_domain/FreeRTOS-Kernel/queue.c ****                               BaseType_t * const pxHigherPriorityTaskWoken )
1155:/home/zz/quard-start/Quard-Star/trusted_domain/FreeRTOS-Kernel/queue.c **** {
1156:/home/zz/quard-start/Quard-Star/trusted_domain/FreeRTOS-Kernel/queue.c ****     BaseType_t xReturn;
1157:/home/zz/quard-start/Quard-Star/trusted_domain/FreeRTOS-Kernel/queue.c ****     UBaseType_t uxSavedInterruptStatus;
1158:/home/zz/quard-start/Quard-Star/trusted_domain/FreeRTOS-Kernel/queue.c ****     Queue_t * const pxQueue = xQueue;
1159:/home/zz/quard-start/Quard-Star/trusted_domain/FreeRTOS-Kernel/queue.c **** 
1160:/home/zz/quard-start/Quard-Star/trusted_domain/FreeRTOS-Kernel/queue.c ****     /* Similar to xQueueGenericSendFromISR() but used with semaphores where the
1161:/home/zz/quard-start/Quard-Star/trusted_domain/FreeRTOS-Kernel/queue.c ****      * item size is 0.  Don't directly wake a task that was blocked on a queue
1162:/home/zz/quard-start/Quard-Star/trusted_domain/FreeRTOS-Kernel/queue.c ****      * read, instead return a flag to say whether a context switch is required or
1163:/home/zz/quard-start/Quard-Star/trusted_domain/FreeRTOS-Kernel/queue.c ****      * not (i.e. has a task with a higher priority than us been woken by this
1164:/home/zz/quard-start/Quard-Star/trusted_domain/FreeRTOS-Kernel/queue.c ****      * post). */
1165:/home/zz/quard-start/Quard-Star/trusted_domain/FreeRTOS-Kernel/queue.c **** 
1166:/home/zz/quard-start/Quard-Star/trusted_domain/FreeRTOS-Kernel/queue.c ****     configASSERT( pxQueue );
1167:/home/zz/quard-start/Quard-Star/trusted_domain/FreeRTOS-Kernel/queue.c **** 
1168:/home/zz/quard-start/Quard-Star/trusted_domain/FreeRTOS-Kernel/queue.c ****     /* xQueueGenericSendFromISR() should be used instead of xQueueGiveFromISR()
1169:/home/zz/quard-start/Quard-Star/trusted_domain/FreeRTOS-Kernel/queue.c ****      * if the item size is not 0. */
1170:/home/zz/quard-start/Quard-Star/trusted_domain/FreeRTOS-Kernel/queue.c ****     configASSERT( pxQueue->uxItemSize == 0 );
1171:/home/zz/quard-start/Quard-Star/trusted_domain/FreeRTOS-Kernel/queue.c **** 
1172:/home/zz/quard-start/Quard-Star/trusted_domain/FreeRTOS-Kernel/queue.c ****     /* Normally a mutex would not be given from an interrupt, especially if
1173:/home/zz/quard-start/Quard-Star/trusted_domain/FreeRTOS-Kernel/queue.c ****      * there is a mutex holder, as priority inheritance makes no sense for an
1174:/home/zz/quard-start/Quard-Star/trusted_domain/FreeRTOS-Kernel/queue.c ****      * interrupts, only tasks. */
1175:/home/zz/quard-start/Quard-Star/trusted_domain/FreeRTOS-Kernel/queue.c ****     configASSERT( !( ( pxQueue->uxQueueType == queueQUEUE_IS_MUTEX ) && ( pxQueue->u.xSemaphore.xMu
1176:/home/zz/quard-start/Quard-Star/trusted_domain/FreeRTOS-Kernel/queue.c **** 
1177:/home/zz/quard-start/Quard-Star/trusted_domain/FreeRTOS-Kernel/queue.c ****     /* RTOS ports that support interrupt nesting have the concept of a maximum
1178:/home/zz/quard-start/Quard-Star/trusted_domain/FreeRTOS-Kernel/queue.c ****      * system call (or maximum API call) interrupt priority.  Interrupts that are
1179:/home/zz/quard-start/Quard-Star/trusted_domain/FreeRTOS-Kernel/queue.c ****      * above the maximum system call priority are kept permanently enabled, even
1180:/home/zz/quard-start/Quard-Star/trusted_domain/FreeRTOS-Kernel/queue.c ****      * when the RTOS kernel is in a critical section, but cannot make any calls to
1181:/home/zz/quard-start/Quard-Star/trusted_domain/FreeRTOS-Kernel/queue.c ****      * FreeRTOS API functions.  If configASSERT() is defined in FreeRTOSConfig.h
1182:/home/zz/quard-start/Quard-Star/trusted_domain/FreeRTOS-Kernel/queue.c ****      * then portASSERT_IF_INTERRUPT_PRIORITY_INVALID() will result in an assertion
1183:/home/zz/quard-start/Quard-Star/trusted_domain/FreeRTOS-Kernel/queue.c ****      * failure if a FreeRTOS API function is called from an interrupt that has been
1184:/home/zz/quard-start/Quard-Star/trusted_domain/FreeRTOS-Kernel/queue.c ****      * assigned a priority above the configured maximum system call priority.
GAS LISTING /tmp/ccjMK2NG.s 			page 22


1185:/home/zz/quard-start/Quard-Star/trusted_domain/FreeRTOS-Kernel/queue.c ****      * Only FreeRTOS functions that end in FromISR can be called from interrupts
1186:/home/zz/quard-start/Quard-Star/trusted_domain/FreeRTOS-Kernel/queue.c ****      * that have been assigned a priority at or (logically) below the maximum
1187:/home/zz/quard-start/Quard-Star/trusted_domain/FreeRTOS-Kernel/queue.c ****      * system call interrupt priority.  FreeRTOS maintains a separate interrupt
1188:/home/zz/quard-start/Quard-Star/trusted_domain/FreeRTOS-Kernel/queue.c ****      * safe API to ensure interrupt entry is as fast and as simple as possible.
1189:/home/zz/quard-start/Quard-Star/trusted_domain/FreeRTOS-Kernel/queue.c ****      * More information (albeit Cortex-M specific) is provided on the following
1190:/home/zz/quard-start/Quard-Star/trusted_domain/FreeRTOS-Kernel/queue.c ****      * link: https://www.FreeRTOS.org/RTOS-Cortex-M3-M4.html */
1191:/home/zz/quard-start/Quard-Star/trusted_domain/FreeRTOS-Kernel/queue.c ****     portASSERT_IF_INTERRUPT_PRIORITY_INVALID();
1192:/home/zz/quard-start/Quard-Star/trusted_domain/FreeRTOS-Kernel/queue.c **** 
1193:/home/zz/quard-start/Quard-Star/trusted_domain/FreeRTOS-Kernel/queue.c ****     uxSavedInterruptStatus = portSET_INTERRUPT_MASK_FROM_ISR();
1194:/home/zz/quard-start/Quard-Star/trusted_domain/FreeRTOS-Kernel/queue.c ****     {
1195:/home/zz/quard-start/Quard-Star/trusted_domain/FreeRTOS-Kernel/queue.c ****         const UBaseType_t uxMessagesWaiting = pxQueue->uxMessagesWaiting;
1196:/home/zz/quard-start/Quard-Star/trusted_domain/FreeRTOS-Kernel/queue.c **** 
1197:/home/zz/quard-start/Quard-Star/trusted_domain/FreeRTOS-Kernel/queue.c ****         /* When the queue is used to implement a semaphore no data is ever
1198:/home/zz/quard-start/Quard-Star/trusted_domain/FreeRTOS-Kernel/queue.c ****          * moved through the queue but it is still valid to see if the queue 'has
1199:/home/zz/quard-start/Quard-Star/trusted_domain/FreeRTOS-Kernel/queue.c ****          * space'. */
1200:/home/zz/quard-start/Quard-Star/trusted_domain/FreeRTOS-Kernel/queue.c ****         if( uxMessagesWaiting < pxQueue->uxLength )
1201:/home/zz/quard-start/Quard-Star/trusted_domain/FreeRTOS-Kernel/queue.c ****         {
1202:/home/zz/quard-start/Quard-Star/trusted_domain/FreeRTOS-Kernel/queue.c ****             const int8_t cTxLock = pxQueue->cTxLock;
1203:/home/zz/quard-start/Quard-Star/trusted_domain/FreeRTOS-Kernel/queue.c **** 
1204:/home/zz/quard-start/Quard-Star/trusted_domain/FreeRTOS-Kernel/queue.c ****             traceQUEUE_SEND_FROM_ISR( pxQueue );
1205:/home/zz/quard-start/Quard-Star/trusted_domain/FreeRTOS-Kernel/queue.c **** 
1206:/home/zz/quard-start/Quard-Star/trusted_domain/FreeRTOS-Kernel/queue.c ****             /* A task can only have an inherited priority if it is a mutex
1207:/home/zz/quard-start/Quard-Star/trusted_domain/FreeRTOS-Kernel/queue.c ****              * holder - and if there is a mutex holder then the mutex cannot be
1208:/home/zz/quard-start/Quard-Star/trusted_domain/FreeRTOS-Kernel/queue.c ****              * given from an ISR.  As this is the ISR version of the function it
1209:/home/zz/quard-start/Quard-Star/trusted_domain/FreeRTOS-Kernel/queue.c ****              * can be assumed there is no mutex holder and no need to determine if
1210:/home/zz/quard-start/Quard-Star/trusted_domain/FreeRTOS-Kernel/queue.c ****              * priority disinheritance is needed.  Simply increase the count of
1211:/home/zz/quard-start/Quard-Star/trusted_domain/FreeRTOS-Kernel/queue.c ****              * messages (semaphores) available. */
1212:/home/zz/quard-start/Quard-Star/trusted_domain/FreeRTOS-Kernel/queue.c ****             pxQueue->uxMessagesWaiting = uxMessagesWaiting + ( UBaseType_t ) 1;
1213:/home/zz/quard-start/Quard-Star/trusted_domain/FreeRTOS-Kernel/queue.c **** 
1214:/home/zz/quard-start/Quard-Star/trusted_domain/FreeRTOS-Kernel/queue.c ****             /* The event list is not altered if the queue is locked.  This will
1215:/home/zz/quard-start/Quard-Star/trusted_domain/FreeRTOS-Kernel/queue.c ****              * be done when the queue is unlocked later. */
1216:/home/zz/quard-start/Quard-Star/trusted_domain/FreeRTOS-Kernel/queue.c ****             if( cTxLock == queueUNLOCKED )
1217:/home/zz/quard-start/Quard-Star/trusted_domain/FreeRTOS-Kernel/queue.c ****             {
1218:/home/zz/quard-start/Quard-Star/trusted_domain/FreeRTOS-Kernel/queue.c ****                 #if ( configUSE_QUEUE_SETS == 1 )
1219:/home/zz/quard-start/Quard-Star/trusted_domain/FreeRTOS-Kernel/queue.c ****                     {
1220:/home/zz/quard-start/Quard-Star/trusted_domain/FreeRTOS-Kernel/queue.c ****                         if( pxQueue->pxQueueSetContainer != NULL )
1221:/home/zz/quard-start/Quard-Star/trusted_domain/FreeRTOS-Kernel/queue.c ****                         {
1222:/home/zz/quard-start/Quard-Star/trusted_domain/FreeRTOS-Kernel/queue.c ****                             if( prvNotifyQueueSetContainer( pxQueue ) != pdFALSE )
1223:/home/zz/quard-start/Quard-Star/trusted_domain/FreeRTOS-Kernel/queue.c ****                             {
1224:/home/zz/quard-start/Quard-Star/trusted_domain/FreeRTOS-Kernel/queue.c ****                                 /* The semaphore is a member of a queue set, and
1225:/home/zz/quard-start/Quard-Star/trusted_domain/FreeRTOS-Kernel/queue.c ****                                  * posting to the queue set caused a higher priority
1226:/home/zz/quard-start/Quard-Star/trusted_domain/FreeRTOS-Kernel/queue.c ****                                  * task to unblock.  A context switch is required. */
1227:/home/zz/quard-start/Quard-Star/trusted_domain/FreeRTOS-Kernel/queue.c ****                                 if( pxHigherPriorityTaskWoken != NULL )
1228:/home/zz/quard-start/Quard-Star/trusted_domain/FreeRTOS-Kernel/queue.c ****                                 {
1229:/home/zz/quard-start/Quard-Star/trusted_domain/FreeRTOS-Kernel/queue.c ****                                     *pxHigherPriorityTaskWoken = pdTRUE;
1230:/home/zz/quard-start/Quard-Star/trusted_domain/FreeRTOS-Kernel/queue.c ****                                 }
1231:/home/zz/quard-start/Quard-Star/trusted_domain/FreeRTOS-Kernel/queue.c ****                                 else
1232:/home/zz/quard-start/Quard-Star/trusted_domain/FreeRTOS-Kernel/queue.c ****                                 {
1233:/home/zz/quard-start/Quard-Star/trusted_domain/FreeRTOS-Kernel/queue.c ****                                     mtCOVERAGE_TEST_MARKER();
1234:/home/zz/quard-start/Quard-Star/trusted_domain/FreeRTOS-Kernel/queue.c ****                                 }
1235:/home/zz/quard-start/Quard-Star/trusted_domain/FreeRTOS-Kernel/queue.c ****                             }
1236:/home/zz/quard-start/Quard-Star/trusted_domain/FreeRTOS-Kernel/queue.c ****                             else
1237:/home/zz/quard-start/Quard-Star/trusted_domain/FreeRTOS-Kernel/queue.c ****                             {
1238:/home/zz/quard-start/Quard-Star/trusted_domain/FreeRTOS-Kernel/queue.c ****                                 mtCOVERAGE_TEST_MARKER();
1239:/home/zz/quard-start/Quard-Star/trusted_domain/FreeRTOS-Kernel/queue.c ****                             }
1240:/home/zz/quard-start/Quard-Star/trusted_domain/FreeRTOS-Kernel/queue.c ****                         }
1241:/home/zz/quard-start/Quard-Star/trusted_domain/FreeRTOS-Kernel/queue.c ****                         else
GAS LISTING /tmp/ccjMK2NG.s 			page 23


1242:/home/zz/quard-start/Quard-Star/trusted_domain/FreeRTOS-Kernel/queue.c ****                         {
1243:/home/zz/quard-start/Quard-Star/trusted_domain/FreeRTOS-Kernel/queue.c ****                             if( listLIST_IS_EMPTY( &( pxQueue->xTasksWaitingToReceive ) ) == pdFALS
1244:/home/zz/quard-start/Quard-Star/trusted_domain/FreeRTOS-Kernel/queue.c ****                             {
1245:/home/zz/quard-start/Quard-Star/trusted_domain/FreeRTOS-Kernel/queue.c ****                                 if( xTaskRemoveFromEventList( &( pxQueue->xTasksWaitingToReceive ) 
1246:/home/zz/quard-start/Quard-Star/trusted_domain/FreeRTOS-Kernel/queue.c ****                                 {
1247:/home/zz/quard-start/Quard-Star/trusted_domain/FreeRTOS-Kernel/queue.c ****                                     /* The task waiting has a higher priority so
1248:/home/zz/quard-start/Quard-Star/trusted_domain/FreeRTOS-Kernel/queue.c ****                                      *  record that a context switch is required. */
1249:/home/zz/quard-start/Quard-Star/trusted_domain/FreeRTOS-Kernel/queue.c ****                                     if( pxHigherPriorityTaskWoken != NULL )
1250:/home/zz/quard-start/Quard-Star/trusted_domain/FreeRTOS-Kernel/queue.c ****                                     {
1251:/home/zz/quard-start/Quard-Star/trusted_domain/FreeRTOS-Kernel/queue.c ****                                         *pxHigherPriorityTaskWoken = pdTRUE;
1252:/home/zz/quard-start/Quard-Star/trusted_domain/FreeRTOS-Kernel/queue.c ****                                     }
1253:/home/zz/quard-start/Quard-Star/trusted_domain/FreeRTOS-Kernel/queue.c ****                                     else
1254:/home/zz/quard-start/Quard-Star/trusted_domain/FreeRTOS-Kernel/queue.c ****                                     {
1255:/home/zz/quard-start/Quard-Star/trusted_domain/FreeRTOS-Kernel/queue.c ****                                         mtCOVERAGE_TEST_MARKER();
1256:/home/zz/quard-start/Quard-Star/trusted_domain/FreeRTOS-Kernel/queue.c ****                                     }
1257:/home/zz/quard-start/Quard-Star/trusted_domain/FreeRTOS-Kernel/queue.c ****                                 }
1258:/home/zz/quard-start/Quard-Star/trusted_domain/FreeRTOS-Kernel/queue.c ****                                 else
1259:/home/zz/quard-start/Quard-Star/trusted_domain/FreeRTOS-Kernel/queue.c ****                                 {
1260:/home/zz/quard-start/Quard-Star/trusted_domain/FreeRTOS-Kernel/queue.c ****                                     mtCOVERAGE_TEST_MARKER();
1261:/home/zz/quard-start/Quard-Star/trusted_domain/FreeRTOS-Kernel/queue.c ****                                 }
1262:/home/zz/quard-start/Quard-Star/trusted_domain/FreeRTOS-Kernel/queue.c ****                             }
1263:/home/zz/quard-start/Quard-Star/trusted_domain/FreeRTOS-Kernel/queue.c ****                             else
1264:/home/zz/quard-start/Quard-Star/trusted_domain/FreeRTOS-Kernel/queue.c ****                             {
1265:/home/zz/quard-start/Quard-Star/trusted_domain/FreeRTOS-Kernel/queue.c ****                                 mtCOVERAGE_TEST_MARKER();
1266:/home/zz/quard-start/Quard-Star/trusted_domain/FreeRTOS-Kernel/queue.c ****                             }
1267:/home/zz/quard-start/Quard-Star/trusted_domain/FreeRTOS-Kernel/queue.c ****                         }
1268:/home/zz/quard-start/Quard-Star/trusted_domain/FreeRTOS-Kernel/queue.c ****                     }
1269:/home/zz/quard-start/Quard-Star/trusted_domain/FreeRTOS-Kernel/queue.c ****                 #else /* configUSE_QUEUE_SETS */
1270:/home/zz/quard-start/Quard-Star/trusted_domain/FreeRTOS-Kernel/queue.c ****                     {
1271:/home/zz/quard-start/Quard-Star/trusted_domain/FreeRTOS-Kernel/queue.c ****                         if( listLIST_IS_EMPTY( &( pxQueue->xTasksWaitingToReceive ) ) == pdFALSE )
1272:/home/zz/quard-start/Quard-Star/trusted_domain/FreeRTOS-Kernel/queue.c ****                         {
1273:/home/zz/quard-start/Quard-Star/trusted_domain/FreeRTOS-Kernel/queue.c ****                             if( xTaskRemoveFromEventList( &( pxQueue->xTasksWaitingToReceive ) ) !=
1274:/home/zz/quard-start/Quard-Star/trusted_domain/FreeRTOS-Kernel/queue.c ****                             {
1275:/home/zz/quard-start/Quard-Star/trusted_domain/FreeRTOS-Kernel/queue.c ****                                 /* The task waiting has a higher priority so record that a
1276:/home/zz/quard-start/Quard-Star/trusted_domain/FreeRTOS-Kernel/queue.c ****                                  * context switch is required. */
1277:/home/zz/quard-start/Quard-Star/trusted_domain/FreeRTOS-Kernel/queue.c ****                                 if( pxHigherPriorityTaskWoken != NULL )
1278:/home/zz/quard-start/Quard-Star/trusted_domain/FreeRTOS-Kernel/queue.c ****                                 {
1279:/home/zz/quard-start/Quard-Star/trusted_domain/FreeRTOS-Kernel/queue.c ****                                     *pxHigherPriorityTaskWoken = pdTRUE;
1280:/home/zz/quard-start/Quard-Star/trusted_domain/FreeRTOS-Kernel/queue.c ****                                 }
1281:/home/zz/quard-start/Quard-Star/trusted_domain/FreeRTOS-Kernel/queue.c ****                                 else
1282:/home/zz/quard-start/Quard-Star/trusted_domain/FreeRTOS-Kernel/queue.c ****                                 {
1283:/home/zz/quard-start/Quard-Star/trusted_domain/FreeRTOS-Kernel/queue.c ****                                     mtCOVERAGE_TEST_MARKER();
1284:/home/zz/quard-start/Quard-Star/trusted_domain/FreeRTOS-Kernel/queue.c ****                                 }
1285:/home/zz/quard-start/Quard-Star/trusted_domain/FreeRTOS-Kernel/queue.c ****                             }
1286:/home/zz/quard-start/Quard-Star/trusted_domain/FreeRTOS-Kernel/queue.c ****                             else
1287:/home/zz/quard-start/Quard-Star/trusted_domain/FreeRTOS-Kernel/queue.c ****                             {
1288:/home/zz/quard-start/Quard-Star/trusted_domain/FreeRTOS-Kernel/queue.c ****                                 mtCOVERAGE_TEST_MARKER();
1289:/home/zz/quard-start/Quard-Star/trusted_domain/FreeRTOS-Kernel/queue.c ****                             }
1290:/home/zz/quard-start/Quard-Star/trusted_domain/FreeRTOS-Kernel/queue.c ****                         }
1291:/home/zz/quard-start/Quard-Star/trusted_domain/FreeRTOS-Kernel/queue.c ****                         else
1292:/home/zz/quard-start/Quard-Star/trusted_domain/FreeRTOS-Kernel/queue.c ****                         {
1293:/home/zz/quard-start/Quard-Star/trusted_domain/FreeRTOS-Kernel/queue.c ****                             mtCOVERAGE_TEST_MARKER();
1294:/home/zz/quard-start/Quard-Star/trusted_domain/FreeRTOS-Kernel/queue.c ****                         }
1295:/home/zz/quard-start/Quard-Star/trusted_domain/FreeRTOS-Kernel/queue.c ****                     }
1296:/home/zz/quard-start/Quard-Star/trusted_domain/FreeRTOS-Kernel/queue.c ****                 #endif /* configUSE_QUEUE_SETS */
1297:/home/zz/quard-start/Quard-Star/trusted_domain/FreeRTOS-Kernel/queue.c ****             }
1298:/home/zz/quard-start/Quard-Star/trusted_domain/FreeRTOS-Kernel/queue.c ****             else
GAS LISTING /tmp/ccjMK2NG.s 			page 24


1299:/home/zz/quard-start/Quard-Star/trusted_domain/FreeRTOS-Kernel/queue.c ****             {
1300:/home/zz/quard-start/Quard-Star/trusted_domain/FreeRTOS-Kernel/queue.c ****                 /* Increment the lock count so the task that unlocks the queue
1301:/home/zz/quard-start/Quard-Star/trusted_domain/FreeRTOS-Kernel/queue.c ****                  * knows that data was posted while it was locked. */
1302:/home/zz/quard-start/Quard-Star/trusted_domain/FreeRTOS-Kernel/queue.c ****                 configASSERT( cTxLock != queueINT8_MAX );
1303:/home/zz/quard-start/Quard-Star/trusted_domain/FreeRTOS-Kernel/queue.c **** 
1304:/home/zz/quard-start/Quard-Star/trusted_domain/FreeRTOS-Kernel/queue.c ****                 pxQueue->cTxLock = ( int8_t ) ( cTxLock + 1 );
1305:/home/zz/quard-start/Quard-Star/trusted_domain/FreeRTOS-Kernel/queue.c ****             }
1306:/home/zz/quard-start/Quard-Star/trusted_domain/FreeRTOS-Kernel/queue.c **** 
1307:/home/zz/quard-start/Quard-Star/trusted_domain/FreeRTOS-Kernel/queue.c ****             xReturn = pdPASS;
1308:/home/zz/quard-start/Quard-Star/trusted_domain/FreeRTOS-Kernel/queue.c ****         }
1309:/home/zz/quard-start/Quard-Star/trusted_domain/FreeRTOS-Kernel/queue.c ****         else
1310:/home/zz/quard-start/Quard-Star/trusted_domain/FreeRTOS-Kernel/queue.c ****         {
1311:/home/zz/quard-start/Quard-Star/trusted_domain/FreeRTOS-Kernel/queue.c ****             traceQUEUE_SEND_FROM_ISR_FAILED( pxQueue );
1312:/home/zz/quard-start/Quard-Star/trusted_domain/FreeRTOS-Kernel/queue.c ****             xReturn = errQUEUE_FULL;
1313:/home/zz/quard-start/Quard-Star/trusted_domain/FreeRTOS-Kernel/queue.c ****         }
1314:/home/zz/quard-start/Quard-Star/trusted_domain/FreeRTOS-Kernel/queue.c ****     }
1315:/home/zz/quard-start/Quard-Star/trusted_domain/FreeRTOS-Kernel/queue.c ****     portCLEAR_INTERRUPT_MASK_FROM_ISR( uxSavedInterruptStatus );
1316:/home/zz/quard-start/Quard-Star/trusted_domain/FreeRTOS-Kernel/queue.c **** 
1317:/home/zz/quard-start/Quard-Star/trusted_domain/FreeRTOS-Kernel/queue.c ****     return xReturn;
1318:/home/zz/quard-start/Quard-Star/trusted_domain/FreeRTOS-Kernel/queue.c **** }
1319:/home/zz/quard-start/Quard-Star/trusted_domain/FreeRTOS-Kernel/queue.c **** /*-----------------------------------------------------------*/
1320:/home/zz/quard-start/Quard-Star/trusted_domain/FreeRTOS-Kernel/queue.c **** 
1321:/home/zz/quard-start/Quard-Star/trusted_domain/FreeRTOS-Kernel/queue.c **** BaseType_t xQueueReceive( QueueHandle_t xQueue,
1322:/home/zz/quard-start/Quard-Star/trusted_domain/FreeRTOS-Kernel/queue.c ****                           void * const pvBuffer,
1323:/home/zz/quard-start/Quard-Star/trusted_domain/FreeRTOS-Kernel/queue.c ****                           TickType_t xTicksToWait )
1324:/home/zz/quard-start/Quard-Star/trusted_domain/FreeRTOS-Kernel/queue.c **** {
1325:/home/zz/quard-start/Quard-Star/trusted_domain/FreeRTOS-Kernel/queue.c ****     BaseType_t xEntryTimeSet = pdFALSE;
1326:/home/zz/quard-start/Quard-Star/trusted_domain/FreeRTOS-Kernel/queue.c ****     TimeOut_t xTimeOut;
1327:/home/zz/quard-start/Quard-Star/trusted_domain/FreeRTOS-Kernel/queue.c ****     Queue_t * const pxQueue = xQueue;
1328:/home/zz/quard-start/Quard-Star/trusted_domain/FreeRTOS-Kernel/queue.c **** 
1329:/home/zz/quard-start/Quard-Star/trusted_domain/FreeRTOS-Kernel/queue.c ****     /* Check the pointer is not NULL. */
1330:/home/zz/quard-start/Quard-Star/trusted_domain/FreeRTOS-Kernel/queue.c ****     configASSERT( ( pxQueue ) );
1331:/home/zz/quard-start/Quard-Star/trusted_domain/FreeRTOS-Kernel/queue.c **** 
1332:/home/zz/quard-start/Quard-Star/trusted_domain/FreeRTOS-Kernel/queue.c ****     /* The buffer into which data is received can only be NULL if the data size
1333:/home/zz/quard-start/Quard-Star/trusted_domain/FreeRTOS-Kernel/queue.c ****      * is zero (so no data is copied into the buffer). */
1334:/home/zz/quard-start/Quard-Star/trusted_domain/FreeRTOS-Kernel/queue.c ****     configASSERT( !( ( ( pvBuffer ) == NULL ) && ( ( pxQueue )->uxItemSize != ( UBaseType_t ) 0U ) 
1335:/home/zz/quard-start/Quard-Star/trusted_domain/FreeRTOS-Kernel/queue.c **** 
1336:/home/zz/quard-start/Quard-Star/trusted_domain/FreeRTOS-Kernel/queue.c ****     /* Cannot block if the scheduler is suspended. */
1337:/home/zz/quard-start/Quard-Star/trusted_domain/FreeRTOS-Kernel/queue.c ****     #if ( ( INCLUDE_xTaskGetSchedulerState == 1 ) || ( configUSE_TIMERS == 1 ) )
1338:/home/zz/quard-start/Quard-Star/trusted_domain/FreeRTOS-Kernel/queue.c ****         {
1339:/home/zz/quard-start/Quard-Star/trusted_domain/FreeRTOS-Kernel/queue.c ****             configASSERT( !( ( xTaskGetSchedulerState() == taskSCHEDULER_SUSPENDED ) && ( xTicksToW
1340:/home/zz/quard-start/Quard-Star/trusted_domain/FreeRTOS-Kernel/queue.c ****         }
1341:/home/zz/quard-start/Quard-Star/trusted_domain/FreeRTOS-Kernel/queue.c ****     #endif
1342:/home/zz/quard-start/Quard-Star/trusted_domain/FreeRTOS-Kernel/queue.c **** 
1343:/home/zz/quard-start/Quard-Star/trusted_domain/FreeRTOS-Kernel/queue.c ****     /*lint -save -e904  This function relaxes the coding standard somewhat to
1344:/home/zz/quard-start/Quard-Star/trusted_domain/FreeRTOS-Kernel/queue.c ****      * allow return statements within the function itself.  This is done in the
1345:/home/zz/quard-start/Quard-Star/trusted_domain/FreeRTOS-Kernel/queue.c ****      * interest of execution time efficiency. */
1346:/home/zz/quard-start/Quard-Star/trusted_domain/FreeRTOS-Kernel/queue.c ****     for( ; ; )
1347:/home/zz/quard-start/Quard-Star/trusted_domain/FreeRTOS-Kernel/queue.c ****     {
1348:/home/zz/quard-start/Quard-Star/trusted_domain/FreeRTOS-Kernel/queue.c ****         taskENTER_CRITICAL();
1349:/home/zz/quard-start/Quard-Star/trusted_domain/FreeRTOS-Kernel/queue.c ****         {
1350:/home/zz/quard-start/Quard-Star/trusted_domain/FreeRTOS-Kernel/queue.c ****             const UBaseType_t uxMessagesWaiting = pxQueue->uxMessagesWaiting;
1351:/home/zz/quard-start/Quard-Star/trusted_domain/FreeRTOS-Kernel/queue.c **** 
1352:/home/zz/quard-start/Quard-Star/trusted_domain/FreeRTOS-Kernel/queue.c ****             /* Is there data in the queue now?  To be running the calling task
1353:/home/zz/quard-start/Quard-Star/trusted_domain/FreeRTOS-Kernel/queue.c ****              * must be the highest priority task wanting to access the queue. */
1354:/home/zz/quard-start/Quard-Star/trusted_domain/FreeRTOS-Kernel/queue.c ****             if( uxMessagesWaiting > ( UBaseType_t ) 0 )
1355:/home/zz/quard-start/Quard-Star/trusted_domain/FreeRTOS-Kernel/queue.c ****             {
GAS LISTING /tmp/ccjMK2NG.s 			page 25


1356:/home/zz/quard-start/Quard-Star/trusted_domain/FreeRTOS-Kernel/queue.c ****                 /* Data available, remove one item. */
1357:/home/zz/quard-start/Quard-Star/trusted_domain/FreeRTOS-Kernel/queue.c ****                 prvCopyDataFromQueue( pxQueue, pvBuffer );
1358:/home/zz/quard-start/Quard-Star/trusted_domain/FreeRTOS-Kernel/queue.c ****                 traceQUEUE_RECEIVE( pxQueue );
1359:/home/zz/quard-start/Quard-Star/trusted_domain/FreeRTOS-Kernel/queue.c ****                 pxQueue->uxMessagesWaiting = uxMessagesWaiting - ( UBaseType_t ) 1;
1360:/home/zz/quard-start/Quard-Star/trusted_domain/FreeRTOS-Kernel/queue.c **** 
1361:/home/zz/quard-start/Quard-Star/trusted_domain/FreeRTOS-Kernel/queue.c ****                 /* There is now space in the queue, were any tasks waiting to
1362:/home/zz/quard-start/Quard-Star/trusted_domain/FreeRTOS-Kernel/queue.c ****                  * post to the queue?  If so, unblock the highest priority waiting
1363:/home/zz/quard-start/Quard-Star/trusted_domain/FreeRTOS-Kernel/queue.c ****                  * task. */
1364:/home/zz/quard-start/Quard-Star/trusted_domain/FreeRTOS-Kernel/queue.c ****                 if( listLIST_IS_EMPTY( &( pxQueue->xTasksWaitingToSend ) ) == pdFALSE )
1365:/home/zz/quard-start/Quard-Star/trusted_domain/FreeRTOS-Kernel/queue.c ****                 {
1366:/home/zz/quard-start/Quard-Star/trusted_domain/FreeRTOS-Kernel/queue.c ****                     if( xTaskRemoveFromEventList( &( pxQueue->xTasksWaitingToSend ) ) != pdFALSE )
1367:/home/zz/quard-start/Quard-Star/trusted_domain/FreeRTOS-Kernel/queue.c ****                     {
1368:/home/zz/quard-start/Quard-Star/trusted_domain/FreeRTOS-Kernel/queue.c ****                         queueYIELD_IF_USING_PREEMPTION();
1369:/home/zz/quard-start/Quard-Star/trusted_domain/FreeRTOS-Kernel/queue.c ****                     }
1370:/home/zz/quard-start/Quard-Star/trusted_domain/FreeRTOS-Kernel/queue.c ****                     else
1371:/home/zz/quard-start/Quard-Star/trusted_domain/FreeRTOS-Kernel/queue.c ****                     {
1372:/home/zz/quard-start/Quard-Star/trusted_domain/FreeRTOS-Kernel/queue.c ****                         mtCOVERAGE_TEST_MARKER();
1373:/home/zz/quard-start/Quard-Star/trusted_domain/FreeRTOS-Kernel/queue.c ****                     }
1374:/home/zz/quard-start/Quard-Star/trusted_domain/FreeRTOS-Kernel/queue.c ****                 }
1375:/home/zz/quard-start/Quard-Star/trusted_domain/FreeRTOS-Kernel/queue.c ****                 else
1376:/home/zz/quard-start/Quard-Star/trusted_domain/FreeRTOS-Kernel/queue.c ****                 {
1377:/home/zz/quard-start/Quard-Star/trusted_domain/FreeRTOS-Kernel/queue.c ****                     mtCOVERAGE_TEST_MARKER();
1378:/home/zz/quard-start/Quard-Star/trusted_domain/FreeRTOS-Kernel/queue.c ****                 }
1379:/home/zz/quard-start/Quard-Star/trusted_domain/FreeRTOS-Kernel/queue.c **** 
1380:/home/zz/quard-start/Quard-Star/trusted_domain/FreeRTOS-Kernel/queue.c ****                 taskEXIT_CRITICAL();
1381:/home/zz/quard-start/Quard-Star/trusted_domain/FreeRTOS-Kernel/queue.c ****                 return pdPASS;
1382:/home/zz/quard-start/Quard-Star/trusted_domain/FreeRTOS-Kernel/queue.c ****             }
1383:/home/zz/quard-start/Quard-Star/trusted_domain/FreeRTOS-Kernel/queue.c ****             else
1384:/home/zz/quard-start/Quard-Star/trusted_domain/FreeRTOS-Kernel/queue.c ****             {
1385:/home/zz/quard-start/Quard-Star/trusted_domain/FreeRTOS-Kernel/queue.c ****                 if( xTicksToWait == ( TickType_t ) 0 )
1386:/home/zz/quard-start/Quard-Star/trusted_domain/FreeRTOS-Kernel/queue.c ****                 {
1387:/home/zz/quard-start/Quard-Star/trusted_domain/FreeRTOS-Kernel/queue.c ****                     /* The queue was empty and no block time is specified (or
1388:/home/zz/quard-start/Quard-Star/trusted_domain/FreeRTOS-Kernel/queue.c ****                      * the block time has expired) so leave now. */
1389:/home/zz/quard-start/Quard-Star/trusted_domain/FreeRTOS-Kernel/queue.c ****                     taskEXIT_CRITICAL();
1390:/home/zz/quard-start/Quard-Star/trusted_domain/FreeRTOS-Kernel/queue.c ****                     traceQUEUE_RECEIVE_FAILED( pxQueue );
1391:/home/zz/quard-start/Quard-Star/trusted_domain/FreeRTOS-Kernel/queue.c ****                     return errQUEUE_EMPTY;
1392:/home/zz/quard-start/Quard-Star/trusted_domain/FreeRTOS-Kernel/queue.c ****                 }
1393:/home/zz/quard-start/Quard-Star/trusted_domain/FreeRTOS-Kernel/queue.c ****                 else if( xEntryTimeSet == pdFALSE )
1394:/home/zz/quard-start/Quard-Star/trusted_domain/FreeRTOS-Kernel/queue.c ****                 {
1395:/home/zz/quard-start/Quard-Star/trusted_domain/FreeRTOS-Kernel/queue.c ****                     /* The queue was empty and a block time was specified so
1396:/home/zz/quard-start/Quard-Star/trusted_domain/FreeRTOS-Kernel/queue.c ****                      * configure the timeout structure. */
1397:/home/zz/quard-start/Quard-Star/trusted_domain/FreeRTOS-Kernel/queue.c ****                     vTaskInternalSetTimeOutState( &xTimeOut );
1398:/home/zz/quard-start/Quard-Star/trusted_domain/FreeRTOS-Kernel/queue.c ****                     xEntryTimeSet = pdTRUE;
1399:/home/zz/quard-start/Quard-Star/trusted_domain/FreeRTOS-Kernel/queue.c ****                 }
1400:/home/zz/quard-start/Quard-Star/trusted_domain/FreeRTOS-Kernel/queue.c ****                 else
1401:/home/zz/quard-start/Quard-Star/trusted_domain/FreeRTOS-Kernel/queue.c ****                 {
1402:/home/zz/quard-start/Quard-Star/trusted_domain/FreeRTOS-Kernel/queue.c ****                     /* Entry time was already set. */
1403:/home/zz/quard-start/Quard-Star/trusted_domain/FreeRTOS-Kernel/queue.c ****                     mtCOVERAGE_TEST_MARKER();
1404:/home/zz/quard-start/Quard-Star/trusted_domain/FreeRTOS-Kernel/queue.c ****                 }
1405:/home/zz/quard-start/Quard-Star/trusted_domain/FreeRTOS-Kernel/queue.c ****             }
1406:/home/zz/quard-start/Quard-Star/trusted_domain/FreeRTOS-Kernel/queue.c ****         }
1407:/home/zz/quard-start/Quard-Star/trusted_domain/FreeRTOS-Kernel/queue.c ****         taskEXIT_CRITICAL();
1408:/home/zz/quard-start/Quard-Star/trusted_domain/FreeRTOS-Kernel/queue.c **** 
1409:/home/zz/quard-start/Quard-Star/trusted_domain/FreeRTOS-Kernel/queue.c ****         /* Interrupts and other tasks can send to and receive from the queue
1410:/home/zz/quard-start/Quard-Star/trusted_domain/FreeRTOS-Kernel/queue.c ****          * now the critical section has been exited. */
1411:/home/zz/quard-start/Quard-Star/trusted_domain/FreeRTOS-Kernel/queue.c **** 
1412:/home/zz/quard-start/Quard-Star/trusted_domain/FreeRTOS-Kernel/queue.c ****         vTaskSuspendAll();
GAS LISTING /tmp/ccjMK2NG.s 			page 26


1413:/home/zz/quard-start/Quard-Star/trusted_domain/FreeRTOS-Kernel/queue.c ****         prvLockQueue( pxQueue );
1414:/home/zz/quard-start/Quard-Star/trusted_domain/FreeRTOS-Kernel/queue.c **** 
1415:/home/zz/quard-start/Quard-Star/trusted_domain/FreeRTOS-Kernel/queue.c ****         /* Update the timeout state to see if it has expired yet. */
1416:/home/zz/quard-start/Quard-Star/trusted_domain/FreeRTOS-Kernel/queue.c ****         if( xTaskCheckForTimeOut( &xTimeOut, &xTicksToWait ) == pdFALSE )
1417:/home/zz/quard-start/Quard-Star/trusted_domain/FreeRTOS-Kernel/queue.c ****         {
1418:/home/zz/quard-start/Quard-Star/trusted_domain/FreeRTOS-Kernel/queue.c ****             /* The timeout has not expired.  If the queue is still empty place
1419:/home/zz/quard-start/Quard-Star/trusted_domain/FreeRTOS-Kernel/queue.c ****              * the task on the list of tasks waiting to receive from the queue. */
1420:/home/zz/quard-start/Quard-Star/trusted_domain/FreeRTOS-Kernel/queue.c ****             if( prvIsQueueEmpty( pxQueue ) != pdFALSE )
1421:/home/zz/quard-start/Quard-Star/trusted_domain/FreeRTOS-Kernel/queue.c ****             {
1422:/home/zz/quard-start/Quard-Star/trusted_domain/FreeRTOS-Kernel/queue.c ****                 traceBLOCKING_ON_QUEUE_RECEIVE( pxQueue );
1423:/home/zz/quard-start/Quard-Star/trusted_domain/FreeRTOS-Kernel/queue.c ****                 vTaskPlaceOnEventList( &( pxQueue->xTasksWaitingToReceive ), xTicksToWait );
1424:/home/zz/quard-start/Quard-Star/trusted_domain/FreeRTOS-Kernel/queue.c ****                 prvUnlockQueue( pxQueue );
1425:/home/zz/quard-start/Quard-Star/trusted_domain/FreeRTOS-Kernel/queue.c **** 
1426:/home/zz/quard-start/Quard-Star/trusted_domain/FreeRTOS-Kernel/queue.c ****                 if( xTaskResumeAll() == pdFALSE )
1427:/home/zz/quard-start/Quard-Star/trusted_domain/FreeRTOS-Kernel/queue.c ****                 {
1428:/home/zz/quard-start/Quard-Star/trusted_domain/FreeRTOS-Kernel/queue.c ****                     portYIELD_WITHIN_API();
1429:/home/zz/quard-start/Quard-Star/trusted_domain/FreeRTOS-Kernel/queue.c ****                 }
1430:/home/zz/quard-start/Quard-Star/trusted_domain/FreeRTOS-Kernel/queue.c ****                 else
1431:/home/zz/quard-start/Quard-Star/trusted_domain/FreeRTOS-Kernel/queue.c ****                 {
1432:/home/zz/quard-start/Quard-Star/trusted_domain/FreeRTOS-Kernel/queue.c ****                     mtCOVERAGE_TEST_MARKER();
1433:/home/zz/quard-start/Quard-Star/trusted_domain/FreeRTOS-Kernel/queue.c ****                 }
1434:/home/zz/quard-start/Quard-Star/trusted_domain/FreeRTOS-Kernel/queue.c ****             }
1435:/home/zz/quard-start/Quard-Star/trusted_domain/FreeRTOS-Kernel/queue.c ****             else
1436:/home/zz/quard-start/Quard-Star/trusted_domain/FreeRTOS-Kernel/queue.c ****             {
1437:/home/zz/quard-start/Quard-Star/trusted_domain/FreeRTOS-Kernel/queue.c ****                 /* The queue contains data again.  Loop back to try and read the
1438:/home/zz/quard-start/Quard-Star/trusted_domain/FreeRTOS-Kernel/queue.c ****                  * data. */
1439:/home/zz/quard-start/Quard-Star/trusted_domain/FreeRTOS-Kernel/queue.c ****                 prvUnlockQueue( pxQueue );
1440:/home/zz/quard-start/Quard-Star/trusted_domain/FreeRTOS-Kernel/queue.c ****                 ( void ) xTaskResumeAll();
1441:/home/zz/quard-start/Quard-Star/trusted_domain/FreeRTOS-Kernel/queue.c ****             }
1442:/home/zz/quard-start/Quard-Star/trusted_domain/FreeRTOS-Kernel/queue.c ****         }
1443:/home/zz/quard-start/Quard-Star/trusted_domain/FreeRTOS-Kernel/queue.c ****         else
1444:/home/zz/quard-start/Quard-Star/trusted_domain/FreeRTOS-Kernel/queue.c ****         {
1445:/home/zz/quard-start/Quard-Star/trusted_domain/FreeRTOS-Kernel/queue.c ****             /* Timed out.  If there is no data in the queue exit, otherwise loop
1446:/home/zz/quard-start/Quard-Star/trusted_domain/FreeRTOS-Kernel/queue.c ****              * back and attempt to read the data. */
1447:/home/zz/quard-start/Quard-Star/trusted_domain/FreeRTOS-Kernel/queue.c ****             prvUnlockQueue( pxQueue );
1448:/home/zz/quard-start/Quard-Star/trusted_domain/FreeRTOS-Kernel/queue.c ****             ( void ) xTaskResumeAll();
1449:/home/zz/quard-start/Quard-Star/trusted_domain/FreeRTOS-Kernel/queue.c **** 
1450:/home/zz/quard-start/Quard-Star/trusted_domain/FreeRTOS-Kernel/queue.c ****             if( prvIsQueueEmpty( pxQueue ) != pdFALSE )
1451:/home/zz/quard-start/Quard-Star/trusted_domain/FreeRTOS-Kernel/queue.c ****             {
1452:/home/zz/quard-start/Quard-Star/trusted_domain/FreeRTOS-Kernel/queue.c ****                 traceQUEUE_RECEIVE_FAILED( pxQueue );
1453:/home/zz/quard-start/Quard-Star/trusted_domain/FreeRTOS-Kernel/queue.c ****                 return errQUEUE_EMPTY;
1454:/home/zz/quard-start/Quard-Star/trusted_domain/FreeRTOS-Kernel/queue.c ****             }
1455:/home/zz/quard-start/Quard-Star/trusted_domain/FreeRTOS-Kernel/queue.c ****             else
1456:/home/zz/quard-start/Quard-Star/trusted_domain/FreeRTOS-Kernel/queue.c ****             {
1457:/home/zz/quard-start/Quard-Star/trusted_domain/FreeRTOS-Kernel/queue.c ****                 mtCOVERAGE_TEST_MARKER();
1458:/home/zz/quard-start/Quard-Star/trusted_domain/FreeRTOS-Kernel/queue.c ****             }
1459:/home/zz/quard-start/Quard-Star/trusted_domain/FreeRTOS-Kernel/queue.c ****         }
1460:/home/zz/quard-start/Quard-Star/trusted_domain/FreeRTOS-Kernel/queue.c ****     } /*lint -restore */
1461:/home/zz/quard-start/Quard-Star/trusted_domain/FreeRTOS-Kernel/queue.c **** }
1462:/home/zz/quard-start/Quard-Star/trusted_domain/FreeRTOS-Kernel/queue.c **** /*-----------------------------------------------------------*/
1463:/home/zz/quard-start/Quard-Star/trusted_domain/FreeRTOS-Kernel/queue.c **** 
1464:/home/zz/quard-start/Quard-Star/trusted_domain/FreeRTOS-Kernel/queue.c **** BaseType_t xQueueSemaphoreTake( QueueHandle_t xQueue,
1465:/home/zz/quard-start/Quard-Star/trusted_domain/FreeRTOS-Kernel/queue.c ****                                 TickType_t xTicksToWait )
1466:/home/zz/quard-start/Quard-Star/trusted_domain/FreeRTOS-Kernel/queue.c **** {
1467:/home/zz/quard-start/Quard-Star/trusted_domain/FreeRTOS-Kernel/queue.c ****     BaseType_t xEntryTimeSet = pdFALSE;
1468:/home/zz/quard-start/Quard-Star/trusted_domain/FreeRTOS-Kernel/queue.c ****     TimeOut_t xTimeOut;
1469:/home/zz/quard-start/Quard-Star/trusted_domain/FreeRTOS-Kernel/queue.c ****     Queue_t * const pxQueue = xQueue;
GAS LISTING /tmp/ccjMK2NG.s 			page 27


1470:/home/zz/quard-start/Quard-Star/trusted_domain/FreeRTOS-Kernel/queue.c **** 
1471:/home/zz/quard-start/Quard-Star/trusted_domain/FreeRTOS-Kernel/queue.c ****     #if ( configUSE_MUTEXES == 1 )
1472:/home/zz/quard-start/Quard-Star/trusted_domain/FreeRTOS-Kernel/queue.c ****         BaseType_t xInheritanceOccurred = pdFALSE;
1473:/home/zz/quard-start/Quard-Star/trusted_domain/FreeRTOS-Kernel/queue.c ****     #endif
1474:/home/zz/quard-start/Quard-Star/trusted_domain/FreeRTOS-Kernel/queue.c **** 
1475:/home/zz/quard-start/Quard-Star/trusted_domain/FreeRTOS-Kernel/queue.c ****     /* Check the queue pointer is not NULL. */
1476:/home/zz/quard-start/Quard-Star/trusted_domain/FreeRTOS-Kernel/queue.c ****     configASSERT( ( pxQueue ) );
1477:/home/zz/quard-start/Quard-Star/trusted_domain/FreeRTOS-Kernel/queue.c **** 
1478:/home/zz/quard-start/Quard-Star/trusted_domain/FreeRTOS-Kernel/queue.c ****     /* Check this really is a semaphore, in which case the item size will be
1479:/home/zz/quard-start/Quard-Star/trusted_domain/FreeRTOS-Kernel/queue.c ****      * 0. */
1480:/home/zz/quard-start/Quard-Star/trusted_domain/FreeRTOS-Kernel/queue.c ****     configASSERT( pxQueue->uxItemSize == 0 );
1481:/home/zz/quard-start/Quard-Star/trusted_domain/FreeRTOS-Kernel/queue.c **** 
1482:/home/zz/quard-start/Quard-Star/trusted_domain/FreeRTOS-Kernel/queue.c ****     /* Cannot block if the scheduler is suspended. */
1483:/home/zz/quard-start/Quard-Star/trusted_domain/FreeRTOS-Kernel/queue.c ****     #if ( ( INCLUDE_xTaskGetSchedulerState == 1 ) || ( configUSE_TIMERS == 1 ) )
1484:/home/zz/quard-start/Quard-Star/trusted_domain/FreeRTOS-Kernel/queue.c ****         {
1485:/home/zz/quard-start/Quard-Star/trusted_domain/FreeRTOS-Kernel/queue.c ****             configASSERT( !( ( xTaskGetSchedulerState() == taskSCHEDULER_SUSPENDED ) && ( xTicksToW
1486:/home/zz/quard-start/Quard-Star/trusted_domain/FreeRTOS-Kernel/queue.c ****         }
1487:/home/zz/quard-start/Quard-Star/trusted_domain/FreeRTOS-Kernel/queue.c ****     #endif
1488:/home/zz/quard-start/Quard-Star/trusted_domain/FreeRTOS-Kernel/queue.c **** 
1489:/home/zz/quard-start/Quard-Star/trusted_domain/FreeRTOS-Kernel/queue.c ****     /*lint -save -e904 This function relaxes the coding standard somewhat to allow return
1490:/home/zz/quard-start/Quard-Star/trusted_domain/FreeRTOS-Kernel/queue.c ****      * statements within the function itself.  This is done in the interest
1491:/home/zz/quard-start/Quard-Star/trusted_domain/FreeRTOS-Kernel/queue.c ****      * of execution time efficiency. */
1492:/home/zz/quard-start/Quard-Star/trusted_domain/FreeRTOS-Kernel/queue.c ****     for( ; ; )
1493:/home/zz/quard-start/Quard-Star/trusted_domain/FreeRTOS-Kernel/queue.c ****     {
1494:/home/zz/quard-start/Quard-Star/trusted_domain/FreeRTOS-Kernel/queue.c ****         taskENTER_CRITICAL();
1495:/home/zz/quard-start/Quard-Star/trusted_domain/FreeRTOS-Kernel/queue.c ****         {
1496:/home/zz/quard-start/Quard-Star/trusted_domain/FreeRTOS-Kernel/queue.c ****             /* Semaphores are queues with an item size of 0, and where the
1497:/home/zz/quard-start/Quard-Star/trusted_domain/FreeRTOS-Kernel/queue.c ****              * number of messages in the queue is the semaphore's count value. */
1498:/home/zz/quard-start/Quard-Star/trusted_domain/FreeRTOS-Kernel/queue.c ****             const UBaseType_t uxSemaphoreCount = pxQueue->uxMessagesWaiting;
1499:/home/zz/quard-start/Quard-Star/trusted_domain/FreeRTOS-Kernel/queue.c **** 
1500:/home/zz/quard-start/Quard-Star/trusted_domain/FreeRTOS-Kernel/queue.c ****             /* Is there data in the queue now?  To be running the calling task
1501:/home/zz/quard-start/Quard-Star/trusted_domain/FreeRTOS-Kernel/queue.c ****              * must be the highest priority task wanting to access the queue. */
1502:/home/zz/quard-start/Quard-Star/trusted_domain/FreeRTOS-Kernel/queue.c ****             if( uxSemaphoreCount > ( UBaseType_t ) 0 )
1503:/home/zz/quard-start/Quard-Star/trusted_domain/FreeRTOS-Kernel/queue.c ****             {
1504:/home/zz/quard-start/Quard-Star/trusted_domain/FreeRTOS-Kernel/queue.c ****                 traceQUEUE_RECEIVE( pxQueue );
1505:/home/zz/quard-start/Quard-Star/trusted_domain/FreeRTOS-Kernel/queue.c **** 
1506:/home/zz/quard-start/Quard-Star/trusted_domain/FreeRTOS-Kernel/queue.c ****                 /* Semaphores are queues with a data size of zero and where the
1507:/home/zz/quard-start/Quard-Star/trusted_domain/FreeRTOS-Kernel/queue.c ****                  * messages waiting is the semaphore's count.  Reduce the count. */
1508:/home/zz/quard-start/Quard-Star/trusted_domain/FreeRTOS-Kernel/queue.c ****                 pxQueue->uxMessagesWaiting = uxSemaphoreCount - ( UBaseType_t ) 1;
1509:/home/zz/quard-start/Quard-Star/trusted_domain/FreeRTOS-Kernel/queue.c **** 
1510:/home/zz/quard-start/Quard-Star/trusted_domain/FreeRTOS-Kernel/queue.c ****                 #if ( configUSE_MUTEXES == 1 )
1511:/home/zz/quard-start/Quard-Star/trusted_domain/FreeRTOS-Kernel/queue.c ****                     {
1512:/home/zz/quard-start/Quard-Star/trusted_domain/FreeRTOS-Kernel/queue.c ****                         if( pxQueue->uxQueueType == queueQUEUE_IS_MUTEX )
1513:/home/zz/quard-start/Quard-Star/trusted_domain/FreeRTOS-Kernel/queue.c ****                         {
1514:/home/zz/quard-start/Quard-Star/trusted_domain/FreeRTOS-Kernel/queue.c ****                             /* Record the information required to implement
1515:/home/zz/quard-start/Quard-Star/trusted_domain/FreeRTOS-Kernel/queue.c ****                              * priority inheritance should it become necessary. */
1516:/home/zz/quard-start/Quard-Star/trusted_domain/FreeRTOS-Kernel/queue.c ****                             pxQueue->u.xSemaphore.xMutexHolder = pvTaskIncrementMutexHeldCount();
1517:/home/zz/quard-start/Quard-Star/trusted_domain/FreeRTOS-Kernel/queue.c ****                         }
1518:/home/zz/quard-start/Quard-Star/trusted_domain/FreeRTOS-Kernel/queue.c ****                         else
1519:/home/zz/quard-start/Quard-Star/trusted_domain/FreeRTOS-Kernel/queue.c ****                         {
1520:/home/zz/quard-start/Quard-Star/trusted_domain/FreeRTOS-Kernel/queue.c ****                             mtCOVERAGE_TEST_MARKER();
1521:/home/zz/quard-start/Quard-Star/trusted_domain/FreeRTOS-Kernel/queue.c ****                         }
1522:/home/zz/quard-start/Quard-Star/trusted_domain/FreeRTOS-Kernel/queue.c ****                     }
1523:/home/zz/quard-start/Quard-Star/trusted_domain/FreeRTOS-Kernel/queue.c ****                 #endif /* configUSE_MUTEXES */
1524:/home/zz/quard-start/Quard-Star/trusted_domain/FreeRTOS-Kernel/queue.c **** 
1525:/home/zz/quard-start/Quard-Star/trusted_domain/FreeRTOS-Kernel/queue.c ****                 /* Check to see if other tasks are blocked waiting to give the
1526:/home/zz/quard-start/Quard-Star/trusted_domain/FreeRTOS-Kernel/queue.c ****                  * semaphore, and if so, unblock the highest priority such task. */
GAS LISTING /tmp/ccjMK2NG.s 			page 28


1527:/home/zz/quard-start/Quard-Star/trusted_domain/FreeRTOS-Kernel/queue.c ****                 if( listLIST_IS_EMPTY( &( pxQueue->xTasksWaitingToSend ) ) == pdFALSE )
1528:/home/zz/quard-start/Quard-Star/trusted_domain/FreeRTOS-Kernel/queue.c ****                 {
1529:/home/zz/quard-start/Quard-Star/trusted_domain/FreeRTOS-Kernel/queue.c ****                     if( xTaskRemoveFromEventList( &( pxQueue->xTasksWaitingToSend ) ) != pdFALSE )
1530:/home/zz/quard-start/Quard-Star/trusted_domain/FreeRTOS-Kernel/queue.c ****                     {
1531:/home/zz/quard-start/Quard-Star/trusted_domain/FreeRTOS-Kernel/queue.c ****                         queueYIELD_IF_USING_PREEMPTION();
1532:/home/zz/quard-start/Quard-Star/trusted_domain/FreeRTOS-Kernel/queue.c ****                     }
1533:/home/zz/quard-start/Quard-Star/trusted_domain/FreeRTOS-Kernel/queue.c ****                     else
1534:/home/zz/quard-start/Quard-Star/trusted_domain/FreeRTOS-Kernel/queue.c ****                     {
1535:/home/zz/quard-start/Quard-Star/trusted_domain/FreeRTOS-Kernel/queue.c ****                         mtCOVERAGE_TEST_MARKER();
1536:/home/zz/quard-start/Quard-Star/trusted_domain/FreeRTOS-Kernel/queue.c ****                     }
1537:/home/zz/quard-start/Quard-Star/trusted_domain/FreeRTOS-Kernel/queue.c ****                 }
1538:/home/zz/quard-start/Quard-Star/trusted_domain/FreeRTOS-Kernel/queue.c ****                 else
1539:/home/zz/quard-start/Quard-Star/trusted_domain/FreeRTOS-Kernel/queue.c ****                 {
1540:/home/zz/quard-start/Quard-Star/trusted_domain/FreeRTOS-Kernel/queue.c ****                     mtCOVERAGE_TEST_MARKER();
1541:/home/zz/quard-start/Quard-Star/trusted_domain/FreeRTOS-Kernel/queue.c ****                 }
1542:/home/zz/quard-start/Quard-Star/trusted_domain/FreeRTOS-Kernel/queue.c **** 
1543:/home/zz/quard-start/Quard-Star/trusted_domain/FreeRTOS-Kernel/queue.c ****                 taskEXIT_CRITICAL();
1544:/home/zz/quard-start/Quard-Star/trusted_domain/FreeRTOS-Kernel/queue.c ****                 return pdPASS;
1545:/home/zz/quard-start/Quard-Star/trusted_domain/FreeRTOS-Kernel/queue.c ****             }
1546:/home/zz/quard-start/Quard-Star/trusted_domain/FreeRTOS-Kernel/queue.c ****             else
1547:/home/zz/quard-start/Quard-Star/trusted_domain/FreeRTOS-Kernel/queue.c ****             {
1548:/home/zz/quard-start/Quard-Star/trusted_domain/FreeRTOS-Kernel/queue.c ****                 if( xTicksToWait == ( TickType_t ) 0 )
1549:/home/zz/quard-start/Quard-Star/trusted_domain/FreeRTOS-Kernel/queue.c ****                 {
1550:/home/zz/quard-start/Quard-Star/trusted_domain/FreeRTOS-Kernel/queue.c ****                     /* For inheritance to have occurred there must have been an
1551:/home/zz/quard-start/Quard-Star/trusted_domain/FreeRTOS-Kernel/queue.c ****                      * initial timeout, and an adjusted timeout cannot become 0, as
1552:/home/zz/quard-start/Quard-Star/trusted_domain/FreeRTOS-Kernel/queue.c ****                      * if it were 0 the function would have exited. */
1553:/home/zz/quard-start/Quard-Star/trusted_domain/FreeRTOS-Kernel/queue.c ****                     #if ( configUSE_MUTEXES == 1 )
1554:/home/zz/quard-start/Quard-Star/trusted_domain/FreeRTOS-Kernel/queue.c ****                         {
1555:/home/zz/quard-start/Quard-Star/trusted_domain/FreeRTOS-Kernel/queue.c ****                             configASSERT( xInheritanceOccurred == pdFALSE );
1556:/home/zz/quard-start/Quard-Star/trusted_domain/FreeRTOS-Kernel/queue.c ****                         }
1557:/home/zz/quard-start/Quard-Star/trusted_domain/FreeRTOS-Kernel/queue.c ****                     #endif /* configUSE_MUTEXES */
1558:/home/zz/quard-start/Quard-Star/trusted_domain/FreeRTOS-Kernel/queue.c **** 
1559:/home/zz/quard-start/Quard-Star/trusted_domain/FreeRTOS-Kernel/queue.c ****                     /* The semaphore count was 0 and no block time is specified
1560:/home/zz/quard-start/Quard-Star/trusted_domain/FreeRTOS-Kernel/queue.c ****                      * (or the block time has expired) so exit now. */
1561:/home/zz/quard-start/Quard-Star/trusted_domain/FreeRTOS-Kernel/queue.c ****                     taskEXIT_CRITICAL();
1562:/home/zz/quard-start/Quard-Star/trusted_domain/FreeRTOS-Kernel/queue.c ****                     traceQUEUE_RECEIVE_FAILED( pxQueue );
1563:/home/zz/quard-start/Quard-Star/trusted_domain/FreeRTOS-Kernel/queue.c ****                     return errQUEUE_EMPTY;
1564:/home/zz/quard-start/Quard-Star/trusted_domain/FreeRTOS-Kernel/queue.c ****                 }
1565:/home/zz/quard-start/Quard-Star/trusted_domain/FreeRTOS-Kernel/queue.c ****                 else if( xEntryTimeSet == pdFALSE )
1566:/home/zz/quard-start/Quard-Star/trusted_domain/FreeRTOS-Kernel/queue.c ****                 {
1567:/home/zz/quard-start/Quard-Star/trusted_domain/FreeRTOS-Kernel/queue.c ****                     /* The semaphore count was 0 and a block time was specified
1568:/home/zz/quard-start/Quard-Star/trusted_domain/FreeRTOS-Kernel/queue.c ****                      * so configure the timeout structure ready to block. */
1569:/home/zz/quard-start/Quard-Star/trusted_domain/FreeRTOS-Kernel/queue.c ****                     vTaskInternalSetTimeOutState( &xTimeOut );
1570:/home/zz/quard-start/Quard-Star/trusted_domain/FreeRTOS-Kernel/queue.c ****                     xEntryTimeSet = pdTRUE;
1571:/home/zz/quard-start/Quard-Star/trusted_domain/FreeRTOS-Kernel/queue.c ****                 }
1572:/home/zz/quard-start/Quard-Star/trusted_domain/FreeRTOS-Kernel/queue.c ****                 else
1573:/home/zz/quard-start/Quard-Star/trusted_domain/FreeRTOS-Kernel/queue.c ****                 {
1574:/home/zz/quard-start/Quard-Star/trusted_domain/FreeRTOS-Kernel/queue.c ****                     /* Entry time was already set. */
1575:/home/zz/quard-start/Quard-Star/trusted_domain/FreeRTOS-Kernel/queue.c ****                     mtCOVERAGE_TEST_MARKER();
1576:/home/zz/quard-start/Quard-Star/trusted_domain/FreeRTOS-Kernel/queue.c ****                 }
1577:/home/zz/quard-start/Quard-Star/trusted_domain/FreeRTOS-Kernel/queue.c ****             }
1578:/home/zz/quard-start/Quard-Star/trusted_domain/FreeRTOS-Kernel/queue.c ****         }
1579:/home/zz/quard-start/Quard-Star/trusted_domain/FreeRTOS-Kernel/queue.c ****         taskEXIT_CRITICAL();
1580:/home/zz/quard-start/Quard-Star/trusted_domain/FreeRTOS-Kernel/queue.c **** 
1581:/home/zz/quard-start/Quard-Star/trusted_domain/FreeRTOS-Kernel/queue.c ****         /* Interrupts and other tasks can give to and take from the semaphore
1582:/home/zz/quard-start/Quard-Star/trusted_domain/FreeRTOS-Kernel/queue.c ****          * now the critical section has been exited. */
1583:/home/zz/quard-start/Quard-Star/trusted_domain/FreeRTOS-Kernel/queue.c **** 
GAS LISTING /tmp/ccjMK2NG.s 			page 29


1584:/home/zz/quard-start/Quard-Star/trusted_domain/FreeRTOS-Kernel/queue.c ****         vTaskSuspendAll();
1585:/home/zz/quard-start/Quard-Star/trusted_domain/FreeRTOS-Kernel/queue.c ****         prvLockQueue( pxQueue );
1586:/home/zz/quard-start/Quard-Star/trusted_domain/FreeRTOS-Kernel/queue.c **** 
1587:/home/zz/quard-start/Quard-Star/trusted_domain/FreeRTOS-Kernel/queue.c ****         /* Update the timeout state to see if it has expired yet. */
1588:/home/zz/quard-start/Quard-Star/trusted_domain/FreeRTOS-Kernel/queue.c ****         if( xTaskCheckForTimeOut( &xTimeOut, &xTicksToWait ) == pdFALSE )
1589:/home/zz/quard-start/Quard-Star/trusted_domain/FreeRTOS-Kernel/queue.c ****         {
1590:/home/zz/quard-start/Quard-Star/trusted_domain/FreeRTOS-Kernel/queue.c ****             /* A block time is specified and not expired.  If the semaphore
1591:/home/zz/quard-start/Quard-Star/trusted_domain/FreeRTOS-Kernel/queue.c ****              * count is 0 then enter the Blocked state to wait for a semaphore to
1592:/home/zz/quard-start/Quard-Star/trusted_domain/FreeRTOS-Kernel/queue.c ****              * become available.  As semaphores are implemented with queues the
1593:/home/zz/quard-start/Quard-Star/trusted_domain/FreeRTOS-Kernel/queue.c ****              * queue being empty is equivalent to the semaphore count being 0. */
1594:/home/zz/quard-start/Quard-Star/trusted_domain/FreeRTOS-Kernel/queue.c ****             if( prvIsQueueEmpty( pxQueue ) != pdFALSE )
1595:/home/zz/quard-start/Quard-Star/trusted_domain/FreeRTOS-Kernel/queue.c ****             {
1596:/home/zz/quard-start/Quard-Star/trusted_domain/FreeRTOS-Kernel/queue.c ****                 traceBLOCKING_ON_QUEUE_RECEIVE( pxQueue );
1597:/home/zz/quard-start/Quard-Star/trusted_domain/FreeRTOS-Kernel/queue.c **** 
1598:/home/zz/quard-start/Quard-Star/trusted_domain/FreeRTOS-Kernel/queue.c ****                 #if ( configUSE_MUTEXES == 1 )
1599:/home/zz/quard-start/Quard-Star/trusted_domain/FreeRTOS-Kernel/queue.c ****                     {
1600:/home/zz/quard-start/Quard-Star/trusted_domain/FreeRTOS-Kernel/queue.c ****                         if( pxQueue->uxQueueType == queueQUEUE_IS_MUTEX )
1601:/home/zz/quard-start/Quard-Star/trusted_domain/FreeRTOS-Kernel/queue.c ****                         {
1602:/home/zz/quard-start/Quard-Star/trusted_domain/FreeRTOS-Kernel/queue.c ****                             taskENTER_CRITICAL();
1603:/home/zz/quard-start/Quard-Star/trusted_domain/FreeRTOS-Kernel/queue.c ****                             {
1604:/home/zz/quard-start/Quard-Star/trusted_domain/FreeRTOS-Kernel/queue.c ****                                 xInheritanceOccurred = xTaskPriorityInherit( pxQueue->u.xSemaphore.
1605:/home/zz/quard-start/Quard-Star/trusted_domain/FreeRTOS-Kernel/queue.c ****                             }
1606:/home/zz/quard-start/Quard-Star/trusted_domain/FreeRTOS-Kernel/queue.c ****                             taskEXIT_CRITICAL();
1607:/home/zz/quard-start/Quard-Star/trusted_domain/FreeRTOS-Kernel/queue.c ****                         }
1608:/home/zz/quard-start/Quard-Star/trusted_domain/FreeRTOS-Kernel/queue.c ****                         else
1609:/home/zz/quard-start/Quard-Star/trusted_domain/FreeRTOS-Kernel/queue.c ****                         {
1610:/home/zz/quard-start/Quard-Star/trusted_domain/FreeRTOS-Kernel/queue.c ****                             mtCOVERAGE_TEST_MARKER();
1611:/home/zz/quard-start/Quard-Star/trusted_domain/FreeRTOS-Kernel/queue.c ****                         }
1612:/home/zz/quard-start/Quard-Star/trusted_domain/FreeRTOS-Kernel/queue.c ****                     }
1613:/home/zz/quard-start/Quard-Star/trusted_domain/FreeRTOS-Kernel/queue.c ****                 #endif /* if ( configUSE_MUTEXES == 1 ) */
1614:/home/zz/quard-start/Quard-Star/trusted_domain/FreeRTOS-Kernel/queue.c **** 
1615:/home/zz/quard-start/Quard-Star/trusted_domain/FreeRTOS-Kernel/queue.c ****                 vTaskPlaceOnEventList( &( pxQueue->xTasksWaitingToReceive ), xTicksToWait );
1616:/home/zz/quard-start/Quard-Star/trusted_domain/FreeRTOS-Kernel/queue.c ****                 prvUnlockQueue( pxQueue );
1617:/home/zz/quard-start/Quard-Star/trusted_domain/FreeRTOS-Kernel/queue.c **** 
1618:/home/zz/quard-start/Quard-Star/trusted_domain/FreeRTOS-Kernel/queue.c ****                 if( xTaskResumeAll() == pdFALSE )
1619:/home/zz/quard-start/Quard-Star/trusted_domain/FreeRTOS-Kernel/queue.c ****                 {
1620:/home/zz/quard-start/Quard-Star/trusted_domain/FreeRTOS-Kernel/queue.c ****                     portYIELD_WITHIN_API();
1621:/home/zz/quard-start/Quard-Star/trusted_domain/FreeRTOS-Kernel/queue.c ****                 }
1622:/home/zz/quard-start/Quard-Star/trusted_domain/FreeRTOS-Kernel/queue.c ****                 else
1623:/home/zz/quard-start/Quard-Star/trusted_domain/FreeRTOS-Kernel/queue.c ****                 {
1624:/home/zz/quard-start/Quard-Star/trusted_domain/FreeRTOS-Kernel/queue.c ****                     mtCOVERAGE_TEST_MARKER();
1625:/home/zz/quard-start/Quard-Star/trusted_domain/FreeRTOS-Kernel/queue.c ****                 }
1626:/home/zz/quard-start/Quard-Star/trusted_domain/FreeRTOS-Kernel/queue.c ****             }
1627:/home/zz/quard-start/Quard-Star/trusted_domain/FreeRTOS-Kernel/queue.c ****             else
1628:/home/zz/quard-start/Quard-Star/trusted_domain/FreeRTOS-Kernel/queue.c ****             {
1629:/home/zz/quard-start/Quard-Star/trusted_domain/FreeRTOS-Kernel/queue.c ****                 /* There was no timeout and the semaphore count was not 0, so
1630:/home/zz/quard-start/Quard-Star/trusted_domain/FreeRTOS-Kernel/queue.c ****                  * attempt to take the semaphore again. */
1631:/home/zz/quard-start/Quard-Star/trusted_domain/FreeRTOS-Kernel/queue.c ****                 prvUnlockQueue( pxQueue );
1632:/home/zz/quard-start/Quard-Star/trusted_domain/FreeRTOS-Kernel/queue.c ****                 ( void ) xTaskResumeAll();
1633:/home/zz/quard-start/Quard-Star/trusted_domain/FreeRTOS-Kernel/queue.c ****             }
1634:/home/zz/quard-start/Quard-Star/trusted_domain/FreeRTOS-Kernel/queue.c ****         }
1635:/home/zz/quard-start/Quard-Star/trusted_domain/FreeRTOS-Kernel/queue.c ****         else
1636:/home/zz/quard-start/Quard-Star/trusted_domain/FreeRTOS-Kernel/queue.c ****         {
1637:/home/zz/quard-start/Quard-Star/trusted_domain/FreeRTOS-Kernel/queue.c ****             /* Timed out. */
1638:/home/zz/quard-start/Quard-Star/trusted_domain/FreeRTOS-Kernel/queue.c ****             prvUnlockQueue( pxQueue );
1639:/home/zz/quard-start/Quard-Star/trusted_domain/FreeRTOS-Kernel/queue.c ****             ( void ) xTaskResumeAll();
1640:/home/zz/quard-start/Quard-Star/trusted_domain/FreeRTOS-Kernel/queue.c **** 
GAS LISTING /tmp/ccjMK2NG.s 			page 30


1641:/home/zz/quard-start/Quard-Star/trusted_domain/FreeRTOS-Kernel/queue.c ****             /* If the semaphore count is 0 exit now as the timeout has
1642:/home/zz/quard-start/Quard-Star/trusted_domain/FreeRTOS-Kernel/queue.c ****              * expired.  Otherwise return to attempt to take the semaphore that is
1643:/home/zz/quard-start/Quard-Star/trusted_domain/FreeRTOS-Kernel/queue.c ****              * known to be available.  As semaphores are implemented by queues the
1644:/home/zz/quard-start/Quard-Star/trusted_domain/FreeRTOS-Kernel/queue.c ****              * queue being empty is equivalent to the semaphore count being 0. */
1645:/home/zz/quard-start/Quard-Star/trusted_domain/FreeRTOS-Kernel/queue.c ****             if( prvIsQueueEmpty( pxQueue ) != pdFALSE )
1646:/home/zz/quard-start/Quard-Star/trusted_domain/FreeRTOS-Kernel/queue.c ****             {
1647:/home/zz/quard-start/Quard-Star/trusted_domain/FreeRTOS-Kernel/queue.c ****                 #if ( configUSE_MUTEXES == 1 )
1648:/home/zz/quard-start/Quard-Star/trusted_domain/FreeRTOS-Kernel/queue.c ****                     {
1649:/home/zz/quard-start/Quard-Star/trusted_domain/FreeRTOS-Kernel/queue.c ****                         /* xInheritanceOccurred could only have be set if
1650:/home/zz/quard-start/Quard-Star/trusted_domain/FreeRTOS-Kernel/queue.c ****                          * pxQueue->uxQueueType == queueQUEUE_IS_MUTEX so no need to
1651:/home/zz/quard-start/Quard-Star/trusted_domain/FreeRTOS-Kernel/queue.c ****                          * test the mutex type again to check it is actually a mutex. */
1652:/home/zz/quard-start/Quard-Star/trusted_domain/FreeRTOS-Kernel/queue.c ****                         if( xInheritanceOccurred != pdFALSE )
1653:/home/zz/quard-start/Quard-Star/trusted_domain/FreeRTOS-Kernel/queue.c ****                         {
1654:/home/zz/quard-start/Quard-Star/trusted_domain/FreeRTOS-Kernel/queue.c ****                             taskENTER_CRITICAL();
1655:/home/zz/quard-start/Quard-Star/trusted_domain/FreeRTOS-Kernel/queue.c ****                             {
1656:/home/zz/quard-start/Quard-Star/trusted_domain/FreeRTOS-Kernel/queue.c ****                                 UBaseType_t uxHighestWaitingPriority;
1657:/home/zz/quard-start/Quard-Star/trusted_domain/FreeRTOS-Kernel/queue.c **** 
1658:/home/zz/quard-start/Quard-Star/trusted_domain/FreeRTOS-Kernel/queue.c ****                                 /* This task blocking on the mutex caused another
1659:/home/zz/quard-start/Quard-Star/trusted_domain/FreeRTOS-Kernel/queue.c ****                                  * task to inherit this task's priority.  Now this task
1660:/home/zz/quard-start/Quard-Star/trusted_domain/FreeRTOS-Kernel/queue.c ****                                  * has timed out the priority should be disinherited
1661:/home/zz/quard-start/Quard-Star/trusted_domain/FreeRTOS-Kernel/queue.c ****                                  * again, but only as low as the next highest priority
1662:/home/zz/quard-start/Quard-Star/trusted_domain/FreeRTOS-Kernel/queue.c ****                                  * task that is waiting for the same mutex. */
1663:/home/zz/quard-start/Quard-Star/trusted_domain/FreeRTOS-Kernel/queue.c ****                                 uxHighestWaitingPriority = prvGetDisinheritPriorityAfterTimeout( px
1664:/home/zz/quard-start/Quard-Star/trusted_domain/FreeRTOS-Kernel/queue.c ****                                 vTaskPriorityDisinheritAfterTimeout( pxQueue->u.xSemaphore.xMutexHo
1665:/home/zz/quard-start/Quard-Star/trusted_domain/FreeRTOS-Kernel/queue.c ****                             }
1666:/home/zz/quard-start/Quard-Star/trusted_domain/FreeRTOS-Kernel/queue.c ****                             taskEXIT_CRITICAL();
1667:/home/zz/quard-start/Quard-Star/trusted_domain/FreeRTOS-Kernel/queue.c ****                         }
1668:/home/zz/quard-start/Quard-Star/trusted_domain/FreeRTOS-Kernel/queue.c ****                     }
1669:/home/zz/quard-start/Quard-Star/trusted_domain/FreeRTOS-Kernel/queue.c ****                 #endif /* configUSE_MUTEXES */
1670:/home/zz/quard-start/Quard-Star/trusted_domain/FreeRTOS-Kernel/queue.c **** 
1671:/home/zz/quard-start/Quard-Star/trusted_domain/FreeRTOS-Kernel/queue.c ****                 traceQUEUE_RECEIVE_FAILED( pxQueue );
1672:/home/zz/quard-start/Quard-Star/trusted_domain/FreeRTOS-Kernel/queue.c ****                 return errQUEUE_EMPTY;
1673:/home/zz/quard-start/Quard-Star/trusted_domain/FreeRTOS-Kernel/queue.c ****             }
1674:/home/zz/quard-start/Quard-Star/trusted_domain/FreeRTOS-Kernel/queue.c ****             else
1675:/home/zz/quard-start/Quard-Star/trusted_domain/FreeRTOS-Kernel/queue.c ****             {
1676:/home/zz/quard-start/Quard-Star/trusted_domain/FreeRTOS-Kernel/queue.c ****                 mtCOVERAGE_TEST_MARKER();
1677:/home/zz/quard-start/Quard-Star/trusted_domain/FreeRTOS-Kernel/queue.c ****             }
1678:/home/zz/quard-start/Quard-Star/trusted_domain/FreeRTOS-Kernel/queue.c ****         }
1679:/home/zz/quard-start/Quard-Star/trusted_domain/FreeRTOS-Kernel/queue.c ****     } /*lint -restore */
1680:/home/zz/quard-start/Quard-Star/trusted_domain/FreeRTOS-Kernel/queue.c **** }
1681:/home/zz/quard-start/Quard-Star/trusted_domain/FreeRTOS-Kernel/queue.c **** /*-----------------------------------------------------------*/
1682:/home/zz/quard-start/Quard-Star/trusted_domain/FreeRTOS-Kernel/queue.c **** 
1683:/home/zz/quard-start/Quard-Star/trusted_domain/FreeRTOS-Kernel/queue.c **** BaseType_t xQueuePeek( QueueHandle_t xQueue,
1684:/home/zz/quard-start/Quard-Star/trusted_domain/FreeRTOS-Kernel/queue.c ****                        void * const pvBuffer,
1685:/home/zz/quard-start/Quard-Star/trusted_domain/FreeRTOS-Kernel/queue.c ****                        TickType_t xTicksToWait )
1686:/home/zz/quard-start/Quard-Star/trusted_domain/FreeRTOS-Kernel/queue.c **** {
1687:/home/zz/quard-start/Quard-Star/trusted_domain/FreeRTOS-Kernel/queue.c ****     BaseType_t xEntryTimeSet = pdFALSE;
1688:/home/zz/quard-start/Quard-Star/trusted_domain/FreeRTOS-Kernel/queue.c ****     TimeOut_t xTimeOut;
1689:/home/zz/quard-start/Quard-Star/trusted_domain/FreeRTOS-Kernel/queue.c ****     int8_t * pcOriginalReadPosition;
1690:/home/zz/quard-start/Quard-Star/trusted_domain/FreeRTOS-Kernel/queue.c ****     Queue_t * const pxQueue = xQueue;
1691:/home/zz/quard-start/Quard-Star/trusted_domain/FreeRTOS-Kernel/queue.c **** 
1692:/home/zz/quard-start/Quard-Star/trusted_domain/FreeRTOS-Kernel/queue.c ****     /* Check the pointer is not NULL. */
1693:/home/zz/quard-start/Quard-Star/trusted_domain/FreeRTOS-Kernel/queue.c ****     configASSERT( ( pxQueue ) );
1694:/home/zz/quard-start/Quard-Star/trusted_domain/FreeRTOS-Kernel/queue.c **** 
1695:/home/zz/quard-start/Quard-Star/trusted_domain/FreeRTOS-Kernel/queue.c ****     /* The buffer into which data is received can only be NULL if the data size
1696:/home/zz/quard-start/Quard-Star/trusted_domain/FreeRTOS-Kernel/queue.c ****      * is zero (so no data is copied into the buffer. */
1697:/home/zz/quard-start/Quard-Star/trusted_domain/FreeRTOS-Kernel/queue.c ****     configASSERT( !( ( ( pvBuffer ) == NULL ) && ( ( pxQueue )->uxItemSize != ( UBaseType_t ) 0U ) 
GAS LISTING /tmp/ccjMK2NG.s 			page 31


1698:/home/zz/quard-start/Quard-Star/trusted_domain/FreeRTOS-Kernel/queue.c **** 
1699:/home/zz/quard-start/Quard-Star/trusted_domain/FreeRTOS-Kernel/queue.c ****     /* Cannot block if the scheduler is suspended. */
1700:/home/zz/quard-start/Quard-Star/trusted_domain/FreeRTOS-Kernel/queue.c ****     #if ( ( INCLUDE_xTaskGetSchedulerState == 1 ) || ( configUSE_TIMERS == 1 ) )
1701:/home/zz/quard-start/Quard-Star/trusted_domain/FreeRTOS-Kernel/queue.c ****         {
1702:/home/zz/quard-start/Quard-Star/trusted_domain/FreeRTOS-Kernel/queue.c ****             configASSERT( !( ( xTaskGetSchedulerState() == taskSCHEDULER_SUSPENDED ) && ( xTicksToW
1703:/home/zz/quard-start/Quard-Star/trusted_domain/FreeRTOS-Kernel/queue.c ****         }
1704:/home/zz/quard-start/Quard-Star/trusted_domain/FreeRTOS-Kernel/queue.c ****     #endif
1705:/home/zz/quard-start/Quard-Star/trusted_domain/FreeRTOS-Kernel/queue.c **** 
1706:/home/zz/quard-start/Quard-Star/trusted_domain/FreeRTOS-Kernel/queue.c ****     /*lint -save -e904  This function relaxes the coding standard somewhat to
1707:/home/zz/quard-start/Quard-Star/trusted_domain/FreeRTOS-Kernel/queue.c ****      * allow return statements within the function itself.  This is done in the
1708:/home/zz/quard-start/Quard-Star/trusted_domain/FreeRTOS-Kernel/queue.c ****      * interest of execution time efficiency. */
1709:/home/zz/quard-start/Quard-Star/trusted_domain/FreeRTOS-Kernel/queue.c ****     for( ; ; )
1710:/home/zz/quard-start/Quard-Star/trusted_domain/FreeRTOS-Kernel/queue.c ****     {
1711:/home/zz/quard-start/Quard-Star/trusted_domain/FreeRTOS-Kernel/queue.c ****         taskENTER_CRITICAL();
1712:/home/zz/quard-start/Quard-Star/trusted_domain/FreeRTOS-Kernel/queue.c ****         {
1713:/home/zz/quard-start/Quard-Star/trusted_domain/FreeRTOS-Kernel/queue.c ****             const UBaseType_t uxMessagesWaiting = pxQueue->uxMessagesWaiting;
1714:/home/zz/quard-start/Quard-Star/trusted_domain/FreeRTOS-Kernel/queue.c **** 
1715:/home/zz/quard-start/Quard-Star/trusted_domain/FreeRTOS-Kernel/queue.c ****             /* Is there data in the queue now?  To be running the calling task
1716:/home/zz/quard-start/Quard-Star/trusted_domain/FreeRTOS-Kernel/queue.c ****              * must be the highest priority task wanting to access the queue. */
1717:/home/zz/quard-start/Quard-Star/trusted_domain/FreeRTOS-Kernel/queue.c ****             if( uxMessagesWaiting > ( UBaseType_t ) 0 )
1718:/home/zz/quard-start/Quard-Star/trusted_domain/FreeRTOS-Kernel/queue.c ****             {
1719:/home/zz/quard-start/Quard-Star/trusted_domain/FreeRTOS-Kernel/queue.c ****                 /* Remember the read position so it can be reset after the data
1720:/home/zz/quard-start/Quard-Star/trusted_domain/FreeRTOS-Kernel/queue.c ****                  * is read from the queue as this function is only peeking the
1721:/home/zz/quard-start/Quard-Star/trusted_domain/FreeRTOS-Kernel/queue.c ****                  * data, not removing it. */
1722:/home/zz/quard-start/Quard-Star/trusted_domain/FreeRTOS-Kernel/queue.c ****                 pcOriginalReadPosition = pxQueue->u.xQueue.pcReadFrom;
1723:/home/zz/quard-start/Quard-Star/trusted_domain/FreeRTOS-Kernel/queue.c **** 
1724:/home/zz/quard-start/Quard-Star/trusted_domain/FreeRTOS-Kernel/queue.c ****                 prvCopyDataFromQueue( pxQueue, pvBuffer );
1725:/home/zz/quard-start/Quard-Star/trusted_domain/FreeRTOS-Kernel/queue.c ****                 traceQUEUE_PEEK( pxQueue );
1726:/home/zz/quard-start/Quard-Star/trusted_domain/FreeRTOS-Kernel/queue.c **** 
1727:/home/zz/quard-start/Quard-Star/trusted_domain/FreeRTOS-Kernel/queue.c ****                 /* The data is not being removed, so reset the read pointer. */
1728:/home/zz/quard-start/Quard-Star/trusted_domain/FreeRTOS-Kernel/queue.c ****                 pxQueue->u.xQueue.pcReadFrom = pcOriginalReadPosition;
1729:/home/zz/quard-start/Quard-Star/trusted_domain/FreeRTOS-Kernel/queue.c **** 
1730:/home/zz/quard-start/Quard-Star/trusted_domain/FreeRTOS-Kernel/queue.c ****                 /* The data is being left in the queue, so see if there are
1731:/home/zz/quard-start/Quard-Star/trusted_domain/FreeRTOS-Kernel/queue.c ****                  * any other tasks waiting for the data. */
1732:/home/zz/quard-start/Quard-Star/trusted_domain/FreeRTOS-Kernel/queue.c ****                 if( listLIST_IS_EMPTY( &( pxQueue->xTasksWaitingToReceive ) ) == pdFALSE )
1733:/home/zz/quard-start/Quard-Star/trusted_domain/FreeRTOS-Kernel/queue.c ****                 {
1734:/home/zz/quard-start/Quard-Star/trusted_domain/FreeRTOS-Kernel/queue.c ****                     if( xTaskRemoveFromEventList( &( pxQueue->xTasksWaitingToReceive ) ) != pdFALSE
1735:/home/zz/quard-start/Quard-Star/trusted_domain/FreeRTOS-Kernel/queue.c ****                     {
1736:/home/zz/quard-start/Quard-Star/trusted_domain/FreeRTOS-Kernel/queue.c ****                         /* The task waiting has a higher priority than this task. */
1737:/home/zz/quard-start/Quard-Star/trusted_domain/FreeRTOS-Kernel/queue.c ****                         queueYIELD_IF_USING_PREEMPTION();
1738:/home/zz/quard-start/Quard-Star/trusted_domain/FreeRTOS-Kernel/queue.c ****                     }
1739:/home/zz/quard-start/Quard-Star/trusted_domain/FreeRTOS-Kernel/queue.c ****                     else
1740:/home/zz/quard-start/Quard-Star/trusted_domain/FreeRTOS-Kernel/queue.c ****                     {
1741:/home/zz/quard-start/Quard-Star/trusted_domain/FreeRTOS-Kernel/queue.c ****                         mtCOVERAGE_TEST_MARKER();
1742:/home/zz/quard-start/Quard-Star/trusted_domain/FreeRTOS-Kernel/queue.c ****                     }
1743:/home/zz/quard-start/Quard-Star/trusted_domain/FreeRTOS-Kernel/queue.c ****                 }
1744:/home/zz/quard-start/Quard-Star/trusted_domain/FreeRTOS-Kernel/queue.c ****                 else
1745:/home/zz/quard-start/Quard-Star/trusted_domain/FreeRTOS-Kernel/queue.c ****                 {
1746:/home/zz/quard-start/Quard-Star/trusted_domain/FreeRTOS-Kernel/queue.c ****                     mtCOVERAGE_TEST_MARKER();
1747:/home/zz/quard-start/Quard-Star/trusted_domain/FreeRTOS-Kernel/queue.c ****                 }
1748:/home/zz/quard-start/Quard-Star/trusted_domain/FreeRTOS-Kernel/queue.c **** 
1749:/home/zz/quard-start/Quard-Star/trusted_domain/FreeRTOS-Kernel/queue.c ****                 taskEXIT_CRITICAL();
1750:/home/zz/quard-start/Quard-Star/trusted_domain/FreeRTOS-Kernel/queue.c ****                 return pdPASS;
1751:/home/zz/quard-start/Quard-Star/trusted_domain/FreeRTOS-Kernel/queue.c ****             }
1752:/home/zz/quard-start/Quard-Star/trusted_domain/FreeRTOS-Kernel/queue.c ****             else
1753:/home/zz/quard-start/Quard-Star/trusted_domain/FreeRTOS-Kernel/queue.c ****             {
1754:/home/zz/quard-start/Quard-Star/trusted_domain/FreeRTOS-Kernel/queue.c ****                 if( xTicksToWait == ( TickType_t ) 0 )
GAS LISTING /tmp/ccjMK2NG.s 			page 32


1755:/home/zz/quard-start/Quard-Star/trusted_domain/FreeRTOS-Kernel/queue.c ****                 {
1756:/home/zz/quard-start/Quard-Star/trusted_domain/FreeRTOS-Kernel/queue.c ****                     /* The queue was empty and no block time is specified (or
1757:/home/zz/quard-start/Quard-Star/trusted_domain/FreeRTOS-Kernel/queue.c ****                      * the block time has expired) so leave now. */
1758:/home/zz/quard-start/Quard-Star/trusted_domain/FreeRTOS-Kernel/queue.c ****                     taskEXIT_CRITICAL();
1759:/home/zz/quard-start/Quard-Star/trusted_domain/FreeRTOS-Kernel/queue.c ****                     traceQUEUE_PEEK_FAILED( pxQueue );
1760:/home/zz/quard-start/Quard-Star/trusted_domain/FreeRTOS-Kernel/queue.c ****                     return errQUEUE_EMPTY;
1761:/home/zz/quard-start/Quard-Star/trusted_domain/FreeRTOS-Kernel/queue.c ****                 }
1762:/home/zz/quard-start/Quard-Star/trusted_domain/FreeRTOS-Kernel/queue.c ****                 else if( xEntryTimeSet == pdFALSE )
1763:/home/zz/quard-start/Quard-Star/trusted_domain/FreeRTOS-Kernel/queue.c ****                 {
1764:/home/zz/quard-start/Quard-Star/trusted_domain/FreeRTOS-Kernel/queue.c ****                     /* The queue was empty and a block time was specified so
1765:/home/zz/quard-start/Quard-Star/trusted_domain/FreeRTOS-Kernel/queue.c ****                      * configure the timeout structure ready to enter the blocked
1766:/home/zz/quard-start/Quard-Star/trusted_domain/FreeRTOS-Kernel/queue.c ****                      * state. */
1767:/home/zz/quard-start/Quard-Star/trusted_domain/FreeRTOS-Kernel/queue.c ****                     vTaskInternalSetTimeOutState( &xTimeOut );
1768:/home/zz/quard-start/Quard-Star/trusted_domain/FreeRTOS-Kernel/queue.c ****                     xEntryTimeSet = pdTRUE;
1769:/home/zz/quard-start/Quard-Star/trusted_domain/FreeRTOS-Kernel/queue.c ****                 }
1770:/home/zz/quard-start/Quard-Star/trusted_domain/FreeRTOS-Kernel/queue.c ****                 else
1771:/home/zz/quard-start/Quard-Star/trusted_domain/FreeRTOS-Kernel/queue.c ****                 {
1772:/home/zz/quard-start/Quard-Star/trusted_domain/FreeRTOS-Kernel/queue.c ****                     /* Entry time was already set. */
1773:/home/zz/quard-start/Quard-Star/trusted_domain/FreeRTOS-Kernel/queue.c ****                     mtCOVERAGE_TEST_MARKER();
1774:/home/zz/quard-start/Quard-Star/trusted_domain/FreeRTOS-Kernel/queue.c ****                 }
1775:/home/zz/quard-start/Quard-Star/trusted_domain/FreeRTOS-Kernel/queue.c ****             }
1776:/home/zz/quard-start/Quard-Star/trusted_domain/FreeRTOS-Kernel/queue.c ****         }
1777:/home/zz/quard-start/Quard-Star/trusted_domain/FreeRTOS-Kernel/queue.c ****         taskEXIT_CRITICAL();
1778:/home/zz/quard-start/Quard-Star/trusted_domain/FreeRTOS-Kernel/queue.c **** 
1779:/home/zz/quard-start/Quard-Star/trusted_domain/FreeRTOS-Kernel/queue.c ****         /* Interrupts and other tasks can send to and receive from the queue
1780:/home/zz/quard-start/Quard-Star/trusted_domain/FreeRTOS-Kernel/queue.c ****          * now the critical section has been exited. */
1781:/home/zz/quard-start/Quard-Star/trusted_domain/FreeRTOS-Kernel/queue.c **** 
1782:/home/zz/quard-start/Quard-Star/trusted_domain/FreeRTOS-Kernel/queue.c ****         vTaskSuspendAll();
1783:/home/zz/quard-start/Quard-Star/trusted_domain/FreeRTOS-Kernel/queue.c ****         prvLockQueue( pxQueue );
1784:/home/zz/quard-start/Quard-Star/trusted_domain/FreeRTOS-Kernel/queue.c **** 
1785:/home/zz/quard-start/Quard-Star/trusted_domain/FreeRTOS-Kernel/queue.c ****         /* Update the timeout state to see if it has expired yet. */
1786:/home/zz/quard-start/Quard-Star/trusted_domain/FreeRTOS-Kernel/queue.c ****         if( xTaskCheckForTimeOut( &xTimeOut, &xTicksToWait ) == pdFALSE )
1787:/home/zz/quard-start/Quard-Star/trusted_domain/FreeRTOS-Kernel/queue.c ****         {
1788:/home/zz/quard-start/Quard-Star/trusted_domain/FreeRTOS-Kernel/queue.c ****             /* Timeout has not expired yet, check to see if there is data in the
1789:/home/zz/quard-start/Quard-Star/trusted_domain/FreeRTOS-Kernel/queue.c ****             * queue now, and if not enter the Blocked state to wait for data. */
1790:/home/zz/quard-start/Quard-Star/trusted_domain/FreeRTOS-Kernel/queue.c ****             if( prvIsQueueEmpty( pxQueue ) != pdFALSE )
1791:/home/zz/quard-start/Quard-Star/trusted_domain/FreeRTOS-Kernel/queue.c ****             {
1792:/home/zz/quard-start/Quard-Star/trusted_domain/FreeRTOS-Kernel/queue.c ****                 traceBLOCKING_ON_QUEUE_PEEK( pxQueue );
1793:/home/zz/quard-start/Quard-Star/trusted_domain/FreeRTOS-Kernel/queue.c ****                 vTaskPlaceOnEventList( &( pxQueue->xTasksWaitingToReceive ), xTicksToWait );
1794:/home/zz/quard-start/Quard-Star/trusted_domain/FreeRTOS-Kernel/queue.c ****                 prvUnlockQueue( pxQueue );
1795:/home/zz/quard-start/Quard-Star/trusted_domain/FreeRTOS-Kernel/queue.c **** 
1796:/home/zz/quard-start/Quard-Star/trusted_domain/FreeRTOS-Kernel/queue.c ****                 if( xTaskResumeAll() == pdFALSE )
1797:/home/zz/quard-start/Quard-Star/trusted_domain/FreeRTOS-Kernel/queue.c ****                 {
1798:/home/zz/quard-start/Quard-Star/trusted_domain/FreeRTOS-Kernel/queue.c ****                     portYIELD_WITHIN_API();
1799:/home/zz/quard-start/Quard-Star/trusted_domain/FreeRTOS-Kernel/queue.c ****                 }
1800:/home/zz/quard-start/Quard-Star/trusted_domain/FreeRTOS-Kernel/queue.c ****                 else
1801:/home/zz/quard-start/Quard-Star/trusted_domain/FreeRTOS-Kernel/queue.c ****                 {
1802:/home/zz/quard-start/Quard-Star/trusted_domain/FreeRTOS-Kernel/queue.c ****                     mtCOVERAGE_TEST_MARKER();
1803:/home/zz/quard-start/Quard-Star/trusted_domain/FreeRTOS-Kernel/queue.c ****                 }
1804:/home/zz/quard-start/Quard-Star/trusted_domain/FreeRTOS-Kernel/queue.c ****             }
1805:/home/zz/quard-start/Quard-Star/trusted_domain/FreeRTOS-Kernel/queue.c ****             else
1806:/home/zz/quard-start/Quard-Star/trusted_domain/FreeRTOS-Kernel/queue.c ****             {
1807:/home/zz/quard-start/Quard-Star/trusted_domain/FreeRTOS-Kernel/queue.c ****                 /* There is data in the queue now, so don't enter the blocked
1808:/home/zz/quard-start/Quard-Star/trusted_domain/FreeRTOS-Kernel/queue.c ****                  * state, instead return to try and obtain the data. */
1809:/home/zz/quard-start/Quard-Star/trusted_domain/FreeRTOS-Kernel/queue.c ****                 prvUnlockQueue( pxQueue );
1810:/home/zz/quard-start/Quard-Star/trusted_domain/FreeRTOS-Kernel/queue.c ****                 ( void ) xTaskResumeAll();
1811:/home/zz/quard-start/Quard-Star/trusted_domain/FreeRTOS-Kernel/queue.c ****             }
GAS LISTING /tmp/ccjMK2NG.s 			page 33


1812:/home/zz/quard-start/Quard-Star/trusted_domain/FreeRTOS-Kernel/queue.c ****         }
1813:/home/zz/quard-start/Quard-Star/trusted_domain/FreeRTOS-Kernel/queue.c ****         else
1814:/home/zz/quard-start/Quard-Star/trusted_domain/FreeRTOS-Kernel/queue.c ****         {
1815:/home/zz/quard-start/Quard-Star/trusted_domain/FreeRTOS-Kernel/queue.c ****             /* The timeout has expired.  If there is still no data in the queue
1816:/home/zz/quard-start/Quard-Star/trusted_domain/FreeRTOS-Kernel/queue.c ****              * exit, otherwise go back and try to read the data again. */
1817:/home/zz/quard-start/Quard-Star/trusted_domain/FreeRTOS-Kernel/queue.c ****             prvUnlockQueue( pxQueue );
1818:/home/zz/quard-start/Quard-Star/trusted_domain/FreeRTOS-Kernel/queue.c ****             ( void ) xTaskResumeAll();
1819:/home/zz/quard-start/Quard-Star/trusted_domain/FreeRTOS-Kernel/queue.c **** 
1820:/home/zz/quard-start/Quard-Star/trusted_domain/FreeRTOS-Kernel/queue.c ****             if( prvIsQueueEmpty( pxQueue ) != pdFALSE )
1821:/home/zz/quard-start/Quard-Star/trusted_domain/FreeRTOS-Kernel/queue.c ****             {
1822:/home/zz/quard-start/Quard-Star/trusted_domain/FreeRTOS-Kernel/queue.c ****                 traceQUEUE_PEEK_FAILED( pxQueue );
1823:/home/zz/quard-start/Quard-Star/trusted_domain/FreeRTOS-Kernel/queue.c ****                 return errQUEUE_EMPTY;
1824:/home/zz/quard-start/Quard-Star/trusted_domain/FreeRTOS-Kernel/queue.c ****             }
1825:/home/zz/quard-start/Quard-Star/trusted_domain/FreeRTOS-Kernel/queue.c ****             else
1826:/home/zz/quard-start/Quard-Star/trusted_domain/FreeRTOS-Kernel/queue.c ****             {
1827:/home/zz/quard-start/Quard-Star/trusted_domain/FreeRTOS-Kernel/queue.c ****                 mtCOVERAGE_TEST_MARKER();
1828:/home/zz/quard-start/Quard-Star/trusted_domain/FreeRTOS-Kernel/queue.c ****             }
1829:/home/zz/quard-start/Quard-Star/trusted_domain/FreeRTOS-Kernel/queue.c ****         }
1830:/home/zz/quard-start/Quard-Star/trusted_domain/FreeRTOS-Kernel/queue.c ****     } /*lint -restore */
1831:/home/zz/quard-start/Quard-Star/trusted_domain/FreeRTOS-Kernel/queue.c **** }
1832:/home/zz/quard-start/Quard-Star/trusted_domain/FreeRTOS-Kernel/queue.c **** /*-----------------------------------------------------------*/
1833:/home/zz/quard-start/Quard-Star/trusted_domain/FreeRTOS-Kernel/queue.c **** 
1834:/home/zz/quard-start/Quard-Star/trusted_domain/FreeRTOS-Kernel/queue.c **** BaseType_t xQueueReceiveFromISR( QueueHandle_t xQueue,
1835:/home/zz/quard-start/Quard-Star/trusted_domain/FreeRTOS-Kernel/queue.c ****                                  void * const pvBuffer,
1836:/home/zz/quard-start/Quard-Star/trusted_domain/FreeRTOS-Kernel/queue.c ****                                  BaseType_t * const pxHigherPriorityTaskWoken )
1837:/home/zz/quard-start/Quard-Star/trusted_domain/FreeRTOS-Kernel/queue.c **** {
1838:/home/zz/quard-start/Quard-Star/trusted_domain/FreeRTOS-Kernel/queue.c ****     BaseType_t xReturn;
1839:/home/zz/quard-start/Quard-Star/trusted_domain/FreeRTOS-Kernel/queue.c ****     UBaseType_t uxSavedInterruptStatus;
1840:/home/zz/quard-start/Quard-Star/trusted_domain/FreeRTOS-Kernel/queue.c ****     Queue_t * const pxQueue = xQueue;
1841:/home/zz/quard-start/Quard-Star/trusted_domain/FreeRTOS-Kernel/queue.c **** 
1842:/home/zz/quard-start/Quard-Star/trusted_domain/FreeRTOS-Kernel/queue.c ****     configASSERT( pxQueue );
1843:/home/zz/quard-start/Quard-Star/trusted_domain/FreeRTOS-Kernel/queue.c ****     configASSERT( !( ( pvBuffer == NULL ) && ( pxQueue->uxItemSize != ( UBaseType_t ) 0U ) ) );
1844:/home/zz/quard-start/Quard-Star/trusted_domain/FreeRTOS-Kernel/queue.c **** 
1845:/home/zz/quard-start/Quard-Star/trusted_domain/FreeRTOS-Kernel/queue.c ****     /* RTOS ports that support interrupt nesting have the concept of a maximum
1846:/home/zz/quard-start/Quard-Star/trusted_domain/FreeRTOS-Kernel/queue.c ****      * system call (or maximum API call) interrupt priority.  Interrupts that are
1847:/home/zz/quard-start/Quard-Star/trusted_domain/FreeRTOS-Kernel/queue.c ****      * above the maximum system call priority are kept permanently enabled, even
1848:/home/zz/quard-start/Quard-Star/trusted_domain/FreeRTOS-Kernel/queue.c ****      * when the RTOS kernel is in a critical section, but cannot make any calls to
1849:/home/zz/quard-start/Quard-Star/trusted_domain/FreeRTOS-Kernel/queue.c ****      * FreeRTOS API functions.  If configASSERT() is defined in FreeRTOSConfig.h
1850:/home/zz/quard-start/Quard-Star/trusted_domain/FreeRTOS-Kernel/queue.c ****      * then portASSERT_IF_INTERRUPT_PRIORITY_INVALID() will result in an assertion
1851:/home/zz/quard-start/Quard-Star/trusted_domain/FreeRTOS-Kernel/queue.c ****      * failure if a FreeRTOS API function is called from an interrupt that has been
1852:/home/zz/quard-start/Quard-Star/trusted_domain/FreeRTOS-Kernel/queue.c ****      * assigned a priority above the configured maximum system call priority.
1853:/home/zz/quard-start/Quard-Star/trusted_domain/FreeRTOS-Kernel/queue.c ****      * Only FreeRTOS functions that end in FromISR can be called from interrupts
1854:/home/zz/quard-start/Quard-Star/trusted_domain/FreeRTOS-Kernel/queue.c ****      * that have been assigned a priority at or (logically) below the maximum
1855:/home/zz/quard-start/Quard-Star/trusted_domain/FreeRTOS-Kernel/queue.c ****      * system call interrupt priority.  FreeRTOS maintains a separate interrupt
1856:/home/zz/quard-start/Quard-Star/trusted_domain/FreeRTOS-Kernel/queue.c ****      * safe API to ensure interrupt entry is as fast and as simple as possible.
1857:/home/zz/quard-start/Quard-Star/trusted_domain/FreeRTOS-Kernel/queue.c ****      * More information (albeit Cortex-M specific) is provided on the following
1858:/home/zz/quard-start/Quard-Star/trusted_domain/FreeRTOS-Kernel/queue.c ****      * link: https://www.FreeRTOS.org/RTOS-Cortex-M3-M4.html */
1859:/home/zz/quard-start/Quard-Star/trusted_domain/FreeRTOS-Kernel/queue.c ****     portASSERT_IF_INTERRUPT_PRIORITY_INVALID();
1860:/home/zz/quard-start/Quard-Star/trusted_domain/FreeRTOS-Kernel/queue.c **** 
1861:/home/zz/quard-start/Quard-Star/trusted_domain/FreeRTOS-Kernel/queue.c ****     uxSavedInterruptStatus = portSET_INTERRUPT_MASK_FROM_ISR();
1862:/home/zz/quard-start/Quard-Star/trusted_domain/FreeRTOS-Kernel/queue.c ****     {
1863:/home/zz/quard-start/Quard-Star/trusted_domain/FreeRTOS-Kernel/queue.c ****         const UBaseType_t uxMessagesWaiting = pxQueue->uxMessagesWaiting;
1864:/home/zz/quard-start/Quard-Star/trusted_domain/FreeRTOS-Kernel/queue.c **** 
1865:/home/zz/quard-start/Quard-Star/trusted_domain/FreeRTOS-Kernel/queue.c ****         /* Cannot block in an ISR, so check there is data available. */
1866:/home/zz/quard-start/Quard-Star/trusted_domain/FreeRTOS-Kernel/queue.c ****         if( uxMessagesWaiting > ( UBaseType_t ) 0 )
1867:/home/zz/quard-start/Quard-Star/trusted_domain/FreeRTOS-Kernel/queue.c ****         {
1868:/home/zz/quard-start/Quard-Star/trusted_domain/FreeRTOS-Kernel/queue.c ****             const int8_t cRxLock = pxQueue->cRxLock;
GAS LISTING /tmp/ccjMK2NG.s 			page 34


1869:/home/zz/quard-start/Quard-Star/trusted_domain/FreeRTOS-Kernel/queue.c **** 
1870:/home/zz/quard-start/Quard-Star/trusted_domain/FreeRTOS-Kernel/queue.c ****             traceQUEUE_RECEIVE_FROM_ISR( pxQueue );
1871:/home/zz/quard-start/Quard-Star/trusted_domain/FreeRTOS-Kernel/queue.c **** 
1872:/home/zz/quard-start/Quard-Star/trusted_domain/FreeRTOS-Kernel/queue.c ****             prvCopyDataFromQueue( pxQueue, pvBuffer );
1873:/home/zz/quard-start/Quard-Star/trusted_domain/FreeRTOS-Kernel/queue.c ****             pxQueue->uxMessagesWaiting = uxMessagesWaiting - ( UBaseType_t ) 1;
1874:/home/zz/quard-start/Quard-Star/trusted_domain/FreeRTOS-Kernel/queue.c **** 
1875:/home/zz/quard-start/Quard-Star/trusted_domain/FreeRTOS-Kernel/queue.c ****             /* If the queue is locked the event list will not be modified.
1876:/home/zz/quard-start/Quard-Star/trusted_domain/FreeRTOS-Kernel/queue.c ****              * Instead update the lock count so the task that unlocks the queue
1877:/home/zz/quard-start/Quard-Star/trusted_domain/FreeRTOS-Kernel/queue.c ****              * will know that an ISR has removed data while the queue was
1878:/home/zz/quard-start/Quard-Star/trusted_domain/FreeRTOS-Kernel/queue.c ****              * locked. */
1879:/home/zz/quard-start/Quard-Star/trusted_domain/FreeRTOS-Kernel/queue.c ****             if( cRxLock == queueUNLOCKED )
1880:/home/zz/quard-start/Quard-Star/trusted_domain/FreeRTOS-Kernel/queue.c ****             {
1881:/home/zz/quard-start/Quard-Star/trusted_domain/FreeRTOS-Kernel/queue.c ****                 if( listLIST_IS_EMPTY( &( pxQueue->xTasksWaitingToSend ) ) == pdFALSE )
1882:/home/zz/quard-start/Quard-Star/trusted_domain/FreeRTOS-Kernel/queue.c ****                 {
1883:/home/zz/quard-start/Quard-Star/trusted_domain/FreeRTOS-Kernel/queue.c ****                     if( xTaskRemoveFromEventList( &( pxQueue->xTasksWaitingToSend ) ) != pdFALSE )
1884:/home/zz/quard-start/Quard-Star/trusted_domain/FreeRTOS-Kernel/queue.c ****                     {
1885:/home/zz/quard-start/Quard-Star/trusted_domain/FreeRTOS-Kernel/queue.c ****                         /* The task waiting has a higher priority than us so
1886:/home/zz/quard-start/Quard-Star/trusted_domain/FreeRTOS-Kernel/queue.c ****                          * force a context switch. */
1887:/home/zz/quard-start/Quard-Star/trusted_domain/FreeRTOS-Kernel/queue.c ****                         if( pxHigherPriorityTaskWoken != NULL )
1888:/home/zz/quard-start/Quard-Star/trusted_domain/FreeRTOS-Kernel/queue.c ****                         {
1889:/home/zz/quard-start/Quard-Star/trusted_domain/FreeRTOS-Kernel/queue.c ****                             *pxHigherPriorityTaskWoken = pdTRUE;
1890:/home/zz/quard-start/Quard-Star/trusted_domain/FreeRTOS-Kernel/queue.c ****                         }
1891:/home/zz/quard-start/Quard-Star/trusted_domain/FreeRTOS-Kernel/queue.c ****                         else
1892:/home/zz/quard-start/Quard-Star/trusted_domain/FreeRTOS-Kernel/queue.c ****                         {
1893:/home/zz/quard-start/Quard-Star/trusted_domain/FreeRTOS-Kernel/queue.c ****                             mtCOVERAGE_TEST_MARKER();
1894:/home/zz/quard-start/Quard-Star/trusted_domain/FreeRTOS-Kernel/queue.c ****                         }
1895:/home/zz/quard-start/Quard-Star/trusted_domain/FreeRTOS-Kernel/queue.c ****                     }
1896:/home/zz/quard-start/Quard-Star/trusted_domain/FreeRTOS-Kernel/queue.c ****                     else
1897:/home/zz/quard-start/Quard-Star/trusted_domain/FreeRTOS-Kernel/queue.c ****                     {
1898:/home/zz/quard-start/Quard-Star/trusted_domain/FreeRTOS-Kernel/queue.c ****                         mtCOVERAGE_TEST_MARKER();
1899:/home/zz/quard-start/Quard-Star/trusted_domain/FreeRTOS-Kernel/queue.c ****                     }
1900:/home/zz/quard-start/Quard-Star/trusted_domain/FreeRTOS-Kernel/queue.c ****                 }
1901:/home/zz/quard-start/Quard-Star/trusted_domain/FreeRTOS-Kernel/queue.c ****                 else
1902:/home/zz/quard-start/Quard-Star/trusted_domain/FreeRTOS-Kernel/queue.c ****                 {
1903:/home/zz/quard-start/Quard-Star/trusted_domain/FreeRTOS-Kernel/queue.c ****                     mtCOVERAGE_TEST_MARKER();
1904:/home/zz/quard-start/Quard-Star/trusted_domain/FreeRTOS-Kernel/queue.c ****                 }
1905:/home/zz/quard-start/Quard-Star/trusted_domain/FreeRTOS-Kernel/queue.c ****             }
1906:/home/zz/quard-start/Quard-Star/trusted_domain/FreeRTOS-Kernel/queue.c ****             else
1907:/home/zz/quard-start/Quard-Star/trusted_domain/FreeRTOS-Kernel/queue.c ****             {
1908:/home/zz/quard-start/Quard-Star/trusted_domain/FreeRTOS-Kernel/queue.c ****                 /* Increment the lock count so the task that unlocks the queue
1909:/home/zz/quard-start/Quard-Star/trusted_domain/FreeRTOS-Kernel/queue.c ****                  * knows that data was removed while it was locked. */
1910:/home/zz/quard-start/Quard-Star/trusted_domain/FreeRTOS-Kernel/queue.c ****                 configASSERT( cRxLock != queueINT8_MAX );
1911:/home/zz/quard-start/Quard-Star/trusted_domain/FreeRTOS-Kernel/queue.c **** 
1912:/home/zz/quard-start/Quard-Star/trusted_domain/FreeRTOS-Kernel/queue.c ****                 pxQueue->cRxLock = ( int8_t ) ( cRxLock + 1 );
1913:/home/zz/quard-start/Quard-Star/trusted_domain/FreeRTOS-Kernel/queue.c ****             }
1914:/home/zz/quard-start/Quard-Star/trusted_domain/FreeRTOS-Kernel/queue.c **** 
1915:/home/zz/quard-start/Quard-Star/trusted_domain/FreeRTOS-Kernel/queue.c ****             xReturn = pdPASS;
1916:/home/zz/quard-start/Quard-Star/trusted_domain/FreeRTOS-Kernel/queue.c ****         }
1917:/home/zz/quard-start/Quard-Star/trusted_domain/FreeRTOS-Kernel/queue.c ****         else
1918:/home/zz/quard-start/Quard-Star/trusted_domain/FreeRTOS-Kernel/queue.c ****         {
1919:/home/zz/quard-start/Quard-Star/trusted_domain/FreeRTOS-Kernel/queue.c ****             xReturn = pdFAIL;
1920:/home/zz/quard-start/Quard-Star/trusted_domain/FreeRTOS-Kernel/queue.c ****             traceQUEUE_RECEIVE_FROM_ISR_FAILED( pxQueue );
1921:/home/zz/quard-start/Quard-Star/trusted_domain/FreeRTOS-Kernel/queue.c ****         }
1922:/home/zz/quard-start/Quard-Star/trusted_domain/FreeRTOS-Kernel/queue.c ****     }
1923:/home/zz/quard-start/Quard-Star/trusted_domain/FreeRTOS-Kernel/queue.c ****     portCLEAR_INTERRUPT_MASK_FROM_ISR( uxSavedInterruptStatus );
1924:/home/zz/quard-start/Quard-Star/trusted_domain/FreeRTOS-Kernel/queue.c **** 
1925:/home/zz/quard-start/Quard-Star/trusted_domain/FreeRTOS-Kernel/queue.c ****     return xReturn;
GAS LISTING /tmp/ccjMK2NG.s 			page 35


1926:/home/zz/quard-start/Quard-Star/trusted_domain/FreeRTOS-Kernel/queue.c **** }
1927:/home/zz/quard-start/Quard-Star/trusted_domain/FreeRTOS-Kernel/queue.c **** /*-----------------------------------------------------------*/
1928:/home/zz/quard-start/Quard-Star/trusted_domain/FreeRTOS-Kernel/queue.c **** 
1929:/home/zz/quard-start/Quard-Star/trusted_domain/FreeRTOS-Kernel/queue.c **** BaseType_t xQueuePeekFromISR( QueueHandle_t xQueue,
1930:/home/zz/quard-start/Quard-Star/trusted_domain/FreeRTOS-Kernel/queue.c ****                               void * const pvBuffer )
1931:/home/zz/quard-start/Quard-Star/trusted_domain/FreeRTOS-Kernel/queue.c **** {
1932:/home/zz/quard-start/Quard-Star/trusted_domain/FreeRTOS-Kernel/queue.c ****     BaseType_t xReturn;
1933:/home/zz/quard-start/Quard-Star/trusted_domain/FreeRTOS-Kernel/queue.c ****     UBaseType_t uxSavedInterruptStatus;
1934:/home/zz/quard-start/Quard-Star/trusted_domain/FreeRTOS-Kernel/queue.c ****     int8_t * pcOriginalReadPosition;
1935:/home/zz/quard-start/Quard-Star/trusted_domain/FreeRTOS-Kernel/queue.c ****     Queue_t * const pxQueue = xQueue;
1936:/home/zz/quard-start/Quard-Star/trusted_domain/FreeRTOS-Kernel/queue.c **** 
1937:/home/zz/quard-start/Quard-Star/trusted_domain/FreeRTOS-Kernel/queue.c ****     configASSERT( pxQueue );
1938:/home/zz/quard-start/Quard-Star/trusted_domain/FreeRTOS-Kernel/queue.c ****     configASSERT( !( ( pvBuffer == NULL ) && ( pxQueue->uxItemSize != ( UBaseType_t ) 0U ) ) );
1939:/home/zz/quard-start/Quard-Star/trusted_domain/FreeRTOS-Kernel/queue.c ****     configASSERT( pxQueue->uxItemSize != 0 ); /* Can't peek a semaphore. */
1940:/home/zz/quard-start/Quard-Star/trusted_domain/FreeRTOS-Kernel/queue.c **** 
1941:/home/zz/quard-start/Quard-Star/trusted_domain/FreeRTOS-Kernel/queue.c ****     /* RTOS ports that support interrupt nesting have the concept of a maximum
1942:/home/zz/quard-start/Quard-Star/trusted_domain/FreeRTOS-Kernel/queue.c ****      * system call (or maximum API call) interrupt priority.  Interrupts that are
1943:/home/zz/quard-start/Quard-Star/trusted_domain/FreeRTOS-Kernel/queue.c ****      * above the maximum system call priority are kept permanently enabled, even
1944:/home/zz/quard-start/Quard-Star/trusted_domain/FreeRTOS-Kernel/queue.c ****      * when the RTOS kernel is in a critical section, but cannot make any calls to
1945:/home/zz/quard-start/Quard-Star/trusted_domain/FreeRTOS-Kernel/queue.c ****      * FreeRTOS API functions.  If configASSERT() is defined in FreeRTOSConfig.h
1946:/home/zz/quard-start/Quard-Star/trusted_domain/FreeRTOS-Kernel/queue.c ****      * then portASSERT_IF_INTERRUPT_PRIORITY_INVALID() will result in an assertion
1947:/home/zz/quard-start/Quard-Star/trusted_domain/FreeRTOS-Kernel/queue.c ****      * failure if a FreeRTOS API function is called from an interrupt that has been
1948:/home/zz/quard-start/Quard-Star/trusted_domain/FreeRTOS-Kernel/queue.c ****      * assigned a priority above the configured maximum system call priority.
1949:/home/zz/quard-start/Quard-Star/trusted_domain/FreeRTOS-Kernel/queue.c ****      * Only FreeRTOS functions that end in FromISR can be called from interrupts
1950:/home/zz/quard-start/Quard-Star/trusted_domain/FreeRTOS-Kernel/queue.c ****      * that have been assigned a priority at or (logically) below the maximum
1951:/home/zz/quard-start/Quard-Star/trusted_domain/FreeRTOS-Kernel/queue.c ****      * system call interrupt priority.  FreeRTOS maintains a separate interrupt
1952:/home/zz/quard-start/Quard-Star/trusted_domain/FreeRTOS-Kernel/queue.c ****      * safe API to ensure interrupt entry is as fast and as simple as possible.
1953:/home/zz/quard-start/Quard-Star/trusted_domain/FreeRTOS-Kernel/queue.c ****      * More information (albeit Cortex-M specific) is provided on the following
1954:/home/zz/quard-start/Quard-Star/trusted_domain/FreeRTOS-Kernel/queue.c ****      * link: https://www.FreeRTOS.org/RTOS-Cortex-M3-M4.html */
1955:/home/zz/quard-start/Quard-Star/trusted_domain/FreeRTOS-Kernel/queue.c ****     portASSERT_IF_INTERRUPT_PRIORITY_INVALID();
1956:/home/zz/quard-start/Quard-Star/trusted_domain/FreeRTOS-Kernel/queue.c **** 
1957:/home/zz/quard-start/Quard-Star/trusted_domain/FreeRTOS-Kernel/queue.c ****     uxSavedInterruptStatus = portSET_INTERRUPT_MASK_FROM_ISR();
1958:/home/zz/quard-start/Quard-Star/trusted_domain/FreeRTOS-Kernel/queue.c ****     {
1959:/home/zz/quard-start/Quard-Star/trusted_domain/FreeRTOS-Kernel/queue.c ****         /* Cannot block in an ISR, so check there is data available. */
1960:/home/zz/quard-start/Quard-Star/trusted_domain/FreeRTOS-Kernel/queue.c ****         if( pxQueue->uxMessagesWaiting > ( UBaseType_t ) 0 )
1961:/home/zz/quard-start/Quard-Star/trusted_domain/FreeRTOS-Kernel/queue.c ****         {
1962:/home/zz/quard-start/Quard-Star/trusted_domain/FreeRTOS-Kernel/queue.c ****             traceQUEUE_PEEK_FROM_ISR( pxQueue );
1963:/home/zz/quard-start/Quard-Star/trusted_domain/FreeRTOS-Kernel/queue.c **** 
1964:/home/zz/quard-start/Quard-Star/trusted_domain/FreeRTOS-Kernel/queue.c ****             /* Remember the read position so it can be reset as nothing is
1965:/home/zz/quard-start/Quard-Star/trusted_domain/FreeRTOS-Kernel/queue.c ****              * actually being removed from the queue. */
1966:/home/zz/quard-start/Quard-Star/trusted_domain/FreeRTOS-Kernel/queue.c ****             pcOriginalReadPosition = pxQueue->u.xQueue.pcReadFrom;
1967:/home/zz/quard-start/Quard-Star/trusted_domain/FreeRTOS-Kernel/queue.c ****             prvCopyDataFromQueue( pxQueue, pvBuffer );
1968:/home/zz/quard-start/Quard-Star/trusted_domain/FreeRTOS-Kernel/queue.c ****             pxQueue->u.xQueue.pcReadFrom = pcOriginalReadPosition;
1969:/home/zz/quard-start/Quard-Star/trusted_domain/FreeRTOS-Kernel/queue.c **** 
1970:/home/zz/quard-start/Quard-Star/trusted_domain/FreeRTOS-Kernel/queue.c ****             xReturn = pdPASS;
1971:/home/zz/quard-start/Quard-Star/trusted_domain/FreeRTOS-Kernel/queue.c ****         }
1972:/home/zz/quard-start/Quard-Star/trusted_domain/FreeRTOS-Kernel/queue.c ****         else
1973:/home/zz/quard-start/Quard-Star/trusted_domain/FreeRTOS-Kernel/queue.c ****         {
1974:/home/zz/quard-start/Quard-Star/trusted_domain/FreeRTOS-Kernel/queue.c ****             xReturn = pdFAIL;
1975:/home/zz/quard-start/Quard-Star/trusted_domain/FreeRTOS-Kernel/queue.c ****             traceQUEUE_PEEK_FROM_ISR_FAILED( pxQueue );
1976:/home/zz/quard-start/Quard-Star/trusted_domain/FreeRTOS-Kernel/queue.c ****         }
1977:/home/zz/quard-start/Quard-Star/trusted_domain/FreeRTOS-Kernel/queue.c ****     }
1978:/home/zz/quard-start/Quard-Star/trusted_domain/FreeRTOS-Kernel/queue.c ****     portCLEAR_INTERRUPT_MASK_FROM_ISR( uxSavedInterruptStatus );
1979:/home/zz/quard-start/Quard-Star/trusted_domain/FreeRTOS-Kernel/queue.c **** 
1980:/home/zz/quard-start/Quard-Star/trusted_domain/FreeRTOS-Kernel/queue.c ****     return xReturn;
1981:/home/zz/quard-start/Quard-Star/trusted_domain/FreeRTOS-Kernel/queue.c **** }
1982:/home/zz/quard-start/Quard-Star/trusted_domain/FreeRTOS-Kernel/queue.c **** /*-----------------------------------------------------------*/
GAS LISTING /tmp/ccjMK2NG.s 			page 36


1983:/home/zz/quard-start/Quard-Star/trusted_domain/FreeRTOS-Kernel/queue.c **** 
1984:/home/zz/quard-start/Quard-Star/trusted_domain/FreeRTOS-Kernel/queue.c **** UBaseType_t uxQueueMessagesWaiting( const QueueHandle_t xQueue )
1985:/home/zz/quard-start/Quard-Star/trusted_domain/FreeRTOS-Kernel/queue.c **** {
1986:/home/zz/quard-start/Quard-Star/trusted_domain/FreeRTOS-Kernel/queue.c ****     UBaseType_t uxReturn;
1987:/home/zz/quard-start/Quard-Star/trusted_domain/FreeRTOS-Kernel/queue.c **** 
1988:/home/zz/quard-start/Quard-Star/trusted_domain/FreeRTOS-Kernel/queue.c ****     configASSERT( xQueue );
1989:/home/zz/quard-start/Quard-Star/trusted_domain/FreeRTOS-Kernel/queue.c **** 
1990:/home/zz/quard-start/Quard-Star/trusted_domain/FreeRTOS-Kernel/queue.c ****     taskENTER_CRITICAL();
1991:/home/zz/quard-start/Quard-Star/trusted_domain/FreeRTOS-Kernel/queue.c ****     {
1992:/home/zz/quard-start/Quard-Star/trusted_domain/FreeRTOS-Kernel/queue.c ****         uxReturn = ( ( Queue_t * ) xQueue )->uxMessagesWaiting;
1993:/home/zz/quard-start/Quard-Star/trusted_domain/FreeRTOS-Kernel/queue.c ****     }
1994:/home/zz/quard-start/Quard-Star/trusted_domain/FreeRTOS-Kernel/queue.c ****     taskEXIT_CRITICAL();
1995:/home/zz/quard-start/Quard-Star/trusted_domain/FreeRTOS-Kernel/queue.c **** 
1996:/home/zz/quard-start/Quard-Star/trusted_domain/FreeRTOS-Kernel/queue.c ****     return uxReturn;
1997:/home/zz/quard-start/Quard-Star/trusted_domain/FreeRTOS-Kernel/queue.c **** } /*lint !e818 Pointer cannot be declared const as xQueue is a typedef not pointer. */
1998:/home/zz/quard-start/Quard-Star/trusted_domain/FreeRTOS-Kernel/queue.c **** /*-----------------------------------------------------------*/
1999:/home/zz/quard-start/Quard-Star/trusted_domain/FreeRTOS-Kernel/queue.c **** 
2000:/home/zz/quard-start/Quard-Star/trusted_domain/FreeRTOS-Kernel/queue.c **** UBaseType_t uxQueueSpacesAvailable( const QueueHandle_t xQueue )
2001:/home/zz/quard-start/Quard-Star/trusted_domain/FreeRTOS-Kernel/queue.c **** {
2002:/home/zz/quard-start/Quard-Star/trusted_domain/FreeRTOS-Kernel/queue.c ****     UBaseType_t uxReturn;
2003:/home/zz/quard-start/Quard-Star/trusted_domain/FreeRTOS-Kernel/queue.c ****     Queue_t * const pxQueue = xQueue;
2004:/home/zz/quard-start/Quard-Star/trusted_domain/FreeRTOS-Kernel/queue.c **** 
2005:/home/zz/quard-start/Quard-Star/trusted_domain/FreeRTOS-Kernel/queue.c ****     configASSERT( pxQueue );
2006:/home/zz/quard-start/Quard-Star/trusted_domain/FreeRTOS-Kernel/queue.c **** 
2007:/home/zz/quard-start/Quard-Star/trusted_domain/FreeRTOS-Kernel/queue.c ****     taskENTER_CRITICAL();
2008:/home/zz/quard-start/Quard-Star/trusted_domain/FreeRTOS-Kernel/queue.c ****     {
2009:/home/zz/quard-start/Quard-Star/trusted_domain/FreeRTOS-Kernel/queue.c ****         uxReturn = pxQueue->uxLength - pxQueue->uxMessagesWaiting;
2010:/home/zz/quard-start/Quard-Star/trusted_domain/FreeRTOS-Kernel/queue.c ****     }
2011:/home/zz/quard-start/Quard-Star/trusted_domain/FreeRTOS-Kernel/queue.c ****     taskEXIT_CRITICAL();
2012:/home/zz/quard-start/Quard-Star/trusted_domain/FreeRTOS-Kernel/queue.c **** 
2013:/home/zz/quard-start/Quard-Star/trusted_domain/FreeRTOS-Kernel/queue.c ****     return uxReturn;
2014:/home/zz/quard-start/Quard-Star/trusted_domain/FreeRTOS-Kernel/queue.c **** } /*lint !e818 Pointer cannot be declared const as xQueue is a typedef not pointer. */
2015:/home/zz/quard-start/Quard-Star/trusted_domain/FreeRTOS-Kernel/queue.c **** /*-----------------------------------------------------------*/
2016:/home/zz/quard-start/Quard-Star/trusted_domain/FreeRTOS-Kernel/queue.c **** 
2017:/home/zz/quard-start/Quard-Star/trusted_domain/FreeRTOS-Kernel/queue.c **** UBaseType_t uxQueueMessagesWaitingFromISR( const QueueHandle_t xQueue )
2018:/home/zz/quard-start/Quard-Star/trusted_domain/FreeRTOS-Kernel/queue.c **** {
2019:/home/zz/quard-start/Quard-Star/trusted_domain/FreeRTOS-Kernel/queue.c ****     UBaseType_t uxReturn;
2020:/home/zz/quard-start/Quard-Star/trusted_domain/FreeRTOS-Kernel/queue.c ****     Queue_t * const pxQueue = xQueue;
2021:/home/zz/quard-start/Quard-Star/trusted_domain/FreeRTOS-Kernel/queue.c **** 
2022:/home/zz/quard-start/Quard-Star/trusted_domain/FreeRTOS-Kernel/queue.c ****     configASSERT( pxQueue );
2023:/home/zz/quard-start/Quard-Star/trusted_domain/FreeRTOS-Kernel/queue.c ****     uxReturn = pxQueue->uxMessagesWaiting;
2024:/home/zz/quard-start/Quard-Star/trusted_domain/FreeRTOS-Kernel/queue.c **** 
2025:/home/zz/quard-start/Quard-Star/trusted_domain/FreeRTOS-Kernel/queue.c ****     return uxReturn;
2026:/home/zz/quard-start/Quard-Star/trusted_domain/FreeRTOS-Kernel/queue.c **** } /*lint !e818 Pointer cannot be declared const as xQueue is a typedef not pointer. */
2027:/home/zz/quard-start/Quard-Star/trusted_domain/FreeRTOS-Kernel/queue.c **** /*-----------------------------------------------------------*/
2028:/home/zz/quard-start/Quard-Star/trusted_domain/FreeRTOS-Kernel/queue.c **** 
2029:/home/zz/quard-start/Quard-Star/trusted_domain/FreeRTOS-Kernel/queue.c **** void vQueueDelete( QueueHandle_t xQueue )
2030:/home/zz/quard-start/Quard-Star/trusted_domain/FreeRTOS-Kernel/queue.c **** {
2031:/home/zz/quard-start/Quard-Star/trusted_domain/FreeRTOS-Kernel/queue.c ****     Queue_t * const pxQueue = xQueue;
2032:/home/zz/quard-start/Quard-Star/trusted_domain/FreeRTOS-Kernel/queue.c **** 
2033:/home/zz/quard-start/Quard-Star/trusted_domain/FreeRTOS-Kernel/queue.c ****     configASSERT( pxQueue );
2034:/home/zz/quard-start/Quard-Star/trusted_domain/FreeRTOS-Kernel/queue.c ****     traceQUEUE_DELETE( pxQueue );
2035:/home/zz/quard-start/Quard-Star/trusted_domain/FreeRTOS-Kernel/queue.c **** 
2036:/home/zz/quard-start/Quard-Star/trusted_domain/FreeRTOS-Kernel/queue.c ****     #if ( configQUEUE_REGISTRY_SIZE > 0 )
2037:/home/zz/quard-start/Quard-Star/trusted_domain/FreeRTOS-Kernel/queue.c ****         {
2038:/home/zz/quard-start/Quard-Star/trusted_domain/FreeRTOS-Kernel/queue.c ****             vQueueUnregisterQueue( pxQueue );
2039:/home/zz/quard-start/Quard-Star/trusted_domain/FreeRTOS-Kernel/queue.c ****         }
GAS LISTING /tmp/ccjMK2NG.s 			page 37


2040:/home/zz/quard-start/Quard-Star/trusted_domain/FreeRTOS-Kernel/queue.c ****     #endif
2041:/home/zz/quard-start/Quard-Star/trusted_domain/FreeRTOS-Kernel/queue.c **** 
2042:/home/zz/quard-start/Quard-Star/trusted_domain/FreeRTOS-Kernel/queue.c ****     #if ( ( configSUPPORT_DYNAMIC_ALLOCATION == 1 ) && ( configSUPPORT_STATIC_ALLOCATION == 0 ) )
2043:/home/zz/quard-start/Quard-Star/trusted_domain/FreeRTOS-Kernel/queue.c ****         {
2044:/home/zz/quard-start/Quard-Star/trusted_domain/FreeRTOS-Kernel/queue.c ****             /* The queue can only have been allocated dynamically - free it
2045:/home/zz/quard-start/Quard-Star/trusted_domain/FreeRTOS-Kernel/queue.c ****              * again. */
2046:/home/zz/quard-start/Quard-Star/trusted_domain/FreeRTOS-Kernel/queue.c ****             vPortFree( pxQueue );
2047:/home/zz/quard-start/Quard-Star/trusted_domain/FreeRTOS-Kernel/queue.c ****         }
2048:/home/zz/quard-start/Quard-Star/trusted_domain/FreeRTOS-Kernel/queue.c ****     #elif ( ( configSUPPORT_DYNAMIC_ALLOCATION == 1 ) && ( configSUPPORT_STATIC_ALLOCATION == 1 ) )
2049:/home/zz/quard-start/Quard-Star/trusted_domain/FreeRTOS-Kernel/queue.c ****         {
2050:/home/zz/quard-start/Quard-Star/trusted_domain/FreeRTOS-Kernel/queue.c ****             /* The queue could have been allocated statically or dynamically, so
2051:/home/zz/quard-start/Quard-Star/trusted_domain/FreeRTOS-Kernel/queue.c ****              * check before attempting to free the memory. */
2052:/home/zz/quard-start/Quard-Star/trusted_domain/FreeRTOS-Kernel/queue.c ****             if( pxQueue->ucStaticallyAllocated == ( uint8_t ) pdFALSE )
2053:/home/zz/quard-start/Quard-Star/trusted_domain/FreeRTOS-Kernel/queue.c ****             {
2054:/home/zz/quard-start/Quard-Star/trusted_domain/FreeRTOS-Kernel/queue.c ****                 vPortFree( pxQueue );
2055:/home/zz/quard-start/Quard-Star/trusted_domain/FreeRTOS-Kernel/queue.c ****             }
2056:/home/zz/quard-start/Quard-Star/trusted_domain/FreeRTOS-Kernel/queue.c ****             else
2057:/home/zz/quard-start/Quard-Star/trusted_domain/FreeRTOS-Kernel/queue.c ****             {
2058:/home/zz/quard-start/Quard-Star/trusted_domain/FreeRTOS-Kernel/queue.c ****                 mtCOVERAGE_TEST_MARKER();
2059:/home/zz/quard-start/Quard-Star/trusted_domain/FreeRTOS-Kernel/queue.c ****             }
2060:/home/zz/quard-start/Quard-Star/trusted_domain/FreeRTOS-Kernel/queue.c ****         }
2061:/home/zz/quard-start/Quard-Star/trusted_domain/FreeRTOS-Kernel/queue.c ****     #else /* if ( ( configSUPPORT_DYNAMIC_ALLOCATION == 1 ) && ( configSUPPORT_STATIC_ALLOCATION ==
2062:/home/zz/quard-start/Quard-Star/trusted_domain/FreeRTOS-Kernel/queue.c ****         {
2063:/home/zz/quard-start/Quard-Star/trusted_domain/FreeRTOS-Kernel/queue.c ****             /* The queue must have been statically allocated, so is not going to be
2064:/home/zz/quard-start/Quard-Star/trusted_domain/FreeRTOS-Kernel/queue.c ****              * deleted.  Avoid compiler warnings about the unused parameter. */
2065:/home/zz/quard-start/Quard-Star/trusted_domain/FreeRTOS-Kernel/queue.c ****             ( void ) pxQueue;
2066:/home/zz/quard-start/Quard-Star/trusted_domain/FreeRTOS-Kernel/queue.c ****         }
2067:/home/zz/quard-start/Quard-Star/trusted_domain/FreeRTOS-Kernel/queue.c ****     #endif /* configSUPPORT_DYNAMIC_ALLOCATION */
2068:/home/zz/quard-start/Quard-Star/trusted_domain/FreeRTOS-Kernel/queue.c **** }
2069:/home/zz/quard-start/Quard-Star/trusted_domain/FreeRTOS-Kernel/queue.c **** /*-----------------------------------------------------------*/
2070:/home/zz/quard-start/Quard-Star/trusted_domain/FreeRTOS-Kernel/queue.c **** 
2071:/home/zz/quard-start/Quard-Star/trusted_domain/FreeRTOS-Kernel/queue.c **** #if ( configUSE_TRACE_FACILITY == 1 )
2072:/home/zz/quard-start/Quard-Star/trusted_domain/FreeRTOS-Kernel/queue.c **** 
2073:/home/zz/quard-start/Quard-Star/trusted_domain/FreeRTOS-Kernel/queue.c ****     UBaseType_t uxQueueGetQueueNumber( QueueHandle_t xQueue )
2074:/home/zz/quard-start/Quard-Star/trusted_domain/FreeRTOS-Kernel/queue.c ****     {
2075:/home/zz/quard-start/Quard-Star/trusted_domain/FreeRTOS-Kernel/queue.c ****         return ( ( Queue_t * ) xQueue )->uxQueueNumber;
2076:/home/zz/quard-start/Quard-Star/trusted_domain/FreeRTOS-Kernel/queue.c ****     }
2077:/home/zz/quard-start/Quard-Star/trusted_domain/FreeRTOS-Kernel/queue.c **** 
2078:/home/zz/quard-start/Quard-Star/trusted_domain/FreeRTOS-Kernel/queue.c **** #endif /* configUSE_TRACE_FACILITY */
2079:/home/zz/quard-start/Quard-Star/trusted_domain/FreeRTOS-Kernel/queue.c **** /*-----------------------------------------------------------*/
2080:/home/zz/quard-start/Quard-Star/trusted_domain/FreeRTOS-Kernel/queue.c **** 
2081:/home/zz/quard-start/Quard-Star/trusted_domain/FreeRTOS-Kernel/queue.c **** #if ( configUSE_TRACE_FACILITY == 1 )
2082:/home/zz/quard-start/Quard-Star/trusted_domain/FreeRTOS-Kernel/queue.c **** 
2083:/home/zz/quard-start/Quard-Star/trusted_domain/FreeRTOS-Kernel/queue.c ****     void vQueueSetQueueNumber( QueueHandle_t xQueue,
2084:/home/zz/quard-start/Quard-Star/trusted_domain/FreeRTOS-Kernel/queue.c ****                                UBaseType_t uxQueueNumber )
2085:/home/zz/quard-start/Quard-Star/trusted_domain/FreeRTOS-Kernel/queue.c ****     {
2086:/home/zz/quard-start/Quard-Star/trusted_domain/FreeRTOS-Kernel/queue.c ****         ( ( Queue_t * ) xQueue )->uxQueueNumber = uxQueueNumber;
2087:/home/zz/quard-start/Quard-Star/trusted_domain/FreeRTOS-Kernel/queue.c ****     }
2088:/home/zz/quard-start/Quard-Star/trusted_domain/FreeRTOS-Kernel/queue.c **** 
2089:/home/zz/quard-start/Quard-Star/trusted_domain/FreeRTOS-Kernel/queue.c **** #endif /* configUSE_TRACE_FACILITY */
2090:/home/zz/quard-start/Quard-Star/trusted_domain/FreeRTOS-Kernel/queue.c **** /*-----------------------------------------------------------*/
2091:/home/zz/quard-start/Quard-Star/trusted_domain/FreeRTOS-Kernel/queue.c **** 
2092:/home/zz/quard-start/Quard-Star/trusted_domain/FreeRTOS-Kernel/queue.c **** #if ( configUSE_TRACE_FACILITY == 1 )
2093:/home/zz/quard-start/Quard-Star/trusted_domain/FreeRTOS-Kernel/queue.c **** 
2094:/home/zz/quard-start/Quard-Star/trusted_domain/FreeRTOS-Kernel/queue.c ****     uint8_t ucQueueGetQueueType( QueueHandle_t xQueue )
2095:/home/zz/quard-start/Quard-Star/trusted_domain/FreeRTOS-Kernel/queue.c ****     {
2096:/home/zz/quard-start/Quard-Star/trusted_domain/FreeRTOS-Kernel/queue.c ****         return ( ( Queue_t * ) xQueue )->ucQueueType;
GAS LISTING /tmp/ccjMK2NG.s 			page 38


2097:/home/zz/quard-start/Quard-Star/trusted_domain/FreeRTOS-Kernel/queue.c ****     }
2098:/home/zz/quard-start/Quard-Star/trusted_domain/FreeRTOS-Kernel/queue.c **** 
2099:/home/zz/quard-start/Quard-Star/trusted_domain/FreeRTOS-Kernel/queue.c **** #endif /* configUSE_TRACE_FACILITY */
2100:/home/zz/quard-start/Quard-Star/trusted_domain/FreeRTOS-Kernel/queue.c **** /*-----------------------------------------------------------*/
2101:/home/zz/quard-start/Quard-Star/trusted_domain/FreeRTOS-Kernel/queue.c **** 
2102:/home/zz/quard-start/Quard-Star/trusted_domain/FreeRTOS-Kernel/queue.c **** #if ( configUSE_MUTEXES == 1 )
2103:/home/zz/quard-start/Quard-Star/trusted_domain/FreeRTOS-Kernel/queue.c **** 
2104:/home/zz/quard-start/Quard-Star/trusted_domain/FreeRTOS-Kernel/queue.c ****     static UBaseType_t prvGetDisinheritPriorityAfterTimeout( const Queue_t * const pxQueue )
2105:/home/zz/quard-start/Quard-Star/trusted_domain/FreeRTOS-Kernel/queue.c ****     {
  15              		.loc 1 2105 5
  16              		.cfi_startproc
  17              	.LVL0:
  18 0000 93070500 		mv	a5,a0
2106:/home/zz/quard-start/Quard-Star/trusted_domain/FreeRTOS-Kernel/queue.c ****         UBaseType_t uxHighestPriorityOfWaitingTasks;
  19              		.loc 1 2106 9
2107:/home/zz/quard-start/Quard-Star/trusted_domain/FreeRTOS-Kernel/queue.c **** 
2108:/home/zz/quard-start/Quard-Star/trusted_domain/FreeRTOS-Kernel/queue.c ****         /* If a task waiting for a mutex causes the mutex holder to inherit a
2109:/home/zz/quard-start/Quard-Star/trusted_domain/FreeRTOS-Kernel/queue.c ****          * priority, but the waiting task times out, then the holder should
2110:/home/zz/quard-start/Quard-Star/trusted_domain/FreeRTOS-Kernel/queue.c ****          * disinherit the priority - but only down to the highest priority of any
2111:/home/zz/quard-start/Quard-Star/trusted_domain/FreeRTOS-Kernel/queue.c ****          * other tasks that are waiting for the same mutex.  For this purpose,
2112:/home/zz/quard-start/Quard-Star/trusted_domain/FreeRTOS-Kernel/queue.c ****          * return the priority of the highest priority task that is waiting for the
2113:/home/zz/quard-start/Quard-Star/trusted_domain/FreeRTOS-Kernel/queue.c ****          * mutex. */
2114:/home/zz/quard-start/Quard-Star/trusted_domain/FreeRTOS-Kernel/queue.c ****         if( listCURRENT_LIST_LENGTH( &( pxQueue->xTasksWaitingToReceive ) ) > 0U )
  20              		.loc 1 2114 9
  21              		.loc 1 2114 13 is_stmt 0
  22 0004 03358504 		ld	a0,72(a0)
  23              	.LVL1:
  24              		.loc 1 2114 11
  25 0008 630A0500 		beq	a0,zero,.L1
2115:/home/zz/quard-start/Quard-Star/trusted_domain/FreeRTOS-Kernel/queue.c ****         {
2116:/home/zz/quard-start/Quard-Star/trusted_domain/FreeRTOS-Kernel/queue.c ****             uxHighestPriorityOfWaitingTasks = ( UBaseType_t ) configMAX_PRIORITIES - ( UBaseType_t 
  26              		.loc 1 2116 13 is_stmt 1
  27              		.loc 1 2116 102 is_stmt 0
  28 000c 83B70706 		ld	a5,96(a5)
  29              	.LVL2:
  30 0010 83B70700 		ld	a5,0(a5)
  31              		.loc 1 2116 45
  32 0014 13057000 		li	a0,7
  33 0018 3305F540 		sub	a0,a0,a5
  34              	.LVL3:
2117:/home/zz/quard-start/Quard-Star/trusted_domain/FreeRTOS-Kernel/queue.c ****         }
2118:/home/zz/quard-start/Quard-Star/trusted_domain/FreeRTOS-Kernel/queue.c ****         else
2119:/home/zz/quard-start/Quard-Star/trusted_domain/FreeRTOS-Kernel/queue.c ****         {
2120:/home/zz/quard-start/Quard-Star/trusted_domain/FreeRTOS-Kernel/queue.c ****             uxHighestPriorityOfWaitingTasks = tskIDLE_PRIORITY;
2121:/home/zz/quard-start/Quard-Star/trusted_domain/FreeRTOS-Kernel/queue.c ****         }
2122:/home/zz/quard-start/Quard-Star/trusted_domain/FreeRTOS-Kernel/queue.c **** 
2123:/home/zz/quard-start/Quard-Star/trusted_domain/FreeRTOS-Kernel/queue.c ****         return uxHighestPriorityOfWaitingTasks;
  35              		.loc 1 2123 9 is_stmt 1
  36              	.L1:
2124:/home/zz/quard-start/Quard-Star/trusted_domain/FreeRTOS-Kernel/queue.c ****     }
  37              		.loc 1 2124 5 is_stmt 0
  38 001c 67800000 		ret
  39              		.cfi_endproc
  40              	.LFE27:
  42              		.section	.text.prvIsQueueFull,"ax",@progbits
  43              		.align	2
  45              	prvIsQueueFull:
GAS LISTING /tmp/ccjMK2NG.s 			page 39


  46              	.LFB33:
2125:/home/zz/quard-start/Quard-Star/trusted_domain/FreeRTOS-Kernel/queue.c **** 
2126:/home/zz/quard-start/Quard-Star/trusted_domain/FreeRTOS-Kernel/queue.c **** #endif /* configUSE_MUTEXES */
2127:/home/zz/quard-start/Quard-Star/trusted_domain/FreeRTOS-Kernel/queue.c **** /*-----------------------------------------------------------*/
2128:/home/zz/quard-start/Quard-Star/trusted_domain/FreeRTOS-Kernel/queue.c **** 
2129:/home/zz/quard-start/Quard-Star/trusted_domain/FreeRTOS-Kernel/queue.c **** static BaseType_t prvCopyDataToQueue( Queue_t * const pxQueue,
2130:/home/zz/quard-start/Quard-Star/trusted_domain/FreeRTOS-Kernel/queue.c ****                                       const void * pvItemToQueue,
2131:/home/zz/quard-start/Quard-Star/trusted_domain/FreeRTOS-Kernel/queue.c ****                                       const BaseType_t xPosition )
2132:/home/zz/quard-start/Quard-Star/trusted_domain/FreeRTOS-Kernel/queue.c **** {
2133:/home/zz/quard-start/Quard-Star/trusted_domain/FreeRTOS-Kernel/queue.c ****     BaseType_t xReturn = pdFALSE;
2134:/home/zz/quard-start/Quard-Star/trusted_domain/FreeRTOS-Kernel/queue.c ****     UBaseType_t uxMessagesWaiting;
2135:/home/zz/quard-start/Quard-Star/trusted_domain/FreeRTOS-Kernel/queue.c **** 
2136:/home/zz/quard-start/Quard-Star/trusted_domain/FreeRTOS-Kernel/queue.c ****     /* This function is called from a critical section. */
2137:/home/zz/quard-start/Quard-Star/trusted_domain/FreeRTOS-Kernel/queue.c **** 
2138:/home/zz/quard-start/Quard-Star/trusted_domain/FreeRTOS-Kernel/queue.c ****     uxMessagesWaiting = pxQueue->uxMessagesWaiting;
2139:/home/zz/quard-start/Quard-Star/trusted_domain/FreeRTOS-Kernel/queue.c **** 
2140:/home/zz/quard-start/Quard-Star/trusted_domain/FreeRTOS-Kernel/queue.c ****     if( pxQueue->uxItemSize == ( UBaseType_t ) 0 )
2141:/home/zz/quard-start/Quard-Star/trusted_domain/FreeRTOS-Kernel/queue.c ****     {
2142:/home/zz/quard-start/Quard-Star/trusted_domain/FreeRTOS-Kernel/queue.c ****         #if ( configUSE_MUTEXES == 1 )
2143:/home/zz/quard-start/Quard-Star/trusted_domain/FreeRTOS-Kernel/queue.c ****             {
2144:/home/zz/quard-start/Quard-Star/trusted_domain/FreeRTOS-Kernel/queue.c ****                 if( pxQueue->uxQueueType == queueQUEUE_IS_MUTEX )
2145:/home/zz/quard-start/Quard-Star/trusted_domain/FreeRTOS-Kernel/queue.c ****                 {
2146:/home/zz/quard-start/Quard-Star/trusted_domain/FreeRTOS-Kernel/queue.c ****                     /* The mutex is no longer being held. */
2147:/home/zz/quard-start/Quard-Star/trusted_domain/FreeRTOS-Kernel/queue.c ****                     xReturn = xTaskPriorityDisinherit( pxQueue->u.xSemaphore.xMutexHolder );
2148:/home/zz/quard-start/Quard-Star/trusted_domain/FreeRTOS-Kernel/queue.c ****                     pxQueue->u.xSemaphore.xMutexHolder = NULL;
2149:/home/zz/quard-start/Quard-Star/trusted_domain/FreeRTOS-Kernel/queue.c ****                 }
2150:/home/zz/quard-start/Quard-Star/trusted_domain/FreeRTOS-Kernel/queue.c ****                 else
2151:/home/zz/quard-start/Quard-Star/trusted_domain/FreeRTOS-Kernel/queue.c ****                 {
2152:/home/zz/quard-start/Quard-Star/trusted_domain/FreeRTOS-Kernel/queue.c ****                     mtCOVERAGE_TEST_MARKER();
2153:/home/zz/quard-start/Quard-Star/trusted_domain/FreeRTOS-Kernel/queue.c ****                 }
2154:/home/zz/quard-start/Quard-Star/trusted_domain/FreeRTOS-Kernel/queue.c ****             }
2155:/home/zz/quard-start/Quard-Star/trusted_domain/FreeRTOS-Kernel/queue.c ****         #endif /* configUSE_MUTEXES */
2156:/home/zz/quard-start/Quard-Star/trusted_domain/FreeRTOS-Kernel/queue.c ****     }
2157:/home/zz/quard-start/Quard-Star/trusted_domain/FreeRTOS-Kernel/queue.c ****     else if( xPosition == queueSEND_TO_BACK )
2158:/home/zz/quard-start/Quard-Star/trusted_domain/FreeRTOS-Kernel/queue.c ****     {
2159:/home/zz/quard-start/Quard-Star/trusted_domain/FreeRTOS-Kernel/queue.c ****         ( void ) memcpy( ( void * ) pxQueue->pcWriteTo, pvItemToQueue, ( size_t ) pxQueue->uxItemSi
2160:/home/zz/quard-start/Quard-Star/trusted_domain/FreeRTOS-Kernel/queue.c ****         pxQueue->pcWriteTo += pxQueue->uxItemSize;                                                 
2161:/home/zz/quard-start/Quard-Star/trusted_domain/FreeRTOS-Kernel/queue.c **** 
2162:/home/zz/quard-start/Quard-Star/trusted_domain/FreeRTOS-Kernel/queue.c ****         if( pxQueue->pcWriteTo >= pxQueue->u.xQueue.pcTail )                                       
2163:/home/zz/quard-start/Quard-Star/trusted_domain/FreeRTOS-Kernel/queue.c ****         {
2164:/home/zz/quard-start/Quard-Star/trusted_domain/FreeRTOS-Kernel/queue.c ****             pxQueue->pcWriteTo = pxQueue->pcHead;
2165:/home/zz/quard-start/Quard-Star/trusted_domain/FreeRTOS-Kernel/queue.c ****         }
2166:/home/zz/quard-start/Quard-Star/trusted_domain/FreeRTOS-Kernel/queue.c ****         else
2167:/home/zz/quard-start/Quard-Star/trusted_domain/FreeRTOS-Kernel/queue.c ****         {
2168:/home/zz/quard-start/Quard-Star/trusted_domain/FreeRTOS-Kernel/queue.c ****             mtCOVERAGE_TEST_MARKER();
2169:/home/zz/quard-start/Quard-Star/trusted_domain/FreeRTOS-Kernel/queue.c ****         }
2170:/home/zz/quard-start/Quard-Star/trusted_domain/FreeRTOS-Kernel/queue.c ****     }
2171:/home/zz/quard-start/Quard-Star/trusted_domain/FreeRTOS-Kernel/queue.c ****     else
2172:/home/zz/quard-start/Quard-Star/trusted_domain/FreeRTOS-Kernel/queue.c ****     {
2173:/home/zz/quard-start/Quard-Star/trusted_domain/FreeRTOS-Kernel/queue.c ****         ( void ) memcpy( ( void * ) pxQueue->u.xQueue.pcReadFrom, pvItemToQueue, ( size_t ) pxQueue
2174:/home/zz/quard-start/Quard-Star/trusted_domain/FreeRTOS-Kernel/queue.c ****         pxQueue->u.xQueue.pcReadFrom -= pxQueue->uxItemSize;
2175:/home/zz/quard-start/Quard-Star/trusted_domain/FreeRTOS-Kernel/queue.c **** 
2176:/home/zz/quard-start/Quard-Star/trusted_domain/FreeRTOS-Kernel/queue.c ****         if( pxQueue->u.xQueue.pcReadFrom < pxQueue->pcHead ) /*lint !e946 MISRA exception justified
2177:/home/zz/quard-start/Quard-Star/trusted_domain/FreeRTOS-Kernel/queue.c ****         {
2178:/home/zz/quard-start/Quard-Star/trusted_domain/FreeRTOS-Kernel/queue.c ****             pxQueue->u.xQueue.pcReadFrom = ( pxQueue->u.xQueue.pcTail - pxQueue->uxItemSize );
2179:/home/zz/quard-start/Quard-Star/trusted_domain/FreeRTOS-Kernel/queue.c ****         }
2180:/home/zz/quard-start/Quard-Star/trusted_domain/FreeRTOS-Kernel/queue.c ****         else
GAS LISTING /tmp/ccjMK2NG.s 			page 40


2181:/home/zz/quard-start/Quard-Star/trusted_domain/FreeRTOS-Kernel/queue.c ****         {
2182:/home/zz/quard-start/Quard-Star/trusted_domain/FreeRTOS-Kernel/queue.c ****             mtCOVERAGE_TEST_MARKER();
2183:/home/zz/quard-start/Quard-Star/trusted_domain/FreeRTOS-Kernel/queue.c ****         }
2184:/home/zz/quard-start/Quard-Star/trusted_domain/FreeRTOS-Kernel/queue.c **** 
2185:/home/zz/quard-start/Quard-Star/trusted_domain/FreeRTOS-Kernel/queue.c ****         if( xPosition == queueOVERWRITE )
2186:/home/zz/quard-start/Quard-Star/trusted_domain/FreeRTOS-Kernel/queue.c ****         {
2187:/home/zz/quard-start/Quard-Star/trusted_domain/FreeRTOS-Kernel/queue.c ****             if( uxMessagesWaiting > ( UBaseType_t ) 0 )
2188:/home/zz/quard-start/Quard-Star/trusted_domain/FreeRTOS-Kernel/queue.c ****             {
2189:/home/zz/quard-start/Quard-Star/trusted_domain/FreeRTOS-Kernel/queue.c ****                 /* An item is not being added but overwritten, so subtract
2190:/home/zz/quard-start/Quard-Star/trusted_domain/FreeRTOS-Kernel/queue.c ****                  * one from the recorded number of items in the queue so when
2191:/home/zz/quard-start/Quard-Star/trusted_domain/FreeRTOS-Kernel/queue.c ****                  * one is added again below the number of recorded items remains
2192:/home/zz/quard-start/Quard-Star/trusted_domain/FreeRTOS-Kernel/queue.c ****                  * correct. */
2193:/home/zz/quard-start/Quard-Star/trusted_domain/FreeRTOS-Kernel/queue.c ****                 --uxMessagesWaiting;
2194:/home/zz/quard-start/Quard-Star/trusted_domain/FreeRTOS-Kernel/queue.c ****             }
2195:/home/zz/quard-start/Quard-Star/trusted_domain/FreeRTOS-Kernel/queue.c ****             else
2196:/home/zz/quard-start/Quard-Star/trusted_domain/FreeRTOS-Kernel/queue.c ****             {
2197:/home/zz/quard-start/Quard-Star/trusted_domain/FreeRTOS-Kernel/queue.c ****                 mtCOVERAGE_TEST_MARKER();
2198:/home/zz/quard-start/Quard-Star/trusted_domain/FreeRTOS-Kernel/queue.c ****             }
2199:/home/zz/quard-start/Quard-Star/trusted_domain/FreeRTOS-Kernel/queue.c ****         }
2200:/home/zz/quard-start/Quard-Star/trusted_domain/FreeRTOS-Kernel/queue.c ****         else
2201:/home/zz/quard-start/Quard-Star/trusted_domain/FreeRTOS-Kernel/queue.c ****         {
2202:/home/zz/quard-start/Quard-Star/trusted_domain/FreeRTOS-Kernel/queue.c ****             mtCOVERAGE_TEST_MARKER();
2203:/home/zz/quard-start/Quard-Star/trusted_domain/FreeRTOS-Kernel/queue.c ****         }
2204:/home/zz/quard-start/Quard-Star/trusted_domain/FreeRTOS-Kernel/queue.c ****     }
2205:/home/zz/quard-start/Quard-Star/trusted_domain/FreeRTOS-Kernel/queue.c **** 
2206:/home/zz/quard-start/Quard-Star/trusted_domain/FreeRTOS-Kernel/queue.c ****     pxQueue->uxMessagesWaiting = uxMessagesWaiting + ( UBaseType_t ) 1;
2207:/home/zz/quard-start/Quard-Star/trusted_domain/FreeRTOS-Kernel/queue.c **** 
2208:/home/zz/quard-start/Quard-Star/trusted_domain/FreeRTOS-Kernel/queue.c ****     return xReturn;
2209:/home/zz/quard-start/Quard-Star/trusted_domain/FreeRTOS-Kernel/queue.c **** }
2210:/home/zz/quard-start/Quard-Star/trusted_domain/FreeRTOS-Kernel/queue.c **** /*-----------------------------------------------------------*/
2211:/home/zz/quard-start/Quard-Star/trusted_domain/FreeRTOS-Kernel/queue.c **** 
2212:/home/zz/quard-start/Quard-Star/trusted_domain/FreeRTOS-Kernel/queue.c **** static void prvCopyDataFromQueue( Queue_t * const pxQueue,
2213:/home/zz/quard-start/Quard-Star/trusted_domain/FreeRTOS-Kernel/queue.c ****                                   void * const pvBuffer )
2214:/home/zz/quard-start/Quard-Star/trusted_domain/FreeRTOS-Kernel/queue.c **** {
2215:/home/zz/quard-start/Quard-Star/trusted_domain/FreeRTOS-Kernel/queue.c ****     if( pxQueue->uxItemSize != ( UBaseType_t ) 0 )
2216:/home/zz/quard-start/Quard-Star/trusted_domain/FreeRTOS-Kernel/queue.c ****     {
2217:/home/zz/quard-start/Quard-Star/trusted_domain/FreeRTOS-Kernel/queue.c ****         pxQueue->u.xQueue.pcReadFrom += pxQueue->uxItemSize;           /*lint !e9016 Pointer arithm
2218:/home/zz/quard-start/Quard-Star/trusted_domain/FreeRTOS-Kernel/queue.c **** 
2219:/home/zz/quard-start/Quard-Star/trusted_domain/FreeRTOS-Kernel/queue.c ****         if( pxQueue->u.xQueue.pcReadFrom >= pxQueue->u.xQueue.pcTail ) /*lint !e946 MISRA exception
2220:/home/zz/quard-start/Quard-Star/trusted_domain/FreeRTOS-Kernel/queue.c ****         {
2221:/home/zz/quard-start/Quard-Star/trusted_domain/FreeRTOS-Kernel/queue.c ****             pxQueue->u.xQueue.pcReadFrom = pxQueue->pcHead;
2222:/home/zz/quard-start/Quard-Star/trusted_domain/FreeRTOS-Kernel/queue.c ****         }
2223:/home/zz/quard-start/Quard-Star/trusted_domain/FreeRTOS-Kernel/queue.c ****         else
2224:/home/zz/quard-start/Quard-Star/trusted_domain/FreeRTOS-Kernel/queue.c ****         {
2225:/home/zz/quard-start/Quard-Star/trusted_domain/FreeRTOS-Kernel/queue.c ****             mtCOVERAGE_TEST_MARKER();
2226:/home/zz/quard-start/Quard-Star/trusted_domain/FreeRTOS-Kernel/queue.c ****         }
2227:/home/zz/quard-start/Quard-Star/trusted_domain/FreeRTOS-Kernel/queue.c **** 
2228:/home/zz/quard-start/Quard-Star/trusted_domain/FreeRTOS-Kernel/queue.c ****         ( void ) memcpy( ( void * ) pvBuffer, ( void * ) pxQueue->u.xQueue.pcReadFrom, ( size_t ) p
2229:/home/zz/quard-start/Quard-Star/trusted_domain/FreeRTOS-Kernel/queue.c ****     }
2230:/home/zz/quard-start/Quard-Star/trusted_domain/FreeRTOS-Kernel/queue.c **** }
2231:/home/zz/quard-start/Quard-Star/trusted_domain/FreeRTOS-Kernel/queue.c **** /*-----------------------------------------------------------*/
2232:/home/zz/quard-start/Quard-Star/trusted_domain/FreeRTOS-Kernel/queue.c **** 
2233:/home/zz/quard-start/Quard-Star/trusted_domain/FreeRTOS-Kernel/queue.c **** static void prvUnlockQueue( Queue_t * const pxQueue )
2234:/home/zz/quard-start/Quard-Star/trusted_domain/FreeRTOS-Kernel/queue.c **** {
2235:/home/zz/quard-start/Quard-Star/trusted_domain/FreeRTOS-Kernel/queue.c ****     /* THIS FUNCTION MUST BE CALLED WITH THE SCHEDULER SUSPENDED. */
2236:/home/zz/quard-start/Quard-Star/trusted_domain/FreeRTOS-Kernel/queue.c **** 
2237:/home/zz/quard-start/Quard-Star/trusted_domain/FreeRTOS-Kernel/queue.c ****     /* The lock counts contains the number of extra data items placed or
GAS LISTING /tmp/ccjMK2NG.s 			page 41


2238:/home/zz/quard-start/Quard-Star/trusted_domain/FreeRTOS-Kernel/queue.c ****      * removed from the queue while the queue was locked.  When a queue is
2239:/home/zz/quard-start/Quard-Star/trusted_domain/FreeRTOS-Kernel/queue.c ****      * locked items can be added or removed, but the event lists cannot be
2240:/home/zz/quard-start/Quard-Star/trusted_domain/FreeRTOS-Kernel/queue.c ****      * updated. */
2241:/home/zz/quard-start/Quard-Star/trusted_domain/FreeRTOS-Kernel/queue.c ****     taskENTER_CRITICAL();
2242:/home/zz/quard-start/Quard-Star/trusted_domain/FreeRTOS-Kernel/queue.c ****     {
2243:/home/zz/quard-start/Quard-Star/trusted_domain/FreeRTOS-Kernel/queue.c ****         int8_t cTxLock = pxQueue->cTxLock;
2244:/home/zz/quard-start/Quard-Star/trusted_domain/FreeRTOS-Kernel/queue.c **** 
2245:/home/zz/quard-start/Quard-Star/trusted_domain/FreeRTOS-Kernel/queue.c ****         /* See if data was added to the queue while it was locked. */
2246:/home/zz/quard-start/Quard-Star/trusted_domain/FreeRTOS-Kernel/queue.c ****         while( cTxLock > queueLOCKED_UNMODIFIED )
2247:/home/zz/quard-start/Quard-Star/trusted_domain/FreeRTOS-Kernel/queue.c ****         {
2248:/home/zz/quard-start/Quard-Star/trusted_domain/FreeRTOS-Kernel/queue.c ****             /* Data was posted while the queue was locked.  Are any tasks
2249:/home/zz/quard-start/Quard-Star/trusted_domain/FreeRTOS-Kernel/queue.c ****              * blocked waiting for data to become available? */
2250:/home/zz/quard-start/Quard-Star/trusted_domain/FreeRTOS-Kernel/queue.c ****             #if ( configUSE_QUEUE_SETS == 1 )
2251:/home/zz/quard-start/Quard-Star/trusted_domain/FreeRTOS-Kernel/queue.c ****                 {
2252:/home/zz/quard-start/Quard-Star/trusted_domain/FreeRTOS-Kernel/queue.c ****                     if( pxQueue->pxQueueSetContainer != NULL )
2253:/home/zz/quard-start/Quard-Star/trusted_domain/FreeRTOS-Kernel/queue.c ****                     {
2254:/home/zz/quard-start/Quard-Star/trusted_domain/FreeRTOS-Kernel/queue.c ****                         if( prvNotifyQueueSetContainer( pxQueue ) != pdFALSE )
2255:/home/zz/quard-start/Quard-Star/trusted_domain/FreeRTOS-Kernel/queue.c ****                         {
2256:/home/zz/quard-start/Quard-Star/trusted_domain/FreeRTOS-Kernel/queue.c ****                             /* The queue is a member of a queue set, and posting to
2257:/home/zz/quard-start/Quard-Star/trusted_domain/FreeRTOS-Kernel/queue.c ****                              * the queue set caused a higher priority task to unblock.
2258:/home/zz/quard-start/Quard-Star/trusted_domain/FreeRTOS-Kernel/queue.c ****                              * A context switch is required. */
2259:/home/zz/quard-start/Quard-Star/trusted_domain/FreeRTOS-Kernel/queue.c ****                             vTaskMissedYield();
2260:/home/zz/quard-start/Quard-Star/trusted_domain/FreeRTOS-Kernel/queue.c ****                         }
2261:/home/zz/quard-start/Quard-Star/trusted_domain/FreeRTOS-Kernel/queue.c ****                         else
2262:/home/zz/quard-start/Quard-Star/trusted_domain/FreeRTOS-Kernel/queue.c ****                         {
2263:/home/zz/quard-start/Quard-Star/trusted_domain/FreeRTOS-Kernel/queue.c ****                             mtCOVERAGE_TEST_MARKER();
2264:/home/zz/quard-start/Quard-Star/trusted_domain/FreeRTOS-Kernel/queue.c ****                         }
2265:/home/zz/quard-start/Quard-Star/trusted_domain/FreeRTOS-Kernel/queue.c ****                     }
2266:/home/zz/quard-start/Quard-Star/trusted_domain/FreeRTOS-Kernel/queue.c ****                     else
2267:/home/zz/quard-start/Quard-Star/trusted_domain/FreeRTOS-Kernel/queue.c ****                     {
2268:/home/zz/quard-start/Quard-Star/trusted_domain/FreeRTOS-Kernel/queue.c ****                         /* Tasks that are removed from the event list will get
2269:/home/zz/quard-start/Quard-Star/trusted_domain/FreeRTOS-Kernel/queue.c ****                          * added to the pending ready list as the scheduler is still
2270:/home/zz/quard-start/Quard-Star/trusted_domain/FreeRTOS-Kernel/queue.c ****                          * suspended. */
2271:/home/zz/quard-start/Quard-Star/trusted_domain/FreeRTOS-Kernel/queue.c ****                         if( listLIST_IS_EMPTY( &( pxQueue->xTasksWaitingToReceive ) ) == pdFALSE )
2272:/home/zz/quard-start/Quard-Star/trusted_domain/FreeRTOS-Kernel/queue.c ****                         {
2273:/home/zz/quard-start/Quard-Star/trusted_domain/FreeRTOS-Kernel/queue.c ****                             if( xTaskRemoveFromEventList( &( pxQueue->xTasksWaitingToReceive ) ) !=
2274:/home/zz/quard-start/Quard-Star/trusted_domain/FreeRTOS-Kernel/queue.c ****                             {
2275:/home/zz/quard-start/Quard-Star/trusted_domain/FreeRTOS-Kernel/queue.c ****                                 /* The task waiting has a higher priority so record that a
2276:/home/zz/quard-start/Quard-Star/trusted_domain/FreeRTOS-Kernel/queue.c ****                                  * context switch is required. */
2277:/home/zz/quard-start/Quard-Star/trusted_domain/FreeRTOS-Kernel/queue.c ****                                 vTaskMissedYield();
2278:/home/zz/quard-start/Quard-Star/trusted_domain/FreeRTOS-Kernel/queue.c ****                             }
2279:/home/zz/quard-start/Quard-Star/trusted_domain/FreeRTOS-Kernel/queue.c ****                             else
2280:/home/zz/quard-start/Quard-Star/trusted_domain/FreeRTOS-Kernel/queue.c ****                             {
2281:/home/zz/quard-start/Quard-Star/trusted_domain/FreeRTOS-Kernel/queue.c ****                                 mtCOVERAGE_TEST_MARKER();
2282:/home/zz/quard-start/Quard-Star/trusted_domain/FreeRTOS-Kernel/queue.c ****                             }
2283:/home/zz/quard-start/Quard-Star/trusted_domain/FreeRTOS-Kernel/queue.c ****                         }
2284:/home/zz/quard-start/Quard-Star/trusted_domain/FreeRTOS-Kernel/queue.c ****                         else
2285:/home/zz/quard-start/Quard-Star/trusted_domain/FreeRTOS-Kernel/queue.c ****                         {
2286:/home/zz/quard-start/Quard-Star/trusted_domain/FreeRTOS-Kernel/queue.c ****                             break;
2287:/home/zz/quard-start/Quard-Star/trusted_domain/FreeRTOS-Kernel/queue.c ****                         }
2288:/home/zz/quard-start/Quard-Star/trusted_domain/FreeRTOS-Kernel/queue.c ****                     }
2289:/home/zz/quard-start/Quard-Star/trusted_domain/FreeRTOS-Kernel/queue.c ****                 }
2290:/home/zz/quard-start/Quard-Star/trusted_domain/FreeRTOS-Kernel/queue.c ****             #else /* configUSE_QUEUE_SETS */
2291:/home/zz/quard-start/Quard-Star/trusted_domain/FreeRTOS-Kernel/queue.c ****                 {
2292:/home/zz/quard-start/Quard-Star/trusted_domain/FreeRTOS-Kernel/queue.c ****                     /* Tasks that are removed from the event list will get added to
2293:/home/zz/quard-start/Quard-Star/trusted_domain/FreeRTOS-Kernel/queue.c ****                      * the pending ready list as the scheduler is still suspended. */
2294:/home/zz/quard-start/Quard-Star/trusted_domain/FreeRTOS-Kernel/queue.c ****                     if( listLIST_IS_EMPTY( &( pxQueue->xTasksWaitingToReceive ) ) == pdFALSE )
GAS LISTING /tmp/ccjMK2NG.s 			page 42


2295:/home/zz/quard-start/Quard-Star/trusted_domain/FreeRTOS-Kernel/queue.c ****                     {
2296:/home/zz/quard-start/Quard-Star/trusted_domain/FreeRTOS-Kernel/queue.c ****                         if( xTaskRemoveFromEventList( &( pxQueue->xTasksWaitingToReceive ) ) != pdF
2297:/home/zz/quard-start/Quard-Star/trusted_domain/FreeRTOS-Kernel/queue.c ****                         {
2298:/home/zz/quard-start/Quard-Star/trusted_domain/FreeRTOS-Kernel/queue.c ****                             /* The task waiting has a higher priority so record that
2299:/home/zz/quard-start/Quard-Star/trusted_domain/FreeRTOS-Kernel/queue.c ****                              * a context switch is required. */
2300:/home/zz/quard-start/Quard-Star/trusted_domain/FreeRTOS-Kernel/queue.c ****                             vTaskMissedYield();
2301:/home/zz/quard-start/Quard-Star/trusted_domain/FreeRTOS-Kernel/queue.c ****                         }
2302:/home/zz/quard-start/Quard-Star/trusted_domain/FreeRTOS-Kernel/queue.c ****                         else
2303:/home/zz/quard-start/Quard-Star/trusted_domain/FreeRTOS-Kernel/queue.c ****                         {
2304:/home/zz/quard-start/Quard-Star/trusted_domain/FreeRTOS-Kernel/queue.c ****                             mtCOVERAGE_TEST_MARKER();
2305:/home/zz/quard-start/Quard-Star/trusted_domain/FreeRTOS-Kernel/queue.c ****                         }
2306:/home/zz/quard-start/Quard-Star/trusted_domain/FreeRTOS-Kernel/queue.c ****                     }
2307:/home/zz/quard-start/Quard-Star/trusted_domain/FreeRTOS-Kernel/queue.c ****                     else
2308:/home/zz/quard-start/Quard-Star/trusted_domain/FreeRTOS-Kernel/queue.c ****                     {
2309:/home/zz/quard-start/Quard-Star/trusted_domain/FreeRTOS-Kernel/queue.c ****                         break;
2310:/home/zz/quard-start/Quard-Star/trusted_domain/FreeRTOS-Kernel/queue.c ****                     }
2311:/home/zz/quard-start/Quard-Star/trusted_domain/FreeRTOS-Kernel/queue.c ****                 }
2312:/home/zz/quard-start/Quard-Star/trusted_domain/FreeRTOS-Kernel/queue.c ****             #endif /* configUSE_QUEUE_SETS */
2313:/home/zz/quard-start/Quard-Star/trusted_domain/FreeRTOS-Kernel/queue.c **** 
2314:/home/zz/quard-start/Quard-Star/trusted_domain/FreeRTOS-Kernel/queue.c ****             --cTxLock;
2315:/home/zz/quard-start/Quard-Star/trusted_domain/FreeRTOS-Kernel/queue.c ****         }
2316:/home/zz/quard-start/Quard-Star/trusted_domain/FreeRTOS-Kernel/queue.c **** 
2317:/home/zz/quard-start/Quard-Star/trusted_domain/FreeRTOS-Kernel/queue.c ****         pxQueue->cTxLock = queueUNLOCKED;
2318:/home/zz/quard-start/Quard-Star/trusted_domain/FreeRTOS-Kernel/queue.c ****     }
2319:/home/zz/quard-start/Quard-Star/trusted_domain/FreeRTOS-Kernel/queue.c ****     taskEXIT_CRITICAL();
2320:/home/zz/quard-start/Quard-Star/trusted_domain/FreeRTOS-Kernel/queue.c **** 
2321:/home/zz/quard-start/Quard-Star/trusted_domain/FreeRTOS-Kernel/queue.c ****     /* Do the same for the Rx lock. */
2322:/home/zz/quard-start/Quard-Star/trusted_domain/FreeRTOS-Kernel/queue.c ****     taskENTER_CRITICAL();
2323:/home/zz/quard-start/Quard-Star/trusted_domain/FreeRTOS-Kernel/queue.c ****     {
2324:/home/zz/quard-start/Quard-Star/trusted_domain/FreeRTOS-Kernel/queue.c ****         int8_t cRxLock = pxQueue->cRxLock;
2325:/home/zz/quard-start/Quard-Star/trusted_domain/FreeRTOS-Kernel/queue.c **** 
2326:/home/zz/quard-start/Quard-Star/trusted_domain/FreeRTOS-Kernel/queue.c ****         while( cRxLock > queueLOCKED_UNMODIFIED )
2327:/home/zz/quard-start/Quard-Star/trusted_domain/FreeRTOS-Kernel/queue.c ****         {
2328:/home/zz/quard-start/Quard-Star/trusted_domain/FreeRTOS-Kernel/queue.c ****             if( listLIST_IS_EMPTY( &( pxQueue->xTasksWaitingToSend ) ) == pdFALSE )
2329:/home/zz/quard-start/Quard-Star/trusted_domain/FreeRTOS-Kernel/queue.c ****             {
2330:/home/zz/quard-start/Quard-Star/trusted_domain/FreeRTOS-Kernel/queue.c ****                 if( xTaskRemoveFromEventList( &( pxQueue->xTasksWaitingToSend ) ) != pdFALSE )
2331:/home/zz/quard-start/Quard-Star/trusted_domain/FreeRTOS-Kernel/queue.c ****                 {
2332:/home/zz/quard-start/Quard-Star/trusted_domain/FreeRTOS-Kernel/queue.c ****                     vTaskMissedYield();
2333:/home/zz/quard-start/Quard-Star/trusted_domain/FreeRTOS-Kernel/queue.c ****                 }
2334:/home/zz/quard-start/Quard-Star/trusted_domain/FreeRTOS-Kernel/queue.c ****                 else
2335:/home/zz/quard-start/Quard-Star/trusted_domain/FreeRTOS-Kernel/queue.c ****                 {
2336:/home/zz/quard-start/Quard-Star/trusted_domain/FreeRTOS-Kernel/queue.c ****                     mtCOVERAGE_TEST_MARKER();
2337:/home/zz/quard-start/Quard-Star/trusted_domain/FreeRTOS-Kernel/queue.c ****                 }
2338:/home/zz/quard-start/Quard-Star/trusted_domain/FreeRTOS-Kernel/queue.c **** 
2339:/home/zz/quard-start/Quard-Star/trusted_domain/FreeRTOS-Kernel/queue.c ****                 --cRxLock;
2340:/home/zz/quard-start/Quard-Star/trusted_domain/FreeRTOS-Kernel/queue.c ****             }
2341:/home/zz/quard-start/Quard-Star/trusted_domain/FreeRTOS-Kernel/queue.c ****             else
2342:/home/zz/quard-start/Quard-Star/trusted_domain/FreeRTOS-Kernel/queue.c ****             {
2343:/home/zz/quard-start/Quard-Star/trusted_domain/FreeRTOS-Kernel/queue.c ****                 break;
2344:/home/zz/quard-start/Quard-Star/trusted_domain/FreeRTOS-Kernel/queue.c ****             }
2345:/home/zz/quard-start/Quard-Star/trusted_domain/FreeRTOS-Kernel/queue.c ****         }
2346:/home/zz/quard-start/Quard-Star/trusted_domain/FreeRTOS-Kernel/queue.c **** 
2347:/home/zz/quard-start/Quard-Star/trusted_domain/FreeRTOS-Kernel/queue.c ****         pxQueue->cRxLock = queueUNLOCKED;
2348:/home/zz/quard-start/Quard-Star/trusted_domain/FreeRTOS-Kernel/queue.c ****     }
2349:/home/zz/quard-start/Quard-Star/trusted_domain/FreeRTOS-Kernel/queue.c ****     taskEXIT_CRITICAL();
2350:/home/zz/quard-start/Quard-Star/trusted_domain/FreeRTOS-Kernel/queue.c **** }
2351:/home/zz/quard-start/Quard-Star/trusted_domain/FreeRTOS-Kernel/queue.c **** /*-----------------------------------------------------------*/
GAS LISTING /tmp/ccjMK2NG.s 			page 43


2352:/home/zz/quard-start/Quard-Star/trusted_domain/FreeRTOS-Kernel/queue.c **** 
2353:/home/zz/quard-start/Quard-Star/trusted_domain/FreeRTOS-Kernel/queue.c **** static BaseType_t prvIsQueueEmpty( const Queue_t * pxQueue )
2354:/home/zz/quard-start/Quard-Star/trusted_domain/FreeRTOS-Kernel/queue.c **** {
2355:/home/zz/quard-start/Quard-Star/trusted_domain/FreeRTOS-Kernel/queue.c ****     BaseType_t xReturn;
2356:/home/zz/quard-start/Quard-Star/trusted_domain/FreeRTOS-Kernel/queue.c **** 
2357:/home/zz/quard-start/Quard-Star/trusted_domain/FreeRTOS-Kernel/queue.c ****     taskENTER_CRITICAL();
2358:/home/zz/quard-start/Quard-Star/trusted_domain/FreeRTOS-Kernel/queue.c ****     {
2359:/home/zz/quard-start/Quard-Star/trusted_domain/FreeRTOS-Kernel/queue.c ****         if( pxQueue->uxMessagesWaiting == ( UBaseType_t ) 0 )
2360:/home/zz/quard-start/Quard-Star/trusted_domain/FreeRTOS-Kernel/queue.c ****         {
2361:/home/zz/quard-start/Quard-Star/trusted_domain/FreeRTOS-Kernel/queue.c ****             xReturn = pdTRUE;
2362:/home/zz/quard-start/Quard-Star/trusted_domain/FreeRTOS-Kernel/queue.c ****         }
2363:/home/zz/quard-start/Quard-Star/trusted_domain/FreeRTOS-Kernel/queue.c ****         else
2364:/home/zz/quard-start/Quard-Star/trusted_domain/FreeRTOS-Kernel/queue.c ****         {
2365:/home/zz/quard-start/Quard-Star/trusted_domain/FreeRTOS-Kernel/queue.c ****             xReturn = pdFALSE;
2366:/home/zz/quard-start/Quard-Star/trusted_domain/FreeRTOS-Kernel/queue.c ****         }
2367:/home/zz/quard-start/Quard-Star/trusted_domain/FreeRTOS-Kernel/queue.c ****     }
2368:/home/zz/quard-start/Quard-Star/trusted_domain/FreeRTOS-Kernel/queue.c ****     taskEXIT_CRITICAL();
2369:/home/zz/quard-start/Quard-Star/trusted_domain/FreeRTOS-Kernel/queue.c **** 
2370:/home/zz/quard-start/Quard-Star/trusted_domain/FreeRTOS-Kernel/queue.c ****     return xReturn;
2371:/home/zz/quard-start/Quard-Star/trusted_domain/FreeRTOS-Kernel/queue.c **** }
2372:/home/zz/quard-start/Quard-Star/trusted_domain/FreeRTOS-Kernel/queue.c **** /*-----------------------------------------------------------*/
2373:/home/zz/quard-start/Quard-Star/trusted_domain/FreeRTOS-Kernel/queue.c **** 
2374:/home/zz/quard-start/Quard-Star/trusted_domain/FreeRTOS-Kernel/queue.c **** BaseType_t xQueueIsQueueEmptyFromISR( const QueueHandle_t xQueue )
2375:/home/zz/quard-start/Quard-Star/trusted_domain/FreeRTOS-Kernel/queue.c **** {
2376:/home/zz/quard-start/Quard-Star/trusted_domain/FreeRTOS-Kernel/queue.c ****     BaseType_t xReturn;
2377:/home/zz/quard-start/Quard-Star/trusted_domain/FreeRTOS-Kernel/queue.c ****     Queue_t * const pxQueue = xQueue;
2378:/home/zz/quard-start/Quard-Star/trusted_domain/FreeRTOS-Kernel/queue.c **** 
2379:/home/zz/quard-start/Quard-Star/trusted_domain/FreeRTOS-Kernel/queue.c ****     configASSERT( pxQueue );
2380:/home/zz/quard-start/Quard-Star/trusted_domain/FreeRTOS-Kernel/queue.c **** 
2381:/home/zz/quard-start/Quard-Star/trusted_domain/FreeRTOS-Kernel/queue.c ****     if( pxQueue->uxMessagesWaiting == ( UBaseType_t ) 0 )
2382:/home/zz/quard-start/Quard-Star/trusted_domain/FreeRTOS-Kernel/queue.c ****     {
2383:/home/zz/quard-start/Quard-Star/trusted_domain/FreeRTOS-Kernel/queue.c ****         xReturn = pdTRUE;
2384:/home/zz/quard-start/Quard-Star/trusted_domain/FreeRTOS-Kernel/queue.c ****     }
2385:/home/zz/quard-start/Quard-Star/trusted_domain/FreeRTOS-Kernel/queue.c ****     else
2386:/home/zz/quard-start/Quard-Star/trusted_domain/FreeRTOS-Kernel/queue.c ****     {
2387:/home/zz/quard-start/Quard-Star/trusted_domain/FreeRTOS-Kernel/queue.c ****         xReturn = pdFALSE;
2388:/home/zz/quard-start/Quard-Star/trusted_domain/FreeRTOS-Kernel/queue.c ****     }
2389:/home/zz/quard-start/Quard-Star/trusted_domain/FreeRTOS-Kernel/queue.c **** 
2390:/home/zz/quard-start/Quard-Star/trusted_domain/FreeRTOS-Kernel/queue.c ****     return xReturn;
2391:/home/zz/quard-start/Quard-Star/trusted_domain/FreeRTOS-Kernel/queue.c **** } /*lint !e818 xQueue could not be pointer to const because it is a typedef. */
2392:/home/zz/quard-start/Quard-Star/trusted_domain/FreeRTOS-Kernel/queue.c **** /*-----------------------------------------------------------*/
2393:/home/zz/quard-start/Quard-Star/trusted_domain/FreeRTOS-Kernel/queue.c **** 
2394:/home/zz/quard-start/Quard-Star/trusted_domain/FreeRTOS-Kernel/queue.c **** static BaseType_t prvIsQueueFull( const Queue_t * pxQueue )
2395:/home/zz/quard-start/Quard-Star/trusted_domain/FreeRTOS-Kernel/queue.c **** {
  47              		.loc 1 2395 1 is_stmt 1
  48              		.cfi_startproc
  49              	.LVL4:
  50 0000 130101FF 		addi	sp,sp,-16
  51              	.LCFI0:
  52              		.cfi_def_cfa_offset 16
  53 0004 23341100 		sd	ra,8(sp)
  54 0008 23308100 		sd	s0,0(sp)
  55              		.cfi_offset 1, -8
  56              		.cfi_offset 8, -16
  57 000c 13040500 		mv	s0,a0
2396:/home/zz/quard-start/Quard-Star/trusted_domain/FreeRTOS-Kernel/queue.c ****     BaseType_t xReturn;
  58              		.loc 1 2396 5
GAS LISTING /tmp/ccjMK2NG.s 			page 44


2397:/home/zz/quard-start/Quard-Star/trusted_domain/FreeRTOS-Kernel/queue.c **** 
2398:/home/zz/quard-start/Quard-Star/trusted_domain/FreeRTOS-Kernel/queue.c ****     taskENTER_CRITICAL();
  59              		.loc 1 2398 5
  60 0010 97000000 		call	vTaskEnterCritical
  60      E7800000 
  61              	.LVL5:
2399:/home/zz/quard-start/Quard-Star/trusted_domain/FreeRTOS-Kernel/queue.c ****     {
2400:/home/zz/quard-start/Quard-Star/trusted_domain/FreeRTOS-Kernel/queue.c ****         if( pxQueue->uxMessagesWaiting == pxQueue->uxLength )
  62              		.loc 1 2400 9
  63              		.loc 1 2400 20 is_stmt 0
  64 0018 03370407 		ld	a4,112(s0)
  65              		.loc 1 2400 50
  66 001c 83378407 		ld	a5,120(s0)
  67              		.loc 1 2400 11
  68 0020 6302F702 		beq	a4,a5,.L7
2401:/home/zz/quard-start/Quard-Star/trusted_domain/FreeRTOS-Kernel/queue.c ****         {
2402:/home/zz/quard-start/Quard-Star/trusted_domain/FreeRTOS-Kernel/queue.c ****             xReturn = pdTRUE;
2403:/home/zz/quard-start/Quard-Star/trusted_domain/FreeRTOS-Kernel/queue.c ****         }
2404:/home/zz/quard-start/Quard-Star/trusted_domain/FreeRTOS-Kernel/queue.c ****         else
2405:/home/zz/quard-start/Quard-Star/trusted_domain/FreeRTOS-Kernel/queue.c ****         {
2406:/home/zz/quard-start/Quard-Star/trusted_domain/FreeRTOS-Kernel/queue.c ****             xReturn = pdFALSE;
  69              		.loc 1 2406 21
  70 0024 13040000 		li	s0,0
  71              	.LVL6:
  72              	.L4:
2407:/home/zz/quard-start/Quard-Star/trusted_domain/FreeRTOS-Kernel/queue.c ****         }
2408:/home/zz/quard-start/Quard-Star/trusted_domain/FreeRTOS-Kernel/queue.c ****     }
2409:/home/zz/quard-start/Quard-Star/trusted_domain/FreeRTOS-Kernel/queue.c ****     taskEXIT_CRITICAL();
  73              		.loc 1 2409 5 is_stmt 1
  74 0028 97000000 		call	vTaskExitCritical
  74      E7800000 
  75              	.LVL7:
2410:/home/zz/quard-start/Quard-Star/trusted_domain/FreeRTOS-Kernel/queue.c **** 
2411:/home/zz/quard-start/Quard-Star/trusted_domain/FreeRTOS-Kernel/queue.c ****     return xReturn;
  76              		.loc 1 2411 5
2412:/home/zz/quard-start/Quard-Star/trusted_domain/FreeRTOS-Kernel/queue.c **** }
  77              		.loc 1 2412 1 is_stmt 0
  78 0030 13050400 		mv	a0,s0
  79 0034 83308100 		ld	ra,8(sp)
  80              		.cfi_remember_state
  81              		.cfi_restore 1
  82 0038 03340100 		ld	s0,0(sp)
  83              		.cfi_restore 8
  84              	.LVL8:
  85 003c 13010101 		addi	sp,sp,16
  86              	.LCFI1:
  87              		.cfi_def_cfa_offset 0
  88 0040 67800000 		jr	ra
  89              	.LVL9:
  90              	.L7:
  91              	.LCFI2:
  92              		.cfi_restore_state
2402:/home/zz/quard-start/Quard-Star/trusted_domain/FreeRTOS-Kernel/queue.c ****         }
  93              		.loc 1 2402 21
  94 0044 13041000 		li	s0,1
  95              	.LVL10:
  96 0048 6FF01FFE 		j	.L4
GAS LISTING /tmp/ccjMK2NG.s 			page 45


  97              		.cfi_endproc
  98              	.LFE33:
 100              		.section	.text.prvIsQueueEmpty,"ax",@progbits
 101              		.align	2
 103              	prvIsQueueEmpty:
 104              	.LFB31:
2354:/home/zz/quard-start/Quard-Star/trusted_domain/FreeRTOS-Kernel/queue.c ****     BaseType_t xReturn;
 105              		.loc 1 2354 1 is_stmt 1
 106              		.cfi_startproc
 107              	.LVL11:
 108 0000 130101FF 		addi	sp,sp,-16
 109              	.LCFI3:
 110              		.cfi_def_cfa_offset 16
 111 0004 23341100 		sd	ra,8(sp)
 112 0008 23308100 		sd	s0,0(sp)
 113              		.cfi_offset 1, -8
 114              		.cfi_offset 8, -16
 115 000c 13040500 		mv	s0,a0
2355:/home/zz/quard-start/Quard-Star/trusted_domain/FreeRTOS-Kernel/queue.c **** 
 116              		.loc 1 2355 5
2357:/home/zz/quard-start/Quard-Star/trusted_domain/FreeRTOS-Kernel/queue.c ****     {
 117              		.loc 1 2357 5
 118 0010 97000000 		call	vTaskEnterCritical
 118      E7800000 
 119              	.LVL12:
2359:/home/zz/quard-start/Quard-Star/trusted_domain/FreeRTOS-Kernel/queue.c ****         {
 120              		.loc 1 2359 9
2359:/home/zz/quard-start/Quard-Star/trusted_domain/FreeRTOS-Kernel/queue.c ****         {
 121              		.loc 1 2359 20 is_stmt 0
 122 0018 83370407 		ld	a5,112(s0)
2359:/home/zz/quard-start/Quard-Star/trusted_domain/FreeRTOS-Kernel/queue.c ****         {
 123              		.loc 1 2359 11
 124 001c 63920702 		bne	a5,zero,.L10
2361:/home/zz/quard-start/Quard-Star/trusted_domain/FreeRTOS-Kernel/queue.c ****         }
 125              		.loc 1 2361 21
 126 0020 13041000 		li	s0,1
 127              	.LVL13:
 128              	.L9:
2368:/home/zz/quard-start/Quard-Star/trusted_domain/FreeRTOS-Kernel/queue.c **** 
 129              		.loc 1 2368 5 is_stmt 1
 130 0024 97000000 		call	vTaskExitCritical
 130      E7800000 
 131              	.LVL14:
2370:/home/zz/quard-start/Quard-Star/trusted_domain/FreeRTOS-Kernel/queue.c **** }
 132              		.loc 1 2370 5
2371:/home/zz/quard-start/Quard-Star/trusted_domain/FreeRTOS-Kernel/queue.c **** /*-----------------------------------------------------------*/
 133              		.loc 1 2371 1 is_stmt 0
 134 002c 13050400 		mv	a0,s0
 135 0030 83308100 		ld	ra,8(sp)
 136              		.cfi_remember_state
 137              		.cfi_restore 1
 138 0034 03340100 		ld	s0,0(sp)
 139              		.cfi_restore 8
 140              	.LVL15:
 141 0038 13010101 		addi	sp,sp,16
 142              	.LCFI4:
 143              		.cfi_def_cfa_offset 0
GAS LISTING /tmp/ccjMK2NG.s 			page 46


 144 003c 67800000 		jr	ra
 145              	.LVL16:
 146              	.L10:
 147              	.LCFI5:
 148              		.cfi_restore_state
2365:/home/zz/quard-start/Quard-Star/trusted_domain/FreeRTOS-Kernel/queue.c ****         }
 149              		.loc 1 2365 21
 150 0040 13040000 		li	s0,0
 151              	.LVL17:
 152 0044 6FF01FFE 		j	.L9
 153              		.cfi_endproc
 154              	.LFE31:
 156              		.section	.text.prvCopyDataToQueue,"ax",@progbits
 157              		.align	2
 159              	prvCopyDataToQueue:
 160              	.LFB28:
2132:/home/zz/quard-start/Quard-Star/trusted_domain/FreeRTOS-Kernel/queue.c ****     BaseType_t xReturn = pdFALSE;
 161              		.loc 1 2132 1 is_stmt 1
 162              		.cfi_startproc
 163              	.LVL18:
 164 0000 130101FE 		addi	sp,sp,-32
 165              	.LCFI6:
 166              		.cfi_def_cfa_offset 32
 167 0004 233C1100 		sd	ra,24(sp)
 168 0008 23388100 		sd	s0,16(sp)
 169 000c 23349100 		sd	s1,8(sp)
 170 0010 23302101 		sd	s2,0(sp)
 171              		.cfi_offset 1, -8
 172              		.cfi_offset 8, -16
 173              		.cfi_offset 9, -24
 174              		.cfi_offset 18, -32
 175 0014 13040500 		mv	s0,a0
 176 0018 93040600 		mv	s1,a2
2133:/home/zz/quard-start/Quard-Star/trusted_domain/FreeRTOS-Kernel/queue.c ****     UBaseType_t uxMessagesWaiting;
 177              		.loc 1 2133 5
 178              	.LVL19:
2134:/home/zz/quard-start/Quard-Star/trusted_domain/FreeRTOS-Kernel/queue.c **** 
 179              		.loc 1 2134 5
2138:/home/zz/quard-start/Quard-Star/trusted_domain/FreeRTOS-Kernel/queue.c **** 
 180              		.loc 1 2138 5
2138:/home/zz/quard-start/Quard-Star/trusted_domain/FreeRTOS-Kernel/queue.c **** 
 181              		.loc 1 2138 23 is_stmt 0
 182 001c 03390507 		ld	s2,112(a0)
 183              	.LVL20:
2140:/home/zz/quard-start/Quard-Star/trusted_domain/FreeRTOS-Kernel/queue.c ****     {
 184              		.loc 1 2140 5 is_stmt 1
2140:/home/zz/quard-start/Quard-Star/trusted_domain/FreeRTOS-Kernel/queue.c ****     {
 185              		.loc 1 2140 16 is_stmt 0
 186 0020 03360508 		ld	a2,128(a0)
 187              	.LVL21:
2140:/home/zz/quard-start/Quard-Star/trusted_domain/FreeRTOS-Kernel/queue.c ****     {
 188              		.loc 1 2140 7
 189 0024 63120604 		bne	a2,zero,.L13
2144:/home/zz/quard-start/Quard-Star/trusted_domain/FreeRTOS-Kernel/queue.c ****                 {
 190              		.loc 1 2144 17 is_stmt 1
2144:/home/zz/quard-start/Quard-Star/trusted_domain/FreeRTOS-Kernel/queue.c ****                 {
 191              		.loc 1 2144 28 is_stmt 0
GAS LISTING /tmp/ccjMK2NG.s 			page 47


 192 0028 83370500 		ld	a5,0(a0)
2144:/home/zz/quard-start/Quard-Star/trusted_domain/FreeRTOS-Kernel/queue.c ****                 {
 193              		.loc 1 2144 19
 194 002c 63840702 		beq	a5,zero,.L22
2133:/home/zz/quard-start/Quard-Star/trusted_domain/FreeRTOS-Kernel/queue.c ****     UBaseType_t uxMessagesWaiting;
 195              		.loc 1 2133 16
 196 0030 13050000 		li	a0,0
 197              	.LVL22:
 198              	.L14:
2202:/home/zz/quard-start/Quard-Star/trusted_domain/FreeRTOS-Kernel/queue.c ****         }
 199              		.loc 1 2202 37 is_stmt 1
2206:/home/zz/quard-start/Quard-Star/trusted_domain/FreeRTOS-Kernel/queue.c **** 
 200              		.loc 1 2206 5
2206:/home/zz/quard-start/Quard-Star/trusted_domain/FreeRTOS-Kernel/queue.c **** 
 201              		.loc 1 2206 52 is_stmt 0
 202 0034 93071900 		addi	a5,s2,1
2206:/home/zz/quard-start/Quard-Star/trusted_domain/FreeRTOS-Kernel/queue.c **** 
 203              		.loc 1 2206 32
 204 0038 2338F406 		sd	a5,112(s0)
2208:/home/zz/quard-start/Quard-Star/trusted_domain/FreeRTOS-Kernel/queue.c **** }
 205              		.loc 1 2208 5 is_stmt 1
2209:/home/zz/quard-start/Quard-Star/trusted_domain/FreeRTOS-Kernel/queue.c **** /*-----------------------------------------------------------*/
 206              		.loc 1 2209 1 is_stmt 0
 207 003c 83308101 		ld	ra,24(sp)
 208              		.cfi_remember_state
 209              		.cfi_restore 1
 210 0040 03340101 		ld	s0,16(sp)
 211              		.cfi_restore 8
 212              	.LVL23:
 213 0044 83348100 		ld	s1,8(sp)
 214              		.cfi_restore 9
 215              	.LVL24:
 216 0048 03390100 		ld	s2,0(sp)
 217              		.cfi_restore 18
 218              	.LVL25:
 219 004c 13010102 		addi	sp,sp,32
 220              	.LCFI7:
 221              		.cfi_def_cfa_offset 0
 222 0050 67800000 		jr	ra
 223              	.LVL26:
 224              	.L22:
 225              	.LCFI8:
 226              		.cfi_restore_state
2147:/home/zz/quard-start/Quard-Star/trusted_domain/FreeRTOS-Kernel/queue.c ****                     pxQueue->u.xSemaphore.xMutexHolder = NULL;
 227              		.loc 1 2147 21 is_stmt 1
2147:/home/zz/quard-start/Quard-Star/trusted_domain/FreeRTOS-Kernel/queue.c ****                     pxQueue->u.xSemaphore.xMutexHolder = NULL;
 228              		.loc 1 2147 31 is_stmt 0
 229 0054 03350501 		ld	a0,16(a0)
 230 0058 97000000 		call	xTaskPriorityDisinherit
 230      E7800000 
 231              	.LVL27:
2148:/home/zz/quard-start/Quard-Star/trusted_domain/FreeRTOS-Kernel/queue.c ****                 }
 232              		.loc 1 2148 21 is_stmt 1
2148:/home/zz/quard-start/Quard-Star/trusted_domain/FreeRTOS-Kernel/queue.c ****                 }
 233              		.loc 1 2148 56 is_stmt 0
 234 0060 23380400 		sd	zero,16(s0)
 235 0064 6FF01FFD 		j	.L14
GAS LISTING /tmp/ccjMK2NG.s 			page 48


 236              	.LVL28:
 237              	.L13:
2157:/home/zz/quard-start/Quard-Star/trusted_domain/FreeRTOS-Kernel/queue.c ****     {
 238              		.loc 1 2157 10 is_stmt 1
2157:/home/zz/quard-start/Quard-Star/trusted_domain/FreeRTOS-Kernel/queue.c ****     {
 239              		.loc 1 2157 12 is_stmt 0
 240 0068 639C0402 		bne	s1,zero,.L15
2159:/home/zz/quard-start/Quard-Star/trusted_domain/FreeRTOS-Kernel/queue.c ****         pxQueue->pcWriteTo += pxQueue->uxItemSize;                                                 
 241              		.loc 1 2159 9 is_stmt 1
2159:/home/zz/quard-start/Quard-Star/trusted_domain/FreeRTOS-Kernel/queue.c ****         pxQueue->pcWriteTo += pxQueue->uxItemSize;                                                 
 242              		.loc 1 2159 18 is_stmt 0
 243 006c 03358500 		ld	a0,8(a0)
 244 0070 97000000 		call	memcpy
 244      E7800000 
 245              	.LVL29:
2160:/home/zz/quard-start/Quard-Star/trusted_domain/FreeRTOS-Kernel/queue.c **** 
 246              		.loc 1 2160 9 is_stmt 1
2160:/home/zz/quard-start/Quard-Star/trusted_domain/FreeRTOS-Kernel/queue.c **** 
 247              		.loc 1 2160 16 is_stmt 0
 248 0078 83378400 		ld	a5,8(s0)
2160:/home/zz/quard-start/Quard-Star/trusted_domain/FreeRTOS-Kernel/queue.c **** 
 249              		.loc 1 2160 38
 250 007c 03370408 		ld	a4,128(s0)
2160:/home/zz/quard-start/Quard-Star/trusted_domain/FreeRTOS-Kernel/queue.c **** 
 251              		.loc 1 2160 28
 252 0080 B387E700 		add	a5,a5,a4
 253 0084 2334F400 		sd	a5,8(s0)
2162:/home/zz/quard-start/Quard-Star/trusted_domain/FreeRTOS-Kernel/queue.c ****         {
 254              		.loc 1 2162 9 is_stmt 1
2162:/home/zz/quard-start/Quard-Star/trusted_domain/FreeRTOS-Kernel/queue.c ****         {
 255              		.loc 1 2162 52 is_stmt 0
 256 0088 03370401 		ld	a4,16(s0)
2162:/home/zz/quard-start/Quard-Star/trusted_domain/FreeRTOS-Kernel/queue.c ****         {
 257              		.loc 1 2162 11
 258 008c 63E4E706 		bltu	a5,a4,.L18
2164:/home/zz/quard-start/Quard-Star/trusted_domain/FreeRTOS-Kernel/queue.c ****         }
 259              		.loc 1 2164 13 is_stmt 1
2164:/home/zz/quard-start/Quard-Star/trusted_domain/FreeRTOS-Kernel/queue.c ****         }
 260              		.loc 1 2164 41 is_stmt 0
 261 0090 83370400 		ld	a5,0(s0)
2164:/home/zz/quard-start/Quard-Star/trusted_domain/FreeRTOS-Kernel/queue.c ****         }
 262              		.loc 1 2164 32
 263 0094 2334F400 		sd	a5,8(s0)
2133:/home/zz/quard-start/Quard-Star/trusted_domain/FreeRTOS-Kernel/queue.c ****     UBaseType_t uxMessagesWaiting;
 264              		.loc 1 2133 16
 265 0098 13850400 		mv	a0,s1
 266 009c 6FF09FF9 		j	.L14
 267              	.LVL30:
 268              	.L15:
2173:/home/zz/quard-start/Quard-Star/trusted_domain/FreeRTOS-Kernel/queue.c ****         pxQueue->u.xQueue.pcReadFrom -= pxQueue->uxItemSize;
 269              		.loc 1 2173 9 is_stmt 1
2173:/home/zz/quard-start/Quard-Star/trusted_domain/FreeRTOS-Kernel/queue.c ****         pxQueue->u.xQueue.pcReadFrom -= pxQueue->uxItemSize;
 270              		.loc 1 2173 18 is_stmt 0
 271 00a0 03358501 		ld	a0,24(a0)
 272 00a4 97000000 		call	memcpy
 272      E7800000 
 273              	.LVL31:
GAS LISTING /tmp/ccjMK2NG.s 			page 49


2174:/home/zz/quard-start/Quard-Star/trusted_domain/FreeRTOS-Kernel/queue.c **** 
 274              		.loc 1 2174 9 is_stmt 1
2174:/home/zz/quard-start/Quard-Star/trusted_domain/FreeRTOS-Kernel/queue.c **** 
 275              		.loc 1 2174 26 is_stmt 0
 276 00ac 83378401 		ld	a5,24(s0)
2174:/home/zz/quard-start/Quard-Star/trusted_domain/FreeRTOS-Kernel/queue.c **** 
 277              		.loc 1 2174 48
 278 00b0 03370408 		ld	a4,128(s0)
2174:/home/zz/quard-start/Quard-Star/trusted_domain/FreeRTOS-Kernel/queue.c **** 
 279              		.loc 1 2174 38
 280 00b4 B306E040 		neg	a3,a4
 281 00b8 B387E740 		sub	a5,a5,a4
 282 00bc 233CF400 		sd	a5,24(s0)
2176:/home/zz/quard-start/Quard-Star/trusted_domain/FreeRTOS-Kernel/queue.c ****         {
 283              		.loc 1 2176 9 is_stmt 1
2176:/home/zz/quard-start/Quard-Star/trusted_domain/FreeRTOS-Kernel/queue.c ****         {
 284              		.loc 1 2176 51 is_stmt 0
 285 00c0 03370400 		ld	a4,0(s0)
2176:/home/zz/quard-start/Quard-Star/trusted_domain/FreeRTOS-Kernel/queue.c ****         {
 286              		.loc 1 2176 11
 287 00c4 63F8E700 		bgeu	a5,a4,.L16
2178:/home/zz/quard-start/Quard-Star/trusted_domain/FreeRTOS-Kernel/queue.c ****         }
 288              		.loc 1 2178 13 is_stmt 1
2178:/home/zz/quard-start/Quard-Star/trusted_domain/FreeRTOS-Kernel/queue.c ****         }
 289              		.loc 1 2178 63 is_stmt 0
 290 00c8 83370401 		ld	a5,16(s0)
2178:/home/zz/quard-start/Quard-Star/trusted_domain/FreeRTOS-Kernel/queue.c ****         }
 291              		.loc 1 2178 71
 292 00cc B387D700 		add	a5,a5,a3
2178:/home/zz/quard-start/Quard-Star/trusted_domain/FreeRTOS-Kernel/queue.c ****         }
 293              		.loc 1 2178 42
 294 00d0 233CF400 		sd	a5,24(s0)
 295              	.L16:
2182:/home/zz/quard-start/Quard-Star/trusted_domain/FreeRTOS-Kernel/queue.c ****         }
 296              		.loc 1 2182 37 is_stmt 1
2185:/home/zz/quard-start/Quard-Star/trusted_domain/FreeRTOS-Kernel/queue.c ****         {
 297              		.loc 1 2185 9
2185:/home/zz/quard-start/Quard-Star/trusted_domain/FreeRTOS-Kernel/queue.c ****         {
 298              		.loc 1 2185 11 is_stmt 0
 299 00d4 93072000 		li	a5,2
 300 00d8 6386F400 		beq	s1,a5,.L23
2133:/home/zz/quard-start/Quard-Star/trusted_domain/FreeRTOS-Kernel/queue.c ****     UBaseType_t uxMessagesWaiting;
 301              		.loc 1 2133 16
 302 00dc 13050000 		li	a0,0
 303 00e0 6FF05FF5 		j	.L14
 304              	.L23:
2187:/home/zz/quard-start/Quard-Star/trusted_domain/FreeRTOS-Kernel/queue.c ****             {
 305              		.loc 1 2187 13 is_stmt 1
2187:/home/zz/quard-start/Quard-Star/trusted_domain/FreeRTOS-Kernel/queue.c ****             {
 306              		.loc 1 2187 15 is_stmt 0
 307 00e4 630C0900 		beq	s2,zero,.L20
2193:/home/zz/quard-start/Quard-Star/trusted_domain/FreeRTOS-Kernel/queue.c ****             }
 308              		.loc 1 2193 17 is_stmt 1
 309 00e8 1309F9FF 		addi	s2,s2,-1
 310              	.LVL32:
2133:/home/zz/quard-start/Quard-Star/trusted_domain/FreeRTOS-Kernel/queue.c ****     UBaseType_t uxMessagesWaiting;
 311              		.loc 1 2133 16 is_stmt 0
GAS LISTING /tmp/ccjMK2NG.s 			page 50


 312 00ec 13050000 		li	a0,0
 313 00f0 6FF05FF4 		j	.L14
 314              	.L18:
 315 00f4 13850400 		mv	a0,s1
 316 00f8 6FF0DFF3 		j	.L14
 317              	.L20:
 318 00fc 13050000 		li	a0,0
 319 0100 6FF05FF3 		j	.L14
 320              		.cfi_endproc
 321              	.LFE28:
 323              		.section	.text.prvCopyDataFromQueue,"ax",@progbits
 324              		.align	2
 326              	prvCopyDataFromQueue:
 327              	.LFB29:
2214:/home/zz/quard-start/Quard-Star/trusted_domain/FreeRTOS-Kernel/queue.c ****     if( pxQueue->uxItemSize != ( UBaseType_t ) 0 )
 328              		.loc 1 2214 1 is_stmt 1
 329              		.cfi_startproc
 330              	.LVL33:
 331 0000 93070500 		mv	a5,a0
2215:/home/zz/quard-start/Quard-Star/trusted_domain/FreeRTOS-Kernel/queue.c ****     {
 332              		.loc 1 2215 5
2215:/home/zz/quard-start/Quard-Star/trusted_domain/FreeRTOS-Kernel/queue.c ****     {
 333              		.loc 1 2215 16 is_stmt 0
 334 0004 03360508 		ld	a2,128(a0)
2215:/home/zz/quard-start/Quard-Star/trusted_domain/FreeRTOS-Kernel/queue.c ****     {
 335              		.loc 1 2215 7
 336 0008 63020604 		beq	a2,zero,.L28
2214:/home/zz/quard-start/Quard-Star/trusted_domain/FreeRTOS-Kernel/queue.c ****     if( pxQueue->uxItemSize != ( UBaseType_t ) 0 )
 337              		.loc 1 2214 1
 338 000c 130101FF 		addi	sp,sp,-16
 339              	.LCFI9:
 340              		.cfi_def_cfa_offset 16
 341 0010 23341100 		sd	ra,8(sp)
 342              		.cfi_offset 1, -8
 343 0014 13850500 		mv	a0,a1
 344              	.LVL34:
2217:/home/zz/quard-start/Quard-Star/trusted_domain/FreeRTOS-Kernel/queue.c **** 
 345              		.loc 1 2217 9 is_stmt 1
2217:/home/zz/quard-start/Quard-Star/trusted_domain/FreeRTOS-Kernel/queue.c **** 
 346              		.loc 1 2217 26 is_stmt 0
 347 0018 03B78701 		ld	a4,24(a5)
2217:/home/zz/quard-start/Quard-Star/trusted_domain/FreeRTOS-Kernel/queue.c **** 
 348              		.loc 1 2217 38
 349 001c 3307C700 		add	a4,a4,a2
 350 0020 23BCE700 		sd	a4,24(a5)
2219:/home/zz/quard-start/Quard-Star/trusted_domain/FreeRTOS-Kernel/queue.c ****         {
 351              		.loc 1 2219 9 is_stmt 1
2219:/home/zz/quard-start/Quard-Star/trusted_domain/FreeRTOS-Kernel/queue.c ****         {
 352              		.loc 1 2219 62 is_stmt 0
 353 0024 83B60701 		ld	a3,16(a5)
2219:/home/zz/quard-start/Quard-Star/trusted_domain/FreeRTOS-Kernel/queue.c ****         {
 354              		.loc 1 2219 11
 355 0028 6366D700 		bltu	a4,a3,.L26
2221:/home/zz/quard-start/Quard-Star/trusted_domain/FreeRTOS-Kernel/queue.c ****         }
 356              		.loc 1 2221 13 is_stmt 1
2221:/home/zz/quard-start/Quard-Star/trusted_domain/FreeRTOS-Kernel/queue.c ****         }
 357              		.loc 1 2221 51 is_stmt 0
GAS LISTING /tmp/ccjMK2NG.s 			page 51


 358 002c 03B70700 		ld	a4,0(a5)
2221:/home/zz/quard-start/Quard-Star/trusted_domain/FreeRTOS-Kernel/queue.c ****         }
 359              		.loc 1 2221 42
 360 0030 23BCE700 		sd	a4,24(a5)
 361              	.L26:
2225:/home/zz/quard-start/Quard-Star/trusted_domain/FreeRTOS-Kernel/queue.c ****         }
 362              		.loc 1 2225 37 is_stmt 1
2228:/home/zz/quard-start/Quard-Star/trusted_domain/FreeRTOS-Kernel/queue.c ****     }
 363              		.loc 1 2228 9
2228:/home/zz/quard-start/Quard-Star/trusted_domain/FreeRTOS-Kernel/queue.c ****     }
 364              		.loc 1 2228 18 is_stmt 0
 365 0034 83B58701 		ld	a1,24(a5)
 366              	.LVL35:
 367 0038 97000000 		call	memcpy
 367      E7800000 
 368              	.LVL36:
2230:/home/zz/quard-start/Quard-Star/trusted_domain/FreeRTOS-Kernel/queue.c **** /*-----------------------------------------------------------*/
 369              		.loc 1 2230 1
 370 0040 83308100 		ld	ra,8(sp)
 371              		.cfi_restore 1
 372 0044 13010101 		addi	sp,sp,16
 373              	.LCFI10:
 374              		.cfi_def_cfa_offset 0
 375 0048 67800000 		jr	ra
 376              	.LVL37:
 377              	.L28:
 378 004c 67800000 		ret
 379              		.cfi_endproc
 380              	.LFE29:
 382              		.section	.text.prvUnlockQueue,"ax",@progbits
 383              		.align	2
 385              	prvUnlockQueue:
 386              	.LFB30:
2234:/home/zz/quard-start/Quard-Star/trusted_domain/FreeRTOS-Kernel/queue.c ****     /* THIS FUNCTION MUST BE CALLED WITH THE SCHEDULER SUSPENDED. */
 387              		.loc 1 2234 1 is_stmt 1
 388              		.cfi_startproc
 389              	.LVL38:
 390 0000 130101FE 		addi	sp,sp,-32
 391              	.LCFI11:
 392              		.cfi_def_cfa_offset 32
 393 0004 233C1100 		sd	ra,24(sp)
 394 0008 23388100 		sd	s0,16(sp)
 395 000c 23349100 		sd	s1,8(sp)
 396              		.cfi_offset 1, -8
 397              		.cfi_offset 8, -16
 398              		.cfi_offset 9, -24
 399 0010 93040500 		mv	s1,a0
2241:/home/zz/quard-start/Quard-Star/trusted_domain/FreeRTOS-Kernel/queue.c ****     {
 400              		.loc 1 2241 5
 401 0014 97000000 		call	vTaskEnterCritical
 401      E7800000 
 402              	.LVL39:
 403              	.LBB2:
2243:/home/zz/quard-start/Quard-Star/trusted_domain/FreeRTOS-Kernel/queue.c **** 
 404              		.loc 1 2243 9
2243:/home/zz/quard-start/Quard-Star/trusted_domain/FreeRTOS-Kernel/queue.c **** 
 405              		.loc 1 2243 16 is_stmt 0
GAS LISTING /tmp/ccjMK2NG.s 			page 52


 406 001c 03C49408 		lbu	s0,137(s1)
 407 0020 1B148401 		slliw	s0,s0,24
 408 0024 1B548441 		sraiw	s0,s0,24
 409              	.LVL40:
2246:/home/zz/quard-start/Quard-Star/trusted_domain/FreeRTOS-Kernel/queue.c ****         {
 410              		.loc 1 2246 9 is_stmt 1
2246:/home/zz/quard-start/Quard-Star/trusted_domain/FreeRTOS-Kernel/queue.c ****         {
 411              		.loc 1 2246 14 is_stmt 0
 412 0028 6F000001 		j	.L32
 413              	.L34:
2304:/home/zz/quard-start/Quard-Star/trusted_domain/FreeRTOS-Kernel/queue.c ****                         }
 414              		.loc 1 2304 53 is_stmt 1
2314:/home/zz/quard-start/Quard-Star/trusted_domain/FreeRTOS-Kernel/queue.c ****         }
 415              		.loc 1 2314 13
 416 002c 1B04F4FF 		addiw	s0,s0,-1
 417              	.LVL41:
 418 0030 1B148401 		slliw	s0,s0,24
 419 0034 1B548441 		sraiw	s0,s0,24
 420              	.LVL42:
 421              	.L32:
2246:/home/zz/quard-start/Quard-Star/trusted_domain/FreeRTOS-Kernel/queue.c ****         {
 422              		.loc 1 2246 24
 423 0038 63548002 		ble	s0,zero,.L33
2294:/home/zz/quard-start/Quard-Star/trusted_domain/FreeRTOS-Kernel/queue.c ****                     {
 424              		.loc 1 2294 21
2294:/home/zz/quard-start/Quard-Star/trusted_domain/FreeRTOS-Kernel/queue.c ****                     {
 425              		.loc 1 2294 25 is_stmt 0
 426 003c 83B78404 		ld	a5,72(s1)
2294:/home/zz/quard-start/Quard-Star/trusted_domain/FreeRTOS-Kernel/queue.c ****                     {
 427              		.loc 1 2294 23
 428 0040 63800702 		beq	a5,zero,.L33
2296:/home/zz/quard-start/Quard-Star/trusted_domain/FreeRTOS-Kernel/queue.c ****                         {
 429              		.loc 1 2296 25 is_stmt 1
2296:/home/zz/quard-start/Quard-Star/trusted_domain/FreeRTOS-Kernel/queue.c ****                         {
 430              		.loc 1 2296 29 is_stmt 0
 431 0044 13858404 		addi	a0,s1,72
 432 0048 97000000 		call	xTaskRemoveFromEventList
 432      E7800000 
 433              	.LVL43:
2296:/home/zz/quard-start/Quard-Star/trusted_domain/FreeRTOS-Kernel/queue.c ****                         {
 434              		.loc 1 2296 27
 435 0050 E30E05FC 		beq	a0,zero,.L34
2300:/home/zz/quard-start/Quard-Star/trusted_domain/FreeRTOS-Kernel/queue.c ****                         }
 436              		.loc 1 2300 29 is_stmt 1
 437 0054 97000000 		call	vTaskMissedYield
 437      E7800000 
 438              	.LVL44:
 439 005c 6FF01FFD 		j	.L34
 440              	.L33:
2317:/home/zz/quard-start/Quard-Star/trusted_domain/FreeRTOS-Kernel/queue.c ****     }
 441              		.loc 1 2317 9
2317:/home/zz/quard-start/Quard-Star/trusted_domain/FreeRTOS-Kernel/queue.c ****     }
 442              		.loc 1 2317 26 is_stmt 0
 443 0060 9307F0FF 		li	a5,-1
 444 0064 A384F408 		sb	a5,137(s1)
 445              	.LBE2:
2319:/home/zz/quard-start/Quard-Star/trusted_domain/FreeRTOS-Kernel/queue.c **** 
GAS LISTING /tmp/ccjMK2NG.s 			page 53


 446              		.loc 1 2319 5 is_stmt 1
 447 0068 97000000 		call	vTaskExitCritical
 447      E7800000 
 448              	.LVL45:
2322:/home/zz/quard-start/Quard-Star/trusted_domain/FreeRTOS-Kernel/queue.c ****     {
 449              		.loc 1 2322 5
 450 0070 97000000 		call	vTaskEnterCritical
 450      E7800000 
 451              	.LVL46:
 452              	.LBB3:
2324:/home/zz/quard-start/Quard-Star/trusted_domain/FreeRTOS-Kernel/queue.c **** 
 453              		.loc 1 2324 9
2324:/home/zz/quard-start/Quard-Star/trusted_domain/FreeRTOS-Kernel/queue.c **** 
 454              		.loc 1 2324 16 is_stmt 0
 455 0078 03C48408 		lbu	s0,136(s1)
 456              	.LVL47:
 457 007c 1B148401 		slliw	s0,s0,24
 458 0080 1B548441 		sraiw	s0,s0,24
 459              	.LVL48:
2326:/home/zz/quard-start/Quard-Star/trusted_domain/FreeRTOS-Kernel/queue.c ****         {
 460              		.loc 1 2326 9 is_stmt 1
2326:/home/zz/quard-start/Quard-Star/trusted_domain/FreeRTOS-Kernel/queue.c ****         {
 461              		.loc 1 2326 14 is_stmt 0
 462 0084 6F000001 		j	.L36
 463              	.L38:
2336:/home/zz/quard-start/Quard-Star/trusted_domain/FreeRTOS-Kernel/queue.c ****                 }
 464              		.loc 1 2336 45 is_stmt 1
2339:/home/zz/quard-start/Quard-Star/trusted_domain/FreeRTOS-Kernel/queue.c ****             }
 465              		.loc 1 2339 17
 466 0088 1B04F4FF 		addiw	s0,s0,-1
 467              	.LVL49:
 468 008c 1B148401 		slliw	s0,s0,24
 469 0090 1B548441 		sraiw	s0,s0,24
 470              	.LVL50:
 471              	.L36:
2326:/home/zz/quard-start/Quard-Star/trusted_domain/FreeRTOS-Kernel/queue.c ****         {
 472              		.loc 1 2326 24
 473 0094 63548002 		ble	s0,zero,.L37
2328:/home/zz/quard-start/Quard-Star/trusted_domain/FreeRTOS-Kernel/queue.c ****             {
 474              		.loc 1 2328 13
2328:/home/zz/quard-start/Quard-Star/trusted_domain/FreeRTOS-Kernel/queue.c ****             {
 475              		.loc 1 2328 17 is_stmt 0
 476 0098 83B70402 		ld	a5,32(s1)
2328:/home/zz/quard-start/Quard-Star/trusted_domain/FreeRTOS-Kernel/queue.c ****             {
 477              		.loc 1 2328 15
 478 009c 63800702 		beq	a5,zero,.L37
2330:/home/zz/quard-start/Quard-Star/trusted_domain/FreeRTOS-Kernel/queue.c ****                 {
 479              		.loc 1 2330 17 is_stmt 1
2330:/home/zz/quard-start/Quard-Star/trusted_domain/FreeRTOS-Kernel/queue.c ****                 {
 480              		.loc 1 2330 21 is_stmt 0
 481 00a0 13850402 		addi	a0,s1,32
 482 00a4 97000000 		call	xTaskRemoveFromEventList
 482      E7800000 
 483              	.LVL51:
2330:/home/zz/quard-start/Quard-Star/trusted_domain/FreeRTOS-Kernel/queue.c ****                 {
 484              		.loc 1 2330 19
 485 00ac E30E05FC 		beq	a0,zero,.L38
GAS LISTING /tmp/ccjMK2NG.s 			page 54


2332:/home/zz/quard-start/Quard-Star/trusted_domain/FreeRTOS-Kernel/queue.c ****                 }
 486              		.loc 1 2332 21 is_stmt 1
 487 00b0 97000000 		call	vTaskMissedYield
 487      E7800000 
 488              	.LVL52:
 489 00b8 6FF01FFD 		j	.L38
 490              	.L37:
2347:/home/zz/quard-start/Quard-Star/trusted_domain/FreeRTOS-Kernel/queue.c ****     }
 491              		.loc 1 2347 9
2347:/home/zz/quard-start/Quard-Star/trusted_domain/FreeRTOS-Kernel/queue.c ****     }
 492              		.loc 1 2347 26 is_stmt 0
 493 00bc 9307F0FF 		li	a5,-1
 494 00c0 2384F408 		sb	a5,136(s1)
 495              	.LBE3:
2349:/home/zz/quard-start/Quard-Star/trusted_domain/FreeRTOS-Kernel/queue.c **** }
 496              		.loc 1 2349 5 is_stmt 1
 497 00c4 97000000 		call	vTaskExitCritical
 497      E7800000 
 498              	.LVL53:
2350:/home/zz/quard-start/Quard-Star/trusted_domain/FreeRTOS-Kernel/queue.c **** /*-----------------------------------------------------------*/
 499              		.loc 1 2350 1 is_stmt 0
 500 00cc 83308101 		ld	ra,24(sp)
 501              		.cfi_restore 1
 502 00d0 03340101 		ld	s0,16(sp)
 503              		.cfi_restore 8
 504              	.LVL54:
 505 00d4 83348100 		ld	s1,8(sp)
 506              		.cfi_restore 9
 507              	.LVL55:
 508 00d8 13010102 		addi	sp,sp,32
 509              	.LCFI12:
 510              		.cfi_def_cfa_offset 0
 511 00dc 67800000 		jr	ra
 512              		.cfi_endproc
 513              	.LFE30:
 515              		.section	.text.xQueueGenericReset,"ax",@progbits
 516              		.align	2
 517              		.globl	xQueueGenericReset
 519              	xQueueGenericReset:
 520              	.LFB2:
 266:/home/zz/quard-start/Quard-Star/trusted_domain/FreeRTOS-Kernel/queue.c ****     Queue_t * const pxQueue = xQueue;
 521              		.loc 1 266 1 is_stmt 1
 522              		.cfi_startproc
 523              	.LVL56:
 524 0000 130101FE 		addi	sp,sp,-32
 525              	.LCFI13:
 526              		.cfi_def_cfa_offset 32
 527 0004 233C1100 		sd	ra,24(sp)
 528 0008 23388100 		sd	s0,16(sp)
 529 000c 23349100 		sd	s1,8(sp)
 530              		.cfi_offset 1, -8
 531              		.cfi_offset 8, -16
 532              		.cfi_offset 9, -24
 533 0010 13040500 		mv	s0,a0
 534 0014 93840500 		mv	s1,a1
 267:/home/zz/quard-start/Quard-Star/trusted_domain/FreeRTOS-Kernel/queue.c **** 
 535              		.loc 1 267 5
GAS LISTING /tmp/ccjMK2NG.s 			page 55


 536              	.LVL57:
 269:/home/zz/quard-start/Quard-Star/trusted_domain/FreeRTOS-Kernel/queue.c **** 
 537              		.loc 1 269 28
 271:/home/zz/quard-start/Quard-Star/trusted_domain/FreeRTOS-Kernel/queue.c ****     {
 538              		.loc 1 271 5
 539 0018 97000000 		call	vTaskEnterCritical
 539      E7800000 
 540              	.LVL58:
 273:/home/zz/quard-start/Quard-Star/trusted_domain/FreeRTOS-Kernel/queue.c ****         pxQueue->uxMessagesWaiting = ( UBaseType_t ) 0U;
 541              		.loc 1 273 9
 273:/home/zz/quard-start/Quard-Star/trusted_domain/FreeRTOS-Kernel/queue.c ****         pxQueue->uxMessagesWaiting = ( UBaseType_t ) 0U;
 542              		.loc 1 273 43 is_stmt 0
 543 0020 83370400 		ld	a5,0(s0)
 273:/home/zz/quard-start/Quard-Star/trusted_domain/FreeRTOS-Kernel/queue.c ****         pxQueue->uxMessagesWaiting = ( UBaseType_t ) 0U;
 544              		.loc 1 273 63
 545 0024 83368407 		ld	a3,120(s0)
 273:/home/zz/quard-start/Quard-Star/trusted_domain/FreeRTOS-Kernel/queue.c ****         pxQueue->uxMessagesWaiting = ( UBaseType_t ) 0U;
 546              		.loc 1 273 83
 547 0028 03370408 		ld	a4,128(s0)
 273:/home/zz/quard-start/Quard-Star/trusted_domain/FreeRTOS-Kernel/queue.c ****         pxQueue->uxMessagesWaiting = ( UBaseType_t ) 0U;
 548              		.loc 1 273 74
 549 002c 3386E602 		mul	a2,a3,a4
 273:/home/zz/quard-start/Quard-Star/trusted_domain/FreeRTOS-Kernel/queue.c ****         pxQueue->uxMessagesWaiting = ( UBaseType_t ) 0U;
 550              		.loc 1 273 52
 551 0030 3386C700 		add	a2,a5,a2
 273:/home/zz/quard-start/Quard-Star/trusted_domain/FreeRTOS-Kernel/queue.c ****         pxQueue->uxMessagesWaiting = ( UBaseType_t ) 0U;
 552              		.loc 1 273 34
 553 0034 2338C400 		sd	a2,16(s0)
 274:/home/zz/quard-start/Quard-Star/trusted_domain/FreeRTOS-Kernel/queue.c ****         pxQueue->pcWriteTo = pxQueue->pcHead;
 554              		.loc 1 274 9 is_stmt 1
 274:/home/zz/quard-start/Quard-Star/trusted_domain/FreeRTOS-Kernel/queue.c ****         pxQueue->pcWriteTo = pxQueue->pcHead;
 555              		.loc 1 274 36 is_stmt 0
 556 0038 23380406 		sd	zero,112(s0)
 275:/home/zz/quard-start/Quard-Star/trusted_domain/FreeRTOS-Kernel/queue.c ****         pxQueue->u.xQueue.pcReadFrom = pxQueue->pcHead + ( ( pxQueue->uxLength - 1U ) * pxQueue->ux
 557              		.loc 1 275 9 is_stmt 1
 275:/home/zz/quard-start/Quard-Star/trusted_domain/FreeRTOS-Kernel/queue.c ****         pxQueue->u.xQueue.pcReadFrom = pxQueue->pcHead + ( ( pxQueue->uxLength - 1U ) * pxQueue->ux
 558              		.loc 1 275 28 is_stmt 0
 559 003c 2334F400 		sd	a5,8(s0)
 276:/home/zz/quard-start/Quard-Star/trusted_domain/FreeRTOS-Kernel/queue.c ****         pxQueue->cRxLock = queueUNLOCKED;
 560              		.loc 1 276 9 is_stmt 1
 276:/home/zz/quard-start/Quard-Star/trusted_domain/FreeRTOS-Kernel/queue.c ****         pxQueue->cRxLock = queueUNLOCKED;
 561              		.loc 1 276 80 is_stmt 0
 562 0040 9386F6FF 		addi	a3,a3,-1
 276:/home/zz/quard-start/Quard-Star/trusted_domain/FreeRTOS-Kernel/queue.c ****         pxQueue->cRxLock = queueUNLOCKED;
 563              		.loc 1 276 87
 564 0044 3307D702 		mul	a4,a4,a3
 276:/home/zz/quard-start/Quard-Star/trusted_domain/FreeRTOS-Kernel/queue.c ****         pxQueue->cRxLock = queueUNLOCKED;
 565              		.loc 1 276 56
 566 0048 B387E700 		add	a5,a5,a4
 276:/home/zz/quard-start/Quard-Star/trusted_domain/FreeRTOS-Kernel/queue.c ****         pxQueue->cRxLock = queueUNLOCKED;
 567              		.loc 1 276 38
 568 004c 233CF400 		sd	a5,24(s0)
 277:/home/zz/quard-start/Quard-Star/trusted_domain/FreeRTOS-Kernel/queue.c ****         pxQueue->cTxLock = queueUNLOCKED;
 569              		.loc 1 277 9 is_stmt 1
 277:/home/zz/quard-start/Quard-Star/trusted_domain/FreeRTOS-Kernel/queue.c ****         pxQueue->cTxLock = queueUNLOCKED;
 570              		.loc 1 277 26 is_stmt 0
 571 0050 9307F0FF 		li	a5,-1
GAS LISTING /tmp/ccjMK2NG.s 			page 56


 572 0054 2304F408 		sb	a5,136(s0)
 278:/home/zz/quard-start/Quard-Star/trusted_domain/FreeRTOS-Kernel/queue.c **** 
 573              		.loc 1 278 9 is_stmt 1
 278:/home/zz/quard-start/Quard-Star/trusted_domain/FreeRTOS-Kernel/queue.c **** 
 574              		.loc 1 278 26 is_stmt 0
 575 0058 A304F408 		sb	a5,137(s0)
 280:/home/zz/quard-start/Quard-Star/trusted_domain/FreeRTOS-Kernel/queue.c ****         {
 576              		.loc 1 280 9 is_stmt 1
 280:/home/zz/quard-start/Quard-Star/trusted_domain/FreeRTOS-Kernel/queue.c ****         {
 577              		.loc 1 280 11 is_stmt 0
 578 005c 63960404 		bne	s1,zero,.L42
 287:/home/zz/quard-start/Quard-Star/trusted_domain/FreeRTOS-Kernel/queue.c ****             {
 579              		.loc 1 287 13 is_stmt 1
 287:/home/zz/quard-start/Quard-Star/trusted_domain/FreeRTOS-Kernel/queue.c ****             {
 580              		.loc 1 287 17 is_stmt 0
 581 0060 83370402 		ld	a5,32(s0)
 287:/home/zz/quard-start/Quard-Star/trusted_domain/FreeRTOS-Kernel/queue.c ****             {
 582              		.loc 1 287 15
 583 0064 63920702 		bne	a5,zero,.L45
 584              	.L43:
 310:/home/zz/quard-start/Quard-Star/trusted_domain/FreeRTOS-Kernel/queue.c **** 
 585              		.loc 1 310 5 is_stmt 1
 586 0068 97000000 		call	vTaskExitCritical
 586      E7800000 
 587              	.LVL59:
 314:/home/zz/quard-start/Quard-Star/trusted_domain/FreeRTOS-Kernel/queue.c **** }
 588              		.loc 1 314 5
 315:/home/zz/quard-start/Quard-Star/trusted_domain/FreeRTOS-Kernel/queue.c **** /*-----------------------------------------------------------*/
 589              		.loc 1 315 1 is_stmt 0
 590 0070 13051000 		li	a0,1
 591 0074 83308101 		ld	ra,24(sp)
 592              		.cfi_remember_state
 593              		.cfi_restore 1
 594 0078 03340101 		ld	s0,16(sp)
 595              		.cfi_restore 8
 596              	.LVL60:
 597 007c 83348100 		ld	s1,8(sp)
 598              		.cfi_restore 9
 599              	.LVL61:
 600 0080 13010102 		addi	sp,sp,32
 601              	.LCFI14:
 602              		.cfi_def_cfa_offset 0
 603 0084 67800000 		jr	ra
 604              	.LVL62:
 605              	.L45:
 606              	.LCFI15:
 607              		.cfi_restore_state
 289:/home/zz/quard-start/Quard-Star/trusted_domain/FreeRTOS-Kernel/queue.c ****                 {
 608              		.loc 1 289 17 is_stmt 1
 289:/home/zz/quard-start/Quard-Star/trusted_domain/FreeRTOS-Kernel/queue.c ****                 {
 609              		.loc 1 289 21 is_stmt 0
 610 0088 13050402 		addi	a0,s0,32
 611 008c 97000000 		call	xTaskRemoveFromEventList
 611      E7800000 
 612              	.LVL63:
 289:/home/zz/quard-start/Quard-Star/trusted_domain/FreeRTOS-Kernel/queue.c ****                 {
 613              		.loc 1 289 19
GAS LISTING /tmp/ccjMK2NG.s 			page 57


 614 0094 E30A05FC 		beq	a0,zero,.L43
 291:/home/zz/quard-start/Quard-Star/trusted_domain/FreeRTOS-Kernel/queue.c ****                 }
 615              		.loc 1 291 21 is_stmt 1
 616 0098 13050008 		li	a0,128
 617 009c 97000000 		call	sbi_send_ipi
 617      E7800000 
 618              	.LVL64:
 619 00a4 6FF05FFC 		j	.L43
 620              	.L42:
 306:/home/zz/quard-start/Quard-Star/trusted_domain/FreeRTOS-Kernel/queue.c ****             vListInitialise( &( pxQueue->xTasksWaitingToReceive ) );
 621              		.loc 1 306 13
 622 00a8 13050402 		addi	a0,s0,32
 623 00ac 97000000 		call	vListInitialise
 623      E7800000 
 624              	.LVL65:
 307:/home/zz/quard-start/Quard-Star/trusted_domain/FreeRTOS-Kernel/queue.c ****         }
 625              		.loc 1 307 13
 626 00b4 13058404 		addi	a0,s0,72
 627 00b8 97000000 		call	vListInitialise
 627      E7800000 
 628              	.LVL66:
 629 00c0 6FF09FFA 		j	.L43
 630              		.cfi_endproc
 631              	.LFE2:
 633              		.section	.text.prvInitialiseNewQueue,"ax",@progbits
 634              		.align	2
 636              	prvInitialiseNewQueue:
 637              	.LFB4:
 449:/home/zz/quard-start/Quard-Star/trusted_domain/FreeRTOS-Kernel/queue.c ****     /* Remove compiler warnings about unused parameters should
 638              		.loc 1 449 1
 639              		.cfi_startproc
 640              	.LVL67:
 641 0000 130101FE 		addi	sp,sp,-32
 642              	.LCFI16:
 643              		.cfi_def_cfa_offset 32
 644 0004 233C1100 		sd	ra,24(sp)
 645 0008 23388100 		sd	s0,16(sp)
 646 000c 23349100 		sd	s1,8(sp)
 647              		.cfi_offset 1, -8
 648              		.cfi_offset 8, -16
 649              		.cfi_offset 9, -24
 650 0010 93840600 		mv	s1,a3
 651 0014 13040700 		mv	s0,a4
 452:/home/zz/quard-start/Quard-Star/trusted_domain/FreeRTOS-Kernel/queue.c **** 
 652              		.loc 1 452 5
 454:/home/zz/quard-start/Quard-Star/trusted_domain/FreeRTOS-Kernel/queue.c ****     {
 653              		.loc 1 454 5
 454:/home/zz/quard-start/Quard-Star/trusted_domain/FreeRTOS-Kernel/queue.c ****     {
 654              		.loc 1 454 7 is_stmt 0
 655 0018 639C0502 		bne	a1,zero,.L47
 460:/home/zz/quard-start/Quard-Star/trusted_domain/FreeRTOS-Kernel/queue.c ****     }
 656              		.loc 1 460 9 is_stmt 1
 460:/home/zz/quard-start/Quard-Star/trusted_domain/FreeRTOS-Kernel/queue.c ****     }
 657              		.loc 1 460 28 is_stmt 0
 658 001c 2330E400 		sd	a4,0(s0)
 659              	.LVL68:
 660              	.L48:
GAS LISTING /tmp/ccjMK2NG.s 			page 58


 470:/home/zz/quard-start/Quard-Star/trusted_domain/FreeRTOS-Kernel/queue.c ****     pxNewQueue->uxItemSize = uxItemSize;
 661              		.loc 1 470 5 is_stmt 1
 470:/home/zz/quard-start/Quard-Star/trusted_domain/FreeRTOS-Kernel/queue.c ****     pxNewQueue->uxItemSize = uxItemSize;
 662              		.loc 1 470 26 is_stmt 0
 663 0020 233CA406 		sd	a0,120(s0)
 471:/home/zz/quard-start/Quard-Star/trusted_domain/FreeRTOS-Kernel/queue.c ****     ( void ) xQueueGenericReset( pxNewQueue, pdTRUE );
 664              		.loc 1 471 5 is_stmt 1
 471:/home/zz/quard-start/Quard-Star/trusted_domain/FreeRTOS-Kernel/queue.c ****     ( void ) xQueueGenericReset( pxNewQueue, pdTRUE );
 665              		.loc 1 471 28 is_stmt 0
 666 0024 2330B408 		sd	a1,128(s0)
 472:/home/zz/quard-start/Quard-Star/trusted_domain/FreeRTOS-Kernel/queue.c **** 
 667              		.loc 1 472 5 is_stmt 1
 472:/home/zz/quard-start/Quard-Star/trusted_domain/FreeRTOS-Kernel/queue.c **** 
 668              		.loc 1 472 14 is_stmt 0
 669 0028 93051000 		li	a1,1
 670              	.LVL69:
 671 002c 13050400 		mv	a0,s0
 672              	.LVL70:
 673 0030 97000000 		call	xQueueGenericReset
 673      E7800000 
 674              	.LVL71:
 476:/home/zz/quard-start/Quard-Star/trusted_domain/FreeRTOS-Kernel/queue.c ****         }
 675              		.loc 1 476 13 is_stmt 1
 476:/home/zz/quard-start/Quard-Star/trusted_domain/FreeRTOS-Kernel/queue.c ****         }
 676              		.loc 1 476 37 is_stmt 0
 677 0038 230C9408 		sb	s1,152(s0)
 486:/home/zz/quard-start/Quard-Star/trusted_domain/FreeRTOS-Kernel/queue.c **** }
 678              		.loc 1 486 36 is_stmt 1
 487:/home/zz/quard-start/Quard-Star/trusted_domain/FreeRTOS-Kernel/queue.c **** /*-----------------------------------------------------------*/
 679              		.loc 1 487 1 is_stmt 0
 680 003c 83308101 		ld	ra,24(sp)
 681              		.cfi_remember_state
 682              		.cfi_restore 1
 683 0040 03340101 		ld	s0,16(sp)
 684              		.cfi_restore 8
 685              	.LVL72:
 686 0044 83348100 		ld	s1,8(sp)
 687              		.cfi_restore 9
 688 0048 13010102 		addi	sp,sp,32
 689              	.LCFI17:
 690              		.cfi_def_cfa_offset 0
 691 004c 67800000 		jr	ra
 692              	.LVL73:
 693              	.L47:
 694              	.LCFI18:
 695              		.cfi_restore_state
 465:/home/zz/quard-start/Quard-Star/trusted_domain/FreeRTOS-Kernel/queue.c ****     }
 696              		.loc 1 465 9 is_stmt 1
 465:/home/zz/quard-start/Quard-Star/trusted_domain/FreeRTOS-Kernel/queue.c ****     }
 697              		.loc 1 465 28 is_stmt 0
 698 0050 2330C700 		sd	a2,0(a4)
 699 0054 6FF0DFFC 		j	.L48
 700              		.cfi_endproc
 701              	.LFE4:
 703              		.section	.text.xQueueGenericCreate,"ax",@progbits
 704              		.align	2
 705              		.globl	xQueueGenericCreate
GAS LISTING /tmp/ccjMK2NG.s 			page 59


 707              	xQueueGenericCreate:
 708              	.LFB3:
 385:/home/zz/quard-start/Quard-Star/trusted_domain/FreeRTOS-Kernel/queue.c ****         Queue_t * pxNewQueue;
 709              		.loc 1 385 5 is_stmt 1
 710              		.cfi_startproc
 711              	.LVL74:
 712 0000 130101FD 		addi	sp,sp,-48
 713              	.LCFI19:
 714              		.cfi_def_cfa_offset 48
 715 0004 23341102 		sd	ra,40(sp)
 716 0008 23308102 		sd	s0,32(sp)
 717 000c 233C9100 		sd	s1,24(sp)
 718 0010 23382101 		sd	s2,16(sp)
 719 0014 23343101 		sd	s3,8(sp)
 720              		.cfi_offset 1, -8
 721              		.cfi_offset 8, -16
 722              		.cfi_offset 9, -24
 723              		.cfi_offset 18, -32
 724              		.cfi_offset 19, -40
 725 0018 93040500 		mv	s1,a0
 726 001c 13890500 		mv	s2,a1
 727 0020 93090600 		mv	s3,a2
 386:/home/zz/quard-start/Quard-Star/trusted_domain/FreeRTOS-Kernel/queue.c ****         size_t xQueueSizeInBytes;
 728              		.loc 1 386 9
 387:/home/zz/quard-start/Quard-Star/trusted_domain/FreeRTOS-Kernel/queue.c ****         uint8_t * pucQueueStorage;
 729              		.loc 1 387 9
 388:/home/zz/quard-start/Quard-Star/trusted_domain/FreeRTOS-Kernel/queue.c **** 
 730              		.loc 1 388 9
 390:/home/zz/quard-start/Quard-Star/trusted_domain/FreeRTOS-Kernel/queue.c **** 
 731              		.loc 1 390 58
 395:/home/zz/quard-start/Quard-Star/trusted_domain/FreeRTOS-Kernel/queue.c **** 
 732              		.loc 1 395 9
 395:/home/zz/quard-start/Quard-Star/trusted_domain/FreeRTOS-Kernel/queue.c **** 
 733              		.loc 1 395 27 is_stmt 0
 734 0024 3305B502 		mul	a0,a0,a1
 735              	.LVL75:
 398:/home/zz/quard-start/Quard-Star/trusted_domain/FreeRTOS-Kernel/queue.c **** 
 736              		.loc 1 398 103 is_stmt 1
 401:/home/zz/quard-start/Quard-Star/trusted_domain/FreeRTOS-Kernel/queue.c **** 
 737              		.loc 1 401 87
 412:/home/zz/quard-start/Quard-Star/trusted_domain/FreeRTOS-Kernel/queue.c **** 
 738              		.loc 1 412 9
 412:/home/zz/quard-start/Quard-Star/trusted_domain/FreeRTOS-Kernel/queue.c **** 
 739              		.loc 1 412 36 is_stmt 0
 740 0028 1305050A 		addi	a0,a0,160
 741              	.LVL76:
 742 002c 97000000 		call	pvPortMalloc
 742      E7800000 
 743              	.LVL77:
 744 0034 13040500 		mv	s0,a0
 745              	.LVL78:
 414:/home/zz/quard-start/Quard-Star/trusted_domain/FreeRTOS-Kernel/queue.c ****         {
 746              		.loc 1 414 9 is_stmt 1
 414:/home/zz/quard-start/Quard-Star/trusted_domain/FreeRTOS-Kernel/queue.c ****         {
 747              		.loc 1 414 11 is_stmt 0
 748 0038 63000502 		beq	a0,zero,.L50
 418:/home/zz/quard-start/Quard-Star/trusted_domain/FreeRTOS-Kernel/queue.c ****             pucQueueStorage += sizeof( Queue_t ); /*lint !e9016 Pointer arithmetic allowed on char 
GAS LISTING /tmp/ccjMK2NG.s 			page 60


 749              		.loc 1 418 13 is_stmt 1
 750              	.LVL79:
 419:/home/zz/quard-start/Quard-Star/trusted_domain/FreeRTOS-Kernel/queue.c **** 
 751              		.loc 1 419 13
 430:/home/zz/quard-start/Quard-Star/trusted_domain/FreeRTOS-Kernel/queue.c ****         }
 752              		.loc 1 430 13
 753 003c 13070500 		mv	a4,a0
 754 0040 93860900 		mv	a3,s3
 755 0044 1306050A 		addi	a2,a0,160
 756              	.LVL80:
 757 0048 93050900 		mv	a1,s2
 758 004c 13850400 		mv	a0,s1
 759 0050 97000000 		call	prvInitialiseNewQueue
 759      E7800000 
 760              	.LVL81:
 434:/home/zz/quard-start/Quard-Star/trusted_domain/FreeRTOS-Kernel/queue.c ****             mtCOVERAGE_TEST_MARKER();
 761              		.loc 1 434 52
 435:/home/zz/quard-start/Quard-Star/trusted_domain/FreeRTOS-Kernel/queue.c ****         }
 762              		.loc 1 435 37
 438:/home/zz/quard-start/Quard-Star/trusted_domain/FreeRTOS-Kernel/queue.c ****     }
 763              		.loc 1 438 9
 764              	.L50:
 439:/home/zz/quard-start/Quard-Star/trusted_domain/FreeRTOS-Kernel/queue.c **** 
 765              		.loc 1 439 5 is_stmt 0
 766 0058 13050400 		mv	a0,s0
 767 005c 83308102 		ld	ra,40(sp)
 768              		.cfi_restore 1
 769 0060 03340102 		ld	s0,32(sp)
 770              		.cfi_restore 8
 771              	.LVL82:
 772 0064 83348101 		ld	s1,24(sp)
 773              		.cfi_restore 9
 774              	.LVL83:
 775 0068 03390101 		ld	s2,16(sp)
 776              		.cfi_restore 18
 777              	.LVL84:
 778 006c 83398100 		ld	s3,8(sp)
 779              		.cfi_restore 19
 780 0070 13010103 		addi	sp,sp,48
 781              	.LCFI20:
 782              		.cfi_def_cfa_offset 0
 783 0074 67800000 		jr	ra
 784              		.cfi_endproc
 785              	.LFE3:
 787              		.section	.text.xQueueGetMutexHolder,"ax",@progbits
 788              		.align	2
 789              		.globl	xQueueGetMutexHolder
 791              	xQueueGetMutexHolder:
 792              	.LFB7:
 560:/home/zz/quard-start/Quard-Star/trusted_domain/FreeRTOS-Kernel/queue.c ****         TaskHandle_t pxReturn;
 793              		.loc 1 560 5 is_stmt 1
 794              		.cfi_startproc
 795              	.LVL85:
 796 0000 130101FF 		addi	sp,sp,-16
 797              	.LCFI21:
 798              		.cfi_def_cfa_offset 16
 799 0004 23341100 		sd	ra,8(sp)
GAS LISTING /tmp/ccjMK2NG.s 			page 61


 800 0008 23308100 		sd	s0,0(sp)
 801              		.cfi_offset 1, -8
 802              		.cfi_offset 8, -16
 803 000c 13040500 		mv	s0,a0
 561:/home/zz/quard-start/Quard-Star/trusted_domain/FreeRTOS-Kernel/queue.c ****         Queue_t * const pxSemaphore = ( Queue_t * ) xSemaphore;
 804              		.loc 1 561 9
 562:/home/zz/quard-start/Quard-Star/trusted_domain/FreeRTOS-Kernel/queue.c **** 
 805              		.loc 1 562 9
 806              	.LVL86:
 569:/home/zz/quard-start/Quard-Star/trusted_domain/FreeRTOS-Kernel/queue.c ****         {
 807              		.loc 1 569 9
 808 0010 97000000 		call	vTaskEnterCritical
 808      E7800000 
 809              	.LVL87:
 571:/home/zz/quard-start/Quard-Star/trusted_domain/FreeRTOS-Kernel/queue.c ****             {
 810              		.loc 1 571 13
 571:/home/zz/quard-start/Quard-Star/trusted_domain/FreeRTOS-Kernel/queue.c ****             {
 811              		.loc 1 571 28 is_stmt 0
 812 0018 83370400 		ld	a5,0(s0)
 571:/home/zz/quard-start/Quard-Star/trusted_domain/FreeRTOS-Kernel/queue.c ****             {
 813              		.loc 1 571 15
 814 001c 63920702 		bne	a5,zero,.L55
 573:/home/zz/quard-start/Quard-Star/trusted_domain/FreeRTOS-Kernel/queue.c ****             }
 815              		.loc 1 573 17 is_stmt 1
 573:/home/zz/quard-start/Quard-Star/trusted_domain/FreeRTOS-Kernel/queue.c ****             }
 816              		.loc 1 573 26 is_stmt 0
 817 0020 03340401 		ld	s0,16(s0)
 818              	.LVL88:
 819              	.L54:
 580:/home/zz/quard-start/Quard-Star/trusted_domain/FreeRTOS-Kernel/queue.c **** 
 820              		.loc 1 580 9 is_stmt 1
 821 0024 97000000 		call	vTaskExitCritical
 821      E7800000 
 822              	.LVL89:
 582:/home/zz/quard-start/Quard-Star/trusted_domain/FreeRTOS-Kernel/queue.c ****     } /*lint !e818 xSemaphore cannot be a pointer to const because it is a typedef. */
 823              		.loc 1 582 9
 583:/home/zz/quard-start/Quard-Star/trusted_domain/FreeRTOS-Kernel/queue.c **** 
 824              		.loc 1 583 5 is_stmt 0
 825 002c 13050400 		mv	a0,s0
 826 0030 83308100 		ld	ra,8(sp)
 827              		.cfi_remember_state
 828              		.cfi_restore 1
 829 0034 03340100 		ld	s0,0(sp)
 830              		.cfi_restore 8
 831              	.LVL90:
 832 0038 13010101 		addi	sp,sp,16
 833              	.LCFI22:
 834              		.cfi_def_cfa_offset 0
 835 003c 67800000 		jr	ra
 836              	.LVL91:
 837              	.L55:
 838              	.LCFI23:
 839              		.cfi_restore_state
 577:/home/zz/quard-start/Quard-Star/trusted_domain/FreeRTOS-Kernel/queue.c ****             }
 840              		.loc 1 577 26
 841 0040 13040000 		li	s0,0
 842              	.LVL92:
GAS LISTING /tmp/ccjMK2NG.s 			page 62


 843 0044 6FF01FFE 		j	.L54
 844              		.cfi_endproc
 845              	.LFE7:
 847              		.section	.text.xQueueGetMutexHolderFromISR,"ax",@progbits
 848              		.align	2
 849              		.globl	xQueueGetMutexHolderFromISR
 851              	xQueueGetMutexHolderFromISR:
 852              	.LFB8:
 591:/home/zz/quard-start/Quard-Star/trusted_domain/FreeRTOS-Kernel/queue.c ****         TaskHandle_t pxReturn;
 853              		.loc 1 591 5 is_stmt 1
 854              		.cfi_startproc
 855              	.LVL93:
 592:/home/zz/quard-start/Quard-Star/trusted_domain/FreeRTOS-Kernel/queue.c **** 
 856              		.loc 1 592 9
 594:/home/zz/quard-start/Quard-Star/trusted_domain/FreeRTOS-Kernel/queue.c **** 
 857              		.loc 1 594 35
 599:/home/zz/quard-start/Quard-Star/trusted_domain/FreeRTOS-Kernel/queue.c ****         {
 858              		.loc 1 599 9
 599:/home/zz/quard-start/Quard-Star/trusted_domain/FreeRTOS-Kernel/queue.c ****         {
 859              		.loc 1 599 41 is_stmt 0
 860 0000 83370500 		ld	a5,0(a0)
 599:/home/zz/quard-start/Quard-Star/trusted_domain/FreeRTOS-Kernel/queue.c ****         {
 861              		.loc 1 599 11
 862 0004 63960700 		bne	a5,zero,.L59
 601:/home/zz/quard-start/Quard-Star/trusted_domain/FreeRTOS-Kernel/queue.c ****         }
 863              		.loc 1 601 13 is_stmt 1
 601:/home/zz/quard-start/Quard-Star/trusted_domain/FreeRTOS-Kernel/queue.c ****         }
 864              		.loc 1 601 22 is_stmt 0
 865 0008 03350501 		ld	a0,16(a0)
 866              	.LVL94:
 867 000c 67800000 		ret
 868              	.LVL95:
 869              	.L59:
 605:/home/zz/quard-start/Quard-Star/trusted_domain/FreeRTOS-Kernel/queue.c ****         }
 870              		.loc 1 605 22
 871 0010 13050000 		li	a0,0
 872              	.LVL96:
 608:/home/zz/quard-start/Quard-Star/trusted_domain/FreeRTOS-Kernel/queue.c ****     } /*lint !e818 xSemaphore cannot be a pointer to const because it is a typedef. */
 873              		.loc 1 608 9 is_stmt 1
 609:/home/zz/quard-start/Quard-Star/trusted_domain/FreeRTOS-Kernel/queue.c **** 
 874              		.loc 1 609 5 is_stmt 0
 875 0014 67800000 		ret
 876              		.cfi_endproc
 877              	.LFE8:
 879              		.section	.text.xQueueCreateCountingSemaphore,"ax",@progbits
 880              		.align	2
 881              		.globl	xQueueCreateCountingSemaphore
 883              	xQueueCreateCountingSemaphore:
 884              	.LFB11:
 746:/home/zz/quard-start/Quard-Star/trusted_domain/FreeRTOS-Kernel/queue.c ****         QueueHandle_t xHandle;
 885              		.loc 1 746 5 is_stmt 1
 886              		.cfi_startproc
 887              	.LVL97:
 888 0000 130101FF 		addi	sp,sp,-16
 889              	.LCFI24:
 890              		.cfi_def_cfa_offset 16
 891 0004 23341100 		sd	ra,8(sp)
GAS LISTING /tmp/ccjMK2NG.s 			page 63


 892 0008 23308100 		sd	s0,0(sp)
 893              		.cfi_offset 1, -8
 894              		.cfi_offset 8, -16
 895 000c 13840500 		mv	s0,a1
 747:/home/zz/quard-start/Quard-Star/trusted_domain/FreeRTOS-Kernel/queue.c **** 
 896              		.loc 1 747 9
 749:/home/zz/quard-start/Quard-Star/trusted_domain/FreeRTOS-Kernel/queue.c ****         configASSERT( uxInitialCount <= uxMaxCount );
 897              		.loc 1 749 40
 750:/home/zz/quard-start/Quard-Star/trusted_domain/FreeRTOS-Kernel/queue.c **** 
 898              		.loc 1 750 53
 752:/home/zz/quard-start/Quard-Star/trusted_domain/FreeRTOS-Kernel/queue.c **** 
 899              		.loc 1 752 9
 752:/home/zz/quard-start/Quard-Star/trusted_domain/FreeRTOS-Kernel/queue.c **** 
 900              		.loc 1 752 19 is_stmt 0
 901 0010 13062000 		li	a2,2
 902 0014 93050000 		li	a1,0
 903              	.LVL98:
 904 0018 97000000 		call	xQueueGenericCreate
 904      E7800000 
 905              	.LVL99:
 754:/home/zz/quard-start/Quard-Star/trusted_domain/FreeRTOS-Kernel/queue.c ****         {
 906              		.loc 1 754 9 is_stmt 1
 754:/home/zz/quard-start/Quard-Star/trusted_domain/FreeRTOS-Kernel/queue.c ****         {
 907              		.loc 1 754 11 is_stmt 0
 908 0020 63040500 		beq	a0,zero,.L60
 756:/home/zz/quard-start/Quard-Star/trusted_domain/FreeRTOS-Kernel/queue.c **** 
 909              		.loc 1 756 13 is_stmt 1
 756:/home/zz/quard-start/Quard-Star/trusted_domain/FreeRTOS-Kernel/queue.c **** 
 910              		.loc 1 756 58 is_stmt 0
 911 0024 23388506 		sd	s0,112(a0)
 758:/home/zz/quard-start/Quard-Star/trusted_domain/FreeRTOS-Kernel/queue.c ****         }
 912              		.loc 1 758 45 is_stmt 1
 762:/home/zz/quard-start/Quard-Star/trusted_domain/FreeRTOS-Kernel/queue.c ****         }
 913              		.loc 1 762 52
 765:/home/zz/quard-start/Quard-Star/trusted_domain/FreeRTOS-Kernel/queue.c ****     }
 914              		.loc 1 765 9
 915              	.L60:
 766:/home/zz/quard-start/Quard-Star/trusted_domain/FreeRTOS-Kernel/queue.c **** 
 916              		.loc 1 766 5 is_stmt 0
 917 0028 83308100 		ld	ra,8(sp)
 918              		.cfi_restore 1
 919 002c 03340100 		ld	s0,0(sp)
 920              		.cfi_restore 8
 921              	.LVL100:
 922 0030 13010101 		addi	sp,sp,16
 923              	.LCFI25:
 924              		.cfi_def_cfa_offset 0
 925 0034 67800000 		jr	ra
 926              		.cfi_endproc
 927              	.LFE11:
 929              		.section	.text.xQueueGenericSend,"ax",@progbits
 930              		.align	2
 931              		.globl	xQueueGenericSend
 933              	xQueueGenericSend:
 934              	.LFB12:
 775:/home/zz/quard-start/Quard-Star/trusted_domain/FreeRTOS-Kernel/queue.c ****     BaseType_t xEntryTimeSet = pdFALSE, xYieldRequired;
 935              		.loc 1 775 1 is_stmt 1
GAS LISTING /tmp/ccjMK2NG.s 			page 64


 936              		.cfi_startproc
 937              	.LVL101:
 938 0000 130101FB 		addi	sp,sp,-80
 939              	.LCFI26:
 940              		.cfi_def_cfa_offset 80
 941 0004 23341104 		sd	ra,72(sp)
 942 0008 23308104 		sd	s0,64(sp)
 943 000c 233C9102 		sd	s1,56(sp)
 944 0010 23382103 		sd	s2,48(sp)
 945 0014 23343103 		sd	s3,40(sp)
 946              		.cfi_offset 1, -8
 947              		.cfi_offset 8, -16
 948              		.cfi_offset 9, -24
 949              		.cfi_offset 18, -32
 950              		.cfi_offset 19, -40
 951 0018 13040500 		mv	s0,a0
 952 001c 93890500 		mv	s3,a1
 953 0020 2334C100 		sd	a2,8(sp)
 954 0024 93840600 		mv	s1,a3
 776:/home/zz/quard-start/Quard-Star/trusted_domain/FreeRTOS-Kernel/queue.c ****     TimeOut_t xTimeOut;
 955              		.loc 1 776 5
 956              	.LVL102:
 777:/home/zz/quard-start/Quard-Star/trusted_domain/FreeRTOS-Kernel/queue.c ****     Queue_t * const pxQueue = xQueue;
 957              		.loc 1 777 5
 778:/home/zz/quard-start/Quard-Star/trusted_domain/FreeRTOS-Kernel/queue.c **** 
 958              		.loc 1 778 5
 776:/home/zz/quard-start/Quard-Star/trusted_domain/FreeRTOS-Kernel/queue.c ****     TimeOut_t xTimeOut;
 959              		.loc 1 776 16 is_stmt 0
 960 0028 13090000 		li	s2,0
 961 002c 6F00400C 		j	.L64
 962              	.LVL103:
 963              	.L65:
 802:/home/zz/quard-start/Quard-Star/trusted_domain/FreeRTOS-Kernel/queue.c **** 
 964              		.loc 1 802 43 is_stmt 1
 866:/home/zz/quard-start/Quard-Star/trusted_domain/FreeRTOS-Kernel/queue.c **** 
 965              		.loc 1 866 25
 866:/home/zz/quard-start/Quard-Star/trusted_domain/FreeRTOS-Kernel/queue.c **** 
 966              		.loc 1 866 42 is_stmt 0
 967 0030 13860400 		mv	a2,s1
 968 0034 93850900 		mv	a1,s3
 969 0038 13050400 		mv	a0,s0
 970 003c 97000000 		call	prvCopyDataToQueue
 970      E7800000 
 971              	.LVL104:
 871:/home/zz/quard-start/Quard-Star/trusted_domain/FreeRTOS-Kernel/queue.c ****                         {
 972              		.loc 1 871 25 is_stmt 1
 871:/home/zz/quard-start/Quard-Star/trusted_domain/FreeRTOS-Kernel/queue.c ****                         {
 973              		.loc 1 871 29 is_stmt 0
 974 0044 83378404 		ld	a5,72(s0)
 871:/home/zz/quard-start/Quard-Star/trusted_domain/FreeRTOS-Kernel/queue.c ****                         {
 975              		.loc 1 871 27
 976 0048 63980702 		bne	a5,zero,.L78
 888:/home/zz/quard-start/Quard-Star/trusted_domain/FreeRTOS-Kernel/queue.c ****                         {
 977              		.loc 1 888 30 is_stmt 1
 888:/home/zz/quard-start/Quard-Star/trusted_domain/FreeRTOS-Kernel/queue.c ****                         {
 978              		.loc 1 888 32 is_stmt 0
 979 004c 63160504 		bne	a0,zero,.L79
GAS LISTING /tmp/ccjMK2NG.s 			page 65


 980              	.LVL105:
 981              	.L68:
 898:/home/zz/quard-start/Quard-Star/trusted_domain/FreeRTOS-Kernel/queue.c ****                         }
 982              		.loc 1 898 53 is_stmt 1
 903:/home/zz/quard-start/Quard-Star/trusted_domain/FreeRTOS-Kernel/queue.c ****                 return pdPASS;
 983              		.loc 1 903 17
 984 0050 97000000 		call	vTaskExitCritical
 984      E7800000 
 985              	.LVL106:
 904:/home/zz/quard-start/Quard-Star/trusted_domain/FreeRTOS-Kernel/queue.c ****             }
 986              		.loc 1 904 17
 904:/home/zz/quard-start/Quard-Star/trusted_domain/FreeRTOS-Kernel/queue.c ****             }
 987              		.loc 1 904 24 is_stmt 0
 988 0058 13051000 		li	a0,1
 989              	.LVL107:
 990              	.L63:
 983:/home/zz/quard-start/Quard-Star/trusted_domain/FreeRTOS-Kernel/queue.c **** /*-----------------------------------------------------------*/
 991              		.loc 1 983 1
 992 005c 83308104 		ld	ra,72(sp)
 993              		.cfi_remember_state
 994              		.cfi_restore 1
 995 0060 03340104 		ld	s0,64(sp)
 996              		.cfi_restore 8
 997              	.LVL108:
 998 0064 83348103 		ld	s1,56(sp)
 999              		.cfi_restore 9
 1000              	.LVL109:
 1001 0068 03390103 		ld	s2,48(sp)
 1002              		.cfi_restore 18
 1003              	.LVL110:
 1004 006c 83398102 		ld	s3,40(sp)
 1005              		.cfi_restore 19
 1006              	.LVL111:
 1007 0070 13010105 		addi	sp,sp,80
 1008              	.LCFI27:
 1009              		.cfi_def_cfa_offset 0
 1010 0074 67800000 		jr	ra
 1011              	.LVL112:
 1012              	.L78:
 1013              	.LCFI28:
 1014              		.cfi_restore_state
 874:/home/zz/quard-start/Quard-Star/trusted_domain/FreeRTOS-Kernel/queue.c ****                             {
 1015              		.loc 1 874 29 is_stmt 1
 874:/home/zz/quard-start/Quard-Star/trusted_domain/FreeRTOS-Kernel/queue.c ****                             {
 1016              		.loc 1 874 33 is_stmt 0
 1017 0078 13058404 		addi	a0,s0,72
 1018              	.LVL113:
 1019 007c 97000000 		call	xTaskRemoveFromEventList
 1019      E7800000 
 1020              	.LVL114:
 874:/home/zz/quard-start/Quard-Star/trusted_domain/FreeRTOS-Kernel/queue.c ****                             {
 1021              		.loc 1 874 31
 1022 0084 E30605FC 		beq	a0,zero,.L68
 881:/home/zz/quard-start/Quard-Star/trusted_domain/FreeRTOS-Kernel/queue.c ****                             }
 1023              		.loc 1 881 33 is_stmt 1
 1024 0088 13050008 		li	a0,128
 1025 008c 97000000 		call	sbi_send_ipi
GAS LISTING /tmp/ccjMK2NG.s 			page 66


 1025      E7800000 
 1026              	.LVL115:
 1027 0094 6FF0DFFB 		j	.L68
 1028              	.LVL116:
 1029              	.L79:
 894:/home/zz/quard-start/Quard-Star/trusted_domain/FreeRTOS-Kernel/queue.c ****                         }
 1030              		.loc 1 894 29
 1031 0098 13050008 		li	a0,128
 1032              	.LVL117:
 1033 009c 97000000 		call	sbi_send_ipi
 1033      E7800000 
 1034              	.LVL118:
 1035 00a4 6FF0DFFA 		j	.L68
 1036              	.LVL119:
 1037              	.L80:
 912:/home/zz/quard-start/Quard-Star/trusted_domain/FreeRTOS-Kernel/queue.c **** 
 1038              		.loc 1 912 21
 1039 00a8 97000000 		call	vTaskExitCritical
 1039      E7800000 
 1040              	.LVL120:
 916:/home/zz/quard-start/Quard-Star/trusted_domain/FreeRTOS-Kernel/queue.c ****                     return errQUEUE_FULL;
 1041              		.loc 1 916 54
 917:/home/zz/quard-start/Quard-Star/trusted_domain/FreeRTOS-Kernel/queue.c ****                 }
 1042              		.loc 1 917 21
 917:/home/zz/quard-start/Quard-Star/trusted_domain/FreeRTOS-Kernel/queue.c ****                 }
 1043              		.loc 1 917 28 is_stmt 0
 1044 00b0 13050000 		li	a0,0
 1045 00b4 6FF09FFA 		j	.L63
 1046              	.L81:
 923:/home/zz/quard-start/Quard-Star/trusted_domain/FreeRTOS-Kernel/queue.c ****                     xEntryTimeSet = pdTRUE;
 1047              		.loc 1 923 21 is_stmt 1
 1048 00b8 13050101 		addi	a0,sp,16
 1049 00bc 97000000 		call	vTaskInternalSetTimeOutState
 1049      E7800000 
 1050              	.LVL121:
 924:/home/zz/quard-start/Quard-Star/trusted_domain/FreeRTOS-Kernel/queue.c ****                 }
 1051              		.loc 1 924 21
 924:/home/zz/quard-start/Quard-Star/trusted_domain/FreeRTOS-Kernel/queue.c ****                 }
 1052              		.loc 1 924 35 is_stmt 0
 1053 00c4 13091000 		li	s2,1
 1054 00c8 6F000005 		j	.L71
 1055              	.LVL122:
 1056              	.L82:
 939:/home/zz/quard-start/Quard-Star/trusted_domain/FreeRTOS-Kernel/queue.c **** 
 1057              		.loc 1 939 9 is_stmt 1 discriminator 1
 1058 00cc 23040408 		sb	zero,136(s0)
 1059 00d0 6F004007 		j	.L72
 1060              	.L83:
 939:/home/zz/quard-start/Quard-Star/trusted_domain/FreeRTOS-Kernel/queue.c **** 
 1061              		.loc 1 939 9 discriminator 4
 1062 00d4 A3040408 		sb	zero,137(s0)
 1063 00d8 6F000008 		j	.L73
 1064              	.L75:
 969:/home/zz/quard-start/Quard-Star/trusted_domain/FreeRTOS-Kernel/queue.c ****                 ( void ) xTaskResumeAll();
 1065              		.loc 1 969 17
 1066 00dc 13050400 		mv	a0,s0
 1067 00e0 97000000 		call	prvUnlockQueue
GAS LISTING /tmp/ccjMK2NG.s 			page 67


 1067      E7800000 
 1068              	.LVL123:
 970:/home/zz/quard-start/Quard-Star/trusted_domain/FreeRTOS-Kernel/queue.c ****             }
 1069              		.loc 1 970 17
 970:/home/zz/quard-start/Quard-Star/trusted_domain/FreeRTOS-Kernel/queue.c ****             }
 1070              		.loc 1 970 26 is_stmt 0
 1071 00e8 97000000 		call	xTaskResumeAll
 1071      E7800000 
 1072              	.LVL124:
 1073              	.L64:
 780:/home/zz/quard-start/Quard-Star/trusted_domain/FreeRTOS-Kernel/queue.c ****     configASSERT( !( ( pvItemToQueue == NULL ) && ( pxQueue->uxItemSize != ( UBaseType_t ) 0U ) ) )
 1074              		.loc 1 780 28 is_stmt 1
 781:/home/zz/quard-start/Quard-Star/trusted_domain/FreeRTOS-Kernel/queue.c ****     configASSERT( !( ( xCopyPosition == queueOVERWRITE ) && ( pxQueue->uxLength != 1 ) ) );
 1075              		.loc 1 781 100
 782:/home/zz/quard-start/Quard-Star/trusted_domain/FreeRTOS-Kernel/queue.c ****     #if ( ( INCLUDE_xTaskGetSchedulerState == 1 ) || ( configUSE_TIMERS == 1 ) )
 1076              		.loc 1 782 91
 785:/home/zz/quard-start/Quard-Star/trusted_domain/FreeRTOS-Kernel/queue.c ****         }
 1077              		.loc 1 785 114
 792:/home/zz/quard-start/Quard-Star/trusted_domain/FreeRTOS-Kernel/queue.c ****     {
 1078              		.loc 1 792 5
 794:/home/zz/quard-start/Quard-Star/trusted_domain/FreeRTOS-Kernel/queue.c ****         {
 1079              		.loc 1 794 9
 1080 00f0 97000000 		call	vTaskEnterCritical
 1080      E7800000 
 1081              	.LVL125:
 800:/home/zz/quard-start/Quard-Star/trusted_domain/FreeRTOS-Kernel/queue.c ****             {
 1082              		.loc 1 800 13
 800:/home/zz/quard-start/Quard-Star/trusted_domain/FreeRTOS-Kernel/queue.c ****             {
 1083              		.loc 1 800 26 is_stmt 0
 1084 00f8 03370407 		ld	a4,112(s0)
 800:/home/zz/quard-start/Quard-Star/trusted_domain/FreeRTOS-Kernel/queue.c ****             {
 1085              		.loc 1 800 55
 1086 00fc 83378407 		ld	a5,120(s0)
 800:/home/zz/quard-start/Quard-Star/trusted_domain/FreeRTOS-Kernel/queue.c ****             {
 1087              		.loc 1 800 15
 1088 0100 E368F7F2 		bltu	a4,a5,.L65
 800:/home/zz/quard-start/Quard-Star/trusted_domain/FreeRTOS-Kernel/queue.c ****             {
 1089              		.loc 1 800 68 discriminator 1
 1090 0104 93072000 		li	a5,2
 1091 0108 E384F4F2 		beq	s1,a5,.L65
 908:/home/zz/quard-start/Quard-Star/trusted_domain/FreeRTOS-Kernel/queue.c ****                 {
 1092              		.loc 1 908 17 is_stmt 1
 908:/home/zz/quard-start/Quard-Star/trusted_domain/FreeRTOS-Kernel/queue.c ****                 {
 1093              		.loc 1 908 34 is_stmt 0
 1094 010c 83378100 		ld	a5,8(sp)
 908:/home/zz/quard-start/Quard-Star/trusted_domain/FreeRTOS-Kernel/queue.c ****                 {
 1095              		.loc 1 908 19
 1096 0110 E38C07F8 		beq	a5,zero,.L80
 919:/home/zz/quard-start/Quard-Star/trusted_domain/FreeRTOS-Kernel/queue.c ****                 {
 1097              		.loc 1 919 22 is_stmt 1
 919:/home/zz/quard-start/Quard-Star/trusted_domain/FreeRTOS-Kernel/queue.c ****                 {
 1098              		.loc 1 919 24 is_stmt 0
 1099 0114 E30209FA 		beq	s2,zero,.L81
 1100              	.LVL126:
 1101              	.L71:
 929:/home/zz/quard-start/Quard-Star/trusted_domain/FreeRTOS-Kernel/queue.c ****                 }
 1102              		.loc 1 929 45 is_stmt 1
GAS LISTING /tmp/ccjMK2NG.s 			page 68


 933:/home/zz/quard-start/Quard-Star/trusted_domain/FreeRTOS-Kernel/queue.c **** 
 1103              		.loc 1 933 9
 1104 0118 97000000 		call	vTaskExitCritical
 1104      E7800000 
 1105              	.LVL127:
 938:/home/zz/quard-start/Quard-Star/trusted_domain/FreeRTOS-Kernel/queue.c ****         prvLockQueue( pxQueue );
 1106              		.loc 1 938 9
 1107 0120 97000000 		call	vTaskSuspendAll
 1107      E7800000 
 1108              	.LVL128:
 939:/home/zz/quard-start/Quard-Star/trusted_domain/FreeRTOS-Kernel/queue.c **** 
 1109              		.loc 1 939 9
 1110 0128 97000000 		call	vTaskEnterCritical
 1110      E7800000 
 1111              	.LVL129:
 939:/home/zz/quard-start/Quard-Star/trusted_domain/FreeRTOS-Kernel/queue.c **** 
 1112              		.loc 1 939 9
 1113 0130 83478408 		lbu	a5,136(s0)
 1114 0134 9B978701 		slliw	a5,a5,24
 1115 0138 9BD78741 		sraiw	a5,a5,24
 1116 013c 1307F0FF 		li	a4,-1
 1117 0140 E386E7F8 		beq	a5,a4,.L82
 1118              	.L72:
 939:/home/zz/quard-start/Quard-Star/trusted_domain/FreeRTOS-Kernel/queue.c **** 
 1119              		.loc 1 939 9 discriminator 3
 1120 0144 83479408 		lbu	a5,137(s0)
 1121 0148 9B978701 		slliw	a5,a5,24
 1122 014c 9BD78741 		sraiw	a5,a5,24
 1123 0150 1307F0FF 		li	a4,-1
 1124 0154 E380E7F8 		beq	a5,a4,.L83
 1125              	.L73:
 939:/home/zz/quard-start/Quard-Star/trusted_domain/FreeRTOS-Kernel/queue.c **** 
 1126              		.loc 1 939 9 discriminator 6
 1127 0158 97000000 		call	vTaskExitCritical
 1127      E7800000 
 1128              	.LVL130:
 942:/home/zz/quard-start/Quard-Star/trusted_domain/FreeRTOS-Kernel/queue.c ****         {
 1129              		.loc 1 942 9 discriminator 6
 942:/home/zz/quard-start/Quard-Star/trusted_domain/FreeRTOS-Kernel/queue.c ****         {
 1130              		.loc 1 942 13 is_stmt 0 discriminator 6
 1131 0160 93058100 		addi	a1,sp,8
 1132 0164 13050101 		addi	a0,sp,16
 1133 0168 97000000 		call	xTaskCheckForTimeOut
 1133      E7800000 
 1134              	.LVL131:
 942:/home/zz/quard-start/Quard-Star/trusted_domain/FreeRTOS-Kernel/queue.c ****         {
 1135              		.loc 1 942 11 discriminator 6
 1136 0170 63160504 		bne	a0,zero,.L74
 944:/home/zz/quard-start/Quard-Star/trusted_domain/FreeRTOS-Kernel/queue.c ****             {
 1137              		.loc 1 944 13 is_stmt 1
 944:/home/zz/quard-start/Quard-Star/trusted_domain/FreeRTOS-Kernel/queue.c ****             {
 1138              		.loc 1 944 17 is_stmt 0
 1139 0174 13050400 		mv	a0,s0
 1140 0178 97000000 		call	prvIsQueueFull
 1140      E7800000 
 1141              	.LVL132:
 944:/home/zz/quard-start/Quard-Star/trusted_domain/FreeRTOS-Kernel/queue.c ****             {
GAS LISTING /tmp/ccjMK2NG.s 			page 69


 1142              		.loc 1 944 15
 1143 0180 E30E05F4 		beq	a0,zero,.L75
 946:/home/zz/quard-start/Quard-Star/trusted_domain/FreeRTOS-Kernel/queue.c ****                 vTaskPlaceOnEventList( &( pxQueue->xTasksWaitingToSend ), xTicksToWait );
 1144              		.loc 1 946 55 is_stmt 1
 947:/home/zz/quard-start/Quard-Star/trusted_domain/FreeRTOS-Kernel/queue.c **** 
 1145              		.loc 1 947 17
 1146 0184 83358100 		ld	a1,8(sp)
 1147 0188 13050402 		addi	a0,s0,32
 1148 018c 97000000 		call	vTaskPlaceOnEventList
 1148      E7800000 
 1149              	.LVL133:
 954:/home/zz/quard-start/Quard-Star/trusted_domain/FreeRTOS-Kernel/queue.c **** 
 1150              		.loc 1 954 17
 1151 0194 13050400 		mv	a0,s0
 1152 0198 97000000 		call	prvUnlockQueue
 1152      E7800000 
 1153              	.LVL134:
 961:/home/zz/quard-start/Quard-Star/trusted_domain/FreeRTOS-Kernel/queue.c ****                 {
 1154              		.loc 1 961 17
 961:/home/zz/quard-start/Quard-Star/trusted_domain/FreeRTOS-Kernel/queue.c ****                 {
 1155              		.loc 1 961 21 is_stmt 0
 1156 01a0 97000000 		call	xTaskResumeAll
 1156      E7800000 
 1157              	.LVL135:
 961:/home/zz/quard-start/Quard-Star/trusted_domain/FreeRTOS-Kernel/queue.c ****                 {
 1158              		.loc 1 961 19
 1159 01a8 E31405F4 		bne	a0,zero,.L64
 963:/home/zz/quard-start/Quard-Star/trusted_domain/FreeRTOS-Kernel/queue.c ****                 }
 1160              		.loc 1 963 21 is_stmt 1
 1161 01ac 13050008 		li	a0,128
 1162 01b0 97000000 		call	sbi_send_ipi
 1162      E7800000 
 1163              	.LVL136:
 1164 01b8 6FF09FF3 		j	.L64
 1165              	.L74:
 976:/home/zz/quard-start/Quard-Star/trusted_domain/FreeRTOS-Kernel/queue.c ****             ( void ) xTaskResumeAll();
 1166              		.loc 1 976 13
 1167 01bc 13050400 		mv	a0,s0
 1168 01c0 97000000 		call	prvUnlockQueue
 1168      E7800000 
 1169              	.LVL137:
 977:/home/zz/quard-start/Quard-Star/trusted_domain/FreeRTOS-Kernel/queue.c **** 
 1170              		.loc 1 977 13
 977:/home/zz/quard-start/Quard-Star/trusted_domain/FreeRTOS-Kernel/queue.c **** 
 1171              		.loc 1 977 22 is_stmt 0
 1172 01c8 97000000 		call	xTaskResumeAll
 1172      E7800000 
 1173              	.LVL138:
 979:/home/zz/quard-start/Quard-Star/trusted_domain/FreeRTOS-Kernel/queue.c ****             return errQUEUE_FULL;
 1174              		.loc 1 979 46 is_stmt 1
 980:/home/zz/quard-start/Quard-Star/trusted_domain/FreeRTOS-Kernel/queue.c ****         }
 1175              		.loc 1 980 13
 980:/home/zz/quard-start/Quard-Star/trusted_domain/FreeRTOS-Kernel/queue.c ****         }
 1176              		.loc 1 980 20 is_stmt 0
 1177 01d0 13050000 		li	a0,0
 1178 01d4 6FF09FE8 		j	.L63
 1179              		.cfi_endproc
GAS LISTING /tmp/ccjMK2NG.s 			page 70


 1180              	.LFE12:
 1182              		.section	.text.prvInitialiseMutex,"ax",@progbits
 1183              		.align	2
 1185              	prvInitialiseMutex:
 1186              	.LFB5:
 493:/home/zz/quard-start/Quard-Star/trusted_domain/FreeRTOS-Kernel/queue.c ****         if( pxNewQueue != NULL )
 1187              		.loc 1 493 5 is_stmt 1
 1188              		.cfi_startproc
 1189              	.LVL139:
 494:/home/zz/quard-start/Quard-Star/trusted_domain/FreeRTOS-Kernel/queue.c ****         {
 1190              		.loc 1 494 9
 494:/home/zz/quard-start/Quard-Star/trusted_domain/FreeRTOS-Kernel/queue.c ****         {
 1191              		.loc 1 494 11 is_stmt 0
 1192 0000 630C0502 		beq	a0,zero,.L87
 493:/home/zz/quard-start/Quard-Star/trusted_domain/FreeRTOS-Kernel/queue.c ****         if( pxNewQueue != NULL )
 1193              		.loc 1 493 5
 1194 0004 130101FF 		addi	sp,sp,-16
 1195              	.LCFI29:
 1196              		.cfi_def_cfa_offset 16
 1197 0008 23341100 		sd	ra,8(sp)
 1198              		.cfi_offset 1, -8
 500:/home/zz/quard-start/Quard-Star/trusted_domain/FreeRTOS-Kernel/queue.c ****             pxNewQueue->uxQueueType = queueQUEUE_IS_MUTEX;
 1199              		.loc 1 500 13 is_stmt 1
 500:/home/zz/quard-start/Quard-Star/trusted_domain/FreeRTOS-Kernel/queue.c ****             pxNewQueue->uxQueueType = queueQUEUE_IS_MUTEX;
 1200              		.loc 1 500 51 is_stmt 0
 1201 000c 23380500 		sd	zero,16(a0)
 501:/home/zz/quard-start/Quard-Star/trusted_domain/FreeRTOS-Kernel/queue.c **** 
 1202              		.loc 1 501 13 is_stmt 1
 501:/home/zz/quard-start/Quard-Star/trusted_domain/FreeRTOS-Kernel/queue.c **** 
 1203              		.loc 1 501 37 is_stmt 0
 1204 0010 23300500 		sd	zero,0(a0)
 504:/home/zz/quard-start/Quard-Star/trusted_domain/FreeRTOS-Kernel/queue.c **** 
 1205              		.loc 1 504 13 is_stmt 1
 504:/home/zz/quard-start/Quard-Star/trusted_domain/FreeRTOS-Kernel/queue.c **** 
 1206              		.loc 1 504 59 is_stmt 0
 1207 0014 233C0500 		sd	zero,24(a0)
 506:/home/zz/quard-start/Quard-Star/trusted_domain/FreeRTOS-Kernel/queue.c **** 
 1208              		.loc 1 506 44 is_stmt 1
 509:/home/zz/quard-start/Quard-Star/trusted_domain/FreeRTOS-Kernel/queue.c ****         }
 1209              		.loc 1 509 13
 509:/home/zz/quard-start/Quard-Star/trusted_domain/FreeRTOS-Kernel/queue.c ****         }
 1210              		.loc 1 509 22 is_stmt 0
 1211 0018 93060000 		li	a3,0
 1212 001c 13060000 		li	a2,0
 1213 0020 93050000 		li	a1,0
 1214 0024 97000000 		call	xQueueGenericSend
 1214      E7800000 
 1215              	.LVL140:
 513:/home/zz/quard-start/Quard-Star/trusted_domain/FreeRTOS-Kernel/queue.c ****         }
 1216              		.loc 1 513 39 is_stmt 1
 515:/home/zz/quard-start/Quard-Star/trusted_domain/FreeRTOS-Kernel/queue.c **** 
 1217              		.loc 1 515 5 is_stmt 0
 1218 002c 83308100 		ld	ra,8(sp)
 1219              		.cfi_restore 1
 1220 0030 13010101 		addi	sp,sp,16
 1221              	.LCFI30:
 1222              		.cfi_def_cfa_offset 0
GAS LISTING /tmp/ccjMK2NG.s 			page 71


 1223 0034 67800000 		jr	ra
 1224              	.LVL141:
 1225              	.L87:
 1226 0038 67800000 		ret
 1227              		.cfi_endproc
 1228              	.LFE5:
 1230              		.section	.text.xQueueCreateMutex,"ax",@progbits
 1231              		.align	2
 1232              		.globl	xQueueCreateMutex
 1234              	xQueueCreateMutex:
 1235              	.LFB6:
 523:/home/zz/quard-start/Quard-Star/trusted_domain/FreeRTOS-Kernel/queue.c ****         QueueHandle_t xNewQueue;
 1236              		.loc 1 523 5 is_stmt 1
 1237              		.cfi_startproc
 1238              	.LVL142:
 1239 0000 130101FF 		addi	sp,sp,-16
 1240              	.LCFI31:
 1241              		.cfi_def_cfa_offset 16
 1242 0004 23341100 		sd	ra,8(sp)
 1243 0008 23308100 		sd	s0,0(sp)
 1244              		.cfi_offset 1, -8
 1245              		.cfi_offset 8, -16
 1246 000c 13060500 		mv	a2,a0
 524:/home/zz/quard-start/Quard-Star/trusted_domain/FreeRTOS-Kernel/queue.c ****         const UBaseType_t uxMutexLength = ( UBaseType_t ) 1, uxMutexSize = ( UBaseType_t ) 0;
 1247              		.loc 1 524 9
 525:/home/zz/quard-start/Quard-Star/trusted_domain/FreeRTOS-Kernel/queue.c **** 
 1248              		.loc 1 525 9
 1249              	.LVL143:
 527:/home/zz/quard-start/Quard-Star/trusted_domain/FreeRTOS-Kernel/queue.c ****         prvInitialiseMutex( ( Queue_t * ) xNewQueue );
 1250              		.loc 1 527 9
 527:/home/zz/quard-start/Quard-Star/trusted_domain/FreeRTOS-Kernel/queue.c ****         prvInitialiseMutex( ( Queue_t * ) xNewQueue );
 1251              		.loc 1 527 21 is_stmt 0
 1252 0010 93050000 		li	a1,0
 1253 0014 13051000 		li	a0,1
 1254              	.LVL144:
 1255 0018 97000000 		call	xQueueGenericCreate
 1255      E7800000 
 1256              	.LVL145:
 1257 0020 13040500 		mv	s0,a0
 1258              	.LVL146:
 528:/home/zz/quard-start/Quard-Star/trusted_domain/FreeRTOS-Kernel/queue.c **** 
 1259              		.loc 1 528 9 is_stmt 1
 1260 0024 97000000 		call	prvInitialiseMutex
 1260      E7800000 
 1261              	.LVL147:
 530:/home/zz/quard-start/Quard-Star/trusted_domain/FreeRTOS-Kernel/queue.c ****     }
 1262              		.loc 1 530 9
 531:/home/zz/quard-start/Quard-Star/trusted_domain/FreeRTOS-Kernel/queue.c **** 
 1263              		.loc 1 531 5 is_stmt 0
 1264 002c 13050400 		mv	a0,s0
 1265 0030 83308100 		ld	ra,8(sp)
 1266              		.cfi_restore 1
 1267 0034 03340100 		ld	s0,0(sp)
 1268              		.cfi_restore 8
 1269              	.LVL148:
 1270 0038 13010101 		addi	sp,sp,16
 1271              	.LCFI32:
GAS LISTING /tmp/ccjMK2NG.s 			page 72


 1272              		.cfi_def_cfa_offset 0
 1273 003c 67800000 		jr	ra
 1274              		.cfi_endproc
 1275              	.LFE6:
 1277              		.section	.text.xQueueGiveMutexRecursive,"ax",@progbits
 1278              		.align	2
 1279              		.globl	xQueueGiveMutexRecursive
 1281              	xQueueGiveMutexRecursive:
 1282              	.LFB9:
 617:/home/zz/quard-start/Quard-Star/trusted_domain/FreeRTOS-Kernel/queue.c ****         BaseType_t xReturn;
 1283              		.loc 1 617 5 is_stmt 1
 1284              		.cfi_startproc
 1285              	.LVL149:
 1286 0000 130101FE 		addi	sp,sp,-32
 1287              	.LCFI33:
 1288              		.cfi_def_cfa_offset 32
 1289 0004 233C1100 		sd	ra,24(sp)
 1290 0008 23388100 		sd	s0,16(sp)
 1291 000c 23349100 		sd	s1,8(sp)
 1292              		.cfi_offset 1, -8
 1293              		.cfi_offset 8, -16
 1294              		.cfi_offset 9, -24
 1295 0010 13040500 		mv	s0,a0
 618:/home/zz/quard-start/Quard-Star/trusted_domain/FreeRTOS-Kernel/queue.c ****         Queue_t * const pxMutex = ( Queue_t * ) xMutex;
 1296              		.loc 1 618 9
 619:/home/zz/quard-start/Quard-Star/trusted_domain/FreeRTOS-Kernel/queue.c **** 
 1297              		.loc 1 619 9
 1298              	.LVL150:
 621:/home/zz/quard-start/Quard-Star/trusted_domain/FreeRTOS-Kernel/queue.c **** 
 1299              		.loc 1 621 32
 629:/home/zz/quard-start/Quard-Star/trusted_domain/FreeRTOS-Kernel/queue.c ****         {
 1300              		.loc 1 629 9
 629:/home/zz/quard-start/Quard-Star/trusted_domain/FreeRTOS-Kernel/queue.c ****         {
 1301              		.loc 1 629 34 is_stmt 0
 1302 0014 83340501 		ld	s1,16(a0)
 629:/home/zz/quard-start/Quard-Star/trusted_domain/FreeRTOS-Kernel/queue.c ****         {
 1303              		.loc 1 629 51
 1304 0018 97000000 		call	xTaskGetCurrentTaskHandle
 1304      E7800000 
 1305              	.LVL151:
 629:/home/zz/quard-start/Quard-Star/trusted_domain/FreeRTOS-Kernel/queue.c ****         {
 1306              		.loc 1 629 11
 1307 0020 638EA400 		beq	s1,a0,.L97
 658:/home/zz/quard-start/Quard-Star/trusted_domain/FreeRTOS-Kernel/queue.c **** 
 1308              		.loc 1 658 21
 1309 0024 13050000 		li	a0,0
 1310              	.L92:
 664:/home/zz/quard-start/Quard-Star/trusted_domain/FreeRTOS-Kernel/queue.c **** 
 1311              		.loc 1 664 5
 1312 0028 83308101 		ld	ra,24(sp)
 1313              		.cfi_remember_state
 1314              		.cfi_restore 1
 1315 002c 03340101 		ld	s0,16(sp)
 1316              		.cfi_restore 8
 1317              	.LVL152:
 1318 0030 83348100 		ld	s1,8(sp)
 1319              		.cfi_restore 9
GAS LISTING /tmp/ccjMK2NG.s 			page 73


 1320 0034 13010102 		addi	sp,sp,32
 1321              	.LCFI34:
 1322              		.cfi_def_cfa_offset 0
 1323 0038 67800000 		jr	ra
 1324              	.LVL153:
 1325              	.L97:
 1326              	.LCFI35:
 1327              		.cfi_restore_state
 631:/home/zz/quard-start/Quard-Star/trusted_domain/FreeRTOS-Kernel/queue.c **** 
 1328              		.loc 1 631 49 is_stmt 1
 638:/home/zz/quard-start/Quard-Star/trusted_domain/FreeRTOS-Kernel/queue.c **** 
 1329              		.loc 1 638 13
 638:/home/zz/quard-start/Quard-Star/trusted_domain/FreeRTOS-Kernel/queue.c **** 
 1330              		.loc 1 638 36 is_stmt 0
 1331 003c 83378401 		ld	a5,24(s0)
 638:/home/zz/quard-start/Quard-Star/trusted_domain/FreeRTOS-Kernel/queue.c **** 
 1332              		.loc 1 638 59
 1333 0040 9387F7FF 		addi	a5,a5,-1
 1334 0044 233CF400 		sd	a5,24(s0)
 641:/home/zz/quard-start/Quard-Star/trusted_domain/FreeRTOS-Kernel/queue.c ****             {
 1335              		.loc 1 641 13 is_stmt 1
 641:/home/zz/quard-start/Quard-Star/trusted_domain/FreeRTOS-Kernel/queue.c ****             {
 1336              		.loc 1 641 15 is_stmt 0
 1337 0048 63860700 		beq	a5,zero,.L98
 652:/home/zz/quard-start/Quard-Star/trusted_domain/FreeRTOS-Kernel/queue.c ****         }
 1338              		.loc 1 652 21
 1339 004c 13051000 		li	a0,1
 1340              	.LVL154:
 660:/home/zz/quard-start/Quard-Star/trusted_domain/FreeRTOS-Kernel/queue.c ****         }
 1341              		.loc 1 660 56 is_stmt 1
 663:/home/zz/quard-start/Quard-Star/trusted_domain/FreeRTOS-Kernel/queue.c ****     }
 1342              		.loc 1 663 9
 663:/home/zz/quard-start/Quard-Star/trusted_domain/FreeRTOS-Kernel/queue.c ****     }
 1343              		.loc 1 663 16 is_stmt 0
 1344 0050 6FF09FFD 		j	.L92
 1345              	.LVL155:
 1346              	.L98:
 645:/home/zz/quard-start/Quard-Star/trusted_domain/FreeRTOS-Kernel/queue.c ****             }
 1347              		.loc 1 645 17 is_stmt 1
 645:/home/zz/quard-start/Quard-Star/trusted_domain/FreeRTOS-Kernel/queue.c ****             }
 1348              		.loc 1 645 26 is_stmt 0
 1349 0054 93060000 		li	a3,0
 1350 0058 13060000 		li	a2,0
 1351 005c 93050000 		li	a1,0
 1352 0060 13050400 		mv	a0,s0
 1353 0064 97000000 		call	xQueueGenericSend
 1353      E7800000 
 1354              	.LVL156:
 652:/home/zz/quard-start/Quard-Star/trusted_domain/FreeRTOS-Kernel/queue.c ****         }
 1355              		.loc 1 652 21
 1356 006c 13051000 		li	a0,1
 1357 0070 6FF09FFB 		j	.L92
 1358              		.cfi_endproc
 1359              	.LFE9:
 1361              		.section	.text.xQueueGenericSendFromISR,"ax",@progbits
 1362              		.align	2
 1363              		.globl	xQueueGenericSendFromISR
GAS LISTING /tmp/ccjMK2NG.s 			page 74


 1365              	xQueueGenericSendFromISR:
 1366              	.LFB13:
 990:/home/zz/quard-start/Quard-Star/trusted_domain/FreeRTOS-Kernel/queue.c ****     BaseType_t xReturn;
 1367              		.loc 1 990 1 is_stmt 1
 1368              		.cfi_startproc
 1369              	.LVL157:
 1370 0000 130101FE 		addi	sp,sp,-32
 1371              	.LCFI36:
 1372              		.cfi_def_cfa_offset 32
 1373 0004 233C1100 		sd	ra,24(sp)
 1374 0008 23388100 		sd	s0,16(sp)
 1375 000c 23349100 		sd	s1,8(sp)
 1376 0010 23302101 		sd	s2,0(sp)
 1377              		.cfi_offset 1, -8
 1378              		.cfi_offset 8, -16
 1379              		.cfi_offset 9, -24
 1380              		.cfi_offset 18, -32
 1381 0014 13040500 		mv	s0,a0
 1382 0018 13090600 		mv	s2,a2
 1383 001c 13860600 		mv	a2,a3
 1384              	.LVL158:
 991:/home/zz/quard-start/Quard-Star/trusted_domain/FreeRTOS-Kernel/queue.c ****     UBaseType_t uxSavedInterruptStatus;
 1385              		.loc 1 991 5
 992:/home/zz/quard-start/Quard-Star/trusted_domain/FreeRTOS-Kernel/queue.c ****     Queue_t * const pxQueue = xQueue;
 1386              		.loc 1 992 5
 993:/home/zz/quard-start/Quard-Star/trusted_domain/FreeRTOS-Kernel/queue.c **** 
 1387              		.loc 1 993 5
 995:/home/zz/quard-start/Quard-Star/trusted_domain/FreeRTOS-Kernel/queue.c ****     configASSERT( !( ( pvItemToQueue == NULL ) && ( pxQueue->uxItemSize != ( UBaseType_t ) 0U ) ) )
 1388              		.loc 1 995 28
 996:/home/zz/quard-start/Quard-Star/trusted_domain/FreeRTOS-Kernel/queue.c ****     configASSERT( !( ( xCopyPosition == queueOVERWRITE ) && ( pxQueue->uxLength != 1 ) ) );
 1389              		.loc 1 996 100
 997:/home/zz/quard-start/Quard-Star/trusted_domain/FreeRTOS-Kernel/queue.c **** 
 1390              		.loc 1 997 91
1013:/home/zz/quard-start/Quard-Star/trusted_domain/FreeRTOS-Kernel/queue.c **** 
 1391              		.loc 1 1013 47
1020:/home/zz/quard-start/Quard-Star/trusted_domain/FreeRTOS-Kernel/queue.c ****     {
 1392              		.loc 1 1020 5
1022:/home/zz/quard-start/Quard-Star/trusted_domain/FreeRTOS-Kernel/queue.c ****         {
 1393              		.loc 1 1022 9
1022:/home/zz/quard-start/Quard-Star/trusted_domain/FreeRTOS-Kernel/queue.c ****         {
 1394              		.loc 1 1022 22 is_stmt 0
 1395 0020 03370507 		ld	a4,112(a0)
1022:/home/zz/quard-start/Quard-Star/trusted_domain/FreeRTOS-Kernel/queue.c ****         {
 1396              		.loc 1 1022 51
 1397 0024 83378507 		ld	a5,120(a0)
1022:/home/zz/quard-start/Quard-Star/trusted_domain/FreeRTOS-Kernel/queue.c ****         {
 1398              		.loc 1 1022 11
 1399 0028 6364F702 		bltu	a4,a5,.L100
1022:/home/zz/quard-start/Quard-Star/trusted_domain/FreeRTOS-Kernel/queue.c ****         {
 1400              		.loc 1 1022 64 discriminator 1
 1401 002c 93072000 		li	a5,2
 1402 0030 6380F602 		beq	a3,a5,.L100
1144:/home/zz/quard-start/Quard-Star/trusted_domain/FreeRTOS-Kernel/queue.c ****         }
 1403              		.loc 1 1144 21
 1404 0034 13050000 		li	a0,0
 1405              	.LVL159:
 1406              	.L99:
GAS LISTING /tmp/ccjMK2NG.s 			page 75


1150:/home/zz/quard-start/Quard-Star/trusted_domain/FreeRTOS-Kernel/queue.c **** /*-----------------------------------------------------------*/
 1407              		.loc 1 1150 1
 1408 0038 83308101 		ld	ra,24(sp)
 1409              		.cfi_remember_state
 1410              		.cfi_restore 1
 1411 003c 03340101 		ld	s0,16(sp)
 1412              		.cfi_restore 8
 1413              	.LVL160:
 1414 0040 83348100 		ld	s1,8(sp)
 1415              		.cfi_restore 9
 1416 0044 03390100 		ld	s2,0(sp)
 1417              		.cfi_restore 18
 1418              	.LVL161:
 1419 0048 13010102 		addi	sp,sp,32
 1420              	.LCFI37:
 1421              		.cfi_def_cfa_offset 0
 1422 004c 67800000 		jr	ra
 1423              	.LVL162:
 1424              	.L100:
 1425              	.LCFI38:
 1426              		.cfi_restore_state
 1427              	.LBB4:
1024:/home/zz/quard-start/Quard-Star/trusted_domain/FreeRTOS-Kernel/queue.c ****             const UBaseType_t uxPreviousMessagesWaiting = pxQueue->uxMessagesWaiting;
 1428              		.loc 1 1024 13 is_stmt 1
1024:/home/zz/quard-start/Quard-Star/trusted_domain/FreeRTOS-Kernel/queue.c ****             const UBaseType_t uxPreviousMessagesWaiting = pxQueue->uxMessagesWaiting;
 1429              		.loc 1 1024 26 is_stmt 0
 1430 0050 83449408 		lbu	s1,137(s0)
 1431 0054 9B948401 		slliw	s1,s1,24
 1432 0058 9BD48441 		sraiw	s1,s1,24
 1433              	.LVL163:
1025:/home/zz/quard-start/Quard-Star/trusted_domain/FreeRTOS-Kernel/queue.c **** 
 1434              		.loc 1 1025 13 is_stmt 1
1025:/home/zz/quard-start/Quard-Star/trusted_domain/FreeRTOS-Kernel/queue.c **** 
 1435              		.loc 1 1025 31 is_stmt 0
 1436 005c 83370407 		ld	a5,112(s0)
1027:/home/zz/quard-start/Quard-Star/trusted_domain/FreeRTOS-Kernel/queue.c **** 
 1437              		.loc 1 1027 48 is_stmt 1
1034:/home/zz/quard-start/Quard-Star/trusted_domain/FreeRTOS-Kernel/queue.c **** 
 1438              		.loc 1 1034 13
1034:/home/zz/quard-start/Quard-Star/trusted_domain/FreeRTOS-Kernel/queue.c **** 
 1439              		.loc 1 1034 22 is_stmt 0
 1440 0060 13050400 		mv	a0,s0
 1441 0064 97000000 		call	prvCopyDataToQueue
 1441      E7800000 
 1442              	.LVL164:
1038:/home/zz/quard-start/Quard-Star/trusted_domain/FreeRTOS-Kernel/queue.c ****             {
 1443              		.loc 1 1038 13 is_stmt 1
1038:/home/zz/quard-start/Quard-Star/trusted_domain/FreeRTOS-Kernel/queue.c ****             {
 1444              		.loc 1 1038 15 is_stmt 0
 1445 006c 9307F0FF 		li	a5,-1
 1446 0070 638EF400 		beq	s1,a5,.L108
1134:/home/zz/quard-start/Quard-Star/trusted_domain/FreeRTOS-Kernel/queue.c **** 
 1447              		.loc 1 1134 57 is_stmt 1
1136:/home/zz/quard-start/Quard-Star/trusted_domain/FreeRTOS-Kernel/queue.c ****             }
 1448              		.loc 1 1136 17
1136:/home/zz/quard-start/Quard-Star/trusted_domain/FreeRTOS-Kernel/queue.c ****             }
 1449              		.loc 1 1136 57 is_stmt 0
GAS LISTING /tmp/ccjMK2NG.s 			page 76


 1450 0074 9B841400 		addiw	s1,s1,1
 1451              	.LVL165:
1136:/home/zz/quard-start/Quard-Star/trusted_domain/FreeRTOS-Kernel/queue.c ****             }
 1452              		.loc 1 1136 36
 1453 0078 9B948401 		slliw	s1,s1,24
 1454              	.LVL166:
 1455 007c 9BD48441 		sraiw	s1,s1,24
1136:/home/zz/quard-start/Quard-Star/trusted_domain/FreeRTOS-Kernel/queue.c ****             }
 1456              		.loc 1 1136 34
 1457 0080 A3049408 		sb	s1,137(s0)
1139:/home/zz/quard-start/Quard-Star/trusted_domain/FreeRTOS-Kernel/queue.c ****         }
 1458              		.loc 1 1139 21
 1459 0084 13051000 		li	a0,1
 1460 0088 6FF01FFB 		j	.L99
 1461              	.LVL167:
 1462              	.L108:
1100:/home/zz/quard-start/Quard-Star/trusted_domain/FreeRTOS-Kernel/queue.c ****                         {
 1463              		.loc 1 1100 25 is_stmt 1
1100:/home/zz/quard-start/Quard-Star/trusted_domain/FreeRTOS-Kernel/queue.c ****                         {
 1464              		.loc 1 1100 29 is_stmt 0
 1465 008c 83378404 		ld	a5,72(s0)
1100:/home/zz/quard-start/Quard-Star/trusted_domain/FreeRTOS-Kernel/queue.c ****                         {
 1466              		.loc 1 1100 27
 1467 0090 63960700 		bne	a5,zero,.L109
1139:/home/zz/quard-start/Quard-Star/trusted_domain/FreeRTOS-Kernel/queue.c ****         }
 1468              		.loc 1 1139 21
 1469 0094 13051000 		li	a0,1
 1470 0098 6FF01FFA 		j	.L99
 1471              	.L109:
1102:/home/zz/quard-start/Quard-Star/trusted_domain/FreeRTOS-Kernel/queue.c ****                             {
 1472              		.loc 1 1102 29 is_stmt 1
1102:/home/zz/quard-start/Quard-Star/trusted_domain/FreeRTOS-Kernel/queue.c ****                             {
 1473              		.loc 1 1102 33 is_stmt 0
 1474 009c 13058404 		addi	a0,s0,72
 1475 00a0 97000000 		call	xTaskRemoveFromEventList
 1475      E7800000 
 1476              	.LVL168:
1102:/home/zz/quard-start/Quard-Star/trusted_domain/FreeRTOS-Kernel/queue.c ****                             {
 1477              		.loc 1 1102 31
 1478 00a8 630C0500 		beq	a0,zero,.L105
1106:/home/zz/quard-start/Quard-Star/trusted_domain/FreeRTOS-Kernel/queue.c ****                                 {
 1479              		.loc 1 1106 33 is_stmt 1
1106:/home/zz/quard-start/Quard-Star/trusted_domain/FreeRTOS-Kernel/queue.c ****                                 {
 1480              		.loc 1 1106 35 is_stmt 0
 1481 00ac 630E0900 		beq	s2,zero,.L106
1108:/home/zz/quard-start/Quard-Star/trusted_domain/FreeRTOS-Kernel/queue.c ****                                 }
 1482              		.loc 1 1108 37 is_stmt 1
1108:/home/zz/quard-start/Quard-Star/trusted_domain/FreeRTOS-Kernel/queue.c ****                                 }
 1483              		.loc 1 1108 64 is_stmt 0
 1484 00b0 93071000 		li	a5,1
 1485 00b4 2330F900 		sd	a5,0(s2)
1139:/home/zz/quard-start/Quard-Star/trusted_domain/FreeRTOS-Kernel/queue.c ****         }
 1486              		.loc 1 1139 21
 1487 00b8 13051000 		li	a0,1
 1488 00bc 6FF0DFF7 		j	.L99
 1489              	.L105:
 1490 00c0 13051000 		li	a0,1
GAS LISTING /tmp/ccjMK2NG.s 			page 77


 1491 00c4 6FF05FF7 		j	.L99
 1492              	.L106:
 1493 00c8 13051000 		li	a0,1
 1494              	.LVL169:
 1495              	.LBE4:
1147:/home/zz/quard-start/Quard-Star/trusted_domain/FreeRTOS-Kernel/queue.c **** 
 1496              		.loc 1 1147 5 is_stmt 1
1149:/home/zz/quard-start/Quard-Star/trusted_domain/FreeRTOS-Kernel/queue.c **** }
 1497              		.loc 1 1149 5
1149:/home/zz/quard-start/Quard-Star/trusted_domain/FreeRTOS-Kernel/queue.c **** }
 1498              		.loc 1 1149 12 is_stmt 0
 1499 00cc 6FF0DFF6 		j	.L99
 1500              		.cfi_endproc
 1501              	.LFE13:
 1503              		.section	.text.xQueueGiveFromISR,"ax",@progbits
 1504              		.align	2
 1505              		.globl	xQueueGiveFromISR
 1507              	xQueueGiveFromISR:
 1508              	.LFB14:
1155:/home/zz/quard-start/Quard-Star/trusted_domain/FreeRTOS-Kernel/queue.c ****     BaseType_t xReturn;
 1509              		.loc 1 1155 1 is_stmt 1
 1510              		.cfi_startproc
 1511              	.LVL170:
1156:/home/zz/quard-start/Quard-Star/trusted_domain/FreeRTOS-Kernel/queue.c ****     UBaseType_t uxSavedInterruptStatus;
 1512              		.loc 1 1156 5
1157:/home/zz/quard-start/Quard-Star/trusted_domain/FreeRTOS-Kernel/queue.c ****     Queue_t * const pxQueue = xQueue;
 1513              		.loc 1 1157 5
1158:/home/zz/quard-start/Quard-Star/trusted_domain/FreeRTOS-Kernel/queue.c **** 
 1514              		.loc 1 1158 5
1166:/home/zz/quard-start/Quard-Star/trusted_domain/FreeRTOS-Kernel/queue.c **** 
 1515              		.loc 1 1166 28
1170:/home/zz/quard-start/Quard-Star/trusted_domain/FreeRTOS-Kernel/queue.c **** 
 1516              		.loc 1 1170 45
1175:/home/zz/quard-start/Quard-Star/trusted_domain/FreeRTOS-Kernel/queue.c **** 
 1517              		.loc 1 1175 123
1191:/home/zz/quard-start/Quard-Star/trusted_domain/FreeRTOS-Kernel/queue.c **** 
 1518              		.loc 1 1191 47
1193:/home/zz/quard-start/Quard-Star/trusted_domain/FreeRTOS-Kernel/queue.c ****     {
 1519              		.loc 1 1193 5
 1520              	.LBB5:
1195:/home/zz/quard-start/Quard-Star/trusted_domain/FreeRTOS-Kernel/queue.c **** 
 1521              		.loc 1 1195 9
1195:/home/zz/quard-start/Quard-Star/trusted_domain/FreeRTOS-Kernel/queue.c **** 
 1522              		.loc 1 1195 27 is_stmt 0
 1523 0000 03370507 		ld	a4,112(a0)
 1524              	.LVL171:
1200:/home/zz/quard-start/Quard-Star/trusted_domain/FreeRTOS-Kernel/queue.c ****         {
 1525              		.loc 1 1200 9 is_stmt 1
1200:/home/zz/quard-start/Quard-Star/trusted_domain/FreeRTOS-Kernel/queue.c ****         {
 1526              		.loc 1 1200 40 is_stmt 0
 1527 0004 83378507 		ld	a5,120(a0)
1200:/home/zz/quard-start/Quard-Star/trusted_domain/FreeRTOS-Kernel/queue.c ****         {
 1528              		.loc 1 1200 11
 1529 0008 6374F708 		bleu	a5,a4,.L113
 1530              	.LBE5:
1155:/home/zz/quard-start/Quard-Star/trusted_domain/FreeRTOS-Kernel/queue.c ****     BaseType_t xReturn;
 1531              		.loc 1 1155 1
GAS LISTING /tmp/ccjMK2NG.s 			page 78


 1532 000c 130101FF 		addi	sp,sp,-16
 1533              	.LCFI39:
 1534              		.cfi_def_cfa_offset 16
 1535 0010 23341100 		sd	ra,8(sp)
 1536 0014 23308100 		sd	s0,0(sp)
 1537              		.cfi_offset 1, -8
 1538              		.cfi_offset 8, -16
 1539 0018 13840500 		mv	s0,a1
 1540              	.LBB9:
 1541              	.LBB6:
1202:/home/zz/quard-start/Quard-Star/trusted_domain/FreeRTOS-Kernel/queue.c **** 
 1542              		.loc 1 1202 13 is_stmt 1
1202:/home/zz/quard-start/Quard-Star/trusted_domain/FreeRTOS-Kernel/queue.c **** 
 1543              		.loc 1 1202 26 is_stmt 0
 1544 001c 83479508 		lbu	a5,137(a0)
 1545 0020 9B978701 		slliw	a5,a5,24
 1546 0024 9BD78741 		sraiw	a5,a5,24
 1547              	.LVL172:
1204:/home/zz/quard-start/Quard-Star/trusted_domain/FreeRTOS-Kernel/queue.c **** 
 1548              		.loc 1 1204 48 is_stmt 1
1212:/home/zz/quard-start/Quard-Star/trusted_domain/FreeRTOS-Kernel/queue.c **** 
 1549              		.loc 1 1212 13
1212:/home/zz/quard-start/Quard-Star/trusted_domain/FreeRTOS-Kernel/queue.c **** 
 1550              		.loc 1 1212 60 is_stmt 0
 1551 0028 13071700 		addi	a4,a4,1
 1552              	.LVL173:
1212:/home/zz/quard-start/Quard-Star/trusted_domain/FreeRTOS-Kernel/queue.c **** 
 1553              		.loc 1 1212 40
 1554 002c 2338E506 		sd	a4,112(a0)
1216:/home/zz/quard-start/Quard-Star/trusted_domain/FreeRTOS-Kernel/queue.c ****             {
 1555              		.loc 1 1216 13 is_stmt 1
1216:/home/zz/quard-start/Quard-Star/trusted_domain/FreeRTOS-Kernel/queue.c ****             {
 1556              		.loc 1 1216 15 is_stmt 0
 1557 0030 1307F0FF 		li	a4,-1
 1558              	.LVL174:
 1559 0034 6384E702 		beq	a5,a4,.L121
1302:/home/zz/quard-start/Quard-Star/trusted_domain/FreeRTOS-Kernel/queue.c **** 
 1560              		.loc 1 1302 57 is_stmt 1
1304:/home/zz/quard-start/Quard-Star/trusted_domain/FreeRTOS-Kernel/queue.c ****             }
 1561              		.loc 1 1304 17
1304:/home/zz/quard-start/Quard-Star/trusted_domain/FreeRTOS-Kernel/queue.c ****             }
 1562              		.loc 1 1304 57 is_stmt 0
 1563 0038 9B871700 		addiw	a5,a5,1
 1564              	.LVL175:
1304:/home/zz/quard-start/Quard-Star/trusted_domain/FreeRTOS-Kernel/queue.c ****             }
 1565              		.loc 1 1304 36
 1566 003c 9B978701 		slliw	a5,a5,24
 1567              	.LVL176:
 1568 0040 9BD78741 		sraiw	a5,a5,24
1304:/home/zz/quard-start/Quard-Star/trusted_domain/FreeRTOS-Kernel/queue.c ****             }
 1569              		.loc 1 1304 34
 1570 0044 A304F508 		sb	a5,137(a0)
 1571              	.LVL177:
1307:/home/zz/quard-start/Quard-Star/trusted_domain/FreeRTOS-Kernel/queue.c ****         }
 1572              		.loc 1 1307 21
 1573 0048 13051000 		li	a0,1
 1574              	.LVL178:
GAS LISTING /tmp/ccjMK2NG.s 			page 79


 1575              	.L110:
 1576              	.LBE6:
 1577              	.LBE9:
1318:/home/zz/quard-start/Quard-Star/trusted_domain/FreeRTOS-Kernel/queue.c **** /*-----------------------------------------------------------*/
 1578              		.loc 1 1318 1
 1579 004c 83308100 		ld	ra,8(sp)
 1580              		.cfi_remember_state
 1581              		.cfi_restore 1
 1582 0050 03340100 		ld	s0,0(sp)
 1583              		.cfi_restore 8
 1584              	.LVL179:
 1585 0054 13010101 		addi	sp,sp,16
 1586              	.LCFI40:
 1587              		.cfi_def_cfa_offset 0
 1588 0058 67800000 		jr	ra
 1589              	.LVL180:
 1590              	.L121:
 1591              	.LCFI41:
 1592              		.cfi_restore_state
 1593              	.LBB10:
 1594              	.LBB7:
1271:/home/zz/quard-start/Quard-Star/trusted_domain/FreeRTOS-Kernel/queue.c ****                         {
 1595              		.loc 1 1271 25 is_stmt 1
1271:/home/zz/quard-start/Quard-Star/trusted_domain/FreeRTOS-Kernel/queue.c ****                         {
 1596              		.loc 1 1271 29 is_stmt 0
 1597 005c 83378504 		ld	a5,72(a0)
 1598              	.LVL181:
1271:/home/zz/quard-start/Quard-Star/trusted_domain/FreeRTOS-Kernel/queue.c ****                         {
 1599              		.loc 1 1271 27
 1600 0060 63960700 		bne	a5,zero,.L122
1307:/home/zz/quard-start/Quard-Star/trusted_domain/FreeRTOS-Kernel/queue.c ****         }
 1601              		.loc 1 1307 21
 1602 0064 13051000 		li	a0,1
 1603              	.LVL182:
 1604 0068 6FF05FFE 		j	.L110
 1605              	.LVL183:
 1606              	.L122:
1273:/home/zz/quard-start/Quard-Star/trusted_domain/FreeRTOS-Kernel/queue.c ****                             {
 1607              		.loc 1 1273 29 is_stmt 1
1273:/home/zz/quard-start/Quard-Star/trusted_domain/FreeRTOS-Kernel/queue.c ****                             {
 1608              		.loc 1 1273 33 is_stmt 0
 1609 006c 13058504 		addi	a0,a0,72
 1610              	.LVL184:
 1611 0070 97000000 		call	xTaskRemoveFromEventList
 1611      E7800000 
 1612              	.LVL185:
1273:/home/zz/quard-start/Quard-Star/trusted_domain/FreeRTOS-Kernel/queue.c ****                             {
 1613              		.loc 1 1273 31
 1614 0078 63000502 		beq	a0,zero,.L115
1277:/home/zz/quard-start/Quard-Star/trusted_domain/FreeRTOS-Kernel/queue.c ****                                 {
 1615              		.loc 1 1277 33 is_stmt 1
1277:/home/zz/quard-start/Quard-Star/trusted_domain/FreeRTOS-Kernel/queue.c ****                                 {
 1616              		.loc 1 1277 35 is_stmt 0
 1617 007c 63020402 		beq	s0,zero,.L116
1279:/home/zz/quard-start/Quard-Star/trusted_domain/FreeRTOS-Kernel/queue.c ****                                 }
 1618              		.loc 1 1279 37 is_stmt 1
1279:/home/zz/quard-start/Quard-Star/trusted_domain/FreeRTOS-Kernel/queue.c ****                                 }
GAS LISTING /tmp/ccjMK2NG.s 			page 80


 1619              		.loc 1 1279 64 is_stmt 0
 1620 0080 93071000 		li	a5,1
 1621 0084 2330F400 		sd	a5,0(s0)
1307:/home/zz/quard-start/Quard-Star/trusted_domain/FreeRTOS-Kernel/queue.c ****         }
 1622              		.loc 1 1307 21
 1623 0088 13051000 		li	a0,1
 1624 008c 6FF01FFC 		j	.L110
 1625              	.LVL186:
 1626              	.L113:
 1627              	.LCFI42:
 1628              		.cfi_def_cfa_offset 0
 1629              		.cfi_restore 1
 1630              		.cfi_restore 8
 1631              	.LBE7:
1312:/home/zz/quard-start/Quard-Star/trusted_domain/FreeRTOS-Kernel/queue.c ****         }
 1632              		.loc 1 1312 21
 1633 0090 13050000 		li	a0,0
 1634              	.LVL187:
 1635              	.LBE10:
1318:/home/zz/quard-start/Quard-Star/trusted_domain/FreeRTOS-Kernel/queue.c **** /*-----------------------------------------------------------*/
 1636              		.loc 1 1318 1
 1637 0094 67800000 		ret
 1638              	.LVL188:
 1639              	.L115:
 1640              	.LCFI43:
 1641              		.cfi_def_cfa_offset 16
 1642              		.cfi_offset 1, -8
 1643              		.cfi_offset 8, -16
 1644              	.LBB11:
 1645              	.LBB8:
1307:/home/zz/quard-start/Quard-Star/trusted_domain/FreeRTOS-Kernel/queue.c ****         }
 1646              		.loc 1 1307 21
 1647 0098 13051000 		li	a0,1
 1648 009c 6FF01FFB 		j	.L110
 1649              	.L116:
 1650 00a0 13051000 		li	a0,1
 1651              	.LVL189:
 1652              	.LBE8:
 1653              	.LBE11:
1315:/home/zz/quard-start/Quard-Star/trusted_domain/FreeRTOS-Kernel/queue.c **** 
 1654              		.loc 1 1315 5 is_stmt 1
1317:/home/zz/quard-start/Quard-Star/trusted_domain/FreeRTOS-Kernel/queue.c **** }
 1655              		.loc 1 1317 5
1317:/home/zz/quard-start/Quard-Star/trusted_domain/FreeRTOS-Kernel/queue.c **** }
 1656              		.loc 1 1317 12 is_stmt 0
 1657 00a4 6FF09FFA 		j	.L110
 1658              		.cfi_endproc
 1659              	.LFE14:
 1661              		.section	.text.xQueueReceive,"ax",@progbits
 1662              		.align	2
 1663              		.globl	xQueueReceive
 1665              	xQueueReceive:
 1666              	.LFB15:
1324:/home/zz/quard-start/Quard-Star/trusted_domain/FreeRTOS-Kernel/queue.c ****     BaseType_t xEntryTimeSet = pdFALSE;
 1667              		.loc 1 1324 1 is_stmt 1
 1668              		.cfi_startproc
 1669              	.LVL190:
GAS LISTING /tmp/ccjMK2NG.s 			page 81


 1670 0000 130101FB 		addi	sp,sp,-80
 1671              	.LCFI44:
 1672              		.cfi_def_cfa_offset 80
 1673 0004 23341104 		sd	ra,72(sp)
 1674 0008 23308104 		sd	s0,64(sp)
 1675 000c 233C9102 		sd	s1,56(sp)
 1676 0010 23382103 		sd	s2,48(sp)
 1677 0014 23343103 		sd	s3,40(sp)
 1678              		.cfi_offset 1, -8
 1679              		.cfi_offset 8, -16
 1680              		.cfi_offset 9, -24
 1681              		.cfi_offset 18, -32
 1682              		.cfi_offset 19, -40
 1683 0018 13040500 		mv	s0,a0
 1684 001c 93890500 		mv	s3,a1
 1685 0020 2334C100 		sd	a2,8(sp)
1325:/home/zz/quard-start/Quard-Star/trusted_domain/FreeRTOS-Kernel/queue.c ****     TimeOut_t xTimeOut;
 1686              		.loc 1 1325 5
 1687              	.LVL191:
1326:/home/zz/quard-start/Quard-Star/trusted_domain/FreeRTOS-Kernel/queue.c ****     Queue_t * const pxQueue = xQueue;
 1688              		.loc 1 1326 5
1327:/home/zz/quard-start/Quard-Star/trusted_domain/FreeRTOS-Kernel/queue.c **** 
 1689              		.loc 1 1327 5
1325:/home/zz/quard-start/Quard-Star/trusted_domain/FreeRTOS-Kernel/queue.c ****     TimeOut_t xTimeOut;
 1690              		.loc 1 1325 16 is_stmt 0
 1691 0024 13090000 		li	s2,0
 1692 0028 6F00C00D 		j	.L124
 1693              	.LVL192:
 1694              	.L138:
 1695              	.LBB12:
1357:/home/zz/quard-start/Quard-Star/trusted_domain/FreeRTOS-Kernel/queue.c ****                 traceQUEUE_RECEIVE( pxQueue );
 1696              		.loc 1 1357 17 is_stmt 1
 1697 002c 93850900 		mv	a1,s3
 1698 0030 13050400 		mv	a0,s0
 1699 0034 97000000 		call	prvCopyDataFromQueue
 1699      E7800000 
 1700              	.LVL193:
1358:/home/zz/quard-start/Quard-Star/trusted_domain/FreeRTOS-Kernel/queue.c ****                 pxQueue->uxMessagesWaiting = uxMessagesWaiting - ( UBaseType_t ) 1;
 1701              		.loc 1 1358 46
1359:/home/zz/quard-start/Quard-Star/trusted_domain/FreeRTOS-Kernel/queue.c **** 
 1702              		.loc 1 1359 17
1359:/home/zz/quard-start/Quard-Star/trusted_domain/FreeRTOS-Kernel/queue.c **** 
 1703              		.loc 1 1359 64 is_stmt 0
 1704 003c 9384F4FF 		addi	s1,s1,-1
 1705              	.LVL194:
1359:/home/zz/quard-start/Quard-Star/trusted_domain/FreeRTOS-Kernel/queue.c **** 
 1706              		.loc 1 1359 44
 1707 0040 23389406 		sd	s1,112(s0)
1364:/home/zz/quard-start/Quard-Star/trusted_domain/FreeRTOS-Kernel/queue.c ****                 {
 1708              		.loc 1 1364 17 is_stmt 1
1364:/home/zz/quard-start/Quard-Star/trusted_domain/FreeRTOS-Kernel/queue.c ****                 {
 1709              		.loc 1 1364 21 is_stmt 0
 1710 0044 83370402 		ld	a5,32(s0)
1364:/home/zz/quard-start/Quard-Star/trusted_domain/FreeRTOS-Kernel/queue.c ****                 {
 1711              		.loc 1 1364 19
 1712 0048 63960702 		bne	a5,zero,.L136
 1713              	.L126:
GAS LISTING /tmp/ccjMK2NG.s 			page 82


1377:/home/zz/quard-start/Quard-Star/trusted_domain/FreeRTOS-Kernel/queue.c ****                 }
 1714              		.loc 1 1377 45 is_stmt 1
1380:/home/zz/quard-start/Quard-Star/trusted_domain/FreeRTOS-Kernel/queue.c ****                 return pdPASS;
 1715              		.loc 1 1380 17
 1716 004c 97000000 		call	vTaskExitCritical
 1716      E7800000 
 1717              	.LVL195:
1381:/home/zz/quard-start/Quard-Star/trusted_domain/FreeRTOS-Kernel/queue.c ****             }
 1718              		.loc 1 1381 17
1381:/home/zz/quard-start/Quard-Star/trusted_domain/FreeRTOS-Kernel/queue.c ****             }
 1719              		.loc 1 1381 24 is_stmt 0
 1720 0054 13051000 		li	a0,1
 1721              	.LVL196:
 1722              	.L123:
 1723              	.LBE12:
1461:/home/zz/quard-start/Quard-Star/trusted_domain/FreeRTOS-Kernel/queue.c **** /*-----------------------------------------------------------*/
 1724              		.loc 1 1461 1
 1725 0058 83308104 		ld	ra,72(sp)
 1726              		.cfi_remember_state
 1727              		.cfi_restore 1
 1728 005c 03340104 		ld	s0,64(sp)
 1729              		.cfi_restore 8
 1730              	.LVL197:
 1731 0060 83348103 		ld	s1,56(sp)
 1732              		.cfi_restore 9
 1733 0064 03390103 		ld	s2,48(sp)
 1734              		.cfi_restore 18
 1735              	.LVL198:
 1736 0068 83398102 		ld	s3,40(sp)
 1737              		.cfi_restore 19
 1738              	.LVL199:
 1739 006c 13010105 		addi	sp,sp,80
 1740              	.LCFI45:
 1741              		.cfi_def_cfa_offset 0
 1742 0070 67800000 		jr	ra
 1743              	.LVL200:
 1744              	.L136:
 1745              	.LCFI46:
 1746              		.cfi_restore_state
 1747              	.LBB13:
1366:/home/zz/quard-start/Quard-Star/trusted_domain/FreeRTOS-Kernel/queue.c ****                     {
 1748              		.loc 1 1366 21 is_stmt 1
1366:/home/zz/quard-start/Quard-Star/trusted_domain/FreeRTOS-Kernel/queue.c ****                     {
 1749              		.loc 1 1366 25 is_stmt 0
 1750 0074 13050402 		addi	a0,s0,32
 1751 0078 97000000 		call	xTaskRemoveFromEventList
 1751      E7800000 
 1752              	.LVL201:
1366:/home/zz/quard-start/Quard-Star/trusted_domain/FreeRTOS-Kernel/queue.c ****                     {
 1753              		.loc 1 1366 23
 1754 0080 E30605FC 		beq	a0,zero,.L126
1368:/home/zz/quard-start/Quard-Star/trusted_domain/FreeRTOS-Kernel/queue.c ****                     }
 1755              		.loc 1 1368 25 is_stmt 1
 1756 0084 13050008 		li	a0,128
 1757 0088 97000000 		call	sbi_send_ipi
 1757      E7800000 
 1758              	.LVL202:
GAS LISTING /tmp/ccjMK2NG.s 			page 83


 1759 0090 6FF0DFFB 		j	.L126
 1760              	.LVL203:
 1761              	.L139:
1389:/home/zz/quard-start/Quard-Star/trusted_domain/FreeRTOS-Kernel/queue.c ****                     traceQUEUE_RECEIVE_FAILED( pxQueue );
 1762              		.loc 1 1389 21
 1763 0094 97000000 		call	vTaskExitCritical
 1763      E7800000 
 1764              	.LVL204:
1390:/home/zz/quard-start/Quard-Star/trusted_domain/FreeRTOS-Kernel/queue.c ****                     return errQUEUE_EMPTY;
 1765              		.loc 1 1390 57
1391:/home/zz/quard-start/Quard-Star/trusted_domain/FreeRTOS-Kernel/queue.c ****                 }
 1766              		.loc 1 1391 21
1391:/home/zz/quard-start/Quard-Star/trusted_domain/FreeRTOS-Kernel/queue.c ****                 }
 1767              		.loc 1 1391 28 is_stmt 0
 1768 009c 13050000 		li	a0,0
 1769 00a0 6FF09FFB 		j	.L123
 1770              	.L140:
1397:/home/zz/quard-start/Quard-Star/trusted_domain/FreeRTOS-Kernel/queue.c ****                     xEntryTimeSet = pdTRUE;
 1771              		.loc 1 1397 21 is_stmt 1
 1772 00a4 13050101 		addi	a0,sp,16
 1773 00a8 97000000 		call	vTaskInternalSetTimeOutState
 1773      E7800000 
 1774              	.LVL205:
1398:/home/zz/quard-start/Quard-Star/trusted_domain/FreeRTOS-Kernel/queue.c ****                 }
 1775              		.loc 1 1398 21
1398:/home/zz/quard-start/Quard-Star/trusted_domain/FreeRTOS-Kernel/queue.c ****                 }
 1776              		.loc 1 1398 35 is_stmt 0
 1777 00b0 13091000 		li	s2,1
 1778 00b4 6F00C006 		j	.L129
 1779              	.LVL206:
 1780              	.L141:
 1781              	.LBE13:
1413:/home/zz/quard-start/Quard-Star/trusted_domain/FreeRTOS-Kernel/queue.c **** 
 1782              		.loc 1 1413 9 is_stmt 1 discriminator 1
 1783 00b8 23040408 		sb	zero,136(s0)
 1784 00bc 6F000009 		j	.L130
 1785              	.L142:
1413:/home/zz/quard-start/Quard-Star/trusted_domain/FreeRTOS-Kernel/queue.c **** 
 1786              		.loc 1 1413 9 discriminator 4
 1787 00c0 A3040408 		sb	zero,137(s0)
 1788 00c4 6F00C009 		j	.L131
 1789              	.L133:
1439:/home/zz/quard-start/Quard-Star/trusted_domain/FreeRTOS-Kernel/queue.c ****                 ( void ) xTaskResumeAll();
 1790              		.loc 1 1439 17
 1791 00c8 13050400 		mv	a0,s0
 1792 00cc 97000000 		call	prvUnlockQueue
 1792      E7800000 
 1793              	.LVL207:
1440:/home/zz/quard-start/Quard-Star/trusted_domain/FreeRTOS-Kernel/queue.c ****             }
 1794              		.loc 1 1440 17
1440:/home/zz/quard-start/Quard-Star/trusted_domain/FreeRTOS-Kernel/queue.c ****             }
 1795              		.loc 1 1440 26 is_stmt 0
 1796 00d4 97000000 		call	xTaskResumeAll
 1796      E7800000 
 1797              	.LVL208:
 1798 00dc 6F008002 		j	.L124
 1799              	.L132:
GAS LISTING /tmp/ccjMK2NG.s 			page 84


1447:/home/zz/quard-start/Quard-Star/trusted_domain/FreeRTOS-Kernel/queue.c ****             ( void ) xTaskResumeAll();
 1800              		.loc 1 1447 13 is_stmt 1
 1801 00e0 13050400 		mv	a0,s0
 1802 00e4 97000000 		call	prvUnlockQueue
 1802      E7800000 
 1803              	.LVL209:
1448:/home/zz/quard-start/Quard-Star/trusted_domain/FreeRTOS-Kernel/queue.c **** 
 1804              		.loc 1 1448 13
1448:/home/zz/quard-start/Quard-Star/trusted_domain/FreeRTOS-Kernel/queue.c **** 
 1805              		.loc 1 1448 22 is_stmt 0
 1806 00ec 97000000 		call	xTaskResumeAll
 1806      E7800000 
 1807              	.LVL210:
1450:/home/zz/quard-start/Quard-Star/trusted_domain/FreeRTOS-Kernel/queue.c ****             {
 1808              		.loc 1 1450 13 is_stmt 1
1450:/home/zz/quard-start/Quard-Star/trusted_domain/FreeRTOS-Kernel/queue.c ****             {
 1809              		.loc 1 1450 17 is_stmt 0
 1810 00f4 13050400 		mv	a0,s0
 1811 00f8 97000000 		call	prvIsQueueEmpty
 1811      E7800000 
 1812              	.LVL211:
1450:/home/zz/quard-start/Quard-Star/trusted_domain/FreeRTOS-Kernel/queue.c ****             {
 1813              		.loc 1 1450 15
 1814 0100 6312050C 		bne	a0,zero,.L137
 1815              	.LVL212:
 1816              	.L124:
1330:/home/zz/quard-start/Quard-Star/trusted_domain/FreeRTOS-Kernel/queue.c **** 
 1817              		.loc 1 1330 32 is_stmt 1
1334:/home/zz/quard-start/Quard-Star/trusted_domain/FreeRTOS-Kernel/queue.c **** 
 1818              		.loc 1 1334 103
1339:/home/zz/quard-start/Quard-Star/trusted_domain/FreeRTOS-Kernel/queue.c ****         }
 1819              		.loc 1 1339 114
1346:/home/zz/quard-start/Quard-Star/trusted_domain/FreeRTOS-Kernel/queue.c ****     {
 1820              		.loc 1 1346 5
1348:/home/zz/quard-start/Quard-Star/trusted_domain/FreeRTOS-Kernel/queue.c ****         {
 1821              		.loc 1 1348 9
 1822 0104 97000000 		call	vTaskEnterCritical
 1822      E7800000 
 1823              	.LVL213:
 1824              	.LBB14:
1350:/home/zz/quard-start/Quard-Star/trusted_domain/FreeRTOS-Kernel/queue.c **** 
 1825              		.loc 1 1350 13
1350:/home/zz/quard-start/Quard-Star/trusted_domain/FreeRTOS-Kernel/queue.c **** 
 1826              		.loc 1 1350 31 is_stmt 0
 1827 010c 83340407 		ld	s1,112(s0)
 1828              	.LVL214:
1354:/home/zz/quard-start/Quard-Star/trusted_domain/FreeRTOS-Kernel/queue.c ****             {
 1829              		.loc 1 1354 13 is_stmt 1
1354:/home/zz/quard-start/Quard-Star/trusted_domain/FreeRTOS-Kernel/queue.c ****             {
 1830              		.loc 1 1354 15 is_stmt 0
 1831 0110 E39E04F0 		bne	s1,zero,.L138
1385:/home/zz/quard-start/Quard-Star/trusted_domain/FreeRTOS-Kernel/queue.c ****                 {
 1832              		.loc 1 1385 17 is_stmt 1
1385:/home/zz/quard-start/Quard-Star/trusted_domain/FreeRTOS-Kernel/queue.c ****                 {
 1833              		.loc 1 1385 34 is_stmt 0
 1834 0114 83378100 		ld	a5,8(sp)
1385:/home/zz/quard-start/Quard-Star/trusted_domain/FreeRTOS-Kernel/queue.c ****                 {
GAS LISTING /tmp/ccjMK2NG.s 			page 85


 1835              		.loc 1 1385 19
 1836 0118 E38E07F6 		beq	a5,zero,.L139
1393:/home/zz/quard-start/Quard-Star/trusted_domain/FreeRTOS-Kernel/queue.c ****                 {
 1837              		.loc 1 1393 22 is_stmt 1
1393:/home/zz/quard-start/Quard-Star/trusted_domain/FreeRTOS-Kernel/queue.c ****                 {
 1838              		.loc 1 1393 24 is_stmt 0
 1839 011c E30409F8 		beq	s2,zero,.L140
 1840              	.LVL215:
 1841              	.L129:
1403:/home/zz/quard-start/Quard-Star/trusted_domain/FreeRTOS-Kernel/queue.c ****                 }
 1842              		.loc 1 1403 45 is_stmt 1
 1843              	.LBE14:
1407:/home/zz/quard-start/Quard-Star/trusted_domain/FreeRTOS-Kernel/queue.c **** 
 1844              		.loc 1 1407 9
 1845 0120 97000000 		call	vTaskExitCritical
 1845      E7800000 
 1846              	.LVL216:
1412:/home/zz/quard-start/Quard-Star/trusted_domain/FreeRTOS-Kernel/queue.c ****         prvLockQueue( pxQueue );
 1847              		.loc 1 1412 9
 1848 0128 97000000 		call	vTaskSuspendAll
 1848      E7800000 
 1849              	.LVL217:
1413:/home/zz/quard-start/Quard-Star/trusted_domain/FreeRTOS-Kernel/queue.c **** 
 1850              		.loc 1 1413 9
 1851 0130 97000000 		call	vTaskEnterCritical
 1851      E7800000 
 1852              	.LVL218:
1413:/home/zz/quard-start/Quard-Star/trusted_domain/FreeRTOS-Kernel/queue.c **** 
 1853              		.loc 1 1413 9
 1854 0138 83478408 		lbu	a5,136(s0)
 1855 013c 9B978701 		slliw	a5,a5,24
 1856 0140 9BD78741 		sraiw	a5,a5,24
 1857 0144 1307F0FF 		li	a4,-1
 1858 0148 E388E7F6 		beq	a5,a4,.L141
 1859              	.L130:
1413:/home/zz/quard-start/Quard-Star/trusted_domain/FreeRTOS-Kernel/queue.c **** 
 1860              		.loc 1 1413 9 discriminator 3
 1861 014c 83479408 		lbu	a5,137(s0)
 1862 0150 9B978701 		slliw	a5,a5,24
 1863 0154 9BD78741 		sraiw	a5,a5,24
 1864 0158 1307F0FF 		li	a4,-1
 1865 015c E382E7F6 		beq	a5,a4,.L142
 1866              	.L131:
1413:/home/zz/quard-start/Quard-Star/trusted_domain/FreeRTOS-Kernel/queue.c **** 
 1867              		.loc 1 1413 9 discriminator 6
 1868 0160 97000000 		call	vTaskExitCritical
 1868      E7800000 
 1869              	.LVL219:
1416:/home/zz/quard-start/Quard-Star/trusted_domain/FreeRTOS-Kernel/queue.c ****         {
 1870              		.loc 1 1416 9 discriminator 6
1416:/home/zz/quard-start/Quard-Star/trusted_domain/FreeRTOS-Kernel/queue.c ****         {
 1871              		.loc 1 1416 13 is_stmt 0 discriminator 6
 1872 0168 93058100 		addi	a1,sp,8
 1873 016c 13050101 		addi	a0,sp,16
 1874 0170 97000000 		call	xTaskCheckForTimeOut
 1874      E7800000 
 1875              	.LVL220:
GAS LISTING /tmp/ccjMK2NG.s 			page 86


1416:/home/zz/quard-start/Quard-Star/trusted_domain/FreeRTOS-Kernel/queue.c ****         {
 1876              		.loc 1 1416 11 discriminator 6
 1877 0178 E31405F6 		bne	a0,zero,.L132
1420:/home/zz/quard-start/Quard-Star/trusted_domain/FreeRTOS-Kernel/queue.c ****             {
 1878              		.loc 1 1420 13 is_stmt 1
1420:/home/zz/quard-start/Quard-Star/trusted_domain/FreeRTOS-Kernel/queue.c ****             {
 1879              		.loc 1 1420 17 is_stmt 0
 1880 017c 13050400 		mv	a0,s0
 1881 0180 97000000 		call	prvIsQueueEmpty
 1881      E7800000 
 1882              	.LVL221:
1420:/home/zz/quard-start/Quard-Star/trusted_domain/FreeRTOS-Kernel/queue.c ****             {
 1883              		.loc 1 1420 15
 1884 0188 E30005F4 		beq	a0,zero,.L133
1422:/home/zz/quard-start/Quard-Star/trusted_domain/FreeRTOS-Kernel/queue.c ****                 vTaskPlaceOnEventList( &( pxQueue->xTasksWaitingToReceive ), xTicksToWait );
 1885              		.loc 1 1422 58 is_stmt 1
1423:/home/zz/quard-start/Quard-Star/trusted_domain/FreeRTOS-Kernel/queue.c ****                 prvUnlockQueue( pxQueue );
 1886              		.loc 1 1423 17
 1887 018c 83358100 		ld	a1,8(sp)
 1888 0190 13058404 		addi	a0,s0,72
 1889 0194 97000000 		call	vTaskPlaceOnEventList
 1889      E7800000 
 1890              	.LVL222:
1424:/home/zz/quard-start/Quard-Star/trusted_domain/FreeRTOS-Kernel/queue.c **** 
 1891              		.loc 1 1424 17
 1892 019c 13050400 		mv	a0,s0
 1893 01a0 97000000 		call	prvUnlockQueue
 1893      E7800000 
 1894              	.LVL223:
1426:/home/zz/quard-start/Quard-Star/trusted_domain/FreeRTOS-Kernel/queue.c ****                 {
 1895              		.loc 1 1426 17
1426:/home/zz/quard-start/Quard-Star/trusted_domain/FreeRTOS-Kernel/queue.c ****                 {
 1896              		.loc 1 1426 21 is_stmt 0
 1897 01a8 97000000 		call	xTaskResumeAll
 1897      E7800000 
 1898              	.LVL224:
1426:/home/zz/quard-start/Quard-Star/trusted_domain/FreeRTOS-Kernel/queue.c ****                 {
 1899              		.loc 1 1426 19
 1900 01b0 E31A05F4 		bne	a0,zero,.L124
1428:/home/zz/quard-start/Quard-Star/trusted_domain/FreeRTOS-Kernel/queue.c ****                 }
 1901              		.loc 1 1428 21 is_stmt 1
 1902 01b4 13050008 		li	a0,128
 1903 01b8 97000000 		call	sbi_send_ipi
 1903      E7800000 
 1904              	.LVL225:
 1905 01c0 6FF05FF4 		j	.L124
 1906              	.L137:
1453:/home/zz/quard-start/Quard-Star/trusted_domain/FreeRTOS-Kernel/queue.c ****             }
 1907              		.loc 1 1453 24 is_stmt 0
 1908 01c4 13050000 		li	a0,0
 1909 01c8 6FF01FE9 		j	.L123
 1910              		.cfi_endproc
 1911              	.LFE15:
 1913              		.section	.text.xQueueSemaphoreTake,"ax",@progbits
 1914              		.align	2
 1915              		.globl	xQueueSemaphoreTake
 1917              	xQueueSemaphoreTake:
GAS LISTING /tmp/ccjMK2NG.s 			page 87


 1918              	.LFB16:
1466:/home/zz/quard-start/Quard-Star/trusted_domain/FreeRTOS-Kernel/queue.c ****     BaseType_t xEntryTimeSet = pdFALSE;
 1919              		.loc 1 1466 1 is_stmt 1
 1920              		.cfi_startproc
 1921              	.LVL226:
 1922 0000 130101FC 		addi	sp,sp,-64
 1923              	.LCFI47:
 1924              		.cfi_def_cfa_offset 64
 1925 0004 233C1102 		sd	ra,56(sp)
 1926 0008 23388102 		sd	s0,48(sp)
 1927 000c 23349102 		sd	s1,40(sp)
 1928 0010 23302103 		sd	s2,32(sp)
 1929              		.cfi_offset 1, -8
 1930              		.cfi_offset 8, -16
 1931              		.cfi_offset 9, -24
 1932              		.cfi_offset 18, -32
 1933 0014 13040500 		mv	s0,a0
 1934 0018 2334B100 		sd	a1,8(sp)
1467:/home/zz/quard-start/Quard-Star/trusted_domain/FreeRTOS-Kernel/queue.c ****     TimeOut_t xTimeOut;
 1935              		.loc 1 1467 5
 1936              	.LVL227:
1468:/home/zz/quard-start/Quard-Star/trusted_domain/FreeRTOS-Kernel/queue.c ****     Queue_t * const pxQueue = xQueue;
 1937              		.loc 1 1468 5
1469:/home/zz/quard-start/Quard-Star/trusted_domain/FreeRTOS-Kernel/queue.c **** 
 1938              		.loc 1 1469 5
1472:/home/zz/quard-start/Quard-Star/trusted_domain/FreeRTOS-Kernel/queue.c ****     #endif
 1939              		.loc 1 1472 9
1472:/home/zz/quard-start/Quard-Star/trusted_domain/FreeRTOS-Kernel/queue.c ****     #endif
 1940              		.loc 1 1472 20 is_stmt 0
 1941 001c 13090000 		li	s2,0
1467:/home/zz/quard-start/Quard-Star/trusted_domain/FreeRTOS-Kernel/queue.c ****     TimeOut_t xTimeOut;
 1942              		.loc 1 1467 16
 1943 0020 93040000 		li	s1,0
 1944 0024 6F004010 		j	.L144
 1945              	.LVL228:
 1946              	.L162:
 1947              	.LBB15:
1504:/home/zz/quard-start/Quard-Star/trusted_domain/FreeRTOS-Kernel/queue.c **** 
 1948              		.loc 1 1504 46 is_stmt 1
1508:/home/zz/quard-start/Quard-Star/trusted_domain/FreeRTOS-Kernel/queue.c **** 
 1949              		.loc 1 1508 17
1508:/home/zz/quard-start/Quard-Star/trusted_domain/FreeRTOS-Kernel/queue.c **** 
 1950              		.loc 1 1508 63 is_stmt 0
 1951 0028 9387F7FF 		addi	a5,a5,-1
 1952              	.LVL229:
1508:/home/zz/quard-start/Quard-Star/trusted_domain/FreeRTOS-Kernel/queue.c **** 
 1953              		.loc 1 1508 44
 1954 002c 2338F406 		sd	a5,112(s0)
1512:/home/zz/quard-start/Quard-Star/trusted_domain/FreeRTOS-Kernel/queue.c ****                         {
 1955              		.loc 1 1512 25 is_stmt 1
1512:/home/zz/quard-start/Quard-Star/trusted_domain/FreeRTOS-Kernel/queue.c ****                         {
 1956              		.loc 1 1512 36 is_stmt 0
 1957 0030 83370400 		ld	a5,0(s0)
 1958              	.LVL230:
1512:/home/zz/quard-start/Quard-Star/trusted_domain/FreeRTOS-Kernel/queue.c ****                         {
 1959              		.loc 1 1512 27
 1960 0034 63880702 		beq	a5,zero,.L159
GAS LISTING /tmp/ccjMK2NG.s 			page 88


 1961              	.LVL231:
 1962              	.L146:
1520:/home/zz/quard-start/Quard-Star/trusted_domain/FreeRTOS-Kernel/queue.c ****                         }
 1963              		.loc 1 1520 53 is_stmt 1
1527:/home/zz/quard-start/Quard-Star/trusted_domain/FreeRTOS-Kernel/queue.c ****                 {
 1964              		.loc 1 1527 17
1527:/home/zz/quard-start/Quard-Star/trusted_domain/FreeRTOS-Kernel/queue.c ****                 {
 1965              		.loc 1 1527 21 is_stmt 0
 1966 0038 83370402 		ld	a5,32(s0)
1527:/home/zz/quard-start/Quard-Star/trusted_domain/FreeRTOS-Kernel/queue.c ****                 {
 1967              		.loc 1 1527 19
 1968 003c 639C0702 		bne	a5,zero,.L160
 1969              	.L147:
1540:/home/zz/quard-start/Quard-Star/trusted_domain/FreeRTOS-Kernel/queue.c ****                 }
 1970              		.loc 1 1540 45 is_stmt 1
1543:/home/zz/quard-start/Quard-Star/trusted_domain/FreeRTOS-Kernel/queue.c ****                 return pdPASS;
 1971              		.loc 1 1543 17
 1972 0040 97000000 		call	vTaskExitCritical
 1972      E7800000 
 1973              	.LVL232:
1544:/home/zz/quard-start/Quard-Star/trusted_domain/FreeRTOS-Kernel/queue.c ****             }
 1974              		.loc 1 1544 17
1544:/home/zz/quard-start/Quard-Star/trusted_domain/FreeRTOS-Kernel/queue.c ****             }
 1975              		.loc 1 1544 24 is_stmt 0
 1976 0048 13051000 		li	a0,1
 1977              	.L143:
 1978              	.LBE15:
1680:/home/zz/quard-start/Quard-Star/trusted_domain/FreeRTOS-Kernel/queue.c **** /*-----------------------------------------------------------*/
 1979              		.loc 1 1680 1
 1980 004c 83308103 		ld	ra,56(sp)
 1981              		.cfi_remember_state
 1982              		.cfi_restore 1
 1983 0050 03340103 		ld	s0,48(sp)
 1984              		.cfi_restore 8
 1985              	.LVL233:
 1986 0054 83348102 		ld	s1,40(sp)
 1987              		.cfi_restore 9
 1988              	.LVL234:
 1989 0058 03390102 		ld	s2,32(sp)
 1990              		.cfi_restore 18
 1991              	.LVL235:
 1992 005c 13010104 		addi	sp,sp,64
 1993              	.LCFI48:
 1994              		.cfi_def_cfa_offset 0
 1995 0060 67800000 		jr	ra
 1996              	.LVL236:
 1997              	.L159:
 1998              	.LCFI49:
 1999              		.cfi_restore_state
 2000              	.LBB16:
1516:/home/zz/quard-start/Quard-Star/trusted_domain/FreeRTOS-Kernel/queue.c ****                         }
 2001              		.loc 1 1516 29 is_stmt 1
1516:/home/zz/quard-start/Quard-Star/trusted_domain/FreeRTOS-Kernel/queue.c ****                         }
 2002              		.loc 1 1516 66 is_stmt 0
 2003 0064 97000000 		call	pvTaskIncrementMutexHeldCount
 2003      E7800000 
 2004              	.LVL237:
GAS LISTING /tmp/ccjMK2NG.s 			page 89


1516:/home/zz/quard-start/Quard-Star/trusted_domain/FreeRTOS-Kernel/queue.c ****                         }
 2005              		.loc 1 1516 64
 2006 006c 2338A400 		sd	a0,16(s0)
 2007 0070 6FF09FFC 		j	.L146
 2008              	.L160:
1529:/home/zz/quard-start/Quard-Star/trusted_domain/FreeRTOS-Kernel/queue.c ****                     {
 2009              		.loc 1 1529 21 is_stmt 1
1529:/home/zz/quard-start/Quard-Star/trusted_domain/FreeRTOS-Kernel/queue.c ****                     {
 2010              		.loc 1 1529 25 is_stmt 0
 2011 0074 13050402 		addi	a0,s0,32
 2012 0078 97000000 		call	xTaskRemoveFromEventList
 2012      E7800000 
 2013              	.LVL238:
1529:/home/zz/quard-start/Quard-Star/trusted_domain/FreeRTOS-Kernel/queue.c ****                     {
 2014              		.loc 1 1529 23
 2015 0080 E30005FC 		beq	a0,zero,.L147
1531:/home/zz/quard-start/Quard-Star/trusted_domain/FreeRTOS-Kernel/queue.c ****                     }
 2016              		.loc 1 1531 25 is_stmt 1
 2017 0084 13050008 		li	a0,128
 2018 0088 97000000 		call	sbi_send_ipi
 2018      E7800000 
 2019              	.LVL239:
 2020 0090 6FF01FFB 		j	.L147
 2021              	.L163:
1555:/home/zz/quard-start/Quard-Star/trusted_domain/FreeRTOS-Kernel/queue.c ****                         }
 2022              		.loc 1 1555 76
1561:/home/zz/quard-start/Quard-Star/trusted_domain/FreeRTOS-Kernel/queue.c ****                     traceQUEUE_RECEIVE_FAILED( pxQueue );
 2023              		.loc 1 1561 21
 2024 0094 97000000 		call	vTaskExitCritical
 2024      E7800000 
 2025              	.LVL240:
1562:/home/zz/quard-start/Quard-Star/trusted_domain/FreeRTOS-Kernel/queue.c ****                     return errQUEUE_EMPTY;
 2026              		.loc 1 1562 57
1563:/home/zz/quard-start/Quard-Star/trusted_domain/FreeRTOS-Kernel/queue.c ****                 }
 2027              		.loc 1 1563 21
1563:/home/zz/quard-start/Quard-Star/trusted_domain/FreeRTOS-Kernel/queue.c ****                 }
 2028              		.loc 1 1563 28 is_stmt 0
 2029 009c 13050000 		li	a0,0
 2030 00a0 6FF0DFFA 		j	.L143
 2031              	.L164:
1569:/home/zz/quard-start/Quard-Star/trusted_domain/FreeRTOS-Kernel/queue.c ****                     xEntryTimeSet = pdTRUE;
 2032              		.loc 1 1569 21 is_stmt 1
 2033 00a4 13050101 		addi	a0,sp,16
 2034 00a8 97000000 		call	vTaskInternalSetTimeOutState
 2034      E7800000 
 2035              	.LVL241:
1570:/home/zz/quard-start/Quard-Star/trusted_domain/FreeRTOS-Kernel/queue.c ****                 }
 2036              		.loc 1 1570 21
1570:/home/zz/quard-start/Quard-Star/trusted_domain/FreeRTOS-Kernel/queue.c ****                 }
 2037              		.loc 1 1570 35 is_stmt 0
 2038 00b0 93041000 		li	s1,1
 2039 00b4 6F000009 		j	.L150
 2040              	.LVL242:
 2041              	.L165:
 2042              	.LBE16:
1585:/home/zz/quard-start/Quard-Star/trusted_domain/FreeRTOS-Kernel/queue.c **** 
 2043              		.loc 1 1585 9 is_stmt 1 discriminator 1
GAS LISTING /tmp/ccjMK2NG.s 			page 90


 2044 00b8 23040408 		sb	zero,136(s0)
 2045 00bc 6F00400B 		j	.L151
 2046              	.L166:
1585:/home/zz/quard-start/Quard-Star/trusted_domain/FreeRTOS-Kernel/queue.c **** 
 2047              		.loc 1 1585 9 discriminator 4
 2048 00c0 A3040408 		sb	zero,137(s0)
 2049 00c4 6F00000C 		j	.L152
 2050              	.L167:
1602:/home/zz/quard-start/Quard-Star/trusted_domain/FreeRTOS-Kernel/queue.c ****                             {
 2051              		.loc 1 1602 29
 2052 00c8 97000000 		call	vTaskEnterCritical
 2052      E7800000 
 2053              	.LVL243:
1604:/home/zz/quard-start/Quard-Star/trusted_domain/FreeRTOS-Kernel/queue.c ****                             }
 2054              		.loc 1 1604 33
1604:/home/zz/quard-start/Quard-Star/trusted_domain/FreeRTOS-Kernel/queue.c ****                             }
 2055              		.loc 1 1604 56 is_stmt 0
 2056 00d0 03350401 		ld	a0,16(s0)
 2057 00d4 97000000 		call	xTaskPriorityInherit
 2057      E7800000 
 2058              	.LVL244:
 2059 00dc 13090500 		mv	s2,a0
 2060              	.LVL245:
1606:/home/zz/quard-start/Quard-Star/trusted_domain/FreeRTOS-Kernel/queue.c ****                         }
 2061              		.loc 1 1606 29 is_stmt 1
 2062 00e0 97000000 		call	vTaskExitCritical
 2062      E7800000 
 2063              	.LVL246:
 2064 00e8 6F00000D 		j	.L155
 2065              	.L154:
1631:/home/zz/quard-start/Quard-Star/trusted_domain/FreeRTOS-Kernel/queue.c ****                 ( void ) xTaskResumeAll();
 2066              		.loc 1 1631 17
 2067 00ec 13050400 		mv	a0,s0
 2068 00f0 97000000 		call	prvUnlockQueue
 2068      E7800000 
 2069              	.LVL247:
1632:/home/zz/quard-start/Quard-Star/trusted_domain/FreeRTOS-Kernel/queue.c ****             }
 2070              		.loc 1 1632 17
1632:/home/zz/quard-start/Quard-Star/trusted_domain/FreeRTOS-Kernel/queue.c ****             }
 2071              		.loc 1 1632 26 is_stmt 0
 2072 00f8 97000000 		call	xTaskResumeAll
 2072      E7800000 
 2073              	.LVL248:
 2074 0100 6F008002 		j	.L144
 2075              	.L153:
1638:/home/zz/quard-start/Quard-Star/trusted_domain/FreeRTOS-Kernel/queue.c ****             ( void ) xTaskResumeAll();
 2076              		.loc 1 1638 13 is_stmt 1
 2077 0104 13050400 		mv	a0,s0
 2078 0108 97000000 		call	prvUnlockQueue
 2078      E7800000 
 2079              	.LVL249:
1639:/home/zz/quard-start/Quard-Star/trusted_domain/FreeRTOS-Kernel/queue.c **** 
 2080              		.loc 1 1639 13
1639:/home/zz/quard-start/Quard-Star/trusted_domain/FreeRTOS-Kernel/queue.c **** 
 2081              		.loc 1 1639 22 is_stmt 0
 2082 0110 97000000 		call	xTaskResumeAll
 2082      E7800000 
GAS LISTING /tmp/ccjMK2NG.s 			page 91


 2083              	.LVL250:
1645:/home/zz/quard-start/Quard-Star/trusted_domain/FreeRTOS-Kernel/queue.c ****             {
 2084              		.loc 1 1645 13 is_stmt 1
1645:/home/zz/quard-start/Quard-Star/trusted_domain/FreeRTOS-Kernel/queue.c ****             {
 2085              		.loc 1 1645 17 is_stmt 0
 2086 0118 13050400 		mv	a0,s0
 2087 011c 97000000 		call	prvIsQueueEmpty
 2087      E7800000 
 2088              	.LVL251:
1645:/home/zz/quard-start/Quard-Star/trusted_domain/FreeRTOS-Kernel/queue.c ****             {
 2089              		.loc 1 1645 15
 2090 0124 6316050C 		bne	a0,zero,.L161
 2091              	.LVL252:
 2092              	.L144:
1476:/home/zz/quard-start/Quard-Star/trusted_domain/FreeRTOS-Kernel/queue.c **** 
 2093              		.loc 1 1476 32 is_stmt 1
1480:/home/zz/quard-start/Quard-Star/trusted_domain/FreeRTOS-Kernel/queue.c **** 
 2094              		.loc 1 1480 45
1485:/home/zz/quard-start/Quard-Star/trusted_domain/FreeRTOS-Kernel/queue.c ****         }
 2095              		.loc 1 1485 114
1492:/home/zz/quard-start/Quard-Star/trusted_domain/FreeRTOS-Kernel/queue.c ****     {
 2096              		.loc 1 1492 5
1494:/home/zz/quard-start/Quard-Star/trusted_domain/FreeRTOS-Kernel/queue.c ****         {
 2097              		.loc 1 1494 9
 2098 0128 97000000 		call	vTaskEnterCritical
 2098      E7800000 
 2099              	.LVL253:
 2100              	.LBB17:
1498:/home/zz/quard-start/Quard-Star/trusted_domain/FreeRTOS-Kernel/queue.c **** 
 2101              		.loc 1 1498 13
1498:/home/zz/quard-start/Quard-Star/trusted_domain/FreeRTOS-Kernel/queue.c **** 
 2102              		.loc 1 1498 31 is_stmt 0
 2103 0130 83370407 		ld	a5,112(s0)
 2104              	.LVL254:
1502:/home/zz/quard-start/Quard-Star/trusted_domain/FreeRTOS-Kernel/queue.c ****             {
 2105              		.loc 1 1502 13 is_stmt 1
1502:/home/zz/quard-start/Quard-Star/trusted_domain/FreeRTOS-Kernel/queue.c ****             {
 2106              		.loc 1 1502 15 is_stmt 0
 2107 0134 E39A07EE 		bne	a5,zero,.L162
1548:/home/zz/quard-start/Quard-Star/trusted_domain/FreeRTOS-Kernel/queue.c ****                 {
 2108              		.loc 1 1548 17 is_stmt 1
1548:/home/zz/quard-start/Quard-Star/trusted_domain/FreeRTOS-Kernel/queue.c ****                 {
 2109              		.loc 1 1548 34 is_stmt 0
 2110 0138 83378100 		ld	a5,8(sp)
 2111              	.LVL255:
1548:/home/zz/quard-start/Quard-Star/trusted_domain/FreeRTOS-Kernel/queue.c ****                 {
 2112              		.loc 1 1548 19
 2113 013c E38C07F4 		beq	a5,zero,.L163
1565:/home/zz/quard-start/Quard-Star/trusted_domain/FreeRTOS-Kernel/queue.c ****                 {
 2114              		.loc 1 1565 22 is_stmt 1
1565:/home/zz/quard-start/Quard-Star/trusted_domain/FreeRTOS-Kernel/queue.c ****                 {
 2115              		.loc 1 1565 24 is_stmt 0
 2116 0140 E38204F6 		beq	s1,zero,.L164
 2117              	.LVL256:
 2118              	.L150:
1575:/home/zz/quard-start/Quard-Star/trusted_domain/FreeRTOS-Kernel/queue.c ****                 }
 2119              		.loc 1 1575 45 is_stmt 1
GAS LISTING /tmp/ccjMK2NG.s 			page 92


 2120              	.LBE17:
1579:/home/zz/quard-start/Quard-Star/trusted_domain/FreeRTOS-Kernel/queue.c **** 
 2121              		.loc 1 1579 9
 2122 0144 97000000 		call	vTaskExitCritical
 2122      E7800000 
 2123              	.LVL257:
1584:/home/zz/quard-start/Quard-Star/trusted_domain/FreeRTOS-Kernel/queue.c ****         prvLockQueue( pxQueue );
 2124              		.loc 1 1584 9
 2125 014c 97000000 		call	vTaskSuspendAll
 2125      E7800000 
 2126              	.LVL258:
1585:/home/zz/quard-start/Quard-Star/trusted_domain/FreeRTOS-Kernel/queue.c **** 
 2127              		.loc 1 1585 9
 2128 0154 97000000 		call	vTaskEnterCritical
 2128      E7800000 
 2129              	.LVL259:
1585:/home/zz/quard-start/Quard-Star/trusted_domain/FreeRTOS-Kernel/queue.c **** 
 2130              		.loc 1 1585 9
 2131 015c 83478408 		lbu	a5,136(s0)
 2132 0160 9B978701 		slliw	a5,a5,24
 2133 0164 9BD78741 		sraiw	a5,a5,24
 2134 0168 1307F0FF 		li	a4,-1
 2135 016c E386E7F4 		beq	a5,a4,.L165
 2136              	.L151:
1585:/home/zz/quard-start/Quard-Star/trusted_domain/FreeRTOS-Kernel/queue.c **** 
 2137              		.loc 1 1585 9 discriminator 3
 2138 0170 83479408 		lbu	a5,137(s0)
 2139 0174 9B978701 		slliw	a5,a5,24
 2140 0178 9BD78741 		sraiw	a5,a5,24
 2141 017c 1307F0FF 		li	a4,-1
 2142 0180 E380E7F4 		beq	a5,a4,.L166
 2143              	.L152:
1585:/home/zz/quard-start/Quard-Star/trusted_domain/FreeRTOS-Kernel/queue.c **** 
 2144              		.loc 1 1585 9 discriminator 6
 2145 0184 97000000 		call	vTaskExitCritical
 2145      E7800000 
 2146              	.LVL260:
1588:/home/zz/quard-start/Quard-Star/trusted_domain/FreeRTOS-Kernel/queue.c ****         {
 2147              		.loc 1 1588 9 discriminator 6
1588:/home/zz/quard-start/Quard-Star/trusted_domain/FreeRTOS-Kernel/queue.c ****         {
 2148              		.loc 1 1588 13 is_stmt 0 discriminator 6
 2149 018c 93058100 		addi	a1,sp,8
 2150 0190 13050101 		addi	a0,sp,16
 2151 0194 97000000 		call	xTaskCheckForTimeOut
 2151      E7800000 
 2152              	.LVL261:
1588:/home/zz/quard-start/Quard-Star/trusted_domain/FreeRTOS-Kernel/queue.c ****         {
 2153              		.loc 1 1588 11 discriminator 6
 2154 019c E31405F6 		bne	a0,zero,.L153
1594:/home/zz/quard-start/Quard-Star/trusted_domain/FreeRTOS-Kernel/queue.c ****             {
 2155              		.loc 1 1594 13 is_stmt 1
1594:/home/zz/quard-start/Quard-Star/trusted_domain/FreeRTOS-Kernel/queue.c ****             {
 2156              		.loc 1 1594 17 is_stmt 0
 2157 01a0 13050400 		mv	a0,s0
 2158 01a4 97000000 		call	prvIsQueueEmpty
 2158      E7800000 
 2159              	.LVL262:
GAS LISTING /tmp/ccjMK2NG.s 			page 93


1594:/home/zz/quard-start/Quard-Star/trusted_domain/FreeRTOS-Kernel/queue.c ****             {
 2160              		.loc 1 1594 15
 2161 01ac E30005F4 		beq	a0,zero,.L154
1596:/home/zz/quard-start/Quard-Star/trusted_domain/FreeRTOS-Kernel/queue.c **** 
 2162              		.loc 1 1596 58 is_stmt 1
1600:/home/zz/quard-start/Quard-Star/trusted_domain/FreeRTOS-Kernel/queue.c ****                         {
 2163              		.loc 1 1600 25
1600:/home/zz/quard-start/Quard-Star/trusted_domain/FreeRTOS-Kernel/queue.c ****                         {
 2164              		.loc 1 1600 36 is_stmt 0
 2165 01b0 83370400 		ld	a5,0(s0)
1600:/home/zz/quard-start/Quard-Star/trusted_domain/FreeRTOS-Kernel/queue.c ****                         {
 2166              		.loc 1 1600 27
 2167 01b4 E38A07F0 		beq	a5,zero,.L167
 2168              	.L155:
1610:/home/zz/quard-start/Quard-Star/trusted_domain/FreeRTOS-Kernel/queue.c ****                         }
 2169              		.loc 1 1610 53 is_stmt 1
1615:/home/zz/quard-start/Quard-Star/trusted_domain/FreeRTOS-Kernel/queue.c ****                 prvUnlockQueue( pxQueue );
 2170              		.loc 1 1615 17
 2171 01b8 83358100 		ld	a1,8(sp)
 2172 01bc 13058404 		addi	a0,s0,72
 2173 01c0 97000000 		call	vTaskPlaceOnEventList
 2173      E7800000 
 2174              	.LVL263:
1616:/home/zz/quard-start/Quard-Star/trusted_domain/FreeRTOS-Kernel/queue.c **** 
 2175              		.loc 1 1616 17
 2176 01c8 13050400 		mv	a0,s0
 2177 01cc 97000000 		call	prvUnlockQueue
 2177      E7800000 
 2178              	.LVL264:
1618:/home/zz/quard-start/Quard-Star/trusted_domain/FreeRTOS-Kernel/queue.c ****                 {
 2179              		.loc 1 1618 17
1618:/home/zz/quard-start/Quard-Star/trusted_domain/FreeRTOS-Kernel/queue.c ****                 {
 2180              		.loc 1 1618 21 is_stmt 0
 2181 01d4 97000000 		call	xTaskResumeAll
 2181      E7800000 
 2182              	.LVL265:
1618:/home/zz/quard-start/Quard-Star/trusted_domain/FreeRTOS-Kernel/queue.c ****                 {
 2183              		.loc 1 1618 19
 2184 01dc E31605F4 		bne	a0,zero,.L144
1620:/home/zz/quard-start/Quard-Star/trusted_domain/FreeRTOS-Kernel/queue.c ****                 }
 2185              		.loc 1 1620 21 is_stmt 1
 2186 01e0 13050008 		li	a0,128
 2187 01e4 97000000 		call	sbi_send_ipi
 2187      E7800000 
 2188              	.LVL266:
 2189 01ec 6FF0DFF3 		j	.L144
 2190              	.L161:
1652:/home/zz/quard-start/Quard-Star/trusted_domain/FreeRTOS-Kernel/queue.c ****                         {
 2191              		.loc 1 1652 25
1652:/home/zz/quard-start/Quard-Star/trusted_domain/FreeRTOS-Kernel/queue.c ****                         {
 2192              		.loc 1 1652 27 is_stmt 0
 2193 01f0 63160900 		bne	s2,zero,.L168
 2194              	.L157:
1671:/home/zz/quard-start/Quard-Star/trusted_domain/FreeRTOS-Kernel/queue.c ****                 return errQUEUE_EMPTY;
 2195              		.loc 1 1671 53 is_stmt 1
1672:/home/zz/quard-start/Quard-Star/trusted_domain/FreeRTOS-Kernel/queue.c ****             }
 2196              		.loc 1 1672 17
GAS LISTING /tmp/ccjMK2NG.s 			page 94


1672:/home/zz/quard-start/Quard-Star/trusted_domain/FreeRTOS-Kernel/queue.c ****             }
 2197              		.loc 1 1672 24 is_stmt 0
 2198 01f4 13050000 		li	a0,0
 2199 01f8 6FF05FE5 		j	.L143
 2200              	.L168:
1654:/home/zz/quard-start/Quard-Star/trusted_domain/FreeRTOS-Kernel/queue.c ****                             {
 2201              		.loc 1 1654 29 is_stmt 1
 2202 01fc 97000000 		call	vTaskEnterCritical
 2202      E7800000 
 2203              	.LVL267:
 2204              	.LBB18:
1656:/home/zz/quard-start/Quard-Star/trusted_domain/FreeRTOS-Kernel/queue.c **** 
 2205              		.loc 1 1656 33
1663:/home/zz/quard-start/Quard-Star/trusted_domain/FreeRTOS-Kernel/queue.c ****                                 vTaskPriorityDisinheritAfterTimeout( pxQueue->u.xSemaphore.xMutexHo
 2206              		.loc 1 1663 33
1663:/home/zz/quard-start/Quard-Star/trusted_domain/FreeRTOS-Kernel/queue.c ****                                 vTaskPriorityDisinheritAfterTimeout( pxQueue->u.xSemaphore.xMutexHo
 2207              		.loc 1 1663 60 is_stmt 0
 2208 0204 13050400 		mv	a0,s0
 2209 0208 97000000 		call	prvGetDisinheritPriorityAfterTimeout
 2209      E7800000 
 2210              	.LVL268:
 2211 0210 93050500 		mv	a1,a0
 2212              	.LVL269:
1664:/home/zz/quard-start/Quard-Star/trusted_domain/FreeRTOS-Kernel/queue.c ****                             }
 2213              		.loc 1 1664 33 is_stmt 1
 2214 0214 03350401 		ld	a0,16(s0)
 2215              	.LVL270:
 2216 0218 97000000 		call	vTaskPriorityDisinheritAfterTimeout
 2216      E7800000 
 2217              	.LVL271:
 2218              	.LBE18:
1666:/home/zz/quard-start/Quard-Star/trusted_domain/FreeRTOS-Kernel/queue.c ****                         }
 2219              		.loc 1 1666 29
 2220 0220 97000000 		call	vTaskExitCritical
 2220      E7800000 
 2221              	.LVL272:
 2222 0228 6FF0DFFC 		j	.L157
 2223              		.cfi_endproc
 2224              	.LFE16:
 2226              		.section	.text.xQueueTakeMutexRecursive,"ax",@progbits
 2227              		.align	2
 2228              		.globl	xQueueTakeMutexRecursive
 2230              	xQueueTakeMutexRecursive:
 2231              	.LFB10:
 673:/home/zz/quard-start/Quard-Star/trusted_domain/FreeRTOS-Kernel/queue.c ****         BaseType_t xReturn;
 2232              		.loc 1 673 5
 2233              		.cfi_startproc
 2234              	.LVL273:
 2235 0000 130101FE 		addi	sp,sp,-32
 2236              	.LCFI50:
 2237              		.cfi_def_cfa_offset 32
 2238 0004 233C1100 		sd	ra,24(sp)
 2239 0008 23388100 		sd	s0,16(sp)
 2240 000c 23349100 		sd	s1,8(sp)
 2241 0010 23302101 		sd	s2,0(sp)
 2242              		.cfi_offset 1, -8
 2243              		.cfi_offset 8, -16
GAS LISTING /tmp/ccjMK2NG.s 			page 95


 2244              		.cfi_offset 9, -24
 2245              		.cfi_offset 18, -32
 2246 0014 13040500 		mv	s0,a0
 2247 0018 93840500 		mv	s1,a1
 674:/home/zz/quard-start/Quard-Star/trusted_domain/FreeRTOS-Kernel/queue.c ****         Queue_t * const pxMutex = ( Queue_t * ) xMutex;
 2248              		.loc 1 674 9
 675:/home/zz/quard-start/Quard-Star/trusted_domain/FreeRTOS-Kernel/queue.c **** 
 2249              		.loc 1 675 9
 2250              	.LVL274:
 677:/home/zz/quard-start/Quard-Star/trusted_domain/FreeRTOS-Kernel/queue.c **** 
 2251              		.loc 1 677 32
 682:/home/zz/quard-start/Quard-Star/trusted_domain/FreeRTOS-Kernel/queue.c **** 
 2252              		.loc 1 682 45
 684:/home/zz/quard-start/Quard-Star/trusted_domain/FreeRTOS-Kernel/queue.c ****         {
 2253              		.loc 1 684 9
 684:/home/zz/quard-start/Quard-Star/trusted_domain/FreeRTOS-Kernel/queue.c ****         {
 2254              		.loc 1 684 34 is_stmt 0
 2255 001c 03390501 		ld	s2,16(a0)
 684:/home/zz/quard-start/Quard-Star/trusted_domain/FreeRTOS-Kernel/queue.c ****         {
 2256              		.loc 1 684 51
 2257 0020 97000000 		call	xTaskGetCurrentTaskHandle
 2257      E7800000 
 2258              	.LVL275:
 684:/home/zz/quard-start/Quard-Star/trusted_domain/FreeRTOS-Kernel/queue.c ****         {
 2259              		.loc 1 684 11
 2260 0028 6304A902 		beq	s2,a0,.L173
 691:/home/zz/quard-start/Quard-Star/trusted_domain/FreeRTOS-Kernel/queue.c **** 
 2261              		.loc 1 691 13 is_stmt 1
 691:/home/zz/quard-start/Quard-Star/trusted_domain/FreeRTOS-Kernel/queue.c **** 
 2262              		.loc 1 691 23 is_stmt 0
 2263 002c 93850400 		mv	a1,s1
 2264 0030 13050400 		mv	a0,s0
 2265 0034 97000000 		call	xQueueSemaphoreTake
 2265      E7800000 
 2266              	.LVL276:
 696:/home/zz/quard-start/Quard-Star/trusted_domain/FreeRTOS-Kernel/queue.c ****             {
 2267              		.loc 1 696 13 is_stmt 1
 696:/home/zz/quard-start/Quard-Star/trusted_domain/FreeRTOS-Kernel/queue.c ****             {
 2268              		.loc 1 696 15 is_stmt 0
 2269 003c 63020502 		beq	a0,zero,.L169
 698:/home/zz/quard-start/Quard-Star/trusted_domain/FreeRTOS-Kernel/queue.c ****             }
 2270              		.loc 1 698 17 is_stmt 1
 698:/home/zz/quard-start/Quard-Star/trusted_domain/FreeRTOS-Kernel/queue.c ****             }
 2271              		.loc 1 698 40 is_stmt 0
 2272 0040 83378401 		ld	a5,24(s0)
 698:/home/zz/quard-start/Quard-Star/trusted_domain/FreeRTOS-Kernel/queue.c ****             }
 2273              		.loc 1 698 63
 2274 0044 93871700 		addi	a5,a5,1
 2275 0048 233CF400 		sd	a5,24(s0)
 702:/home/zz/quard-start/Quard-Star/trusted_domain/FreeRTOS-Kernel/queue.c ****             }
 2276              		.loc 1 702 60 is_stmt 1
 706:/home/zz/quard-start/Quard-Star/trusted_domain/FreeRTOS-Kernel/queue.c ****     }
 2277              		.loc 1 706 9
 706:/home/zz/quard-start/Quard-Star/trusted_domain/FreeRTOS-Kernel/queue.c ****     }
 2278              		.loc 1 706 16 is_stmt 0
 2279 004c 6F004001 		j	.L169
 2280              	.LVL277:
GAS LISTING /tmp/ccjMK2NG.s 			page 96


 2281              	.L173:
 686:/home/zz/quard-start/Quard-Star/trusted_domain/FreeRTOS-Kernel/queue.c ****             xReturn = pdPASS;
 2282              		.loc 1 686 13 is_stmt 1
 686:/home/zz/quard-start/Quard-Star/trusted_domain/FreeRTOS-Kernel/queue.c ****             xReturn = pdPASS;
 2283              		.loc 1 686 36 is_stmt 0
 2284 0050 83378401 		ld	a5,24(s0)
 686:/home/zz/quard-start/Quard-Star/trusted_domain/FreeRTOS-Kernel/queue.c ****             xReturn = pdPASS;
 2285              		.loc 1 686 59
 2286 0054 93871700 		addi	a5,a5,1
 2287 0058 233CF400 		sd	a5,24(s0)
 687:/home/zz/quard-start/Quard-Star/trusted_domain/FreeRTOS-Kernel/queue.c ****         }
 2288              		.loc 1 687 13 is_stmt 1
 2289              	.LVL278:
 687:/home/zz/quard-start/Quard-Star/trusted_domain/FreeRTOS-Kernel/queue.c ****         }
 2290              		.loc 1 687 21 is_stmt 0
 2291 005c 13051000 		li	a0,1
 2292              	.LVL279:
 2293              	.L169:
 707:/home/zz/quard-start/Quard-Star/trusted_domain/FreeRTOS-Kernel/queue.c **** 
 2294              		.loc 1 707 5
 2295 0060 83308101 		ld	ra,24(sp)
 2296              		.cfi_restore 1
 2297 0064 03340101 		ld	s0,16(sp)
 2298              		.cfi_restore 8
 2299              	.LVL280:
 2300 0068 83348100 		ld	s1,8(sp)
 2301              		.cfi_restore 9
 2302              	.LVL281:
 2303 006c 03390100 		ld	s2,0(sp)
 2304              		.cfi_restore 18
 2305 0070 13010102 		addi	sp,sp,32
 2306              	.LCFI51:
 2307              		.cfi_def_cfa_offset 0
 2308 0074 67800000 		jr	ra
 2309              		.cfi_endproc
 2310              	.LFE10:
 2312              		.section	.text.xQueuePeek,"ax",@progbits
 2313              		.align	2
 2314              		.globl	xQueuePeek
 2316              	xQueuePeek:
 2317              	.LFB17:
1686:/home/zz/quard-start/Quard-Star/trusted_domain/FreeRTOS-Kernel/queue.c ****     BaseType_t xEntryTimeSet = pdFALSE;
 2318              		.loc 1 1686 1 is_stmt 1
 2319              		.cfi_startproc
 2320              	.LVL282:
 2321 0000 130101FC 		addi	sp,sp,-64
 2322              	.LCFI52:
 2323              		.cfi_def_cfa_offset 64
 2324 0004 233C1102 		sd	ra,56(sp)
 2325 0008 23388102 		sd	s0,48(sp)
 2326 000c 23349102 		sd	s1,40(sp)
 2327 0010 23302103 		sd	s2,32(sp)
 2328              		.cfi_offset 1, -8
 2329              		.cfi_offset 8, -16
 2330              		.cfi_offset 9, -24
 2331              		.cfi_offset 18, -32
 2332 0014 13040500 		mv	s0,a0
GAS LISTING /tmp/ccjMK2NG.s 			page 97


 2333 0018 13890500 		mv	s2,a1
 2334 001c 2334C100 		sd	a2,8(sp)
1687:/home/zz/quard-start/Quard-Star/trusted_domain/FreeRTOS-Kernel/queue.c ****     TimeOut_t xTimeOut;
 2335              		.loc 1 1687 5
 2336              	.LVL283:
1688:/home/zz/quard-start/Quard-Star/trusted_domain/FreeRTOS-Kernel/queue.c ****     int8_t * pcOriginalReadPosition;
 2337              		.loc 1 1688 5
1689:/home/zz/quard-start/Quard-Star/trusted_domain/FreeRTOS-Kernel/queue.c ****     Queue_t * const pxQueue = xQueue;
 2338              		.loc 1 1689 5
1690:/home/zz/quard-start/Quard-Star/trusted_domain/FreeRTOS-Kernel/queue.c **** 
 2339              		.loc 1 1690 5
1687:/home/zz/quard-start/Quard-Star/trusted_domain/FreeRTOS-Kernel/queue.c ****     TimeOut_t xTimeOut;
 2340              		.loc 1 1687 16 is_stmt 0
 2341 0020 93040000 		li	s1,0
 2342 0024 6F00800D 		j	.L175
 2343              	.LVL284:
 2344              	.L189:
 2345              	.LBB19:
1722:/home/zz/quard-start/Quard-Star/trusted_domain/FreeRTOS-Kernel/queue.c **** 
 2346              		.loc 1 1722 17 is_stmt 1
1722:/home/zz/quard-start/Quard-Star/trusted_domain/FreeRTOS-Kernel/queue.c **** 
 2347              		.loc 1 1722 40 is_stmt 0
 2348 0028 83348401 		ld	s1,24(s0)
 2349              	.LVL285:
1724:/home/zz/quard-start/Quard-Star/trusted_domain/FreeRTOS-Kernel/queue.c ****                 traceQUEUE_PEEK( pxQueue );
 2350              		.loc 1 1724 17 is_stmt 1
 2351 002c 93050900 		mv	a1,s2
 2352 0030 13050400 		mv	a0,s0
 2353 0034 97000000 		call	prvCopyDataFromQueue
 2353      E7800000 
 2354              	.LVL286:
1725:/home/zz/quard-start/Quard-Star/trusted_domain/FreeRTOS-Kernel/queue.c **** 
 2355              		.loc 1 1725 43
1728:/home/zz/quard-start/Quard-Star/trusted_domain/FreeRTOS-Kernel/queue.c **** 
 2356              		.loc 1 1728 17
1728:/home/zz/quard-start/Quard-Star/trusted_domain/FreeRTOS-Kernel/queue.c **** 
 2357              		.loc 1 1728 46 is_stmt 0
 2358 003c 233C9400 		sd	s1,24(s0)
1732:/home/zz/quard-start/Quard-Star/trusted_domain/FreeRTOS-Kernel/queue.c ****                 {
 2359              		.loc 1 1732 17 is_stmt 1
1732:/home/zz/quard-start/Quard-Star/trusted_domain/FreeRTOS-Kernel/queue.c ****                 {
 2360              		.loc 1 1732 21 is_stmt 0
 2361 0040 83378404 		ld	a5,72(s0)
1732:/home/zz/quard-start/Quard-Star/trusted_domain/FreeRTOS-Kernel/queue.c ****                 {
 2362              		.loc 1 1732 19
 2363 0044 63940702 		bne	a5,zero,.L187
 2364              	.L177:
1746:/home/zz/quard-start/Quard-Star/trusted_domain/FreeRTOS-Kernel/queue.c ****                 }
 2365              		.loc 1 1746 45 is_stmt 1
1749:/home/zz/quard-start/Quard-Star/trusted_domain/FreeRTOS-Kernel/queue.c ****                 return pdPASS;
 2366              		.loc 1 1749 17
 2367 0048 97000000 		call	vTaskExitCritical
 2367      E7800000 
 2368              	.LVL287:
1750:/home/zz/quard-start/Quard-Star/trusted_domain/FreeRTOS-Kernel/queue.c ****             }
 2369              		.loc 1 1750 17
1750:/home/zz/quard-start/Quard-Star/trusted_domain/FreeRTOS-Kernel/queue.c ****             }
GAS LISTING /tmp/ccjMK2NG.s 			page 98


 2370              		.loc 1 1750 24 is_stmt 0
 2371 0050 13051000 		li	a0,1
 2372              	.LVL288:
 2373              	.L174:
 2374              	.LBE19:
1831:/home/zz/quard-start/Quard-Star/trusted_domain/FreeRTOS-Kernel/queue.c **** /*-----------------------------------------------------------*/
 2375              		.loc 1 1831 1
 2376 0054 83308103 		ld	ra,56(sp)
 2377              		.cfi_remember_state
 2378              		.cfi_restore 1
 2379 0058 03340103 		ld	s0,48(sp)
 2380              		.cfi_restore 8
 2381              	.LVL289:
 2382 005c 83348102 		ld	s1,40(sp)
 2383              		.cfi_restore 9
 2384 0060 03390102 		ld	s2,32(sp)
 2385              		.cfi_restore 18
 2386              	.LVL290:
 2387 0064 13010104 		addi	sp,sp,64
 2388              	.LCFI53:
 2389              		.cfi_def_cfa_offset 0
 2390 0068 67800000 		jr	ra
 2391              	.LVL291:
 2392              	.L187:
 2393              	.LCFI54:
 2394              		.cfi_restore_state
 2395              	.LBB20:
1734:/home/zz/quard-start/Quard-Star/trusted_domain/FreeRTOS-Kernel/queue.c ****                     {
 2396              		.loc 1 1734 21 is_stmt 1
1734:/home/zz/quard-start/Quard-Star/trusted_domain/FreeRTOS-Kernel/queue.c ****                     {
 2397              		.loc 1 1734 25 is_stmt 0
 2398 006c 13058404 		addi	a0,s0,72
 2399 0070 97000000 		call	xTaskRemoveFromEventList
 2399      E7800000 
 2400              	.LVL292:
1734:/home/zz/quard-start/Quard-Star/trusted_domain/FreeRTOS-Kernel/queue.c ****                     {
 2401              		.loc 1 1734 23
 2402 0078 E30805FC 		beq	a0,zero,.L177
1737:/home/zz/quard-start/Quard-Star/trusted_domain/FreeRTOS-Kernel/queue.c ****                     }
 2403              		.loc 1 1737 25 is_stmt 1
 2404 007c 13050008 		li	a0,128
 2405 0080 97000000 		call	sbi_send_ipi
 2405      E7800000 
 2406              	.LVL293:
 2407 0088 6FF01FFC 		j	.L177
 2408              	.LVL294:
 2409              	.L190:
1758:/home/zz/quard-start/Quard-Star/trusted_domain/FreeRTOS-Kernel/queue.c ****                     traceQUEUE_PEEK_FAILED( pxQueue );
 2410              		.loc 1 1758 21
 2411 008c 97000000 		call	vTaskExitCritical
 2411      E7800000 
 2412              	.LVL295:
1759:/home/zz/quard-start/Quard-Star/trusted_domain/FreeRTOS-Kernel/queue.c ****                     return errQUEUE_EMPTY;
 2413              		.loc 1 1759 54
1760:/home/zz/quard-start/Quard-Star/trusted_domain/FreeRTOS-Kernel/queue.c ****                 }
 2414              		.loc 1 1760 21
1760:/home/zz/quard-start/Quard-Star/trusted_domain/FreeRTOS-Kernel/queue.c ****                 }
GAS LISTING /tmp/ccjMK2NG.s 			page 99


 2415              		.loc 1 1760 28 is_stmt 0
 2416 0094 13050000 		li	a0,0
 2417 0098 6FF0DFFB 		j	.L174
 2418              	.L191:
1767:/home/zz/quard-start/Quard-Star/trusted_domain/FreeRTOS-Kernel/queue.c ****                     xEntryTimeSet = pdTRUE;
 2419              		.loc 1 1767 21 is_stmt 1
 2420 009c 13050101 		addi	a0,sp,16
 2421 00a0 97000000 		call	vTaskInternalSetTimeOutState
 2421      E7800000 
 2422              	.LVL296:
1768:/home/zz/quard-start/Quard-Star/trusted_domain/FreeRTOS-Kernel/queue.c ****                 }
 2423              		.loc 1 1768 21
1768:/home/zz/quard-start/Quard-Star/trusted_domain/FreeRTOS-Kernel/queue.c ****                 }
 2424              		.loc 1 1768 35 is_stmt 0
 2425 00a8 93041000 		li	s1,1
 2426 00ac 6F00C006 		j	.L180
 2427              	.LVL297:
 2428              	.L192:
 2429              	.LBE20:
1783:/home/zz/quard-start/Quard-Star/trusted_domain/FreeRTOS-Kernel/queue.c **** 
 2430              		.loc 1 1783 9 is_stmt 1 discriminator 1
 2431 00b0 23040408 		sb	zero,136(s0)
 2432 00b4 6F000009 		j	.L181
 2433              	.L193:
1783:/home/zz/quard-start/Quard-Star/trusted_domain/FreeRTOS-Kernel/queue.c **** 
 2434              		.loc 1 1783 9 discriminator 4
 2435 00b8 A3040408 		sb	zero,137(s0)
 2436 00bc 6F00C009 		j	.L182
 2437              	.L184:
1809:/home/zz/quard-start/Quard-Star/trusted_domain/FreeRTOS-Kernel/queue.c ****                 ( void ) xTaskResumeAll();
 2438              		.loc 1 1809 17
 2439 00c0 13050400 		mv	a0,s0
 2440 00c4 97000000 		call	prvUnlockQueue
 2440      E7800000 
 2441              	.LVL298:
1810:/home/zz/quard-start/Quard-Star/trusted_domain/FreeRTOS-Kernel/queue.c ****             }
 2442              		.loc 1 1810 17
1810:/home/zz/quard-start/Quard-Star/trusted_domain/FreeRTOS-Kernel/queue.c ****             }
 2443              		.loc 1 1810 26 is_stmt 0
 2444 00cc 97000000 		call	xTaskResumeAll
 2444      E7800000 
 2445              	.LVL299:
 2446 00d4 6F008002 		j	.L175
 2447              	.L183:
1817:/home/zz/quard-start/Quard-Star/trusted_domain/FreeRTOS-Kernel/queue.c ****             ( void ) xTaskResumeAll();
 2448              		.loc 1 1817 13 is_stmt 1
 2449 00d8 13050400 		mv	a0,s0
 2450 00dc 97000000 		call	prvUnlockQueue
 2450      E7800000 
 2451              	.LVL300:
1818:/home/zz/quard-start/Quard-Star/trusted_domain/FreeRTOS-Kernel/queue.c **** 
 2452              		.loc 1 1818 13
1818:/home/zz/quard-start/Quard-Star/trusted_domain/FreeRTOS-Kernel/queue.c **** 
 2453              		.loc 1 1818 22 is_stmt 0
 2454 00e4 97000000 		call	xTaskResumeAll
 2454      E7800000 
 2455              	.LVL301:
GAS LISTING /tmp/ccjMK2NG.s 			page 100


1820:/home/zz/quard-start/Quard-Star/trusted_domain/FreeRTOS-Kernel/queue.c ****             {
 2456              		.loc 1 1820 13 is_stmt 1
1820:/home/zz/quard-start/Quard-Star/trusted_domain/FreeRTOS-Kernel/queue.c ****             {
 2457              		.loc 1 1820 17 is_stmt 0
 2458 00ec 13050400 		mv	a0,s0
 2459 00f0 97000000 		call	prvIsQueueEmpty
 2459      E7800000 
 2460              	.LVL302:
1820:/home/zz/quard-start/Quard-Star/trusted_domain/FreeRTOS-Kernel/queue.c ****             {
 2461              		.loc 1 1820 15
 2462 00f8 6312050C 		bne	a0,zero,.L188
 2463              	.LVL303:
 2464              	.L175:
1693:/home/zz/quard-start/Quard-Star/trusted_domain/FreeRTOS-Kernel/queue.c **** 
 2465              		.loc 1 1693 32 is_stmt 1
1697:/home/zz/quard-start/Quard-Star/trusted_domain/FreeRTOS-Kernel/queue.c **** 
 2466              		.loc 1 1697 103
1702:/home/zz/quard-start/Quard-Star/trusted_domain/FreeRTOS-Kernel/queue.c ****         }
 2467              		.loc 1 1702 114
1709:/home/zz/quard-start/Quard-Star/trusted_domain/FreeRTOS-Kernel/queue.c ****     {
 2468              		.loc 1 1709 5
1711:/home/zz/quard-start/Quard-Star/trusted_domain/FreeRTOS-Kernel/queue.c ****         {
 2469              		.loc 1 1711 9
 2470 00fc 97000000 		call	vTaskEnterCritical
 2470      E7800000 
 2471              	.LVL304:
 2472              	.LBB21:
1713:/home/zz/quard-start/Quard-Star/trusted_domain/FreeRTOS-Kernel/queue.c **** 
 2473              		.loc 1 1713 13
1713:/home/zz/quard-start/Quard-Star/trusted_domain/FreeRTOS-Kernel/queue.c **** 
 2474              		.loc 1 1713 31 is_stmt 0
 2475 0104 83370407 		ld	a5,112(s0)
 2476              	.LVL305:
1717:/home/zz/quard-start/Quard-Star/trusted_domain/FreeRTOS-Kernel/queue.c ****             {
 2477              		.loc 1 1717 13 is_stmt 1
1717:/home/zz/quard-start/Quard-Star/trusted_domain/FreeRTOS-Kernel/queue.c ****             {
 2478              		.loc 1 1717 15 is_stmt 0
 2479 0108 E39007F2 		bne	a5,zero,.L189
1754:/home/zz/quard-start/Quard-Star/trusted_domain/FreeRTOS-Kernel/queue.c ****                 {
 2480              		.loc 1 1754 17 is_stmt 1
1754:/home/zz/quard-start/Quard-Star/trusted_domain/FreeRTOS-Kernel/queue.c ****                 {
 2481              		.loc 1 1754 34 is_stmt 0
 2482 010c 83378100 		ld	a5,8(sp)
 2483              	.LVL306:
1754:/home/zz/quard-start/Quard-Star/trusted_domain/FreeRTOS-Kernel/queue.c ****                 {
 2484              		.loc 1 1754 19
 2485 0110 E38E07F6 		beq	a5,zero,.L190
1762:/home/zz/quard-start/Quard-Star/trusted_domain/FreeRTOS-Kernel/queue.c ****                 {
 2486              		.loc 1 1762 22 is_stmt 1
1762:/home/zz/quard-start/Quard-Star/trusted_domain/FreeRTOS-Kernel/queue.c ****                 {
 2487              		.loc 1 1762 24 is_stmt 0
 2488 0114 E38404F8 		beq	s1,zero,.L191
 2489              	.LVL307:
 2490              	.L180:
1773:/home/zz/quard-start/Quard-Star/trusted_domain/FreeRTOS-Kernel/queue.c ****                 }
 2491              		.loc 1 1773 45 is_stmt 1
 2492              	.LBE21:
GAS LISTING /tmp/ccjMK2NG.s 			page 101


1777:/home/zz/quard-start/Quard-Star/trusted_domain/FreeRTOS-Kernel/queue.c **** 
 2493              		.loc 1 1777 9
 2494 0118 97000000 		call	vTaskExitCritical
 2494      E7800000 
 2495              	.LVL308:
1782:/home/zz/quard-start/Quard-Star/trusted_domain/FreeRTOS-Kernel/queue.c ****         prvLockQueue( pxQueue );
 2496              		.loc 1 1782 9
 2497 0120 97000000 		call	vTaskSuspendAll
 2497      E7800000 
 2498              	.LVL309:
1783:/home/zz/quard-start/Quard-Star/trusted_domain/FreeRTOS-Kernel/queue.c **** 
 2499              		.loc 1 1783 9
 2500 0128 97000000 		call	vTaskEnterCritical
 2500      E7800000 
 2501              	.LVL310:
1783:/home/zz/quard-start/Quard-Star/trusted_domain/FreeRTOS-Kernel/queue.c **** 
 2502              		.loc 1 1783 9
 2503 0130 83478408 		lbu	a5,136(s0)
 2504 0134 9B978701 		slliw	a5,a5,24
 2505 0138 9BD78741 		sraiw	a5,a5,24
 2506 013c 1307F0FF 		li	a4,-1
 2507 0140 E388E7F6 		beq	a5,a4,.L192
 2508              	.L181:
1783:/home/zz/quard-start/Quard-Star/trusted_domain/FreeRTOS-Kernel/queue.c **** 
 2509              		.loc 1 1783 9 discriminator 3
 2510 0144 83479408 		lbu	a5,137(s0)
 2511 0148 9B978701 		slliw	a5,a5,24
 2512 014c 9BD78741 		sraiw	a5,a5,24
 2513 0150 1307F0FF 		li	a4,-1
 2514 0154 E382E7F6 		beq	a5,a4,.L193
 2515              	.L182:
1783:/home/zz/quard-start/Quard-Star/trusted_domain/FreeRTOS-Kernel/queue.c **** 
 2516              		.loc 1 1783 9 discriminator 6
 2517 0158 97000000 		call	vTaskExitCritical
 2517      E7800000 
 2518              	.LVL311:
1786:/home/zz/quard-start/Quard-Star/trusted_domain/FreeRTOS-Kernel/queue.c ****         {
 2519              		.loc 1 1786 9 discriminator 6
1786:/home/zz/quard-start/Quard-Star/trusted_domain/FreeRTOS-Kernel/queue.c ****         {
 2520              		.loc 1 1786 13 is_stmt 0 discriminator 6
 2521 0160 93058100 		addi	a1,sp,8
 2522 0164 13050101 		addi	a0,sp,16
 2523 0168 97000000 		call	xTaskCheckForTimeOut
 2523      E7800000 
 2524              	.LVL312:
1786:/home/zz/quard-start/Quard-Star/trusted_domain/FreeRTOS-Kernel/queue.c ****         {
 2525              		.loc 1 1786 11 discriminator 6
 2526 0170 E31405F6 		bne	a0,zero,.L183
1790:/home/zz/quard-start/Quard-Star/trusted_domain/FreeRTOS-Kernel/queue.c ****             {
 2527              		.loc 1 1790 13 is_stmt 1
1790:/home/zz/quard-start/Quard-Star/trusted_domain/FreeRTOS-Kernel/queue.c ****             {
 2528              		.loc 1 1790 17 is_stmt 0
 2529 0174 13050400 		mv	a0,s0
 2530 0178 97000000 		call	prvIsQueueEmpty
 2530      E7800000 
 2531              	.LVL313:
1790:/home/zz/quard-start/Quard-Star/trusted_domain/FreeRTOS-Kernel/queue.c ****             {
GAS LISTING /tmp/ccjMK2NG.s 			page 102


 2532              		.loc 1 1790 15
 2533 0180 E30005F4 		beq	a0,zero,.L184
1792:/home/zz/quard-start/Quard-Star/trusted_domain/FreeRTOS-Kernel/queue.c ****                 vTaskPlaceOnEventList( &( pxQueue->xTasksWaitingToReceive ), xTicksToWait );
 2534              		.loc 1 1792 55 is_stmt 1
1793:/home/zz/quard-start/Quard-Star/trusted_domain/FreeRTOS-Kernel/queue.c ****                 prvUnlockQueue( pxQueue );
 2535              		.loc 1 1793 17
 2536 0184 83358100 		ld	a1,8(sp)
 2537 0188 13058404 		addi	a0,s0,72
 2538 018c 97000000 		call	vTaskPlaceOnEventList
 2538      E7800000 
 2539              	.LVL314:
1794:/home/zz/quard-start/Quard-Star/trusted_domain/FreeRTOS-Kernel/queue.c **** 
 2540              		.loc 1 1794 17
 2541 0194 13050400 		mv	a0,s0
 2542 0198 97000000 		call	prvUnlockQueue
 2542      E7800000 
 2543              	.LVL315:
1796:/home/zz/quard-start/Quard-Star/trusted_domain/FreeRTOS-Kernel/queue.c ****                 {
 2544              		.loc 1 1796 17
1796:/home/zz/quard-start/Quard-Star/trusted_domain/FreeRTOS-Kernel/queue.c ****                 {
 2545              		.loc 1 1796 21 is_stmt 0
 2546 01a0 97000000 		call	xTaskResumeAll
 2546      E7800000 
 2547              	.LVL316:
1796:/home/zz/quard-start/Quard-Star/trusted_domain/FreeRTOS-Kernel/queue.c ****                 {
 2548              		.loc 1 1796 19
 2549 01a8 E31A05F4 		bne	a0,zero,.L175
1798:/home/zz/quard-start/Quard-Star/trusted_domain/FreeRTOS-Kernel/queue.c ****                 }
 2550              		.loc 1 1798 21 is_stmt 1
 2551 01ac 13050008 		li	a0,128
 2552 01b0 97000000 		call	sbi_send_ipi
 2552      E7800000 
 2553              	.LVL317:
 2554 01b8 6FF05FF4 		j	.L175
 2555              	.L188:
1823:/home/zz/quard-start/Quard-Star/trusted_domain/FreeRTOS-Kernel/queue.c ****             }
 2556              		.loc 1 1823 24 is_stmt 0
 2557 01bc 13050000 		li	a0,0
 2558 01c0 6FF05FE9 		j	.L174
 2559              		.cfi_endproc
 2560              	.LFE17:
 2562              		.section	.text.xQueueReceiveFromISR,"ax",@progbits
 2563              		.align	2
 2564              		.globl	xQueueReceiveFromISR
 2566              	xQueueReceiveFromISR:
 2567              	.LFB18:
1837:/home/zz/quard-start/Quard-Star/trusted_domain/FreeRTOS-Kernel/queue.c ****     BaseType_t xReturn;
 2568              		.loc 1 1837 1 is_stmt 1
 2569              		.cfi_startproc
 2570              	.LVL318:
 2571 0000 130101FD 		addi	sp,sp,-48
 2572              	.LCFI55:
 2573              		.cfi_def_cfa_offset 48
 2574 0004 23341102 		sd	ra,40(sp)
 2575 0008 23308102 		sd	s0,32(sp)
 2576 000c 233C9100 		sd	s1,24(sp)
 2577 0010 23382101 		sd	s2,16(sp)
GAS LISTING /tmp/ccjMK2NG.s 			page 103


 2578 0014 23343101 		sd	s3,8(sp)
 2579              		.cfi_offset 1, -8
 2580              		.cfi_offset 8, -16
 2581              		.cfi_offset 9, -24
 2582              		.cfi_offset 18, -32
 2583              		.cfi_offset 19, -40
1838:/home/zz/quard-start/Quard-Star/trusted_domain/FreeRTOS-Kernel/queue.c ****     UBaseType_t uxSavedInterruptStatus;
 2584              		.loc 1 1838 5
1839:/home/zz/quard-start/Quard-Star/trusted_domain/FreeRTOS-Kernel/queue.c ****     Queue_t * const pxQueue = xQueue;
 2585              		.loc 1 1839 5
1840:/home/zz/quard-start/Quard-Star/trusted_domain/FreeRTOS-Kernel/queue.c **** 
 2586              		.loc 1 1840 5
 2587              	.LVL319:
1842:/home/zz/quard-start/Quard-Star/trusted_domain/FreeRTOS-Kernel/queue.c ****     configASSERT( !( ( pvBuffer == NULL ) && ( pxQueue->uxItemSize != ( UBaseType_t ) 0U ) ) );
 2588              		.loc 1 1842 28
1843:/home/zz/quard-start/Quard-Star/trusted_domain/FreeRTOS-Kernel/queue.c **** 
 2589              		.loc 1 1843 95
1859:/home/zz/quard-start/Quard-Star/trusted_domain/FreeRTOS-Kernel/queue.c **** 
 2590              		.loc 1 1859 47
1861:/home/zz/quard-start/Quard-Star/trusted_domain/FreeRTOS-Kernel/queue.c ****     {
 2591              		.loc 1 1861 5
 2592              	.LBB22:
1863:/home/zz/quard-start/Quard-Star/trusted_domain/FreeRTOS-Kernel/queue.c **** 
 2593              		.loc 1 1863 9
1863:/home/zz/quard-start/Quard-Star/trusted_domain/FreeRTOS-Kernel/queue.c **** 
 2594              		.loc 1 1863 27 is_stmt 0
 2595 0018 03390507 		ld	s2,112(a0)
 2596              	.LVL320:
1866:/home/zz/quard-start/Quard-Star/trusted_domain/FreeRTOS-Kernel/queue.c ****         {
 2597              		.loc 1 1866 9 is_stmt 1
1866:/home/zz/quard-start/Quard-Star/trusted_domain/FreeRTOS-Kernel/queue.c ****         {
 2598              		.loc 1 1866 11 is_stmt 0
 2599 001c 63120902 		bne	s2,zero,.L202
1919:/home/zz/quard-start/Quard-Star/trusted_domain/FreeRTOS-Kernel/queue.c ****             traceQUEUE_RECEIVE_FROM_ISR_FAILED( pxQueue );
 2600              		.loc 1 1919 21
 2601 0020 13050000 		li	a0,0
 2602              	.LVL321:
 2603              	.L194:
 2604              	.LBE22:
1926:/home/zz/quard-start/Quard-Star/trusted_domain/FreeRTOS-Kernel/queue.c **** /*-----------------------------------------------------------*/
 2605              		.loc 1 1926 1
 2606 0024 83308102 		ld	ra,40(sp)
 2607              		.cfi_remember_state
 2608              		.cfi_restore 1
 2609 0028 03340102 		ld	s0,32(sp)
 2610              		.cfi_restore 8
 2611 002c 83348101 		ld	s1,24(sp)
 2612              		.cfi_restore 9
 2613 0030 03390101 		ld	s2,16(sp)
 2614              		.cfi_restore 18
 2615 0034 83398100 		ld	s3,8(sp)
 2616              		.cfi_restore 19
 2617 0038 13010103 		addi	sp,sp,48
 2618              	.LCFI56:
 2619              		.cfi_def_cfa_offset 0
 2620 003c 67800000 		jr	ra
 2621              	.LVL322:
GAS LISTING /tmp/ccjMK2NG.s 			page 104


 2622              	.L202:
 2623              	.LCFI57:
 2624              		.cfi_restore_state
 2625 0040 13040500 		mv	s0,a0
 2626 0044 93040600 		mv	s1,a2
 2627              	.LBB24:
 2628              	.LBB23:
1868:/home/zz/quard-start/Quard-Star/trusted_domain/FreeRTOS-Kernel/queue.c **** 
 2629              		.loc 1 1868 13 is_stmt 1
1868:/home/zz/quard-start/Quard-Star/trusted_domain/FreeRTOS-Kernel/queue.c **** 
 2630              		.loc 1 1868 26 is_stmt 0
 2631 0048 83498508 		lbu	s3,136(a0)
 2632 004c 9B998901 		slliw	s3,s3,24
 2633 0050 9BD98941 		sraiw	s3,s3,24
 2634              	.LVL323:
1870:/home/zz/quard-start/Quard-Star/trusted_domain/FreeRTOS-Kernel/queue.c **** 
 2635              		.loc 1 1870 51 is_stmt 1
1872:/home/zz/quard-start/Quard-Star/trusted_domain/FreeRTOS-Kernel/queue.c ****             pxQueue->uxMessagesWaiting = uxMessagesWaiting - ( UBaseType_t ) 1;
 2636              		.loc 1 1872 13
 2637 0054 97000000 		call	prvCopyDataFromQueue
 2637      E7800000 
 2638              	.LVL324:
1873:/home/zz/quard-start/Quard-Star/trusted_domain/FreeRTOS-Kernel/queue.c **** 
 2639              		.loc 1 1873 13
1873:/home/zz/quard-start/Quard-Star/trusted_domain/FreeRTOS-Kernel/queue.c **** 
 2640              		.loc 1 1873 60 is_stmt 0
 2641 005c 1309F9FF 		addi	s2,s2,-1
 2642              	.LVL325:
1873:/home/zz/quard-start/Quard-Star/trusted_domain/FreeRTOS-Kernel/queue.c **** 
 2643              		.loc 1 1873 40
 2644 0060 23382407 		sd	s2,112(s0)
1879:/home/zz/quard-start/Quard-Star/trusted_domain/FreeRTOS-Kernel/queue.c ****             {
 2645              		.loc 1 1879 13 is_stmt 1
1879:/home/zz/quard-start/Quard-Star/trusted_domain/FreeRTOS-Kernel/queue.c ****             {
 2646              		.loc 1 1879 15 is_stmt 0
 2647 0064 9307F0FF 		li	a5,-1
 2648 0068 638EF900 		beq	s3,a5,.L203
1910:/home/zz/quard-start/Quard-Star/trusted_domain/FreeRTOS-Kernel/queue.c **** 
 2649              		.loc 1 1910 57 is_stmt 1
1912:/home/zz/quard-start/Quard-Star/trusted_domain/FreeRTOS-Kernel/queue.c ****             }
 2650              		.loc 1 1912 17
1912:/home/zz/quard-start/Quard-Star/trusted_domain/FreeRTOS-Kernel/queue.c ****             }
 2651              		.loc 1 1912 57 is_stmt 0
 2652 006c 9B891900 		addiw	s3,s3,1
 2653              	.LVL326:
1912:/home/zz/quard-start/Quard-Star/trusted_domain/FreeRTOS-Kernel/queue.c ****             }
 2654              		.loc 1 1912 36
 2655 0070 9B998901 		slliw	s3,s3,24
 2656              	.LVL327:
 2657 0074 9BD98941 		sraiw	s3,s3,24
1912:/home/zz/quard-start/Quard-Star/trusted_domain/FreeRTOS-Kernel/queue.c ****             }
 2658              		.loc 1 1912 34
 2659 0078 23043409 		sb	s3,136(s0)
1915:/home/zz/quard-start/Quard-Star/trusted_domain/FreeRTOS-Kernel/queue.c ****         }
 2660              		.loc 1 1915 21
 2661 007c 13051000 		li	a0,1
 2662 0080 6FF05FFA 		j	.L194
GAS LISTING /tmp/ccjMK2NG.s 			page 105


 2663              	.LVL328:
 2664              	.L203:
1881:/home/zz/quard-start/Quard-Star/trusted_domain/FreeRTOS-Kernel/queue.c ****                 {
 2665              		.loc 1 1881 17 is_stmt 1
1881:/home/zz/quard-start/Quard-Star/trusted_domain/FreeRTOS-Kernel/queue.c ****                 {
 2666              		.loc 1 1881 21 is_stmt 0
 2667 0084 83370402 		ld	a5,32(s0)
1881:/home/zz/quard-start/Quard-Star/trusted_domain/FreeRTOS-Kernel/queue.c ****                 {
 2668              		.loc 1 1881 19
 2669 0088 63960700 		bne	a5,zero,.L204
1915:/home/zz/quard-start/Quard-Star/trusted_domain/FreeRTOS-Kernel/queue.c ****         }
 2670              		.loc 1 1915 21
 2671 008c 13051000 		li	a0,1
 2672 0090 6FF05FF9 		j	.L194
 2673              	.L204:
1883:/home/zz/quard-start/Quard-Star/trusted_domain/FreeRTOS-Kernel/queue.c ****                     {
 2674              		.loc 1 1883 21 is_stmt 1
1883:/home/zz/quard-start/Quard-Star/trusted_domain/FreeRTOS-Kernel/queue.c ****                     {
 2675              		.loc 1 1883 25 is_stmt 0
 2676 0094 13050402 		addi	a0,s0,32
 2677 0098 97000000 		call	xTaskRemoveFromEventList
 2677      E7800000 
 2678              	.LVL329:
1883:/home/zz/quard-start/Quard-Star/trusted_domain/FreeRTOS-Kernel/queue.c ****                     {
 2679              		.loc 1 1883 23
 2680 00a0 630C0500 		beq	a0,zero,.L199
1887:/home/zz/quard-start/Quard-Star/trusted_domain/FreeRTOS-Kernel/queue.c ****                         {
 2681              		.loc 1 1887 25 is_stmt 1
1887:/home/zz/quard-start/Quard-Star/trusted_domain/FreeRTOS-Kernel/queue.c ****                         {
 2682              		.loc 1 1887 27 is_stmt 0
 2683 00a4 638E0400 		beq	s1,zero,.L200
1889:/home/zz/quard-start/Quard-Star/trusted_domain/FreeRTOS-Kernel/queue.c ****                         }
 2684              		.loc 1 1889 29 is_stmt 1
1889:/home/zz/quard-start/Quard-Star/trusted_domain/FreeRTOS-Kernel/queue.c ****                         }
 2685              		.loc 1 1889 56 is_stmt 0
 2686 00a8 93071000 		li	a5,1
 2687 00ac 23B0F400 		sd	a5,0(s1)
1915:/home/zz/quard-start/Quard-Star/trusted_domain/FreeRTOS-Kernel/queue.c ****         }
 2688              		.loc 1 1915 21
 2689 00b0 13051000 		li	a0,1
 2690 00b4 6FF01FF7 		j	.L194
 2691              	.L199:
 2692 00b8 13051000 		li	a0,1
 2693 00bc 6FF09FF6 		j	.L194
 2694              	.L200:
 2695 00c0 13051000 		li	a0,1
 2696              	.LVL330:
 2697              	.LBE23:
1920:/home/zz/quard-start/Quard-Star/trusted_domain/FreeRTOS-Kernel/queue.c ****         }
 2698              		.loc 1 1920 58 is_stmt 1
 2699              	.LBE24:
1923:/home/zz/quard-start/Quard-Star/trusted_domain/FreeRTOS-Kernel/queue.c **** 
 2700              		.loc 1 1923 5
1925:/home/zz/quard-start/Quard-Star/trusted_domain/FreeRTOS-Kernel/queue.c **** }
 2701              		.loc 1 1925 5
1925:/home/zz/quard-start/Quard-Star/trusted_domain/FreeRTOS-Kernel/queue.c **** }
 2702              		.loc 1 1925 12 is_stmt 0
GAS LISTING /tmp/ccjMK2NG.s 			page 106


 2703 00c4 6FF01FF6 		j	.L194
 2704              		.cfi_endproc
 2705              	.LFE18:
 2707              		.section	.text.xQueuePeekFromISR,"ax",@progbits
 2708              		.align	2
 2709              		.globl	xQueuePeekFromISR
 2711              	xQueuePeekFromISR:
 2712              	.LFB19:
1931:/home/zz/quard-start/Quard-Star/trusted_domain/FreeRTOS-Kernel/queue.c ****     BaseType_t xReturn;
 2713              		.loc 1 1931 1 is_stmt 1
 2714              		.cfi_startproc
 2715              	.LVL331:
1932:/home/zz/quard-start/Quard-Star/trusted_domain/FreeRTOS-Kernel/queue.c ****     UBaseType_t uxSavedInterruptStatus;
 2716              		.loc 1 1932 5
1933:/home/zz/quard-start/Quard-Star/trusted_domain/FreeRTOS-Kernel/queue.c ****     int8_t * pcOriginalReadPosition;
 2717              		.loc 1 1933 5
1934:/home/zz/quard-start/Quard-Star/trusted_domain/FreeRTOS-Kernel/queue.c ****     Queue_t * const pxQueue = xQueue;
 2718              		.loc 1 1934 5
1935:/home/zz/quard-start/Quard-Star/trusted_domain/FreeRTOS-Kernel/queue.c **** 
 2719              		.loc 1 1935 5
1937:/home/zz/quard-start/Quard-Star/trusted_domain/FreeRTOS-Kernel/queue.c ****     configASSERT( !( ( pvBuffer == NULL ) && ( pxQueue->uxItemSize != ( UBaseType_t ) 0U ) ) );
 2720              		.loc 1 1937 28
1938:/home/zz/quard-start/Quard-Star/trusted_domain/FreeRTOS-Kernel/queue.c ****     configASSERT( pxQueue->uxItemSize != 0 ); /* Can't peek a semaphore. */
 2721              		.loc 1 1938 95
1939:/home/zz/quard-start/Quard-Star/trusted_domain/FreeRTOS-Kernel/queue.c **** 
 2722              		.loc 1 1939 45
1955:/home/zz/quard-start/Quard-Star/trusted_domain/FreeRTOS-Kernel/queue.c **** 
 2723              		.loc 1 1955 47
1957:/home/zz/quard-start/Quard-Star/trusted_domain/FreeRTOS-Kernel/queue.c ****     {
 2724              		.loc 1 1957 5
1960:/home/zz/quard-start/Quard-Star/trusted_domain/FreeRTOS-Kernel/queue.c ****         {
 2725              		.loc 1 1960 9
1960:/home/zz/quard-start/Quard-Star/trusted_domain/FreeRTOS-Kernel/queue.c ****         {
 2726              		.loc 1 1960 20 is_stmt 0
 2727 0000 83370507 		ld	a5,112(a0)
1960:/home/zz/quard-start/Quard-Star/trusted_domain/FreeRTOS-Kernel/queue.c ****         {
 2728              		.loc 1 1960 11
 2729 0004 63960700 		bne	a5,zero,.L212
1974:/home/zz/quard-start/Quard-Star/trusted_domain/FreeRTOS-Kernel/queue.c ****             traceQUEUE_PEEK_FROM_ISR_FAILED( pxQueue );
 2730              		.loc 1 1974 21
 2731 0008 13050000 		li	a0,0
 2732              	.LVL332:
1975:/home/zz/quard-start/Quard-Star/trusted_domain/FreeRTOS-Kernel/queue.c ****         }
 2733              		.loc 1 1975 55 is_stmt 1
1978:/home/zz/quard-start/Quard-Star/trusted_domain/FreeRTOS-Kernel/queue.c **** 
 2734              		.loc 1 1978 5
1980:/home/zz/quard-start/Quard-Star/trusted_domain/FreeRTOS-Kernel/queue.c **** }
 2735              		.loc 1 1980 5
1981:/home/zz/quard-start/Quard-Star/trusted_domain/FreeRTOS-Kernel/queue.c **** /*-----------------------------------------------------------*/
 2736              		.loc 1 1981 1 is_stmt 0
 2737 000c 67800000 		ret
 2738              	.LVL333:
 2739              	.L212:
1931:/home/zz/quard-start/Quard-Star/trusted_domain/FreeRTOS-Kernel/queue.c ****     BaseType_t xReturn;
 2740              		.loc 1 1931 1
 2741 0010 130101FE 		addi	sp,sp,-32
 2742              	.LCFI58:
GAS LISTING /tmp/ccjMK2NG.s 			page 107


 2743              		.cfi_def_cfa_offset 32
 2744 0014 233C1100 		sd	ra,24(sp)
 2745 0018 23388100 		sd	s0,16(sp)
 2746 001c 23349100 		sd	s1,8(sp)
 2747              		.cfi_offset 1, -8
 2748              		.cfi_offset 8, -16
 2749              		.cfi_offset 9, -24
 2750 0020 13040500 		mv	s0,a0
1962:/home/zz/quard-start/Quard-Star/trusted_domain/FreeRTOS-Kernel/queue.c **** 
 2751              		.loc 1 1962 48 is_stmt 1
1966:/home/zz/quard-start/Quard-Star/trusted_domain/FreeRTOS-Kernel/queue.c ****             prvCopyDataFromQueue( pxQueue, pvBuffer );
 2752              		.loc 1 1966 13
1966:/home/zz/quard-start/Quard-Star/trusted_domain/FreeRTOS-Kernel/queue.c ****             prvCopyDataFromQueue( pxQueue, pvBuffer );
 2753              		.loc 1 1966 36 is_stmt 0
 2754 0024 83348501 		ld	s1,24(a0)
 2755              	.LVL334:
1967:/home/zz/quard-start/Quard-Star/trusted_domain/FreeRTOS-Kernel/queue.c ****             pxQueue->u.xQueue.pcReadFrom = pcOriginalReadPosition;
 2756              		.loc 1 1967 13 is_stmt 1
 2757 0028 97000000 		call	prvCopyDataFromQueue
 2757      E7800000 
 2758              	.LVL335:
1968:/home/zz/quard-start/Quard-Star/trusted_domain/FreeRTOS-Kernel/queue.c **** 
 2759              		.loc 1 1968 13
1968:/home/zz/quard-start/Quard-Star/trusted_domain/FreeRTOS-Kernel/queue.c **** 
 2760              		.loc 1 1968 42 is_stmt 0
 2761 0030 233C9400 		sd	s1,24(s0)
1970:/home/zz/quard-start/Quard-Star/trusted_domain/FreeRTOS-Kernel/queue.c ****         }
 2762              		.loc 1 1970 13 is_stmt 1
 2763              	.LVL336:
1970:/home/zz/quard-start/Quard-Star/trusted_domain/FreeRTOS-Kernel/queue.c ****         }
 2764              		.loc 1 1970 21 is_stmt 0
 2765 0034 13051000 		li	a0,1
1981:/home/zz/quard-start/Quard-Star/trusted_domain/FreeRTOS-Kernel/queue.c **** /*-----------------------------------------------------------*/
 2766              		.loc 1 1981 1
 2767 0038 83308101 		ld	ra,24(sp)
 2768              		.cfi_restore 1
 2769 003c 03340101 		ld	s0,16(sp)
 2770              		.cfi_restore 8
 2771              	.LVL337:
 2772 0040 83348100 		ld	s1,8(sp)
 2773              		.cfi_restore 9
 2774              	.LVL338:
 2775 0044 13010102 		addi	sp,sp,32
 2776              	.LCFI59:
 2777              		.cfi_def_cfa_offset 0
 2778 0048 67800000 		jr	ra
 2779              		.cfi_endproc
 2780              	.LFE19:
 2782              		.section	.text.uxQueueMessagesWaiting,"ax",@progbits
 2783              		.align	2
 2784              		.globl	uxQueueMessagesWaiting
 2786              	uxQueueMessagesWaiting:
 2787              	.LFB20:
1985:/home/zz/quard-start/Quard-Star/trusted_domain/FreeRTOS-Kernel/queue.c ****     UBaseType_t uxReturn;
 2788              		.loc 1 1985 1 is_stmt 1
 2789              		.cfi_startproc
 2790              	.LVL339:
GAS LISTING /tmp/ccjMK2NG.s 			page 108


 2791 0000 130101FF 		addi	sp,sp,-16
 2792              	.LCFI60:
 2793              		.cfi_def_cfa_offset 16
 2794 0004 23341100 		sd	ra,8(sp)
 2795 0008 23308100 		sd	s0,0(sp)
 2796              		.cfi_offset 1, -8
 2797              		.cfi_offset 8, -16
 2798 000c 13040500 		mv	s0,a0
1986:/home/zz/quard-start/Quard-Star/trusted_domain/FreeRTOS-Kernel/queue.c **** 
 2799              		.loc 1 1986 5
1988:/home/zz/quard-start/Quard-Star/trusted_domain/FreeRTOS-Kernel/queue.c **** 
 2800              		.loc 1 1988 27
1990:/home/zz/quard-start/Quard-Star/trusted_domain/FreeRTOS-Kernel/queue.c ****     {
 2801              		.loc 1 1990 5
 2802 0010 97000000 		call	vTaskEnterCritical
 2802      E7800000 
 2803              	.LVL340:
1992:/home/zz/quard-start/Quard-Star/trusted_domain/FreeRTOS-Kernel/queue.c ****     }
 2804              		.loc 1 1992 9
1992:/home/zz/quard-start/Quard-Star/trusted_domain/FreeRTOS-Kernel/queue.c ****     }
 2805              		.loc 1 1992 18 is_stmt 0
 2806 0018 03340407 		ld	s0,112(s0)
 2807              	.LVL341:
1994:/home/zz/quard-start/Quard-Star/trusted_domain/FreeRTOS-Kernel/queue.c **** 
 2808              		.loc 1 1994 5 is_stmt 1
 2809 001c 97000000 		call	vTaskExitCritical
 2809      E7800000 
 2810              	.LVL342:
1996:/home/zz/quard-start/Quard-Star/trusted_domain/FreeRTOS-Kernel/queue.c **** } /*lint !e818 Pointer cannot be declared const as xQueue is a typedef not pointer. */
 2811              		.loc 1 1996 5
1997:/home/zz/quard-start/Quard-Star/trusted_domain/FreeRTOS-Kernel/queue.c **** /*-----------------------------------------------------------*/
 2812              		.loc 1 1997 1 is_stmt 0
 2813 0024 13050400 		mv	a0,s0
 2814 0028 83308100 		ld	ra,8(sp)
 2815              		.cfi_restore 1
 2816 002c 03340100 		ld	s0,0(sp)
 2817              		.cfi_restore 8
 2818              	.LVL343:
 2819 0030 13010101 		addi	sp,sp,16
 2820              	.LCFI61:
 2821              		.cfi_def_cfa_offset 0
 2822 0034 67800000 		jr	ra
 2823              		.cfi_endproc
 2824              	.LFE20:
 2826              		.section	.text.uxQueueSpacesAvailable,"ax",@progbits
 2827              		.align	2
 2828              		.globl	uxQueueSpacesAvailable
 2830              	uxQueueSpacesAvailable:
 2831              	.LFB21:
2001:/home/zz/quard-start/Quard-Star/trusted_domain/FreeRTOS-Kernel/queue.c ****     UBaseType_t uxReturn;
 2832              		.loc 1 2001 1 is_stmt 1
 2833              		.cfi_startproc
 2834              	.LVL344:
 2835 0000 130101FF 		addi	sp,sp,-16
 2836              	.LCFI62:
 2837              		.cfi_def_cfa_offset 16
 2838 0004 23341100 		sd	ra,8(sp)
GAS LISTING /tmp/ccjMK2NG.s 			page 109


 2839 0008 23308100 		sd	s0,0(sp)
 2840              		.cfi_offset 1, -8
 2841              		.cfi_offset 8, -16
 2842 000c 13040500 		mv	s0,a0
2002:/home/zz/quard-start/Quard-Star/trusted_domain/FreeRTOS-Kernel/queue.c ****     Queue_t * const pxQueue = xQueue;
 2843              		.loc 1 2002 5
2003:/home/zz/quard-start/Quard-Star/trusted_domain/FreeRTOS-Kernel/queue.c **** 
 2844              		.loc 1 2003 5
 2845              	.LVL345:
2005:/home/zz/quard-start/Quard-Star/trusted_domain/FreeRTOS-Kernel/queue.c **** 
 2846              		.loc 1 2005 28
2007:/home/zz/quard-start/Quard-Star/trusted_domain/FreeRTOS-Kernel/queue.c ****     {
 2847              		.loc 1 2007 5
 2848 0010 97000000 		call	vTaskEnterCritical
 2848      E7800000 
 2849              	.LVL346:
2009:/home/zz/quard-start/Quard-Star/trusted_domain/FreeRTOS-Kernel/queue.c ****     }
 2850              		.loc 1 2009 9
2009:/home/zz/quard-start/Quard-Star/trusted_domain/FreeRTOS-Kernel/queue.c ****     }
 2851              		.loc 1 2009 27 is_stmt 0
 2852 0018 83378407 		ld	a5,120(s0)
2009:/home/zz/quard-start/Quard-Star/trusted_domain/FreeRTOS-Kernel/queue.c ****     }
 2853              		.loc 1 2009 47
 2854 001c 03370407 		ld	a4,112(s0)
2009:/home/zz/quard-start/Quard-Star/trusted_domain/FreeRTOS-Kernel/queue.c ****     }
 2855              		.loc 1 2009 18
 2856 0020 3384E740 		sub	s0,a5,a4
 2857              	.LVL347:
2011:/home/zz/quard-start/Quard-Star/trusted_domain/FreeRTOS-Kernel/queue.c **** 
 2858              		.loc 1 2011 5 is_stmt 1
 2859 0024 97000000 		call	vTaskExitCritical
 2859      E7800000 
 2860              	.LVL348:
2013:/home/zz/quard-start/Quard-Star/trusted_domain/FreeRTOS-Kernel/queue.c **** } /*lint !e818 Pointer cannot be declared const as xQueue is a typedef not pointer. */
 2861              		.loc 1 2013 5
2014:/home/zz/quard-start/Quard-Star/trusted_domain/FreeRTOS-Kernel/queue.c **** /*-----------------------------------------------------------*/
 2862              		.loc 1 2014 1 is_stmt 0
 2863 002c 13050400 		mv	a0,s0
 2864 0030 83308100 		ld	ra,8(sp)
 2865              		.cfi_restore 1
 2866 0034 03340100 		ld	s0,0(sp)
 2867              		.cfi_restore 8
 2868              	.LVL349:
 2869 0038 13010101 		addi	sp,sp,16
 2870              	.LCFI63:
 2871              		.cfi_def_cfa_offset 0
 2872 003c 67800000 		jr	ra
 2873              		.cfi_endproc
 2874              	.LFE21:
 2876              		.section	.text.uxQueueMessagesWaitingFromISR,"ax",@progbits
 2877              		.align	2
 2878              		.globl	uxQueueMessagesWaitingFromISR
 2880              	uxQueueMessagesWaitingFromISR:
 2881              	.LFB22:
2018:/home/zz/quard-start/Quard-Star/trusted_domain/FreeRTOS-Kernel/queue.c ****     UBaseType_t uxReturn;
 2882              		.loc 1 2018 1 is_stmt 1
 2883              		.cfi_startproc
GAS LISTING /tmp/ccjMK2NG.s 			page 110


 2884              	.LVL350:
2019:/home/zz/quard-start/Quard-Star/trusted_domain/FreeRTOS-Kernel/queue.c ****     Queue_t * const pxQueue = xQueue;
 2885              		.loc 1 2019 5
2020:/home/zz/quard-start/Quard-Star/trusted_domain/FreeRTOS-Kernel/queue.c **** 
 2886              		.loc 1 2020 5
2022:/home/zz/quard-start/Quard-Star/trusted_domain/FreeRTOS-Kernel/queue.c ****     uxReturn = pxQueue->uxMessagesWaiting;
 2887              		.loc 1 2022 28
2023:/home/zz/quard-start/Quard-Star/trusted_domain/FreeRTOS-Kernel/queue.c **** 
 2888              		.loc 1 2023 5
2023:/home/zz/quard-start/Quard-Star/trusted_domain/FreeRTOS-Kernel/queue.c **** 
 2889              		.loc 1 2023 14 is_stmt 0
 2890 0000 03350507 		ld	a0,112(a0)
 2891              	.LVL351:
2025:/home/zz/quard-start/Quard-Star/trusted_domain/FreeRTOS-Kernel/queue.c **** } /*lint !e818 Pointer cannot be declared const as xQueue is a typedef not pointer. */
 2892              		.loc 1 2025 5 is_stmt 1
2026:/home/zz/quard-start/Quard-Star/trusted_domain/FreeRTOS-Kernel/queue.c **** /*-----------------------------------------------------------*/
 2893              		.loc 1 2026 1 is_stmt 0
 2894 0004 67800000 		ret
 2895              		.cfi_endproc
 2896              	.LFE22:
 2898              		.section	.text.uxQueueGetQueueNumber,"ax",@progbits
 2899              		.align	2
 2900              		.globl	uxQueueGetQueueNumber
 2902              	uxQueueGetQueueNumber:
 2903              	.LFB24:
2074:/home/zz/quard-start/Quard-Star/trusted_domain/FreeRTOS-Kernel/queue.c ****         return ( ( Queue_t * ) xQueue )->uxQueueNumber;
 2904              		.loc 1 2074 5 is_stmt 1
 2905              		.cfi_startproc
 2906              	.LVL352:
2075:/home/zz/quard-start/Quard-Star/trusted_domain/FreeRTOS-Kernel/queue.c ****     }
 2907              		.loc 1 2075 9
2076:/home/zz/quard-start/Quard-Star/trusted_domain/FreeRTOS-Kernel/queue.c **** 
 2908              		.loc 1 2076 5 is_stmt 0
 2909 0000 03350509 		ld	a0,144(a0)
 2910              	.LVL353:
 2911 0004 67800000 		ret
 2912              		.cfi_endproc
 2913              	.LFE24:
 2915              		.section	.text.vQueueSetQueueNumber,"ax",@progbits
 2916              		.align	2
 2917              		.globl	vQueueSetQueueNumber
 2919              	vQueueSetQueueNumber:
 2920              	.LFB25:
2085:/home/zz/quard-start/Quard-Star/trusted_domain/FreeRTOS-Kernel/queue.c ****         ( ( Queue_t * ) xQueue )->uxQueueNumber = uxQueueNumber;
 2921              		.loc 1 2085 5 is_stmt 1
 2922              		.cfi_startproc
 2923              	.LVL354:
2086:/home/zz/quard-start/Quard-Star/trusted_domain/FreeRTOS-Kernel/queue.c ****     }
 2924              		.loc 1 2086 9
2086:/home/zz/quard-start/Quard-Star/trusted_domain/FreeRTOS-Kernel/queue.c ****     }
 2925              		.loc 1 2086 49 is_stmt 0
 2926 0000 2338B508 		sd	a1,144(a0)
2087:/home/zz/quard-start/Quard-Star/trusted_domain/FreeRTOS-Kernel/queue.c **** 
 2927              		.loc 1 2087 5
 2928 0004 67800000 		ret
 2929              		.cfi_endproc
 2930              	.LFE25:
GAS LISTING /tmp/ccjMK2NG.s 			page 111


 2932              		.section	.text.ucQueueGetQueueType,"ax",@progbits
 2933              		.align	2
 2934              		.globl	ucQueueGetQueueType
 2936              	ucQueueGetQueueType:
 2937              	.LFB26:
2095:/home/zz/quard-start/Quard-Star/trusted_domain/FreeRTOS-Kernel/queue.c ****         return ( ( Queue_t * ) xQueue )->ucQueueType;
 2938              		.loc 1 2095 5 is_stmt 1
 2939              		.cfi_startproc
 2940              	.LVL355:
2096:/home/zz/quard-start/Quard-Star/trusted_domain/FreeRTOS-Kernel/queue.c ****     }
 2941              		.loc 1 2096 9
2097:/home/zz/quard-start/Quard-Star/trusted_domain/FreeRTOS-Kernel/queue.c **** 
 2942              		.loc 1 2097 5 is_stmt 0
 2943 0000 03458509 		lbu	a0,152(a0)
 2944              	.LVL356:
 2945 0004 67800000 		ret
 2946              		.cfi_endproc
 2947              	.LFE26:
 2949              		.section	.text.xQueueIsQueueEmptyFromISR,"ax",@progbits
 2950              		.align	2
 2951              		.globl	xQueueIsQueueEmptyFromISR
 2953              	xQueueIsQueueEmptyFromISR:
 2954              	.LFB32:
2375:/home/zz/quard-start/Quard-Star/trusted_domain/FreeRTOS-Kernel/queue.c ****     BaseType_t xReturn;
 2955              		.loc 1 2375 1 is_stmt 1
 2956              		.cfi_startproc
 2957              	.LVL357:
2376:/home/zz/quard-start/Quard-Star/trusted_domain/FreeRTOS-Kernel/queue.c ****     Queue_t * const pxQueue = xQueue;
 2958              		.loc 1 2376 5
2377:/home/zz/quard-start/Quard-Star/trusted_domain/FreeRTOS-Kernel/queue.c **** 
 2959              		.loc 1 2377 5
2379:/home/zz/quard-start/Quard-Star/trusted_domain/FreeRTOS-Kernel/queue.c **** 
 2960              		.loc 1 2379 28
2381:/home/zz/quard-start/Quard-Star/trusted_domain/FreeRTOS-Kernel/queue.c ****     {
 2961              		.loc 1 2381 5
2381:/home/zz/quard-start/Quard-Star/trusted_domain/FreeRTOS-Kernel/queue.c ****     {
 2962              		.loc 1 2381 16 is_stmt 0
 2963 0000 83370507 		ld	a5,112(a0)
2381:/home/zz/quard-start/Quard-Star/trusted_domain/FreeRTOS-Kernel/queue.c ****     {
 2964              		.loc 1 2381 7
 2965 0004 63960700 		bne	a5,zero,.L223
2383:/home/zz/quard-start/Quard-Star/trusted_domain/FreeRTOS-Kernel/queue.c ****     }
 2966              		.loc 1 2383 17
 2967 0008 13051000 		li	a0,1
 2968              	.LVL358:
 2969 000c 67800000 		ret
 2970              	.LVL359:
 2971              	.L223:
2387:/home/zz/quard-start/Quard-Star/trusted_domain/FreeRTOS-Kernel/queue.c ****     }
 2972              		.loc 1 2387 17
 2973 0010 13050000 		li	a0,0
 2974              	.LVL360:
2390:/home/zz/quard-start/Quard-Star/trusted_domain/FreeRTOS-Kernel/queue.c **** } /*lint !e818 xQueue could not be pointer to const because it is a typedef. */
 2975              		.loc 1 2390 5 is_stmt 1
2391:/home/zz/quard-start/Quard-Star/trusted_domain/FreeRTOS-Kernel/queue.c **** /*-----------------------------------------------------------*/
 2976              		.loc 1 2391 1 is_stmt 0
 2977 0014 67800000 		ret
GAS LISTING /tmp/ccjMK2NG.s 			page 112


 2978              		.cfi_endproc
 2979              	.LFE32:
 2981              		.section	.text.xQueueIsQueueFullFromISR,"ax",@progbits
 2982              		.align	2
 2983              		.globl	xQueueIsQueueFullFromISR
 2985              	xQueueIsQueueFullFromISR:
 2986              	.LFB34:
2413:/home/zz/quard-start/Quard-Star/trusted_domain/FreeRTOS-Kernel/queue.c **** /*-----------------------------------------------------------*/
2414:/home/zz/quard-start/Quard-Star/trusted_domain/FreeRTOS-Kernel/queue.c **** 
2415:/home/zz/quard-start/Quard-Star/trusted_domain/FreeRTOS-Kernel/queue.c **** BaseType_t xQueueIsQueueFullFromISR( const QueueHandle_t xQueue )
2416:/home/zz/quard-start/Quard-Star/trusted_domain/FreeRTOS-Kernel/queue.c **** {
 2987              		.loc 1 2416 1 is_stmt 1
 2988              		.cfi_startproc
 2989              	.LVL361:
2417:/home/zz/quard-start/Quard-Star/trusted_domain/FreeRTOS-Kernel/queue.c ****     BaseType_t xReturn;
 2990              		.loc 1 2417 5
2418:/home/zz/quard-start/Quard-Star/trusted_domain/FreeRTOS-Kernel/queue.c ****     Queue_t * const pxQueue = xQueue;
 2991              		.loc 1 2418 5
2419:/home/zz/quard-start/Quard-Star/trusted_domain/FreeRTOS-Kernel/queue.c **** 
2420:/home/zz/quard-start/Quard-Star/trusted_domain/FreeRTOS-Kernel/queue.c ****     configASSERT( pxQueue );
 2992              		.loc 1 2420 28
2421:/home/zz/quard-start/Quard-Star/trusted_domain/FreeRTOS-Kernel/queue.c **** 
2422:/home/zz/quard-start/Quard-Star/trusted_domain/FreeRTOS-Kernel/queue.c ****     if( pxQueue->uxMessagesWaiting == pxQueue->uxLength )
 2993              		.loc 1 2422 5
 2994              		.loc 1 2422 16 is_stmt 0
 2995 0000 03370507 		ld	a4,112(a0)
 2996              		.loc 1 2422 46
 2997 0004 83378507 		ld	a5,120(a0)
 2998              		.loc 1 2422 7
 2999 0008 6306F700 		beq	a4,a5,.L227
2423:/home/zz/quard-start/Quard-Star/trusted_domain/FreeRTOS-Kernel/queue.c ****     {
2424:/home/zz/quard-start/Quard-Star/trusted_domain/FreeRTOS-Kernel/queue.c ****         xReturn = pdTRUE;
2425:/home/zz/quard-start/Quard-Star/trusted_domain/FreeRTOS-Kernel/queue.c ****     }
2426:/home/zz/quard-start/Quard-Star/trusted_domain/FreeRTOS-Kernel/queue.c ****     else
2427:/home/zz/quard-start/Quard-Star/trusted_domain/FreeRTOS-Kernel/queue.c ****     {
2428:/home/zz/quard-start/Quard-Star/trusted_domain/FreeRTOS-Kernel/queue.c ****         xReturn = pdFALSE;
 3000              		.loc 1 2428 17
 3001 000c 13050000 		li	a0,0
 3002              	.LVL362:
2429:/home/zz/quard-start/Quard-Star/trusted_domain/FreeRTOS-Kernel/queue.c ****     }
2430:/home/zz/quard-start/Quard-Star/trusted_domain/FreeRTOS-Kernel/queue.c **** 
2431:/home/zz/quard-start/Quard-Star/trusted_domain/FreeRTOS-Kernel/queue.c ****     return xReturn;
 3003              		.loc 1 2431 5 is_stmt 1
2432:/home/zz/quard-start/Quard-Star/trusted_domain/FreeRTOS-Kernel/queue.c **** } /*lint !e818 xQueue could not be pointer to const because it is a typedef. */
 3004              		.loc 1 2432 1 is_stmt 0
 3005 0010 67800000 		ret
 3006              	.LVL363:
 3007              	.L227:
2424:/home/zz/quard-start/Quard-Star/trusted_domain/FreeRTOS-Kernel/queue.c ****     }
 3008              		.loc 1 2424 17
 3009 0014 13051000 		li	a0,1
 3010              	.LVL364:
 3011 0018 67800000 		ret
 3012              		.cfi_endproc
 3013              	.LFE34:
 3015              		.section	.text.vQueueAddToRegistry,"ax",@progbits
 3016              		.align	2
GAS LISTING /tmp/ccjMK2NG.s 			page 113


 3017              		.globl	vQueueAddToRegistry
 3019              	vQueueAddToRegistry:
 3020              	.LFB35:
2433:/home/zz/quard-start/Quard-Star/trusted_domain/FreeRTOS-Kernel/queue.c **** /*-----------------------------------------------------------*/
2434:/home/zz/quard-start/Quard-Star/trusted_domain/FreeRTOS-Kernel/queue.c **** 
2435:/home/zz/quard-start/Quard-Star/trusted_domain/FreeRTOS-Kernel/queue.c **** #if ( configUSE_CO_ROUTINES == 1 )
2436:/home/zz/quard-start/Quard-Star/trusted_domain/FreeRTOS-Kernel/queue.c **** 
2437:/home/zz/quard-start/Quard-Star/trusted_domain/FreeRTOS-Kernel/queue.c ****     BaseType_t xQueueCRSend( QueueHandle_t xQueue,
2438:/home/zz/quard-start/Quard-Star/trusted_domain/FreeRTOS-Kernel/queue.c ****                              const void * pvItemToQueue,
2439:/home/zz/quard-start/Quard-Star/trusted_domain/FreeRTOS-Kernel/queue.c ****                              TickType_t xTicksToWait )
2440:/home/zz/quard-start/Quard-Star/trusted_domain/FreeRTOS-Kernel/queue.c ****     {
2441:/home/zz/quard-start/Quard-Star/trusted_domain/FreeRTOS-Kernel/queue.c ****         BaseType_t xReturn;
2442:/home/zz/quard-start/Quard-Star/trusted_domain/FreeRTOS-Kernel/queue.c ****         Queue_t * const pxQueue = xQueue;
2443:/home/zz/quard-start/Quard-Star/trusted_domain/FreeRTOS-Kernel/queue.c **** 
2444:/home/zz/quard-start/Quard-Star/trusted_domain/FreeRTOS-Kernel/queue.c ****         /* If the queue is already full we may have to block.  A critical section
2445:/home/zz/quard-start/Quard-Star/trusted_domain/FreeRTOS-Kernel/queue.c ****          * is required to prevent an interrupt removing something from the queue
2446:/home/zz/quard-start/Quard-Star/trusted_domain/FreeRTOS-Kernel/queue.c ****          * between the check to see if the queue is full and blocking on the queue. */
2447:/home/zz/quard-start/Quard-Star/trusted_domain/FreeRTOS-Kernel/queue.c ****         portDISABLE_INTERRUPTS();
2448:/home/zz/quard-start/Quard-Star/trusted_domain/FreeRTOS-Kernel/queue.c ****         {
2449:/home/zz/quard-start/Quard-Star/trusted_domain/FreeRTOS-Kernel/queue.c ****             if( prvIsQueueFull( pxQueue ) != pdFALSE )
2450:/home/zz/quard-start/Quard-Star/trusted_domain/FreeRTOS-Kernel/queue.c ****             {
2451:/home/zz/quard-start/Quard-Star/trusted_domain/FreeRTOS-Kernel/queue.c ****                 /* The queue is full - do we want to block or just leave without
2452:/home/zz/quard-start/Quard-Star/trusted_domain/FreeRTOS-Kernel/queue.c ****                  * posting? */
2453:/home/zz/quard-start/Quard-Star/trusted_domain/FreeRTOS-Kernel/queue.c ****                 if( xTicksToWait > ( TickType_t ) 0 )
2454:/home/zz/quard-start/Quard-Star/trusted_domain/FreeRTOS-Kernel/queue.c ****                 {
2455:/home/zz/quard-start/Quard-Star/trusted_domain/FreeRTOS-Kernel/queue.c ****                     /* As this is called from a coroutine we cannot block directly, but
2456:/home/zz/quard-start/Quard-Star/trusted_domain/FreeRTOS-Kernel/queue.c ****                      * return indicating that we need to block. */
2457:/home/zz/quard-start/Quard-Star/trusted_domain/FreeRTOS-Kernel/queue.c ****                     vCoRoutineAddToDelayedList( xTicksToWait, &( pxQueue->xTasksWaitingToSend ) );
2458:/home/zz/quard-start/Quard-Star/trusted_domain/FreeRTOS-Kernel/queue.c ****                     portENABLE_INTERRUPTS();
2459:/home/zz/quard-start/Quard-Star/trusted_domain/FreeRTOS-Kernel/queue.c ****                     return errQUEUE_BLOCKED;
2460:/home/zz/quard-start/Quard-Star/trusted_domain/FreeRTOS-Kernel/queue.c ****                 }
2461:/home/zz/quard-start/Quard-Star/trusted_domain/FreeRTOS-Kernel/queue.c ****                 else
2462:/home/zz/quard-start/Quard-Star/trusted_domain/FreeRTOS-Kernel/queue.c ****                 {
2463:/home/zz/quard-start/Quard-Star/trusted_domain/FreeRTOS-Kernel/queue.c ****                     portENABLE_INTERRUPTS();
2464:/home/zz/quard-start/Quard-Star/trusted_domain/FreeRTOS-Kernel/queue.c ****                     return errQUEUE_FULL;
2465:/home/zz/quard-start/Quard-Star/trusted_domain/FreeRTOS-Kernel/queue.c ****                 }
2466:/home/zz/quard-start/Quard-Star/trusted_domain/FreeRTOS-Kernel/queue.c ****             }
2467:/home/zz/quard-start/Quard-Star/trusted_domain/FreeRTOS-Kernel/queue.c ****         }
2468:/home/zz/quard-start/Quard-Star/trusted_domain/FreeRTOS-Kernel/queue.c ****         portENABLE_INTERRUPTS();
2469:/home/zz/quard-start/Quard-Star/trusted_domain/FreeRTOS-Kernel/queue.c **** 
2470:/home/zz/quard-start/Quard-Star/trusted_domain/FreeRTOS-Kernel/queue.c ****         portDISABLE_INTERRUPTS();
2471:/home/zz/quard-start/Quard-Star/trusted_domain/FreeRTOS-Kernel/queue.c ****         {
2472:/home/zz/quard-start/Quard-Star/trusted_domain/FreeRTOS-Kernel/queue.c ****             if( pxQueue->uxMessagesWaiting < pxQueue->uxLength )
2473:/home/zz/quard-start/Quard-Star/trusted_domain/FreeRTOS-Kernel/queue.c ****             {
2474:/home/zz/quard-start/Quard-Star/trusted_domain/FreeRTOS-Kernel/queue.c ****                 /* There is room in the queue, copy the data into the queue. */
2475:/home/zz/quard-start/Quard-Star/trusted_domain/FreeRTOS-Kernel/queue.c ****                 prvCopyDataToQueue( pxQueue, pvItemToQueue, queueSEND_TO_BACK );
2476:/home/zz/quard-start/Quard-Star/trusted_domain/FreeRTOS-Kernel/queue.c ****                 xReturn = pdPASS;
2477:/home/zz/quard-start/Quard-Star/trusted_domain/FreeRTOS-Kernel/queue.c **** 
2478:/home/zz/quard-start/Quard-Star/trusted_domain/FreeRTOS-Kernel/queue.c ****                 /* Were any co-routines waiting for data to become available? */
2479:/home/zz/quard-start/Quard-Star/trusted_domain/FreeRTOS-Kernel/queue.c ****                 if( listLIST_IS_EMPTY( &( pxQueue->xTasksWaitingToReceive ) ) == pdFALSE )
2480:/home/zz/quard-start/Quard-Star/trusted_domain/FreeRTOS-Kernel/queue.c ****                 {
2481:/home/zz/quard-start/Quard-Star/trusted_domain/FreeRTOS-Kernel/queue.c ****                     /* In this instance the co-routine could be placed directly
2482:/home/zz/quard-start/Quard-Star/trusted_domain/FreeRTOS-Kernel/queue.c ****                      * into the ready list as we are within a critical section.
2483:/home/zz/quard-start/Quard-Star/trusted_domain/FreeRTOS-Kernel/queue.c ****                      * Instead the same pending ready list mechanism is used as if
2484:/home/zz/quard-start/Quard-Star/trusted_domain/FreeRTOS-Kernel/queue.c ****                      * the event were caused from within an interrupt. */
2485:/home/zz/quard-start/Quard-Star/trusted_domain/FreeRTOS-Kernel/queue.c ****                     if( xCoRoutineRemoveFromEventList( &( pxQueue->xTasksWaitingToReceive ) ) != pd
2486:/home/zz/quard-start/Quard-Star/trusted_domain/FreeRTOS-Kernel/queue.c ****                     {
GAS LISTING /tmp/ccjMK2NG.s 			page 114


2487:/home/zz/quard-start/Quard-Star/trusted_domain/FreeRTOS-Kernel/queue.c ****                         /* The co-routine waiting has a higher priority so record
2488:/home/zz/quard-start/Quard-Star/trusted_domain/FreeRTOS-Kernel/queue.c ****                          * that a yield might be appropriate. */
2489:/home/zz/quard-start/Quard-Star/trusted_domain/FreeRTOS-Kernel/queue.c ****                         xReturn = errQUEUE_YIELD;
2490:/home/zz/quard-start/Quard-Star/trusted_domain/FreeRTOS-Kernel/queue.c ****                     }
2491:/home/zz/quard-start/Quard-Star/trusted_domain/FreeRTOS-Kernel/queue.c ****                     else
2492:/home/zz/quard-start/Quard-Star/trusted_domain/FreeRTOS-Kernel/queue.c ****                     {
2493:/home/zz/quard-start/Quard-Star/trusted_domain/FreeRTOS-Kernel/queue.c ****                         mtCOVERAGE_TEST_MARKER();
2494:/home/zz/quard-start/Quard-Star/trusted_domain/FreeRTOS-Kernel/queue.c ****                     }
2495:/home/zz/quard-start/Quard-Star/trusted_domain/FreeRTOS-Kernel/queue.c ****                 }
2496:/home/zz/quard-start/Quard-Star/trusted_domain/FreeRTOS-Kernel/queue.c ****                 else
2497:/home/zz/quard-start/Quard-Star/trusted_domain/FreeRTOS-Kernel/queue.c ****                 {
2498:/home/zz/quard-start/Quard-Star/trusted_domain/FreeRTOS-Kernel/queue.c ****                     mtCOVERAGE_TEST_MARKER();
2499:/home/zz/quard-start/Quard-Star/trusted_domain/FreeRTOS-Kernel/queue.c ****                 }
2500:/home/zz/quard-start/Quard-Star/trusted_domain/FreeRTOS-Kernel/queue.c ****             }
2501:/home/zz/quard-start/Quard-Star/trusted_domain/FreeRTOS-Kernel/queue.c ****             else
2502:/home/zz/quard-start/Quard-Star/trusted_domain/FreeRTOS-Kernel/queue.c ****             {
2503:/home/zz/quard-start/Quard-Star/trusted_domain/FreeRTOS-Kernel/queue.c ****                 xReturn = errQUEUE_FULL;
2504:/home/zz/quard-start/Quard-Star/trusted_domain/FreeRTOS-Kernel/queue.c ****             }
2505:/home/zz/quard-start/Quard-Star/trusted_domain/FreeRTOS-Kernel/queue.c ****         }
2506:/home/zz/quard-start/Quard-Star/trusted_domain/FreeRTOS-Kernel/queue.c ****         portENABLE_INTERRUPTS();
2507:/home/zz/quard-start/Quard-Star/trusted_domain/FreeRTOS-Kernel/queue.c **** 
2508:/home/zz/quard-start/Quard-Star/trusted_domain/FreeRTOS-Kernel/queue.c ****         return xReturn;
2509:/home/zz/quard-start/Quard-Star/trusted_domain/FreeRTOS-Kernel/queue.c ****     }
2510:/home/zz/quard-start/Quard-Star/trusted_domain/FreeRTOS-Kernel/queue.c **** 
2511:/home/zz/quard-start/Quard-Star/trusted_domain/FreeRTOS-Kernel/queue.c **** #endif /* configUSE_CO_ROUTINES */
2512:/home/zz/quard-start/Quard-Star/trusted_domain/FreeRTOS-Kernel/queue.c **** /*-----------------------------------------------------------*/
2513:/home/zz/quard-start/Quard-Star/trusted_domain/FreeRTOS-Kernel/queue.c **** 
2514:/home/zz/quard-start/Quard-Star/trusted_domain/FreeRTOS-Kernel/queue.c **** #if ( configUSE_CO_ROUTINES == 1 )
2515:/home/zz/quard-start/Quard-Star/trusted_domain/FreeRTOS-Kernel/queue.c **** 
2516:/home/zz/quard-start/Quard-Star/trusted_domain/FreeRTOS-Kernel/queue.c ****     BaseType_t xQueueCRReceive( QueueHandle_t xQueue,
2517:/home/zz/quard-start/Quard-Star/trusted_domain/FreeRTOS-Kernel/queue.c ****                                 void * pvBuffer,
2518:/home/zz/quard-start/Quard-Star/trusted_domain/FreeRTOS-Kernel/queue.c ****                                 TickType_t xTicksToWait )
2519:/home/zz/quard-start/Quard-Star/trusted_domain/FreeRTOS-Kernel/queue.c ****     {
2520:/home/zz/quard-start/Quard-Star/trusted_domain/FreeRTOS-Kernel/queue.c ****         BaseType_t xReturn;
2521:/home/zz/quard-start/Quard-Star/trusted_domain/FreeRTOS-Kernel/queue.c ****         Queue_t * const pxQueue = xQueue;
2522:/home/zz/quard-start/Quard-Star/trusted_domain/FreeRTOS-Kernel/queue.c **** 
2523:/home/zz/quard-start/Quard-Star/trusted_domain/FreeRTOS-Kernel/queue.c ****         /* If the queue is already empty we may have to block.  A critical section
2524:/home/zz/quard-start/Quard-Star/trusted_domain/FreeRTOS-Kernel/queue.c ****          * is required to prevent an interrupt adding something to the queue
2525:/home/zz/quard-start/Quard-Star/trusted_domain/FreeRTOS-Kernel/queue.c ****          * between the check to see if the queue is empty and blocking on the queue. */
2526:/home/zz/quard-start/Quard-Star/trusted_domain/FreeRTOS-Kernel/queue.c ****         portDISABLE_INTERRUPTS();
2527:/home/zz/quard-start/Quard-Star/trusted_domain/FreeRTOS-Kernel/queue.c ****         {
2528:/home/zz/quard-start/Quard-Star/trusted_domain/FreeRTOS-Kernel/queue.c ****             if( pxQueue->uxMessagesWaiting == ( UBaseType_t ) 0 )
2529:/home/zz/quard-start/Quard-Star/trusted_domain/FreeRTOS-Kernel/queue.c ****             {
2530:/home/zz/quard-start/Quard-Star/trusted_domain/FreeRTOS-Kernel/queue.c ****                 /* There are no messages in the queue, do we want to block or just
2531:/home/zz/quard-start/Quard-Star/trusted_domain/FreeRTOS-Kernel/queue.c ****                  * leave with nothing? */
2532:/home/zz/quard-start/Quard-Star/trusted_domain/FreeRTOS-Kernel/queue.c ****                 if( xTicksToWait > ( TickType_t ) 0 )
2533:/home/zz/quard-start/Quard-Star/trusted_domain/FreeRTOS-Kernel/queue.c ****                 {
2534:/home/zz/quard-start/Quard-Star/trusted_domain/FreeRTOS-Kernel/queue.c ****                     /* As this is a co-routine we cannot block directly, but return
2535:/home/zz/quard-start/Quard-Star/trusted_domain/FreeRTOS-Kernel/queue.c ****                      * indicating that we need to block. */
2536:/home/zz/quard-start/Quard-Star/trusted_domain/FreeRTOS-Kernel/queue.c ****                     vCoRoutineAddToDelayedList( xTicksToWait, &( pxQueue->xTasksWaitingToReceive ) 
2537:/home/zz/quard-start/Quard-Star/trusted_domain/FreeRTOS-Kernel/queue.c ****                     portENABLE_INTERRUPTS();
2538:/home/zz/quard-start/Quard-Star/trusted_domain/FreeRTOS-Kernel/queue.c ****                     return errQUEUE_BLOCKED;
2539:/home/zz/quard-start/Quard-Star/trusted_domain/FreeRTOS-Kernel/queue.c ****                 }
2540:/home/zz/quard-start/Quard-Star/trusted_domain/FreeRTOS-Kernel/queue.c ****                 else
2541:/home/zz/quard-start/Quard-Star/trusted_domain/FreeRTOS-Kernel/queue.c ****                 {
2542:/home/zz/quard-start/Quard-Star/trusted_domain/FreeRTOS-Kernel/queue.c ****                     portENABLE_INTERRUPTS();
2543:/home/zz/quard-start/Quard-Star/trusted_domain/FreeRTOS-Kernel/queue.c ****                     return errQUEUE_FULL;
GAS LISTING /tmp/ccjMK2NG.s 			page 115


2544:/home/zz/quard-start/Quard-Star/trusted_domain/FreeRTOS-Kernel/queue.c ****                 }
2545:/home/zz/quard-start/Quard-Star/trusted_domain/FreeRTOS-Kernel/queue.c ****             }
2546:/home/zz/quard-start/Quard-Star/trusted_domain/FreeRTOS-Kernel/queue.c ****             else
2547:/home/zz/quard-start/Quard-Star/trusted_domain/FreeRTOS-Kernel/queue.c ****             {
2548:/home/zz/quard-start/Quard-Star/trusted_domain/FreeRTOS-Kernel/queue.c ****                 mtCOVERAGE_TEST_MARKER();
2549:/home/zz/quard-start/Quard-Star/trusted_domain/FreeRTOS-Kernel/queue.c ****             }
2550:/home/zz/quard-start/Quard-Star/trusted_domain/FreeRTOS-Kernel/queue.c ****         }
2551:/home/zz/quard-start/Quard-Star/trusted_domain/FreeRTOS-Kernel/queue.c ****         portENABLE_INTERRUPTS();
2552:/home/zz/quard-start/Quard-Star/trusted_domain/FreeRTOS-Kernel/queue.c **** 
2553:/home/zz/quard-start/Quard-Star/trusted_domain/FreeRTOS-Kernel/queue.c ****         portDISABLE_INTERRUPTS();
2554:/home/zz/quard-start/Quard-Star/trusted_domain/FreeRTOS-Kernel/queue.c ****         {
2555:/home/zz/quard-start/Quard-Star/trusted_domain/FreeRTOS-Kernel/queue.c ****             if( pxQueue->uxMessagesWaiting > ( UBaseType_t ) 0 )
2556:/home/zz/quard-start/Quard-Star/trusted_domain/FreeRTOS-Kernel/queue.c ****             {
2557:/home/zz/quard-start/Quard-Star/trusted_domain/FreeRTOS-Kernel/queue.c ****                 /* Data is available from the queue. */
2558:/home/zz/quard-start/Quard-Star/trusted_domain/FreeRTOS-Kernel/queue.c ****                 pxQueue->u.xQueue.pcReadFrom += pxQueue->uxItemSize;
2559:/home/zz/quard-start/Quard-Star/trusted_domain/FreeRTOS-Kernel/queue.c **** 
2560:/home/zz/quard-start/Quard-Star/trusted_domain/FreeRTOS-Kernel/queue.c ****                 if( pxQueue->u.xQueue.pcReadFrom >= pxQueue->u.xQueue.pcTail )
2561:/home/zz/quard-start/Quard-Star/trusted_domain/FreeRTOS-Kernel/queue.c ****                 {
2562:/home/zz/quard-start/Quard-Star/trusted_domain/FreeRTOS-Kernel/queue.c ****                     pxQueue->u.xQueue.pcReadFrom = pxQueue->pcHead;
2563:/home/zz/quard-start/Quard-Star/trusted_domain/FreeRTOS-Kernel/queue.c ****                 }
2564:/home/zz/quard-start/Quard-Star/trusted_domain/FreeRTOS-Kernel/queue.c ****                 else
2565:/home/zz/quard-start/Quard-Star/trusted_domain/FreeRTOS-Kernel/queue.c ****                 {
2566:/home/zz/quard-start/Quard-Star/trusted_domain/FreeRTOS-Kernel/queue.c ****                     mtCOVERAGE_TEST_MARKER();
2567:/home/zz/quard-start/Quard-Star/trusted_domain/FreeRTOS-Kernel/queue.c ****                 }
2568:/home/zz/quard-start/Quard-Star/trusted_domain/FreeRTOS-Kernel/queue.c **** 
2569:/home/zz/quard-start/Quard-Star/trusted_domain/FreeRTOS-Kernel/queue.c ****                 --( pxQueue->uxMessagesWaiting );
2570:/home/zz/quard-start/Quard-Star/trusted_domain/FreeRTOS-Kernel/queue.c ****                 ( void ) memcpy( ( void * ) pvBuffer, ( void * ) pxQueue->u.xQueue.pcReadFrom, ( un
2571:/home/zz/quard-start/Quard-Star/trusted_domain/FreeRTOS-Kernel/queue.c **** 
2572:/home/zz/quard-start/Quard-Star/trusted_domain/FreeRTOS-Kernel/queue.c ****                 xReturn = pdPASS;
2573:/home/zz/quard-start/Quard-Star/trusted_domain/FreeRTOS-Kernel/queue.c **** 
2574:/home/zz/quard-start/Quard-Star/trusted_domain/FreeRTOS-Kernel/queue.c ****                 /* Were any co-routines waiting for space to become available? */
2575:/home/zz/quard-start/Quard-Star/trusted_domain/FreeRTOS-Kernel/queue.c ****                 if( listLIST_IS_EMPTY( &( pxQueue->xTasksWaitingToSend ) ) == pdFALSE )
2576:/home/zz/quard-start/Quard-Star/trusted_domain/FreeRTOS-Kernel/queue.c ****                 {
2577:/home/zz/quard-start/Quard-Star/trusted_domain/FreeRTOS-Kernel/queue.c ****                     /* In this instance the co-routine could be placed directly
2578:/home/zz/quard-start/Quard-Star/trusted_domain/FreeRTOS-Kernel/queue.c ****                      * into the ready list as we are within a critical section.
2579:/home/zz/quard-start/Quard-Star/trusted_domain/FreeRTOS-Kernel/queue.c ****                      * Instead the same pending ready list mechanism is used as if
2580:/home/zz/quard-start/Quard-Star/trusted_domain/FreeRTOS-Kernel/queue.c ****                      * the event were caused from within an interrupt. */
2581:/home/zz/quard-start/Quard-Star/trusted_domain/FreeRTOS-Kernel/queue.c ****                     if( xCoRoutineRemoveFromEventList( &( pxQueue->xTasksWaitingToSend ) ) != pdFAL
2582:/home/zz/quard-start/Quard-Star/trusted_domain/FreeRTOS-Kernel/queue.c ****                     {
2583:/home/zz/quard-start/Quard-Star/trusted_domain/FreeRTOS-Kernel/queue.c ****                         xReturn = errQUEUE_YIELD;
2584:/home/zz/quard-start/Quard-Star/trusted_domain/FreeRTOS-Kernel/queue.c ****                     }
2585:/home/zz/quard-start/Quard-Star/trusted_domain/FreeRTOS-Kernel/queue.c ****                     else
2586:/home/zz/quard-start/Quard-Star/trusted_domain/FreeRTOS-Kernel/queue.c ****                     {
2587:/home/zz/quard-start/Quard-Star/trusted_domain/FreeRTOS-Kernel/queue.c ****                         mtCOVERAGE_TEST_MARKER();
2588:/home/zz/quard-start/Quard-Star/trusted_domain/FreeRTOS-Kernel/queue.c ****                     }
2589:/home/zz/quard-start/Quard-Star/trusted_domain/FreeRTOS-Kernel/queue.c ****                 }
2590:/home/zz/quard-start/Quard-Star/trusted_domain/FreeRTOS-Kernel/queue.c ****                 else
2591:/home/zz/quard-start/Quard-Star/trusted_domain/FreeRTOS-Kernel/queue.c ****                 {
2592:/home/zz/quard-start/Quard-Star/trusted_domain/FreeRTOS-Kernel/queue.c ****                     mtCOVERAGE_TEST_MARKER();
2593:/home/zz/quard-start/Quard-Star/trusted_domain/FreeRTOS-Kernel/queue.c ****                 }
2594:/home/zz/quard-start/Quard-Star/trusted_domain/FreeRTOS-Kernel/queue.c ****             }
2595:/home/zz/quard-start/Quard-Star/trusted_domain/FreeRTOS-Kernel/queue.c ****             else
2596:/home/zz/quard-start/Quard-Star/trusted_domain/FreeRTOS-Kernel/queue.c ****             {
2597:/home/zz/quard-start/Quard-Star/trusted_domain/FreeRTOS-Kernel/queue.c ****                 xReturn = pdFAIL;
2598:/home/zz/quard-start/Quard-Star/trusted_domain/FreeRTOS-Kernel/queue.c ****             }
2599:/home/zz/quard-start/Quard-Star/trusted_domain/FreeRTOS-Kernel/queue.c ****         }
2600:/home/zz/quard-start/Quard-Star/trusted_domain/FreeRTOS-Kernel/queue.c ****         portENABLE_INTERRUPTS();
GAS LISTING /tmp/ccjMK2NG.s 			page 116


2601:/home/zz/quard-start/Quard-Star/trusted_domain/FreeRTOS-Kernel/queue.c **** 
2602:/home/zz/quard-start/Quard-Star/trusted_domain/FreeRTOS-Kernel/queue.c ****         return xReturn;
2603:/home/zz/quard-start/Quard-Star/trusted_domain/FreeRTOS-Kernel/queue.c ****     }
2604:/home/zz/quard-start/Quard-Star/trusted_domain/FreeRTOS-Kernel/queue.c **** 
2605:/home/zz/quard-start/Quard-Star/trusted_domain/FreeRTOS-Kernel/queue.c **** #endif /* configUSE_CO_ROUTINES */
2606:/home/zz/quard-start/Quard-Star/trusted_domain/FreeRTOS-Kernel/queue.c **** /*-----------------------------------------------------------*/
2607:/home/zz/quard-start/Quard-Star/trusted_domain/FreeRTOS-Kernel/queue.c **** 
2608:/home/zz/quard-start/Quard-Star/trusted_domain/FreeRTOS-Kernel/queue.c **** #if ( configUSE_CO_ROUTINES == 1 )
2609:/home/zz/quard-start/Quard-Star/trusted_domain/FreeRTOS-Kernel/queue.c **** 
2610:/home/zz/quard-start/Quard-Star/trusted_domain/FreeRTOS-Kernel/queue.c ****     BaseType_t xQueueCRSendFromISR( QueueHandle_t xQueue,
2611:/home/zz/quard-start/Quard-Star/trusted_domain/FreeRTOS-Kernel/queue.c ****                                     const void * pvItemToQueue,
2612:/home/zz/quard-start/Quard-Star/trusted_domain/FreeRTOS-Kernel/queue.c ****                                     BaseType_t xCoRoutinePreviouslyWoken )
2613:/home/zz/quard-start/Quard-Star/trusted_domain/FreeRTOS-Kernel/queue.c ****     {
2614:/home/zz/quard-start/Quard-Star/trusted_domain/FreeRTOS-Kernel/queue.c ****         Queue_t * const pxQueue = xQueue;
2615:/home/zz/quard-start/Quard-Star/trusted_domain/FreeRTOS-Kernel/queue.c **** 
2616:/home/zz/quard-start/Quard-Star/trusted_domain/FreeRTOS-Kernel/queue.c ****         /* Cannot block within an ISR so if there is no space on the queue then
2617:/home/zz/quard-start/Quard-Star/trusted_domain/FreeRTOS-Kernel/queue.c ****          * exit without doing anything. */
2618:/home/zz/quard-start/Quard-Star/trusted_domain/FreeRTOS-Kernel/queue.c ****         if( pxQueue->uxMessagesWaiting < pxQueue->uxLength )
2619:/home/zz/quard-start/Quard-Star/trusted_domain/FreeRTOS-Kernel/queue.c ****         {
2620:/home/zz/quard-start/Quard-Star/trusted_domain/FreeRTOS-Kernel/queue.c ****             prvCopyDataToQueue( pxQueue, pvItemToQueue, queueSEND_TO_BACK );
2621:/home/zz/quard-start/Quard-Star/trusted_domain/FreeRTOS-Kernel/queue.c **** 
2622:/home/zz/quard-start/Quard-Star/trusted_domain/FreeRTOS-Kernel/queue.c ****             /* We only want to wake one co-routine per ISR, so check that a
2623:/home/zz/quard-start/Quard-Star/trusted_domain/FreeRTOS-Kernel/queue.c ****              * co-routine has not already been woken. */
2624:/home/zz/quard-start/Quard-Star/trusted_domain/FreeRTOS-Kernel/queue.c ****             if( xCoRoutinePreviouslyWoken == pdFALSE )
2625:/home/zz/quard-start/Quard-Star/trusted_domain/FreeRTOS-Kernel/queue.c ****             {
2626:/home/zz/quard-start/Quard-Star/trusted_domain/FreeRTOS-Kernel/queue.c ****                 if( listLIST_IS_EMPTY( &( pxQueue->xTasksWaitingToReceive ) ) == pdFALSE )
2627:/home/zz/quard-start/Quard-Star/trusted_domain/FreeRTOS-Kernel/queue.c ****                 {
2628:/home/zz/quard-start/Quard-Star/trusted_domain/FreeRTOS-Kernel/queue.c ****                     if( xCoRoutineRemoveFromEventList( &( pxQueue->xTasksWaitingToReceive ) ) != pd
2629:/home/zz/quard-start/Quard-Star/trusted_domain/FreeRTOS-Kernel/queue.c ****                     {
2630:/home/zz/quard-start/Quard-Star/trusted_domain/FreeRTOS-Kernel/queue.c ****                         return pdTRUE;
2631:/home/zz/quard-start/Quard-Star/trusted_domain/FreeRTOS-Kernel/queue.c ****                     }
2632:/home/zz/quard-start/Quard-Star/trusted_domain/FreeRTOS-Kernel/queue.c ****                     else
2633:/home/zz/quard-start/Quard-Star/trusted_domain/FreeRTOS-Kernel/queue.c ****                     {
2634:/home/zz/quard-start/Quard-Star/trusted_domain/FreeRTOS-Kernel/queue.c ****                         mtCOVERAGE_TEST_MARKER();
2635:/home/zz/quard-start/Quard-Star/trusted_domain/FreeRTOS-Kernel/queue.c ****                     }
2636:/home/zz/quard-start/Quard-Star/trusted_domain/FreeRTOS-Kernel/queue.c ****                 }
2637:/home/zz/quard-start/Quard-Star/trusted_domain/FreeRTOS-Kernel/queue.c ****                 else
2638:/home/zz/quard-start/Quard-Star/trusted_domain/FreeRTOS-Kernel/queue.c ****                 {
2639:/home/zz/quard-start/Quard-Star/trusted_domain/FreeRTOS-Kernel/queue.c ****                     mtCOVERAGE_TEST_MARKER();
2640:/home/zz/quard-start/Quard-Star/trusted_domain/FreeRTOS-Kernel/queue.c ****                 }
2641:/home/zz/quard-start/Quard-Star/trusted_domain/FreeRTOS-Kernel/queue.c ****             }
2642:/home/zz/quard-start/Quard-Star/trusted_domain/FreeRTOS-Kernel/queue.c ****             else
2643:/home/zz/quard-start/Quard-Star/trusted_domain/FreeRTOS-Kernel/queue.c ****             {
2644:/home/zz/quard-start/Quard-Star/trusted_domain/FreeRTOS-Kernel/queue.c ****                 mtCOVERAGE_TEST_MARKER();
2645:/home/zz/quard-start/Quard-Star/trusted_domain/FreeRTOS-Kernel/queue.c ****             }
2646:/home/zz/quard-start/Quard-Star/trusted_domain/FreeRTOS-Kernel/queue.c ****         }
2647:/home/zz/quard-start/Quard-Star/trusted_domain/FreeRTOS-Kernel/queue.c ****         else
2648:/home/zz/quard-start/Quard-Star/trusted_domain/FreeRTOS-Kernel/queue.c ****         {
2649:/home/zz/quard-start/Quard-Star/trusted_domain/FreeRTOS-Kernel/queue.c ****             mtCOVERAGE_TEST_MARKER();
2650:/home/zz/quard-start/Quard-Star/trusted_domain/FreeRTOS-Kernel/queue.c ****         }
2651:/home/zz/quard-start/Quard-Star/trusted_domain/FreeRTOS-Kernel/queue.c **** 
2652:/home/zz/quard-start/Quard-Star/trusted_domain/FreeRTOS-Kernel/queue.c ****         return xCoRoutinePreviouslyWoken;
2653:/home/zz/quard-start/Quard-Star/trusted_domain/FreeRTOS-Kernel/queue.c ****     }
2654:/home/zz/quard-start/Quard-Star/trusted_domain/FreeRTOS-Kernel/queue.c **** 
2655:/home/zz/quard-start/Quard-Star/trusted_domain/FreeRTOS-Kernel/queue.c **** #endif /* configUSE_CO_ROUTINES */
2656:/home/zz/quard-start/Quard-Star/trusted_domain/FreeRTOS-Kernel/queue.c **** /*-----------------------------------------------------------*/
2657:/home/zz/quard-start/Quard-Star/trusted_domain/FreeRTOS-Kernel/queue.c **** 
GAS LISTING /tmp/ccjMK2NG.s 			page 117


2658:/home/zz/quard-start/Quard-Star/trusted_domain/FreeRTOS-Kernel/queue.c **** #if ( configUSE_CO_ROUTINES == 1 )
2659:/home/zz/quard-start/Quard-Star/trusted_domain/FreeRTOS-Kernel/queue.c **** 
2660:/home/zz/quard-start/Quard-Star/trusted_domain/FreeRTOS-Kernel/queue.c ****     BaseType_t xQueueCRReceiveFromISR( QueueHandle_t xQueue,
2661:/home/zz/quard-start/Quard-Star/trusted_domain/FreeRTOS-Kernel/queue.c ****                                        void * pvBuffer,
2662:/home/zz/quard-start/Quard-Star/trusted_domain/FreeRTOS-Kernel/queue.c ****                                        BaseType_t * pxCoRoutineWoken )
2663:/home/zz/quard-start/Quard-Star/trusted_domain/FreeRTOS-Kernel/queue.c ****     {
2664:/home/zz/quard-start/Quard-Star/trusted_domain/FreeRTOS-Kernel/queue.c ****         BaseType_t xReturn;
2665:/home/zz/quard-start/Quard-Star/trusted_domain/FreeRTOS-Kernel/queue.c ****         Queue_t * const pxQueue = xQueue;
2666:/home/zz/quard-start/Quard-Star/trusted_domain/FreeRTOS-Kernel/queue.c **** 
2667:/home/zz/quard-start/Quard-Star/trusted_domain/FreeRTOS-Kernel/queue.c ****         /* We cannot block from an ISR, so check there is data available. If
2668:/home/zz/quard-start/Quard-Star/trusted_domain/FreeRTOS-Kernel/queue.c ****          * not then just leave without doing anything. */
2669:/home/zz/quard-start/Quard-Star/trusted_domain/FreeRTOS-Kernel/queue.c ****         if( pxQueue->uxMessagesWaiting > ( UBaseType_t ) 0 )
2670:/home/zz/quard-start/Quard-Star/trusted_domain/FreeRTOS-Kernel/queue.c ****         {
2671:/home/zz/quard-start/Quard-Star/trusted_domain/FreeRTOS-Kernel/queue.c ****             /* Copy the data from the queue. */
2672:/home/zz/quard-start/Quard-Star/trusted_domain/FreeRTOS-Kernel/queue.c ****             pxQueue->u.xQueue.pcReadFrom += pxQueue->uxItemSize;
2673:/home/zz/quard-start/Quard-Star/trusted_domain/FreeRTOS-Kernel/queue.c **** 
2674:/home/zz/quard-start/Quard-Star/trusted_domain/FreeRTOS-Kernel/queue.c ****             if( pxQueue->u.xQueue.pcReadFrom >= pxQueue->u.xQueue.pcTail )
2675:/home/zz/quard-start/Quard-Star/trusted_domain/FreeRTOS-Kernel/queue.c ****             {
2676:/home/zz/quard-start/Quard-Star/trusted_domain/FreeRTOS-Kernel/queue.c ****                 pxQueue->u.xQueue.pcReadFrom = pxQueue->pcHead;
2677:/home/zz/quard-start/Quard-Star/trusted_domain/FreeRTOS-Kernel/queue.c ****             }
2678:/home/zz/quard-start/Quard-Star/trusted_domain/FreeRTOS-Kernel/queue.c ****             else
2679:/home/zz/quard-start/Quard-Star/trusted_domain/FreeRTOS-Kernel/queue.c ****             {
2680:/home/zz/quard-start/Quard-Star/trusted_domain/FreeRTOS-Kernel/queue.c ****                 mtCOVERAGE_TEST_MARKER();
2681:/home/zz/quard-start/Quard-Star/trusted_domain/FreeRTOS-Kernel/queue.c ****             }
2682:/home/zz/quard-start/Quard-Star/trusted_domain/FreeRTOS-Kernel/queue.c **** 
2683:/home/zz/quard-start/Quard-Star/trusted_domain/FreeRTOS-Kernel/queue.c ****             --( pxQueue->uxMessagesWaiting );
2684:/home/zz/quard-start/Quard-Star/trusted_domain/FreeRTOS-Kernel/queue.c ****             ( void ) memcpy( ( void * ) pvBuffer, ( void * ) pxQueue->u.xQueue.pcReadFrom, ( unsign
2685:/home/zz/quard-start/Quard-Star/trusted_domain/FreeRTOS-Kernel/queue.c **** 
2686:/home/zz/quard-start/Quard-Star/trusted_domain/FreeRTOS-Kernel/queue.c ****             if( ( *pxCoRoutineWoken ) == pdFALSE )
2687:/home/zz/quard-start/Quard-Star/trusted_domain/FreeRTOS-Kernel/queue.c ****             {
2688:/home/zz/quard-start/Quard-Star/trusted_domain/FreeRTOS-Kernel/queue.c ****                 if( listLIST_IS_EMPTY( &( pxQueue->xTasksWaitingToSend ) ) == pdFALSE )
2689:/home/zz/quard-start/Quard-Star/trusted_domain/FreeRTOS-Kernel/queue.c ****                 {
2690:/home/zz/quard-start/Quard-Star/trusted_domain/FreeRTOS-Kernel/queue.c ****                     if( xCoRoutineRemoveFromEventList( &( pxQueue->xTasksWaitingToSend ) ) != pdFAL
2691:/home/zz/quard-start/Quard-Star/trusted_domain/FreeRTOS-Kernel/queue.c ****                     {
2692:/home/zz/quard-start/Quard-Star/trusted_domain/FreeRTOS-Kernel/queue.c ****                         *pxCoRoutineWoken = pdTRUE;
2693:/home/zz/quard-start/Quard-Star/trusted_domain/FreeRTOS-Kernel/queue.c ****                     }
2694:/home/zz/quard-start/Quard-Star/trusted_domain/FreeRTOS-Kernel/queue.c ****                     else
2695:/home/zz/quard-start/Quard-Star/trusted_domain/FreeRTOS-Kernel/queue.c ****                     {
2696:/home/zz/quard-start/Quard-Star/trusted_domain/FreeRTOS-Kernel/queue.c ****                         mtCOVERAGE_TEST_MARKER();
2697:/home/zz/quard-start/Quard-Star/trusted_domain/FreeRTOS-Kernel/queue.c ****                     }
2698:/home/zz/quard-start/Quard-Star/trusted_domain/FreeRTOS-Kernel/queue.c ****                 }
2699:/home/zz/quard-start/Quard-Star/trusted_domain/FreeRTOS-Kernel/queue.c ****                 else
2700:/home/zz/quard-start/Quard-Star/trusted_domain/FreeRTOS-Kernel/queue.c ****                 {
2701:/home/zz/quard-start/Quard-Star/trusted_domain/FreeRTOS-Kernel/queue.c ****                     mtCOVERAGE_TEST_MARKER();
2702:/home/zz/quard-start/Quard-Star/trusted_domain/FreeRTOS-Kernel/queue.c ****                 }
2703:/home/zz/quard-start/Quard-Star/trusted_domain/FreeRTOS-Kernel/queue.c ****             }
2704:/home/zz/quard-start/Quard-Star/trusted_domain/FreeRTOS-Kernel/queue.c ****             else
2705:/home/zz/quard-start/Quard-Star/trusted_domain/FreeRTOS-Kernel/queue.c ****             {
2706:/home/zz/quard-start/Quard-Star/trusted_domain/FreeRTOS-Kernel/queue.c ****                 mtCOVERAGE_TEST_MARKER();
2707:/home/zz/quard-start/Quard-Star/trusted_domain/FreeRTOS-Kernel/queue.c ****             }
2708:/home/zz/quard-start/Quard-Star/trusted_domain/FreeRTOS-Kernel/queue.c **** 
2709:/home/zz/quard-start/Quard-Star/trusted_domain/FreeRTOS-Kernel/queue.c ****             xReturn = pdPASS;
2710:/home/zz/quard-start/Quard-Star/trusted_domain/FreeRTOS-Kernel/queue.c ****         }
2711:/home/zz/quard-start/Quard-Star/trusted_domain/FreeRTOS-Kernel/queue.c ****         else
2712:/home/zz/quard-start/Quard-Star/trusted_domain/FreeRTOS-Kernel/queue.c ****         {
2713:/home/zz/quard-start/Quard-Star/trusted_domain/FreeRTOS-Kernel/queue.c ****             xReturn = pdFAIL;
2714:/home/zz/quard-start/Quard-Star/trusted_domain/FreeRTOS-Kernel/queue.c ****         }
GAS LISTING /tmp/ccjMK2NG.s 			page 118


2715:/home/zz/quard-start/Quard-Star/trusted_domain/FreeRTOS-Kernel/queue.c **** 
2716:/home/zz/quard-start/Quard-Star/trusted_domain/FreeRTOS-Kernel/queue.c ****         return xReturn;
2717:/home/zz/quard-start/Quard-Star/trusted_domain/FreeRTOS-Kernel/queue.c ****     }
2718:/home/zz/quard-start/Quard-Star/trusted_domain/FreeRTOS-Kernel/queue.c **** 
2719:/home/zz/quard-start/Quard-Star/trusted_domain/FreeRTOS-Kernel/queue.c **** #endif /* configUSE_CO_ROUTINES */
2720:/home/zz/quard-start/Quard-Star/trusted_domain/FreeRTOS-Kernel/queue.c **** /*-----------------------------------------------------------*/
2721:/home/zz/quard-start/Quard-Star/trusted_domain/FreeRTOS-Kernel/queue.c **** 
2722:/home/zz/quard-start/Quard-Star/trusted_domain/FreeRTOS-Kernel/queue.c **** #if ( configQUEUE_REGISTRY_SIZE > 0 )
2723:/home/zz/quard-start/Quard-Star/trusted_domain/FreeRTOS-Kernel/queue.c **** 
2724:/home/zz/quard-start/Quard-Star/trusted_domain/FreeRTOS-Kernel/queue.c ****     void vQueueAddToRegistry( QueueHandle_t xQueue,
2725:/home/zz/quard-start/Quard-Star/trusted_domain/FreeRTOS-Kernel/queue.c ****                               const char * pcQueueName ) /*lint !e971 Unqualified char types are al
2726:/home/zz/quard-start/Quard-Star/trusted_domain/FreeRTOS-Kernel/queue.c ****     {
 3021              		.loc 1 2726 5 is_stmt 1
 3022              		.cfi_startproc
 3023              	.LVL365:
2727:/home/zz/quard-start/Quard-Star/trusted_domain/FreeRTOS-Kernel/queue.c ****         UBaseType_t ux;
 3024              		.loc 1 2727 9
2728:/home/zz/quard-start/Quard-Star/trusted_domain/FreeRTOS-Kernel/queue.c **** 
2729:/home/zz/quard-start/Quard-Star/trusted_domain/FreeRTOS-Kernel/queue.c ****         /* See if there is an empty space in the registry.  A NULL name denotes
2730:/home/zz/quard-start/Quard-Star/trusted_domain/FreeRTOS-Kernel/queue.c ****          * a free slot. */
2731:/home/zz/quard-start/Quard-Star/trusted_domain/FreeRTOS-Kernel/queue.c ****         for( ux = ( UBaseType_t ) 0U; ux < ( UBaseType_t ) configQUEUE_REGISTRY_SIZE; ux++ )
 3025              		.loc 1 2731 9
 3026              		.loc 1 2731 17 is_stmt 0
 3027 0000 93070000 		li	a5,0
 3028              	.LVL366:
 3029              	.L229:
 3030              		.loc 1 2731 42 is_stmt 1 discriminator 1
 3031 0004 13077000 		li	a4,7
 3032 0008 636EF702 		bgtu	a5,a4,.L233
2732:/home/zz/quard-start/Quard-Star/trusted_domain/FreeRTOS-Kernel/queue.c ****         {
2733:/home/zz/quard-start/Quard-Star/trusted_domain/FreeRTOS-Kernel/queue.c ****             if( xQueueRegistry[ ux ].pcQueueName == NULL )
 3033              		.loc 1 2733 13
 3034              		.loc 1 2733 37 is_stmt 0
 3035 000c 93964700 		slli	a3,a5,4
 3036 0010 17070000 		lla	a4,xQueueRegistry
 3036      13070700 
 3037 0018 3307D700 		add	a4,a4,a3
 3038 001c 03370700 		ld	a4,0(a4)
 3039              		.loc 1 2733 15
 3040 0020 63060700 		beq	a4,zero,.L234
2734:/home/zz/quard-start/Quard-Star/trusted_domain/FreeRTOS-Kernel/queue.c ****             {
2735:/home/zz/quard-start/Quard-Star/trusted_domain/FreeRTOS-Kernel/queue.c ****                 /* Store the information on this queue. */
2736:/home/zz/quard-start/Quard-Star/trusted_domain/FreeRTOS-Kernel/queue.c ****                 xQueueRegistry[ ux ].pcQueueName = pcQueueName;
2737:/home/zz/quard-start/Quard-Star/trusted_domain/FreeRTOS-Kernel/queue.c ****                 xQueueRegistry[ ux ].xHandle = xQueue;
2738:/home/zz/quard-start/Quard-Star/trusted_domain/FreeRTOS-Kernel/queue.c **** 
2739:/home/zz/quard-start/Quard-Star/trusted_domain/FreeRTOS-Kernel/queue.c ****                 traceQUEUE_REGISTRY_ADD( xQueue, pcQueueName );
2740:/home/zz/quard-start/Quard-Star/trusted_domain/FreeRTOS-Kernel/queue.c ****                 break;
2741:/home/zz/quard-start/Quard-Star/trusted_domain/FreeRTOS-Kernel/queue.c ****             }
2742:/home/zz/quard-start/Quard-Star/trusted_domain/FreeRTOS-Kernel/queue.c ****             else
2743:/home/zz/quard-start/Quard-Star/trusted_domain/FreeRTOS-Kernel/queue.c ****             {
2744:/home/zz/quard-start/Quard-Star/trusted_domain/FreeRTOS-Kernel/queue.c ****                 mtCOVERAGE_TEST_MARKER();
 3041              		.loc 1 2744 41 is_stmt 1 discriminator 2
2731:/home/zz/quard-start/Quard-Star/trusted_domain/FreeRTOS-Kernel/queue.c ****         {
 3042              		.loc 1 2731 89 discriminator 2
 3043 0024 93871700 		addi	a5,a5,1
 3044              	.LVL367:
 3045 0028 6FF0DFFD 		j	.L229
GAS LISTING /tmp/ccjMK2NG.s 			page 119


 3046              	.L234:
2736:/home/zz/quard-start/Quard-Star/trusted_domain/FreeRTOS-Kernel/queue.c ****                 xQueueRegistry[ ux ].xHandle = xQueue;
 3047              		.loc 1 2736 17
2736:/home/zz/quard-start/Quard-Star/trusted_domain/FreeRTOS-Kernel/queue.c ****                 xQueueRegistry[ ux ].xHandle = xQueue;
 3048              		.loc 1 2736 50 is_stmt 0
 3049 002c 17070000 		lla	a4,xQueueRegistry
 3049      13070700 
 3050 0034 B307D700 		add	a5,a4,a3
 3051              	.LVL368:
 3052 0038 23B0B700 		sd	a1,0(a5)
2737:/home/zz/quard-start/Quard-Star/trusted_domain/FreeRTOS-Kernel/queue.c **** 
 3053              		.loc 1 2737 17 is_stmt 1
2737:/home/zz/quard-start/Quard-Star/trusted_domain/FreeRTOS-Kernel/queue.c **** 
 3054              		.loc 1 2737 46 is_stmt 0
 3055 003c 23B4A700 		sd	a0,8(a5)
2739:/home/zz/quard-start/Quard-Star/trusted_domain/FreeRTOS-Kernel/queue.c ****                 break;
 3056              		.loc 1 2739 63 is_stmt 1
2740:/home/zz/quard-start/Quard-Star/trusted_domain/FreeRTOS-Kernel/queue.c ****             }
 3057              		.loc 1 2740 17
 3058 0040 67800000 		ret
 3059              	.LVL369:
 3060              	.L233:
2745:/home/zz/quard-start/Quard-Star/trusted_domain/FreeRTOS-Kernel/queue.c ****             }
2746:/home/zz/quard-start/Quard-Star/trusted_domain/FreeRTOS-Kernel/queue.c ****         }
2747:/home/zz/quard-start/Quard-Star/trusted_domain/FreeRTOS-Kernel/queue.c ****     }
 3061              		.loc 1 2747 5 is_stmt 0
 3062 0044 67800000 		ret
 3063              		.cfi_endproc
 3064              	.LFE35:
 3066              		.section	.text.pcQueueGetName,"ax",@progbits
 3067              		.align	2
 3068              		.globl	pcQueueGetName
 3070              	pcQueueGetName:
 3071              	.LFB36:
2748:/home/zz/quard-start/Quard-Star/trusted_domain/FreeRTOS-Kernel/queue.c **** 
2749:/home/zz/quard-start/Quard-Star/trusted_domain/FreeRTOS-Kernel/queue.c **** #endif /* configQUEUE_REGISTRY_SIZE */
2750:/home/zz/quard-start/Quard-Star/trusted_domain/FreeRTOS-Kernel/queue.c **** /*-----------------------------------------------------------*/
2751:/home/zz/quard-start/Quard-Star/trusted_domain/FreeRTOS-Kernel/queue.c **** 
2752:/home/zz/quard-start/Quard-Star/trusted_domain/FreeRTOS-Kernel/queue.c **** #if ( configQUEUE_REGISTRY_SIZE > 0 )
2753:/home/zz/quard-start/Quard-Star/trusted_domain/FreeRTOS-Kernel/queue.c **** 
2754:/home/zz/quard-start/Quard-Star/trusted_domain/FreeRTOS-Kernel/queue.c ****     const char * pcQueueGetName( QueueHandle_t xQueue ) /*lint !e971 Unqualified char types are all
2755:/home/zz/quard-start/Quard-Star/trusted_domain/FreeRTOS-Kernel/queue.c ****     {
 3072              		.loc 1 2755 5 is_stmt 1
 3073              		.cfi_startproc
 3074              	.LVL370:
2756:/home/zz/quard-start/Quard-Star/trusted_domain/FreeRTOS-Kernel/queue.c ****         UBaseType_t ux;
 3075              		.loc 1 2756 9
2757:/home/zz/quard-start/Quard-Star/trusted_domain/FreeRTOS-Kernel/queue.c ****         const char * pcReturn = NULL; /*lint !e971 Unqualified char types are allowed for strings a
 3076              		.loc 1 2757 9
2758:/home/zz/quard-start/Quard-Star/trusted_domain/FreeRTOS-Kernel/queue.c **** 
2759:/home/zz/quard-start/Quard-Star/trusted_domain/FreeRTOS-Kernel/queue.c ****         /* Note there is nothing here to protect against another task adding or
2760:/home/zz/quard-start/Quard-Star/trusted_domain/FreeRTOS-Kernel/queue.c ****          * removing entries from the registry while it is being searched. */
2761:/home/zz/quard-start/Quard-Star/trusted_domain/FreeRTOS-Kernel/queue.c **** 
2762:/home/zz/quard-start/Quard-Star/trusted_domain/FreeRTOS-Kernel/queue.c ****         for( ux = ( UBaseType_t ) 0U; ux < ( UBaseType_t ) configQUEUE_REGISTRY_SIZE; ux++ )
 3077              		.loc 1 2762 9
 3078              		.loc 1 2762 17 is_stmt 0
 3079 0000 93070000 		li	a5,0
GAS LISTING /tmp/ccjMK2NG.s 			page 120


 3080              	.LVL371:
 3081              	.L236:
 3082              		.loc 1 2762 42 is_stmt 1 discriminator 1
 3083 0004 13077000 		li	a4,7
 3084 0008 636CF702 		bgtu	a5,a4,.L240
2763:/home/zz/quard-start/Quard-Star/trusted_domain/FreeRTOS-Kernel/queue.c ****         {
2764:/home/zz/quard-start/Quard-Star/trusted_domain/FreeRTOS-Kernel/queue.c ****             if( xQueueRegistry[ ux ].xHandle == xQueue )
 3085              		.loc 1 2764 13
 3086              		.loc 1 2764 37 is_stmt 0
 3087 000c 93964700 		slli	a3,a5,4
 3088 0010 17070000 		lla	a4,xQueueRegistry
 3088      13070700 
 3089 0018 3307D700 		add	a4,a4,a3
 3090 001c 03378700 		ld	a4,8(a4)
 3091              		.loc 1 2764 15
 3092 0020 6306A700 		beq	a4,a0,.L241
2765:/home/zz/quard-start/Quard-Star/trusted_domain/FreeRTOS-Kernel/queue.c ****             {
2766:/home/zz/quard-start/Quard-Star/trusted_domain/FreeRTOS-Kernel/queue.c ****                 pcReturn = xQueueRegistry[ ux ].pcQueueName;
2767:/home/zz/quard-start/Quard-Star/trusted_domain/FreeRTOS-Kernel/queue.c ****                 break;
2768:/home/zz/quard-start/Quard-Star/trusted_domain/FreeRTOS-Kernel/queue.c ****             }
2769:/home/zz/quard-start/Quard-Star/trusted_domain/FreeRTOS-Kernel/queue.c ****             else
2770:/home/zz/quard-start/Quard-Star/trusted_domain/FreeRTOS-Kernel/queue.c ****             {
2771:/home/zz/quard-start/Quard-Star/trusted_domain/FreeRTOS-Kernel/queue.c ****                 mtCOVERAGE_TEST_MARKER();
 3093              		.loc 1 2771 41 is_stmt 1 discriminator 2
2762:/home/zz/quard-start/Quard-Star/trusted_domain/FreeRTOS-Kernel/queue.c ****         {
 3094              		.loc 1 2762 89 discriminator 2
 3095 0024 93871700 		addi	a5,a5,1
 3096              	.LVL372:
 3097 0028 6FF0DFFD 		j	.L236
 3098              	.L241:
2766:/home/zz/quard-start/Quard-Star/trusted_domain/FreeRTOS-Kernel/queue.c ****                 break;
 3099              		.loc 1 2766 17
2766:/home/zz/quard-start/Quard-Star/trusted_domain/FreeRTOS-Kernel/queue.c ****                 break;
 3100              		.loc 1 2766 26 is_stmt 0
 3101 002c 17070000 		lla	a4,xQueueRegistry
 3101      13070700 
 3102 0034 B307D700 		add	a5,a4,a3
 3103              	.LVL373:
 3104 0038 03B50700 		ld	a0,0(a5)
 3105              	.LVL374:
2767:/home/zz/quard-start/Quard-Star/trusted_domain/FreeRTOS-Kernel/queue.c ****             }
 3106              		.loc 1 2767 17 is_stmt 1
 3107 003c 67800000 		ret
 3108              	.LVL375:
 3109              	.L240:
2757:/home/zz/quard-start/Quard-Star/trusted_domain/FreeRTOS-Kernel/queue.c **** 
 3110              		.loc 1 2757 22 is_stmt 0
 3111 0040 13050000 		li	a0,0
 3112              	.LVL376:
2772:/home/zz/quard-start/Quard-Star/trusted_domain/FreeRTOS-Kernel/queue.c ****             }
2773:/home/zz/quard-start/Quard-Star/trusted_domain/FreeRTOS-Kernel/queue.c ****         }
2774:/home/zz/quard-start/Quard-Star/trusted_domain/FreeRTOS-Kernel/queue.c **** 
2775:/home/zz/quard-start/Quard-Star/trusted_domain/FreeRTOS-Kernel/queue.c ****         return pcReturn;
 3113              		.loc 1 2775 9 is_stmt 1
2776:/home/zz/quard-start/Quard-Star/trusted_domain/FreeRTOS-Kernel/queue.c ****     } /*lint !e818 xQueue cannot be a pointer to const because it is a typedef. */
 3114              		.loc 1 2776 5 is_stmt 0
 3115 0044 67800000 		ret
GAS LISTING /tmp/ccjMK2NG.s 			page 121


 3116              		.cfi_endproc
 3117              	.LFE36:
 3119              		.section	.text.vQueueUnregisterQueue,"ax",@progbits
 3120              		.align	2
 3121              		.globl	vQueueUnregisterQueue
 3123              	vQueueUnregisterQueue:
 3124              	.LFB37:
2777:/home/zz/quard-start/Quard-Star/trusted_domain/FreeRTOS-Kernel/queue.c **** 
2778:/home/zz/quard-start/Quard-Star/trusted_domain/FreeRTOS-Kernel/queue.c **** #endif /* configQUEUE_REGISTRY_SIZE */
2779:/home/zz/quard-start/Quard-Star/trusted_domain/FreeRTOS-Kernel/queue.c **** /*-----------------------------------------------------------*/
2780:/home/zz/quard-start/Quard-Star/trusted_domain/FreeRTOS-Kernel/queue.c **** 
2781:/home/zz/quard-start/Quard-Star/trusted_domain/FreeRTOS-Kernel/queue.c **** #if ( configQUEUE_REGISTRY_SIZE > 0 )
2782:/home/zz/quard-start/Quard-Star/trusted_domain/FreeRTOS-Kernel/queue.c **** 
2783:/home/zz/quard-start/Quard-Star/trusted_domain/FreeRTOS-Kernel/queue.c ****     void vQueueUnregisterQueue( QueueHandle_t xQueue )
2784:/home/zz/quard-start/Quard-Star/trusted_domain/FreeRTOS-Kernel/queue.c ****     {
 3125              		.loc 1 2784 5 is_stmt 1
 3126              		.cfi_startproc
 3127              	.LVL377:
2785:/home/zz/quard-start/Quard-Star/trusted_domain/FreeRTOS-Kernel/queue.c ****         UBaseType_t ux;
 3128              		.loc 1 2785 9
2786:/home/zz/quard-start/Quard-Star/trusted_domain/FreeRTOS-Kernel/queue.c **** 
2787:/home/zz/quard-start/Quard-Star/trusted_domain/FreeRTOS-Kernel/queue.c ****         /* See if the handle of the queue being unregistered in actually in the
2788:/home/zz/quard-start/Quard-Star/trusted_domain/FreeRTOS-Kernel/queue.c ****          * registry. */
2789:/home/zz/quard-start/Quard-Star/trusted_domain/FreeRTOS-Kernel/queue.c ****         for( ux = ( UBaseType_t ) 0U; ux < ( UBaseType_t ) configQUEUE_REGISTRY_SIZE; ux++ )
 3129              		.loc 1 2789 9
 3130              		.loc 1 2789 17 is_stmt 0
 3131 0000 93070000 		li	a5,0
 3132              	.LVL378:
 3133              	.L243:
 3134              		.loc 1 2789 42 is_stmt 1 discriminator 1
 3135 0004 13077000 		li	a4,7
 3136 0008 636EF702 		bgtu	a5,a4,.L247
2790:/home/zz/quard-start/Quard-Star/trusted_domain/FreeRTOS-Kernel/queue.c ****         {
2791:/home/zz/quard-start/Quard-Star/trusted_domain/FreeRTOS-Kernel/queue.c ****             if( xQueueRegistry[ ux ].xHandle == xQueue )
 3137              		.loc 1 2791 13
 3138              		.loc 1 2791 37 is_stmt 0
 3139 000c 93964700 		slli	a3,a5,4
 3140 0010 17070000 		lla	a4,xQueueRegistry
 3140      13070700 
 3141 0018 3307D700 		add	a4,a4,a3
 3142 001c 03378700 		ld	a4,8(a4)
 3143              		.loc 1 2791 15
 3144 0020 6306A700 		beq	a4,a0,.L248
2792:/home/zz/quard-start/Quard-Star/trusted_domain/FreeRTOS-Kernel/queue.c ****             {
2793:/home/zz/quard-start/Quard-Star/trusted_domain/FreeRTOS-Kernel/queue.c ****                 /* Set the name to NULL to show that this slot if free again. */
2794:/home/zz/quard-start/Quard-Star/trusted_domain/FreeRTOS-Kernel/queue.c ****                 xQueueRegistry[ ux ].pcQueueName = NULL;
2795:/home/zz/quard-start/Quard-Star/trusted_domain/FreeRTOS-Kernel/queue.c **** 
2796:/home/zz/quard-start/Quard-Star/trusted_domain/FreeRTOS-Kernel/queue.c ****                 /* Set the handle to NULL to ensure the same queue handle cannot
2797:/home/zz/quard-start/Quard-Star/trusted_domain/FreeRTOS-Kernel/queue.c ****                  * appear in the registry twice if it is added, removed, then
2798:/home/zz/quard-start/Quard-Star/trusted_domain/FreeRTOS-Kernel/queue.c ****                  * added again. */
2799:/home/zz/quard-start/Quard-Star/trusted_domain/FreeRTOS-Kernel/queue.c ****                 xQueueRegistry[ ux ].xHandle = ( QueueHandle_t ) 0;
2800:/home/zz/quard-start/Quard-Star/trusted_domain/FreeRTOS-Kernel/queue.c ****                 break;
2801:/home/zz/quard-start/Quard-Star/trusted_domain/FreeRTOS-Kernel/queue.c ****             }
2802:/home/zz/quard-start/Quard-Star/trusted_domain/FreeRTOS-Kernel/queue.c ****             else
2803:/home/zz/quard-start/Quard-Star/trusted_domain/FreeRTOS-Kernel/queue.c ****             {
2804:/home/zz/quard-start/Quard-Star/trusted_domain/FreeRTOS-Kernel/queue.c ****                 mtCOVERAGE_TEST_MARKER();
 3145              		.loc 1 2804 41 is_stmt 1 discriminator 2
GAS LISTING /tmp/ccjMK2NG.s 			page 122


2789:/home/zz/quard-start/Quard-Star/trusted_domain/FreeRTOS-Kernel/queue.c ****         {
 3146              		.loc 1 2789 89 discriminator 2
 3147 0024 93871700 		addi	a5,a5,1
 3148              	.LVL379:
 3149 0028 6FF0DFFD 		j	.L243
 3150              	.L248:
2794:/home/zz/quard-start/Quard-Star/trusted_domain/FreeRTOS-Kernel/queue.c **** 
 3151              		.loc 1 2794 17
2794:/home/zz/quard-start/Quard-Star/trusted_domain/FreeRTOS-Kernel/queue.c **** 
 3152              		.loc 1 2794 50 is_stmt 0
 3153 002c 17070000 		lla	a4,xQueueRegistry
 3153      13070700 
 3154 0034 B307D700 		add	a5,a4,a3
 3155              	.LVL380:
 3156 0038 23B00700 		sd	zero,0(a5)
2799:/home/zz/quard-start/Quard-Star/trusted_domain/FreeRTOS-Kernel/queue.c ****                 break;
 3157              		.loc 1 2799 17 is_stmt 1
2799:/home/zz/quard-start/Quard-Star/trusted_domain/FreeRTOS-Kernel/queue.c ****                 break;
 3158              		.loc 1 2799 46 is_stmt 0
 3159 003c 23B40700 		sd	zero,8(a5)
2800:/home/zz/quard-start/Quard-Star/trusted_domain/FreeRTOS-Kernel/queue.c ****             }
 3160              		.loc 1 2800 17 is_stmt 1
 3161 0040 67800000 		ret
 3162              	.LVL381:
 3163              	.L247:
2805:/home/zz/quard-start/Quard-Star/trusted_domain/FreeRTOS-Kernel/queue.c ****             }
2806:/home/zz/quard-start/Quard-Star/trusted_domain/FreeRTOS-Kernel/queue.c ****         }
2807:/home/zz/quard-start/Quard-Star/trusted_domain/FreeRTOS-Kernel/queue.c ****     } /*lint !e818 xQueue could not be pointer to const because it is a typedef. */
 3164              		.loc 1 2807 5 is_stmt 0
 3165 0044 67800000 		ret
 3166              		.cfi_endproc
 3167              	.LFE37:
 3169              		.section	.text.vQueueDelete,"ax",@progbits
 3170              		.align	2
 3171              		.globl	vQueueDelete
 3173              	vQueueDelete:
 3174              	.LFB23:
2030:/home/zz/quard-start/Quard-Star/trusted_domain/FreeRTOS-Kernel/queue.c ****     Queue_t * const pxQueue = xQueue;
 3175              		.loc 1 2030 1 is_stmt 1
 3176              		.cfi_startproc
 3177              	.LVL382:
 3178 0000 130101FF 		addi	sp,sp,-16
 3179              	.LCFI64:
 3180              		.cfi_def_cfa_offset 16
 3181 0004 23341100 		sd	ra,8(sp)
 3182 0008 23308100 		sd	s0,0(sp)
 3183              		.cfi_offset 1, -8
 3184              		.cfi_offset 8, -16
 3185 000c 13040500 		mv	s0,a0
2031:/home/zz/quard-start/Quard-Star/trusted_domain/FreeRTOS-Kernel/queue.c **** 
 3186              		.loc 1 2031 5
 3187              	.LVL383:
2033:/home/zz/quard-start/Quard-Star/trusted_domain/FreeRTOS-Kernel/queue.c ****     traceQUEUE_DELETE( pxQueue );
 3188              		.loc 1 2033 28
2034:/home/zz/quard-start/Quard-Star/trusted_domain/FreeRTOS-Kernel/queue.c **** 
 3189              		.loc 1 2034 33
2038:/home/zz/quard-start/Quard-Star/trusted_domain/FreeRTOS-Kernel/queue.c ****         }
GAS LISTING /tmp/ccjMK2NG.s 			page 123


 3190              		.loc 1 2038 13
 3191 0010 97000000 		call	vQueueUnregisterQueue
 3191      E7800000 
 3192              	.LVL384:
2046:/home/zz/quard-start/Quard-Star/trusted_domain/FreeRTOS-Kernel/queue.c ****         }
 3193              		.loc 1 2046 13
 3194 0018 13050400 		mv	a0,s0
 3195 001c 97000000 		call	vPortFree
 3195      E7800000 
 3196              	.LVL385:
2068:/home/zz/quard-start/Quard-Star/trusted_domain/FreeRTOS-Kernel/queue.c **** /*-----------------------------------------------------------*/
 3197              		.loc 1 2068 1 is_stmt 0
 3198 0024 83308100 		ld	ra,8(sp)
 3199              		.cfi_restore 1
 3200 0028 03340100 		ld	s0,0(sp)
 3201              		.cfi_restore 8
 3202              	.LVL386:
 3203 002c 13010101 		addi	sp,sp,16
 3204              	.LCFI65:
 3205              		.cfi_def_cfa_offset 0
 3206 0030 67800000 		jr	ra
 3207              		.cfi_endproc
 3208              	.LFE23:
 3210              		.section	.text.vQueueWaitForMessageRestricted,"ax",@progbits
 3211              		.align	2
 3212              		.globl	vQueueWaitForMessageRestricted
 3214              	vQueueWaitForMessageRestricted:
 3215              	.LFB38:
2808:/home/zz/quard-start/Quard-Star/trusted_domain/FreeRTOS-Kernel/queue.c **** 
2809:/home/zz/quard-start/Quard-Star/trusted_domain/FreeRTOS-Kernel/queue.c **** #endif /* configQUEUE_REGISTRY_SIZE */
2810:/home/zz/quard-start/Quard-Star/trusted_domain/FreeRTOS-Kernel/queue.c **** /*-----------------------------------------------------------*/
2811:/home/zz/quard-start/Quard-Star/trusted_domain/FreeRTOS-Kernel/queue.c **** 
2812:/home/zz/quard-start/Quard-Star/trusted_domain/FreeRTOS-Kernel/queue.c **** #if ( configUSE_TIMERS == 1 )
2813:/home/zz/quard-start/Quard-Star/trusted_domain/FreeRTOS-Kernel/queue.c **** 
2814:/home/zz/quard-start/Quard-Star/trusted_domain/FreeRTOS-Kernel/queue.c ****     void vQueueWaitForMessageRestricted( QueueHandle_t xQueue,
2815:/home/zz/quard-start/Quard-Star/trusted_domain/FreeRTOS-Kernel/queue.c ****                                          TickType_t xTicksToWait,
2816:/home/zz/quard-start/Quard-Star/trusted_domain/FreeRTOS-Kernel/queue.c ****                                          const BaseType_t xWaitIndefinitely )
2817:/home/zz/quard-start/Quard-Star/trusted_domain/FreeRTOS-Kernel/queue.c ****     {
 3216              		.loc 1 2817 5 is_stmt 1
 3217              		.cfi_startproc
 3218              	.LVL387:
 3219 0000 130101FE 		addi	sp,sp,-32
 3220              	.LCFI66:
 3221              		.cfi_def_cfa_offset 32
 3222 0004 233C1100 		sd	ra,24(sp)
 3223 0008 23388100 		sd	s0,16(sp)
 3224 000c 23349100 		sd	s1,8(sp)
 3225 0010 23302101 		sd	s2,0(sp)
 3226              		.cfi_offset 1, -8
 3227              		.cfi_offset 8, -16
 3228              		.cfi_offset 9, -24
 3229              		.cfi_offset 18, -32
 3230 0014 13040500 		mv	s0,a0
 3231 0018 93840500 		mv	s1,a1
 3232 001c 13090600 		mv	s2,a2
2818:/home/zz/quard-start/Quard-Star/trusted_domain/FreeRTOS-Kernel/queue.c ****         Queue_t * const pxQueue = xQueue;
 3233              		.loc 1 2818 9
GAS LISTING /tmp/ccjMK2NG.s 			page 124


 3234              	.LVL388:
2819:/home/zz/quard-start/Quard-Star/trusted_domain/FreeRTOS-Kernel/queue.c **** 
2820:/home/zz/quard-start/Quard-Star/trusted_domain/FreeRTOS-Kernel/queue.c ****         /* This function should not be called by application code hence the
2821:/home/zz/quard-start/Quard-Star/trusted_domain/FreeRTOS-Kernel/queue.c ****          * 'Restricted' in its name.  It is not part of the public API.  It is
2822:/home/zz/quard-start/Quard-Star/trusted_domain/FreeRTOS-Kernel/queue.c ****          * designed for use by kernel code, and has special calling requirements.
2823:/home/zz/quard-start/Quard-Star/trusted_domain/FreeRTOS-Kernel/queue.c ****          * It can result in vListInsert() being called on a list that can only
2824:/home/zz/quard-start/Quard-Star/trusted_domain/FreeRTOS-Kernel/queue.c ****          * possibly ever have one item in it, so the list will be fast, but even
2825:/home/zz/quard-start/Quard-Star/trusted_domain/FreeRTOS-Kernel/queue.c ****          * so it should be called with the scheduler locked and not from a critical
2826:/home/zz/quard-start/Quard-Star/trusted_domain/FreeRTOS-Kernel/queue.c ****          * section. */
2827:/home/zz/quard-start/Quard-Star/trusted_domain/FreeRTOS-Kernel/queue.c **** 
2828:/home/zz/quard-start/Quard-Star/trusted_domain/FreeRTOS-Kernel/queue.c ****         /* Only do anything if there are no messages in the queue.  This function
2829:/home/zz/quard-start/Quard-Star/trusted_domain/FreeRTOS-Kernel/queue.c ****          *  will not actually cause the task to block, just place it on a blocked
2830:/home/zz/quard-start/Quard-Star/trusted_domain/FreeRTOS-Kernel/queue.c ****          *  list.  It will not block until the scheduler is unlocked - at which
2831:/home/zz/quard-start/Quard-Star/trusted_domain/FreeRTOS-Kernel/queue.c ****          *  time a yield will be performed.  If an item is added to the queue while
2832:/home/zz/quard-start/Quard-Star/trusted_domain/FreeRTOS-Kernel/queue.c ****          *  the queue is locked, and the calling task blocks on the queue, then the
2833:/home/zz/quard-start/Quard-Star/trusted_domain/FreeRTOS-Kernel/queue.c ****          *  calling task will be immediately unblocked when the queue is unlocked. */
2834:/home/zz/quard-start/Quard-Star/trusted_domain/FreeRTOS-Kernel/queue.c ****         prvLockQueue( pxQueue );
 3235              		.loc 1 2834 9
 3236 0020 97000000 		call	vTaskEnterCritical
 3236      E7800000 
 3237              	.LVL389:
 3238              		.loc 1 2834 9
 3239 0028 83478408 		lbu	a5,136(s0)
 3240 002c 9B978701 		slliw	a5,a5,24
 3241 0030 9BD78741 		sraiw	a5,a5,24
 3242 0034 1307F0FF 		li	a4,-1
 3243 0038 6386E704 		beq	a5,a4,.L256
 3244              	.L252:
 3245              		.loc 1 2834 9 discriminator 3
 3246 003c 83479408 		lbu	a5,137(s0)
 3247 0040 9B978701 		slliw	a5,a5,24
 3248 0044 9BD78741 		sraiw	a5,a5,24
 3249 0048 1307F0FF 		li	a4,-1
 3250 004c 6380E704 		beq	a5,a4,.L257
 3251              	.L253:
 3252              		.loc 1 2834 9 discriminator 6
 3253 0050 97000000 		call	vTaskExitCritical
 3253      E7800000 
 3254              	.LVL390:
2835:/home/zz/quard-start/Quard-Star/trusted_domain/FreeRTOS-Kernel/queue.c **** 
2836:/home/zz/quard-start/Quard-Star/trusted_domain/FreeRTOS-Kernel/queue.c ****         if( pxQueue->uxMessagesWaiting == ( UBaseType_t ) 0U )
 3255              		.loc 1 2836 9 discriminator 6
 3256              		.loc 1 2836 20 is_stmt 0 discriminator 6
 3257 0058 83370407 		ld	a5,112(s0)
 3258              		.loc 1 2836 11 discriminator 6
 3259 005c 638C0702 		beq	a5,zero,.L258
 3260              	.L254:
2837:/home/zz/quard-start/Quard-Star/trusted_domain/FreeRTOS-Kernel/queue.c ****         {
2838:/home/zz/quard-start/Quard-Star/trusted_domain/FreeRTOS-Kernel/queue.c ****             /* There is nothing in the queue, block for the specified period. */
2839:/home/zz/quard-start/Quard-Star/trusted_domain/FreeRTOS-Kernel/queue.c ****             vTaskPlaceOnEventListRestricted( &( pxQueue->xTasksWaitingToReceive ), xTicksToWait, xW
2840:/home/zz/quard-start/Quard-Star/trusted_domain/FreeRTOS-Kernel/queue.c ****         }
2841:/home/zz/quard-start/Quard-Star/trusted_domain/FreeRTOS-Kernel/queue.c ****         else
2842:/home/zz/quard-start/Quard-Star/trusted_domain/FreeRTOS-Kernel/queue.c ****         {
2843:/home/zz/quard-start/Quard-Star/trusted_domain/FreeRTOS-Kernel/queue.c ****             mtCOVERAGE_TEST_MARKER();
 3261              		.loc 1 2843 37 is_stmt 1
2844:/home/zz/quard-start/Quard-Star/trusted_domain/FreeRTOS-Kernel/queue.c ****         }
2845:/home/zz/quard-start/Quard-Star/trusted_domain/FreeRTOS-Kernel/queue.c **** 
GAS LISTING /tmp/ccjMK2NG.s 			page 125


2846:/home/zz/quard-start/Quard-Star/trusted_domain/FreeRTOS-Kernel/queue.c ****         prvUnlockQueue( pxQueue );
 3262              		.loc 1 2846 9
 3263 0060 13050400 		mv	a0,s0
 3264 0064 97000000 		call	prvUnlockQueue
 3264      E7800000 
 3265              	.LVL391:
2847:/home/zz/quard-start/Quard-Star/trusted_domain/FreeRTOS-Kernel/queue.c ****     }
 3266              		.loc 1 2847 5 is_stmt 0
 3267 006c 83308101 		ld	ra,24(sp)
 3268              		.cfi_remember_state
 3269              		.cfi_restore 1
 3270 0070 03340101 		ld	s0,16(sp)
 3271              		.cfi_restore 8
 3272              	.LVL392:
 3273 0074 83348100 		ld	s1,8(sp)
 3274              		.cfi_restore 9
 3275              	.LVL393:
 3276 0078 03390100 		ld	s2,0(sp)
 3277              		.cfi_restore 18
 3278              	.LVL394:
 3279 007c 13010102 		addi	sp,sp,32
 3280              	.LCFI67:
 3281              		.cfi_def_cfa_offset 0
 3282 0080 67800000 		jr	ra
 3283              	.LVL395:
 3284              	.L256:
 3285              	.LCFI68:
 3286              		.cfi_restore_state
2834:/home/zz/quard-start/Quard-Star/trusted_domain/FreeRTOS-Kernel/queue.c **** 
 3287              		.loc 1 2834 9 is_stmt 1 discriminator 1
 3288 0084 23040408 		sb	zero,136(s0)
 3289 0088 6FF05FFB 		j	.L252
 3290              	.L257:
2834:/home/zz/quard-start/Quard-Star/trusted_domain/FreeRTOS-Kernel/queue.c **** 
 3291              		.loc 1 2834 9 discriminator 4
 3292 008c A3040408 		sb	zero,137(s0)
 3293 0090 6FF01FFC 		j	.L253
 3294              	.L258:
2839:/home/zz/quard-start/Quard-Star/trusted_domain/FreeRTOS-Kernel/queue.c ****         }
 3295              		.loc 1 2839 13
 3296 0094 13060900 		mv	a2,s2
 3297 0098 93850400 		mv	a1,s1
 3298 009c 13058404 		addi	a0,s0,72
 3299 00a0 97000000 		call	vTaskPlaceOnEventListRestricted
 3299      E7800000 
 3300              	.LVL396:
 3301 00a8 6FF09FFB 		j	.L254
 3302              		.cfi_endproc
 3303              	.LFE38:
 3305              		.globl	xQueueRegistry
 3306              		.section	.bss.xQueueRegistry,"aw",@nobits
 3307              		.align	3
 3310              	xQueueRegistry:
 3311 0000 00000000 		.zero	128
 3311      00000000 
 3311      00000000 
 3311      00000000 
GAS LISTING /tmp/ccjMK2NG.s 			page 126


 3311      00000000 
 3312              		.text
 3313              	.Letext0:
 3314              		.file 2 "/home/zz/riscv/riscv/lib/gcc/riscv64-unknown-elf/12.2.0/include/stddef.h"
 3315              		.file 3 "/home/zz/riscv/riscv/riscv64-unknown-elf/include/machine/_default_types.h"
 3316              		.file 4 "/home/zz/riscv/riscv/riscv64-unknown-elf/include/sys/_stdint.h"
 3317              		.file 5 "/home/zz/quard-start/Quard-Star/trusted_domain/FreeRTOS-Kernel/portable/GCC/RISC-V/portma
 3318              		.file 6 "/home/zz/quard-start/Quard-Star/trusted_domain/FreeRTOS-Kernel/include/list.h"
 3319              		.file 7 "/home/zz/quard-start/Quard-Star/trusted_domain/FreeRTOS-Kernel/include/task.h"
 3320              		.file 8 "/home/zz/quard-start/Quard-Star/trusted_domain/FreeRTOS-Kernel/include/queue.h"
 3321              		.file 9 "/home/zz/quard-start/Quard-Star/trusted_domain/FreeRTOS-Kernel/include/portable.h"
 3322              		.file 10 "/home/zz/riscv/riscv/riscv64-unknown-elf/include/string.h"
 3323              		.file 11 "<built-in>"
GAS LISTING /tmp/ccjMK2NG.s 			page 127


DEFINED SYMBOLS
                            *ABS*:0000000000000000 queue.c
     /tmp/ccjMK2NG.s:13     .text.prvGetDisinheritPriorityAfterTimeout:0000000000000000 prvGetDisinheritPriorityAfterTimeout
     /tmp/ccjMK2NG.s:16     .text.prvGetDisinheritPriorityAfterTimeout:0000000000000000 .L0 
     /tmp/ccjMK2NG.s:18     .text.prvGetDisinheritPriorityAfterTimeout:0000000000000000 $xrv64i2p1_m2p0_a2p1_f2p2_d2p2_zicsr2p0_zmmul1p0
     /tmp/ccjMK2NG.s:18     .text.prvGetDisinheritPriorityAfterTimeout:0000000000000000 .L0 
     /tmp/ccjMK2NG.s:20     .text.prvGetDisinheritPriorityAfterTimeout:0000000000000004 .L0 
     /tmp/ccjMK2NG.s:21     .text.prvGetDisinheritPriorityAfterTimeout:0000000000000004 .L0 
     /tmp/ccjMK2NG.s:22     .text.prvGetDisinheritPriorityAfterTimeout:0000000000000004 .L0 
     /tmp/ccjMK2NG.s:25     .text.prvGetDisinheritPriorityAfterTimeout:0000000000000008 .L0 
     /tmp/ccjMK2NG.s:27     .text.prvGetDisinheritPriorityAfterTimeout:000000000000000c .L0 
     /tmp/ccjMK2NG.s:28     .text.prvGetDisinheritPriorityAfterTimeout:000000000000000c .L0 
     /tmp/ccjMK2NG.s:32     .text.prvGetDisinheritPriorityAfterTimeout:0000000000000014 .L0 
     /tmp/ccjMK2NG.s:37     .text.prvGetDisinheritPriorityAfterTimeout:000000000000001c .L0 
     /tmp/ccjMK2NG.s:38     .text.prvGetDisinheritPriorityAfterTimeout:000000000000001c .L0 
     /tmp/ccjMK2NG.s:39     .text.prvGetDisinheritPriorityAfterTimeout:0000000000000020 .L0 
     /tmp/ccjMK2NG.s:45     .text.prvIsQueueFull:0000000000000000 prvIsQueueFull
     /tmp/ccjMK2NG.s:48     .text.prvIsQueueFull:0000000000000000 .L0 
     /tmp/ccjMK2NG.s:50     .text.prvIsQueueFull:0000000000000000 $xrv64i2p1_m2p0_a2p1_f2p2_d2p2_zicsr2p0_zmmul1p0
     /tmp/ccjMK2NG.s:50     .text.prvIsQueueFull:0000000000000000 .L0 
     /tmp/ccjMK2NG.s:52     .text.prvIsQueueFull:0000000000000004 .L0 
     /tmp/ccjMK2NG.s:55     .text.prvIsQueueFull:000000000000000c .L0 
     /tmp/ccjMK2NG.s:56     .text.prvIsQueueFull:000000000000000c .L0 
     /tmp/ccjMK2NG.s:59     .text.prvIsQueueFull:0000000000000010 .L0 
     /tmp/ccjMK2NG.s:60     .text.prvIsQueueFull:0000000000000010 .L0 
     /tmp/ccjMK2NG.s:63     .text.prvIsQueueFull:0000000000000018 .L0 
     /tmp/ccjMK2NG.s:64     .text.prvIsQueueFull:0000000000000018 .L0 
     /tmp/ccjMK2NG.s:66     .text.prvIsQueueFull:000000000000001c .L0 
     /tmp/ccjMK2NG.s:68     .text.prvIsQueueFull:0000000000000020 .L0 
     /tmp/ccjMK2NG.s:70     .text.prvIsQueueFull:0000000000000024 .L0 
     /tmp/ccjMK2NG.s:74     .text.prvIsQueueFull:0000000000000028 .L0 
     /tmp/ccjMK2NG.s:77     .text.prvIsQueueFull:0000000000000030 .L0 
     /tmp/ccjMK2NG.s:78     .text.prvIsQueueFull:0000000000000030 .L0 
     /tmp/ccjMK2NG.s:80     .text.prvIsQueueFull:0000000000000038 .L0 
     /tmp/ccjMK2NG.s:81     .text.prvIsQueueFull:0000000000000038 .L0 
     /tmp/ccjMK2NG.s:83     .text.prvIsQueueFull:000000000000003c .L0 
     /tmp/ccjMK2NG.s:87     .text.prvIsQueueFull:0000000000000040 .L0 
     /tmp/ccjMK2NG.s:92     .text.prvIsQueueFull:0000000000000044 .L0 
     /tmp/ccjMK2NG.s:94     .text.prvIsQueueFull:0000000000000044 .L0 
     /tmp/ccjMK2NG.s:97     .text.prvIsQueueFull:000000000000004c .L0 
     /tmp/ccjMK2NG.s:103    .text.prvIsQueueEmpty:0000000000000000 prvIsQueueEmpty
     /tmp/ccjMK2NG.s:106    .text.prvIsQueueEmpty:0000000000000000 .L0 
     /tmp/ccjMK2NG.s:108    .text.prvIsQueueEmpty:0000000000000000 $xrv64i2p1_m2p0_a2p1_f2p2_d2p2_zicsr2p0_zmmul1p0
     /tmp/ccjMK2NG.s:108    .text.prvIsQueueEmpty:0000000000000000 .L0 
     /tmp/ccjMK2NG.s:110    .text.prvIsQueueEmpty:0000000000000004 .L0 
     /tmp/ccjMK2NG.s:113    .text.prvIsQueueEmpty:000000000000000c .L0 
     /tmp/ccjMK2NG.s:114    .text.prvIsQueueEmpty:000000000000000c .L0 
     /tmp/ccjMK2NG.s:117    .text.prvIsQueueEmpty:0000000000000010 .L0 
     /tmp/ccjMK2NG.s:118    .text.prvIsQueueEmpty:0000000000000010 .L0 
     /tmp/ccjMK2NG.s:121    .text.prvIsQueueEmpty:0000000000000018 .L0 
     /tmp/ccjMK2NG.s:122    .text.prvIsQueueEmpty:0000000000000018 .L0 
     /tmp/ccjMK2NG.s:124    .text.prvIsQueueEmpty:000000000000001c .L0 
     /tmp/ccjMK2NG.s:126    .text.prvIsQueueEmpty:0000000000000020 .L0 
     /tmp/ccjMK2NG.s:130    .text.prvIsQueueEmpty:0000000000000024 .L0 
     /tmp/ccjMK2NG.s:133    .text.prvIsQueueEmpty:000000000000002c .L0 
     /tmp/ccjMK2NG.s:134    .text.prvIsQueueEmpty:000000000000002c .L0 
     /tmp/ccjMK2NG.s:136    .text.prvIsQueueEmpty:0000000000000034 .L0 
GAS LISTING /tmp/ccjMK2NG.s 			page 128


     /tmp/ccjMK2NG.s:137    .text.prvIsQueueEmpty:0000000000000034 .L0 
     /tmp/ccjMK2NG.s:139    .text.prvIsQueueEmpty:0000000000000038 .L0 
     /tmp/ccjMK2NG.s:143    .text.prvIsQueueEmpty:000000000000003c .L0 
     /tmp/ccjMK2NG.s:148    .text.prvIsQueueEmpty:0000000000000040 .L0 
     /tmp/ccjMK2NG.s:150    .text.prvIsQueueEmpty:0000000000000040 .L0 
     /tmp/ccjMK2NG.s:153    .text.prvIsQueueEmpty:0000000000000048 .L0 
     /tmp/ccjMK2NG.s:159    .text.prvCopyDataToQueue:0000000000000000 prvCopyDataToQueue
     /tmp/ccjMK2NG.s:162    .text.prvCopyDataToQueue:0000000000000000 .L0 
     /tmp/ccjMK2NG.s:164    .text.prvCopyDataToQueue:0000000000000000 $xrv64i2p1_m2p0_a2p1_f2p2_d2p2_zicsr2p0_zmmul1p0
     /tmp/ccjMK2NG.s:164    .text.prvCopyDataToQueue:0000000000000000 .L0 
     /tmp/ccjMK2NG.s:166    .text.prvCopyDataToQueue:0000000000000004 .L0 
     /tmp/ccjMK2NG.s:171    .text.prvCopyDataToQueue:0000000000000014 .L0 
     /tmp/ccjMK2NG.s:172    .text.prvCopyDataToQueue:0000000000000014 .L0 
     /tmp/ccjMK2NG.s:173    .text.prvCopyDataToQueue:0000000000000014 .L0 
     /tmp/ccjMK2NG.s:174    .text.prvCopyDataToQueue:0000000000000014 .L0 
     /tmp/ccjMK2NG.s:179    .text.prvCopyDataToQueue:000000000000001c .L0 
     /tmp/ccjMK2NG.s:180    .text.prvCopyDataToQueue:000000000000001c .L0 
     /tmp/ccjMK2NG.s:181    .text.prvCopyDataToQueue:000000000000001c .L0 
     /tmp/ccjMK2NG.s:182    .text.prvCopyDataToQueue:000000000000001c .L0 
     /tmp/ccjMK2NG.s:185    .text.prvCopyDataToQueue:0000000000000020 .L0 
     /tmp/ccjMK2NG.s:186    .text.prvCopyDataToQueue:0000000000000020 .L0 
     /tmp/ccjMK2NG.s:189    .text.prvCopyDataToQueue:0000000000000024 .L0 
     /tmp/ccjMK2NG.s:191    .text.prvCopyDataToQueue:0000000000000028 .L0 
     /tmp/ccjMK2NG.s:192    .text.prvCopyDataToQueue:0000000000000028 .L0 
     /tmp/ccjMK2NG.s:194    .text.prvCopyDataToQueue:000000000000002c .L0 
     /tmp/ccjMK2NG.s:196    .text.prvCopyDataToQueue:0000000000000030 .L0 
     /tmp/ccjMK2NG.s:200    .text.prvCopyDataToQueue:0000000000000034 .L0 
     /tmp/ccjMK2NG.s:201    .text.prvCopyDataToQueue:0000000000000034 .L0 
     /tmp/ccjMK2NG.s:202    .text.prvCopyDataToQueue:0000000000000034 .L0 
     /tmp/ccjMK2NG.s:204    .text.prvCopyDataToQueue:0000000000000038 .L0 
     /tmp/ccjMK2NG.s:206    .text.prvCopyDataToQueue:000000000000003c .L0 
     /tmp/ccjMK2NG.s:207    .text.prvCopyDataToQueue:000000000000003c .L0 
     /tmp/ccjMK2NG.s:208    .text.prvCopyDataToQueue:0000000000000040 .L0 
     /tmp/ccjMK2NG.s:209    .text.prvCopyDataToQueue:0000000000000040 .L0 
     /tmp/ccjMK2NG.s:211    .text.prvCopyDataToQueue:0000000000000044 .L0 
     /tmp/ccjMK2NG.s:214    .text.prvCopyDataToQueue:0000000000000048 .L0 
     /tmp/ccjMK2NG.s:217    .text.prvCopyDataToQueue:000000000000004c .L0 
     /tmp/ccjMK2NG.s:221    .text.prvCopyDataToQueue:0000000000000050 .L0 
     /tmp/ccjMK2NG.s:226    .text.prvCopyDataToQueue:0000000000000054 .L0 
     /tmp/ccjMK2NG.s:228    .text.prvCopyDataToQueue:0000000000000054 .L0 
     /tmp/ccjMK2NG.s:229    .text.prvCopyDataToQueue:0000000000000054 .L0 
     /tmp/ccjMK2NG.s:233    .text.prvCopyDataToQueue:0000000000000060 .L0 
     /tmp/ccjMK2NG.s:234    .text.prvCopyDataToQueue:0000000000000060 .L0 
     /tmp/ccjMK2NG.s:239    .text.prvCopyDataToQueue:0000000000000068 .L0 
     /tmp/ccjMK2NG.s:240    .text.prvCopyDataToQueue:0000000000000068 .L0 
     /tmp/ccjMK2NG.s:242    .text.prvCopyDataToQueue:000000000000006c .L0 
     /tmp/ccjMK2NG.s:243    .text.prvCopyDataToQueue:000000000000006c .L0 
     /tmp/ccjMK2NG.s:247    .text.prvCopyDataToQueue:0000000000000078 .L0 
     /tmp/ccjMK2NG.s:248    .text.prvCopyDataToQueue:0000000000000078 .L0 
     /tmp/ccjMK2NG.s:250    .text.prvCopyDataToQueue:000000000000007c .L0 
     /tmp/ccjMK2NG.s:252    .text.prvCopyDataToQueue:0000000000000080 .L0 
     /tmp/ccjMK2NG.s:255    .text.prvCopyDataToQueue:0000000000000088 .L0 
     /tmp/ccjMK2NG.s:256    .text.prvCopyDataToQueue:0000000000000088 .L0 
     /tmp/ccjMK2NG.s:258    .text.prvCopyDataToQueue:000000000000008c .L0 
     /tmp/ccjMK2NG.s:260    .text.prvCopyDataToQueue:0000000000000090 .L0 
     /tmp/ccjMK2NG.s:261    .text.prvCopyDataToQueue:0000000000000090 .L0 
     /tmp/ccjMK2NG.s:263    .text.prvCopyDataToQueue:0000000000000094 .L0 
GAS LISTING /tmp/ccjMK2NG.s 			page 129


     /tmp/ccjMK2NG.s:265    .text.prvCopyDataToQueue:0000000000000098 .L0 
     /tmp/ccjMK2NG.s:270    .text.prvCopyDataToQueue:00000000000000a0 .L0 
     /tmp/ccjMK2NG.s:271    .text.prvCopyDataToQueue:00000000000000a0 .L0 
     /tmp/ccjMK2NG.s:275    .text.prvCopyDataToQueue:00000000000000ac .L0 
     /tmp/ccjMK2NG.s:276    .text.prvCopyDataToQueue:00000000000000ac .L0 
     /tmp/ccjMK2NG.s:278    .text.prvCopyDataToQueue:00000000000000b0 .L0 
     /tmp/ccjMK2NG.s:280    .text.prvCopyDataToQueue:00000000000000b4 .L0 
     /tmp/ccjMK2NG.s:284    .text.prvCopyDataToQueue:00000000000000c0 .L0 
     /tmp/ccjMK2NG.s:285    .text.prvCopyDataToQueue:00000000000000c0 .L0 
     /tmp/ccjMK2NG.s:287    .text.prvCopyDataToQueue:00000000000000c4 .L0 
     /tmp/ccjMK2NG.s:289    .text.prvCopyDataToQueue:00000000000000c8 .L0 
     /tmp/ccjMK2NG.s:290    .text.prvCopyDataToQueue:00000000000000c8 .L0 
     /tmp/ccjMK2NG.s:292    .text.prvCopyDataToQueue:00000000000000cc .L0 
     /tmp/ccjMK2NG.s:294    .text.prvCopyDataToQueue:00000000000000d0 .L0 
     /tmp/ccjMK2NG.s:297    .text.prvCopyDataToQueue:00000000000000d4 .L0 
     /tmp/ccjMK2NG.s:298    .text.prvCopyDataToQueue:00000000000000d4 .L0 
     /tmp/ccjMK2NG.s:299    .text.prvCopyDataToQueue:00000000000000d4 .L0 
     /tmp/ccjMK2NG.s:302    .text.prvCopyDataToQueue:00000000000000dc .L0 
     /tmp/ccjMK2NG.s:306    .text.prvCopyDataToQueue:00000000000000e4 .L0 
     /tmp/ccjMK2NG.s:307    .text.prvCopyDataToQueue:00000000000000e4 .L0 
     /tmp/ccjMK2NG.s:309    .text.prvCopyDataToQueue:00000000000000e8 .L0 
     /tmp/ccjMK2NG.s:312    .text.prvCopyDataToQueue:00000000000000ec .L0 
     /tmp/ccjMK2NG.s:320    .text.prvCopyDataToQueue:0000000000000104 .L0 
     /tmp/ccjMK2NG.s:326    .text.prvCopyDataFromQueue:0000000000000000 prvCopyDataFromQueue
     /tmp/ccjMK2NG.s:329    .text.prvCopyDataFromQueue:0000000000000000 .L0 
     /tmp/ccjMK2NG.s:331    .text.prvCopyDataFromQueue:0000000000000000 $xrv64i2p1_m2p0_a2p1_f2p2_d2p2_zicsr2p0_zmmul1p0
     /tmp/ccjMK2NG.s:331    .text.prvCopyDataFromQueue:0000000000000000 .L0 
     /tmp/ccjMK2NG.s:333    .text.prvCopyDataFromQueue:0000000000000004 .L0 
     /tmp/ccjMK2NG.s:334    .text.prvCopyDataFromQueue:0000000000000004 .L0 
     /tmp/ccjMK2NG.s:336    .text.prvCopyDataFromQueue:0000000000000008 .L0 
     /tmp/ccjMK2NG.s:338    .text.prvCopyDataFromQueue:000000000000000c .L0 
     /tmp/ccjMK2NG.s:340    .text.prvCopyDataFromQueue:0000000000000010 .L0 
     /tmp/ccjMK2NG.s:342    .text.prvCopyDataFromQueue:0000000000000014 .L0 
     /tmp/ccjMK2NG.s:346    .text.prvCopyDataFromQueue:0000000000000018 .L0 
     /tmp/ccjMK2NG.s:347    .text.prvCopyDataFromQueue:0000000000000018 .L0 
     /tmp/ccjMK2NG.s:349    .text.prvCopyDataFromQueue:000000000000001c .L0 
     /tmp/ccjMK2NG.s:352    .text.prvCopyDataFromQueue:0000000000000024 .L0 
     /tmp/ccjMK2NG.s:353    .text.prvCopyDataFromQueue:0000000000000024 .L0 
     /tmp/ccjMK2NG.s:355    .text.prvCopyDataFromQueue:0000000000000028 .L0 
     /tmp/ccjMK2NG.s:357    .text.prvCopyDataFromQueue:000000000000002c .L0 
     /tmp/ccjMK2NG.s:358    .text.prvCopyDataFromQueue:000000000000002c .L0 
     /tmp/ccjMK2NG.s:360    .text.prvCopyDataFromQueue:0000000000000030 .L0 
     /tmp/ccjMK2NG.s:363    .text.prvCopyDataFromQueue:0000000000000034 .L0 
     /tmp/ccjMK2NG.s:364    .text.prvCopyDataFromQueue:0000000000000034 .L0 
     /tmp/ccjMK2NG.s:365    .text.prvCopyDataFromQueue:0000000000000034 .L0 
     /tmp/ccjMK2NG.s:370    .text.prvCopyDataFromQueue:0000000000000040 .L0 
     /tmp/ccjMK2NG.s:371    .text.prvCopyDataFromQueue:0000000000000044 .L0 
     /tmp/ccjMK2NG.s:374    .text.prvCopyDataFromQueue:0000000000000048 .L0 
     /tmp/ccjMK2NG.s:379    .text.prvCopyDataFromQueue:0000000000000050 .L0 
     /tmp/ccjMK2NG.s:385    .text.prvUnlockQueue:0000000000000000 prvUnlockQueue
     /tmp/ccjMK2NG.s:388    .text.prvUnlockQueue:0000000000000000 .L0 
     /tmp/ccjMK2NG.s:390    .text.prvUnlockQueue:0000000000000000 $xrv64i2p1_m2p0_a2p1_f2p2_d2p2_zicsr2p0_zmmul1p0
     /tmp/ccjMK2NG.s:390    .text.prvUnlockQueue:0000000000000000 .L0 
     /tmp/ccjMK2NG.s:392    .text.prvUnlockQueue:0000000000000004 .L0 
     /tmp/ccjMK2NG.s:396    .text.prvUnlockQueue:0000000000000010 .L0 
     /tmp/ccjMK2NG.s:397    .text.prvUnlockQueue:0000000000000010 .L0 
     /tmp/ccjMK2NG.s:398    .text.prvUnlockQueue:0000000000000010 .L0 
GAS LISTING /tmp/ccjMK2NG.s 			page 130


     /tmp/ccjMK2NG.s:401    .text.prvUnlockQueue:0000000000000014 .L0 
     /tmp/ccjMK2NG.s:405    .text.prvUnlockQueue:000000000000001c .L0 
     /tmp/ccjMK2NG.s:406    .text.prvUnlockQueue:000000000000001c .L0 
     /tmp/ccjMK2NG.s:411    .text.prvUnlockQueue:0000000000000028 .L0 
     /tmp/ccjMK2NG.s:412    .text.prvUnlockQueue:0000000000000028 .L0 
     /tmp/ccjMK2NG.s:415    .text.prvUnlockQueue:000000000000002c .L0 
     /tmp/ccjMK2NG.s:416    .text.prvUnlockQueue:000000000000002c .L0 
     /tmp/ccjMK2NG.s:423    .text.prvUnlockQueue:0000000000000038 .L0 
     /tmp/ccjMK2NG.s:425    .text.prvUnlockQueue:000000000000003c .L0 
     /tmp/ccjMK2NG.s:426    .text.prvUnlockQueue:000000000000003c .L0 
     /tmp/ccjMK2NG.s:428    .text.prvUnlockQueue:0000000000000040 .L0 
     /tmp/ccjMK2NG.s:430    .text.prvUnlockQueue:0000000000000044 .L0 
     /tmp/ccjMK2NG.s:431    .text.prvUnlockQueue:0000000000000044 .L0 
     /tmp/ccjMK2NG.s:435    .text.prvUnlockQueue:0000000000000050 .L0 
     /tmp/ccjMK2NG.s:437    .text.prvUnlockQueue:0000000000000054 .L0 
     /tmp/ccjMK2NG.s:442    .text.prvUnlockQueue:0000000000000060 .L0 
     /tmp/ccjMK2NG.s:443    .text.prvUnlockQueue:0000000000000060 .L0 
     /tmp/ccjMK2NG.s:447    .text.prvUnlockQueue:0000000000000068 .L0 
     /tmp/ccjMK2NG.s:450    .text.prvUnlockQueue:0000000000000070 .L0 
     /tmp/ccjMK2NG.s:454    .text.prvUnlockQueue:0000000000000078 .L0 
     /tmp/ccjMK2NG.s:455    .text.prvUnlockQueue:0000000000000078 .L0 
     /tmp/ccjMK2NG.s:461    .text.prvUnlockQueue:0000000000000084 .L0 
     /tmp/ccjMK2NG.s:462    .text.prvUnlockQueue:0000000000000084 .L0 
     /tmp/ccjMK2NG.s:465    .text.prvUnlockQueue:0000000000000088 .L0 
     /tmp/ccjMK2NG.s:466    .text.prvUnlockQueue:0000000000000088 .L0 
     /tmp/ccjMK2NG.s:473    .text.prvUnlockQueue:0000000000000094 .L0 
     /tmp/ccjMK2NG.s:475    .text.prvUnlockQueue:0000000000000098 .L0 
     /tmp/ccjMK2NG.s:476    .text.prvUnlockQueue:0000000000000098 .L0 
     /tmp/ccjMK2NG.s:478    .text.prvUnlockQueue:000000000000009c .L0 
     /tmp/ccjMK2NG.s:480    .text.prvUnlockQueue:00000000000000a0 .L0 
     /tmp/ccjMK2NG.s:481    .text.prvUnlockQueue:00000000000000a0 .L0 
     /tmp/ccjMK2NG.s:485    .text.prvUnlockQueue:00000000000000ac .L0 
     /tmp/ccjMK2NG.s:487    .text.prvUnlockQueue:00000000000000b0 .L0 
     /tmp/ccjMK2NG.s:492    .text.prvUnlockQueue:00000000000000bc .L0 
     /tmp/ccjMK2NG.s:493    .text.prvUnlockQueue:00000000000000bc .L0 
     /tmp/ccjMK2NG.s:497    .text.prvUnlockQueue:00000000000000c4 .L0 
     /tmp/ccjMK2NG.s:500    .text.prvUnlockQueue:00000000000000cc .L0 
     /tmp/ccjMK2NG.s:501    .text.prvUnlockQueue:00000000000000d0 .L0 
     /tmp/ccjMK2NG.s:503    .text.prvUnlockQueue:00000000000000d4 .L0 
     /tmp/ccjMK2NG.s:506    .text.prvUnlockQueue:00000000000000d8 .L0 
     /tmp/ccjMK2NG.s:510    .text.prvUnlockQueue:00000000000000dc .L0 
     /tmp/ccjMK2NG.s:512    .text.prvUnlockQueue:00000000000000e0 .L0 
     /tmp/ccjMK2NG.s:519    .text.xQueueGenericReset:0000000000000000 xQueueGenericReset
     /tmp/ccjMK2NG.s:522    .text.xQueueGenericReset:0000000000000000 .L0 
     /tmp/ccjMK2NG.s:524    .text.xQueueGenericReset:0000000000000000 $xrv64i2p1_m2p0_a2p1_f2p2_d2p2_zicsr2p0_zmmul1p0
     /tmp/ccjMK2NG.s:524    .text.xQueueGenericReset:0000000000000000 .L0 
     /tmp/ccjMK2NG.s:526    .text.xQueueGenericReset:0000000000000004 .L0 
     /tmp/ccjMK2NG.s:530    .text.xQueueGenericReset:0000000000000010 .L0 
     /tmp/ccjMK2NG.s:531    .text.xQueueGenericReset:0000000000000010 .L0 
     /tmp/ccjMK2NG.s:532    .text.xQueueGenericReset:0000000000000010 .L0 
     /tmp/ccjMK2NG.s:537    .text.xQueueGenericReset:0000000000000018 .L0 
     /tmp/ccjMK2NG.s:538    .text.xQueueGenericReset:0000000000000018 .L0 
     /tmp/ccjMK2NG.s:539    .text.xQueueGenericReset:0000000000000018 .L0 
     /tmp/ccjMK2NG.s:542    .text.xQueueGenericReset:0000000000000020 .L0 
     /tmp/ccjMK2NG.s:543    .text.xQueueGenericReset:0000000000000020 .L0 
     /tmp/ccjMK2NG.s:545    .text.xQueueGenericReset:0000000000000024 .L0 
     /tmp/ccjMK2NG.s:547    .text.xQueueGenericReset:0000000000000028 .L0 
GAS LISTING /tmp/ccjMK2NG.s 			page 131


     /tmp/ccjMK2NG.s:549    .text.xQueueGenericReset:000000000000002c .L0 
     /tmp/ccjMK2NG.s:551    .text.xQueueGenericReset:0000000000000030 .L0 
     /tmp/ccjMK2NG.s:553    .text.xQueueGenericReset:0000000000000034 .L0 
     /tmp/ccjMK2NG.s:555    .text.xQueueGenericReset:0000000000000038 .L0 
     /tmp/ccjMK2NG.s:556    .text.xQueueGenericReset:0000000000000038 .L0 
     /tmp/ccjMK2NG.s:558    .text.xQueueGenericReset:000000000000003c .L0 
     /tmp/ccjMK2NG.s:559    .text.xQueueGenericReset:000000000000003c .L0 
     /tmp/ccjMK2NG.s:561    .text.xQueueGenericReset:0000000000000040 .L0 
     /tmp/ccjMK2NG.s:562    .text.xQueueGenericReset:0000000000000040 .L0 
     /tmp/ccjMK2NG.s:564    .text.xQueueGenericReset:0000000000000044 .L0 
     /tmp/ccjMK2NG.s:566    .text.xQueueGenericReset:0000000000000048 .L0 
     /tmp/ccjMK2NG.s:568    .text.xQueueGenericReset:000000000000004c .L0 
     /tmp/ccjMK2NG.s:570    .text.xQueueGenericReset:0000000000000050 .L0 
     /tmp/ccjMK2NG.s:571    .text.xQueueGenericReset:0000000000000050 .L0 
     /tmp/ccjMK2NG.s:574    .text.xQueueGenericReset:0000000000000058 .L0 
     /tmp/ccjMK2NG.s:575    .text.xQueueGenericReset:0000000000000058 .L0 
     /tmp/ccjMK2NG.s:577    .text.xQueueGenericReset:000000000000005c .L0 
     /tmp/ccjMK2NG.s:578    .text.xQueueGenericReset:000000000000005c .L0 
     /tmp/ccjMK2NG.s:580    .text.xQueueGenericReset:0000000000000060 .L0 
     /tmp/ccjMK2NG.s:581    .text.xQueueGenericReset:0000000000000060 .L0 
     /tmp/ccjMK2NG.s:583    .text.xQueueGenericReset:0000000000000064 .L0 
     /tmp/ccjMK2NG.s:586    .text.xQueueGenericReset:0000000000000068 .L0 
     /tmp/ccjMK2NG.s:589    .text.xQueueGenericReset:0000000000000070 .L0 
     /tmp/ccjMK2NG.s:590    .text.xQueueGenericReset:0000000000000070 .L0 
     /tmp/ccjMK2NG.s:592    .text.xQueueGenericReset:0000000000000078 .L0 
     /tmp/ccjMK2NG.s:593    .text.xQueueGenericReset:0000000000000078 .L0 
     /tmp/ccjMK2NG.s:595    .text.xQueueGenericReset:000000000000007c .L0 
     /tmp/ccjMK2NG.s:598    .text.xQueueGenericReset:0000000000000080 .L0 
     /tmp/ccjMK2NG.s:602    .text.xQueueGenericReset:0000000000000084 .L0 
     /tmp/ccjMK2NG.s:607    .text.xQueueGenericReset:0000000000000088 .L0 
     /tmp/ccjMK2NG.s:609    .text.xQueueGenericReset:0000000000000088 .L0 
     /tmp/ccjMK2NG.s:610    .text.xQueueGenericReset:0000000000000088 .L0 
     /tmp/ccjMK2NG.s:614    .text.xQueueGenericReset:0000000000000094 .L0 
     /tmp/ccjMK2NG.s:616    .text.xQueueGenericReset:0000000000000098 .L0 
     /tmp/ccjMK2NG.s:622    .text.xQueueGenericReset:00000000000000a8 .L0 
     /tmp/ccjMK2NG.s:626    .text.xQueueGenericReset:00000000000000b4 .L0 
     /tmp/ccjMK2NG.s:630    .text.xQueueGenericReset:00000000000000c4 .L0 
     /tmp/ccjMK2NG.s:636    .text.prvInitialiseNewQueue:0000000000000000 prvInitialiseNewQueue
     /tmp/ccjMK2NG.s:639    .text.prvInitialiseNewQueue:0000000000000000 .L0 
     /tmp/ccjMK2NG.s:641    .text.prvInitialiseNewQueue:0000000000000000 $xrv64i2p1_m2p0_a2p1_f2p2_d2p2_zicsr2p0_zmmul1p0
     /tmp/ccjMK2NG.s:641    .text.prvInitialiseNewQueue:0000000000000000 .L0 
     /tmp/ccjMK2NG.s:643    .text.prvInitialiseNewQueue:0000000000000004 .L0 
     /tmp/ccjMK2NG.s:647    .text.prvInitialiseNewQueue:0000000000000010 .L0 
     /tmp/ccjMK2NG.s:648    .text.prvInitialiseNewQueue:0000000000000010 .L0 
     /tmp/ccjMK2NG.s:649    .text.prvInitialiseNewQueue:0000000000000010 .L0 
     /tmp/ccjMK2NG.s:653    .text.prvInitialiseNewQueue:0000000000000018 .L0 
     /tmp/ccjMK2NG.s:654    .text.prvInitialiseNewQueue:0000000000000018 .L0 
     /tmp/ccjMK2NG.s:655    .text.prvInitialiseNewQueue:0000000000000018 .L0 
     /tmp/ccjMK2NG.s:657    .text.prvInitialiseNewQueue:000000000000001c .L0 
     /tmp/ccjMK2NG.s:658    .text.prvInitialiseNewQueue:000000000000001c .L0 
     /tmp/ccjMK2NG.s:662    .text.prvInitialiseNewQueue:0000000000000020 .L0 
     /tmp/ccjMK2NG.s:663    .text.prvInitialiseNewQueue:0000000000000020 .L0 
     /tmp/ccjMK2NG.s:665    .text.prvInitialiseNewQueue:0000000000000024 .L0 
     /tmp/ccjMK2NG.s:666    .text.prvInitialiseNewQueue:0000000000000024 .L0 
     /tmp/ccjMK2NG.s:668    .text.prvInitialiseNewQueue:0000000000000028 .L0 
     /tmp/ccjMK2NG.s:669    .text.prvInitialiseNewQueue:0000000000000028 .L0 
     /tmp/ccjMK2NG.s:676    .text.prvInitialiseNewQueue:0000000000000038 .L0 
GAS LISTING /tmp/ccjMK2NG.s 			page 132


     /tmp/ccjMK2NG.s:677    .text.prvInitialiseNewQueue:0000000000000038 .L0 
     /tmp/ccjMK2NG.s:679    .text.prvInitialiseNewQueue:000000000000003c .L0 
     /tmp/ccjMK2NG.s:680    .text.prvInitialiseNewQueue:000000000000003c .L0 
     /tmp/ccjMK2NG.s:681    .text.prvInitialiseNewQueue:0000000000000040 .L0 
     /tmp/ccjMK2NG.s:682    .text.prvInitialiseNewQueue:0000000000000040 .L0 
     /tmp/ccjMK2NG.s:684    .text.prvInitialiseNewQueue:0000000000000044 .L0 
     /tmp/ccjMK2NG.s:687    .text.prvInitialiseNewQueue:0000000000000048 .L0 
     /tmp/ccjMK2NG.s:690    .text.prvInitialiseNewQueue:000000000000004c .L0 
     /tmp/ccjMK2NG.s:695    .text.prvInitialiseNewQueue:0000000000000050 .L0 
     /tmp/ccjMK2NG.s:697    .text.prvInitialiseNewQueue:0000000000000050 .L0 
     /tmp/ccjMK2NG.s:698    .text.prvInitialiseNewQueue:0000000000000050 .L0 
     /tmp/ccjMK2NG.s:700    .text.prvInitialiseNewQueue:0000000000000058 .L0 
     /tmp/ccjMK2NG.s:707    .text.xQueueGenericCreate:0000000000000000 xQueueGenericCreate
     /tmp/ccjMK2NG.s:710    .text.xQueueGenericCreate:0000000000000000 .L0 
     /tmp/ccjMK2NG.s:712    .text.xQueueGenericCreate:0000000000000000 $xrv64i2p1_m2p0_a2p1_f2p2_d2p2_zicsr2p0_zmmul1p0
     /tmp/ccjMK2NG.s:712    .text.xQueueGenericCreate:0000000000000000 .L0 
     /tmp/ccjMK2NG.s:714    .text.xQueueGenericCreate:0000000000000004 .L0 
     /tmp/ccjMK2NG.s:720    .text.xQueueGenericCreate:0000000000000018 .L0 
     /tmp/ccjMK2NG.s:721    .text.xQueueGenericCreate:0000000000000018 .L0 
     /tmp/ccjMK2NG.s:722    .text.xQueueGenericCreate:0000000000000018 .L0 
     /tmp/ccjMK2NG.s:723    .text.xQueueGenericCreate:0000000000000018 .L0 
     /tmp/ccjMK2NG.s:724    .text.xQueueGenericCreate:0000000000000018 .L0 
     /tmp/ccjMK2NG.s:729    .text.xQueueGenericCreate:0000000000000024 .L0 
     /tmp/ccjMK2NG.s:730    .text.xQueueGenericCreate:0000000000000024 .L0 
     /tmp/ccjMK2NG.s:731    .text.xQueueGenericCreate:0000000000000024 .L0 
     /tmp/ccjMK2NG.s:732    .text.xQueueGenericCreate:0000000000000024 .L0 
     /tmp/ccjMK2NG.s:733    .text.xQueueGenericCreate:0000000000000024 .L0 
     /tmp/ccjMK2NG.s:734    .text.xQueueGenericCreate:0000000000000024 .L0 
     /tmp/ccjMK2NG.s:737    .text.xQueueGenericCreate:0000000000000028 .L0 
     /tmp/ccjMK2NG.s:738    .text.xQueueGenericCreate:0000000000000028 .L0 
     /tmp/ccjMK2NG.s:739    .text.xQueueGenericCreate:0000000000000028 .L0 
     /tmp/ccjMK2NG.s:740    .text.xQueueGenericCreate:0000000000000028 .L0 
     /tmp/ccjMK2NG.s:747    .text.xQueueGenericCreate:0000000000000038 .L0 
     /tmp/ccjMK2NG.s:748    .text.xQueueGenericCreate:0000000000000038 .L0 
     /tmp/ccjMK2NG.s:751    .text.xQueueGenericCreate:000000000000003c .L0 
     /tmp/ccjMK2NG.s:752    .text.xQueueGenericCreate:000000000000003c .L0 
     /tmp/ccjMK2NG.s:753    .text.xQueueGenericCreate:000000000000003c .L0 
     /tmp/ccjMK2NG.s:762    .text.xQueueGenericCreate:0000000000000058 .L0 
     /tmp/ccjMK2NG.s:763    .text.xQueueGenericCreate:0000000000000058 .L0 
     /tmp/ccjMK2NG.s:765    .text.xQueueGenericCreate:0000000000000058 .L0 
     /tmp/ccjMK2NG.s:766    .text.xQueueGenericCreate:0000000000000058 .L0 
     /tmp/ccjMK2NG.s:768    .text.xQueueGenericCreate:0000000000000060 .L0 
     /tmp/ccjMK2NG.s:770    .text.xQueueGenericCreate:0000000000000064 .L0 
     /tmp/ccjMK2NG.s:773    .text.xQueueGenericCreate:0000000000000068 .L0 
     /tmp/ccjMK2NG.s:776    .text.xQueueGenericCreate:000000000000006c .L0 
     /tmp/ccjMK2NG.s:779    .text.xQueueGenericCreate:0000000000000070 .L0 
     /tmp/ccjMK2NG.s:782    .text.xQueueGenericCreate:0000000000000074 .L0 
     /tmp/ccjMK2NG.s:784    .text.xQueueGenericCreate:0000000000000078 .L0 
     /tmp/ccjMK2NG.s:791    .text.xQueueGetMutexHolder:0000000000000000 xQueueGetMutexHolder
     /tmp/ccjMK2NG.s:794    .text.xQueueGetMutexHolder:0000000000000000 .L0 
     /tmp/ccjMK2NG.s:796    .text.xQueueGetMutexHolder:0000000000000000 $xrv64i2p1_m2p0_a2p1_f2p2_d2p2_zicsr2p0_zmmul1p0
     /tmp/ccjMK2NG.s:796    .text.xQueueGetMutexHolder:0000000000000000 .L0 
     /tmp/ccjMK2NG.s:798    .text.xQueueGetMutexHolder:0000000000000004 .L0 
     /tmp/ccjMK2NG.s:801    .text.xQueueGetMutexHolder:000000000000000c .L0 
     /tmp/ccjMK2NG.s:802    .text.xQueueGetMutexHolder:000000000000000c .L0 
     /tmp/ccjMK2NG.s:805    .text.xQueueGetMutexHolder:0000000000000010 .L0 
     /tmp/ccjMK2NG.s:807    .text.xQueueGetMutexHolder:0000000000000010 .L0 
GAS LISTING /tmp/ccjMK2NG.s 			page 133


     /tmp/ccjMK2NG.s:808    .text.xQueueGetMutexHolder:0000000000000010 .L0 
     /tmp/ccjMK2NG.s:811    .text.xQueueGetMutexHolder:0000000000000018 .L0 
     /tmp/ccjMK2NG.s:812    .text.xQueueGetMutexHolder:0000000000000018 .L0 
     /tmp/ccjMK2NG.s:814    .text.xQueueGetMutexHolder:000000000000001c .L0 
     /tmp/ccjMK2NG.s:816    .text.xQueueGetMutexHolder:0000000000000020 .L0 
     /tmp/ccjMK2NG.s:817    .text.xQueueGetMutexHolder:0000000000000020 .L0 
     /tmp/ccjMK2NG.s:821    .text.xQueueGetMutexHolder:0000000000000024 .L0 
     /tmp/ccjMK2NG.s:824    .text.xQueueGetMutexHolder:000000000000002c .L0 
     /tmp/ccjMK2NG.s:825    .text.xQueueGetMutexHolder:000000000000002c .L0 
     /tmp/ccjMK2NG.s:827    .text.xQueueGetMutexHolder:0000000000000034 .L0 
     /tmp/ccjMK2NG.s:828    .text.xQueueGetMutexHolder:0000000000000034 .L0 
     /tmp/ccjMK2NG.s:830    .text.xQueueGetMutexHolder:0000000000000038 .L0 
     /tmp/ccjMK2NG.s:834    .text.xQueueGetMutexHolder:000000000000003c .L0 
     /tmp/ccjMK2NG.s:839    .text.xQueueGetMutexHolder:0000000000000040 .L0 
     /tmp/ccjMK2NG.s:841    .text.xQueueGetMutexHolder:0000000000000040 .L0 
     /tmp/ccjMK2NG.s:844    .text.xQueueGetMutexHolder:0000000000000048 .L0 
     /tmp/ccjMK2NG.s:851    .text.xQueueGetMutexHolderFromISR:0000000000000000 xQueueGetMutexHolderFromISR
     /tmp/ccjMK2NG.s:854    .text.xQueueGetMutexHolderFromISR:0000000000000000 .L0 
     /tmp/ccjMK2NG.s:856    .text.xQueueGetMutexHolderFromISR:0000000000000000 .L0 
     /tmp/ccjMK2NG.s:857    .text.xQueueGetMutexHolderFromISR:0000000000000000 .L0 
     /tmp/ccjMK2NG.s:858    .text.xQueueGetMutexHolderFromISR:0000000000000000 .L0 
     /tmp/ccjMK2NG.s:859    .text.xQueueGetMutexHolderFromISR:0000000000000000 .L0 
     /tmp/ccjMK2NG.s:860    .text.xQueueGetMutexHolderFromISR:0000000000000000 $xrv64i2p1_m2p0_a2p1_f2p2_d2p2_zicsr2p0_zmmul1p0
     /tmp/ccjMK2NG.s:860    .text.xQueueGetMutexHolderFromISR:0000000000000000 .L0 
     /tmp/ccjMK2NG.s:862    .text.xQueueGetMutexHolderFromISR:0000000000000004 .L0 
     /tmp/ccjMK2NG.s:864    .text.xQueueGetMutexHolderFromISR:0000000000000008 .L0 
     /tmp/ccjMK2NG.s:865    .text.xQueueGetMutexHolderFromISR:0000000000000008 .L0 
     /tmp/ccjMK2NG.s:871    .text.xQueueGetMutexHolderFromISR:0000000000000010 .L0 
     /tmp/ccjMK2NG.s:874    .text.xQueueGetMutexHolderFromISR:0000000000000014 .L0 
     /tmp/ccjMK2NG.s:875    .text.xQueueGetMutexHolderFromISR:0000000000000014 .L0 
     /tmp/ccjMK2NG.s:876    .text.xQueueGetMutexHolderFromISR:0000000000000018 .L0 
     /tmp/ccjMK2NG.s:883    .text.xQueueCreateCountingSemaphore:0000000000000000 xQueueCreateCountingSemaphore
     /tmp/ccjMK2NG.s:886    .text.xQueueCreateCountingSemaphore:0000000000000000 .L0 
     /tmp/ccjMK2NG.s:888    .text.xQueueCreateCountingSemaphore:0000000000000000 $xrv64i2p1_m2p0_a2p1_f2p2_d2p2_zicsr2p0_zmmul1p0
     /tmp/ccjMK2NG.s:888    .text.xQueueCreateCountingSemaphore:0000000000000000 .L0 
     /tmp/ccjMK2NG.s:890    .text.xQueueCreateCountingSemaphore:0000000000000004 .L0 
     /tmp/ccjMK2NG.s:893    .text.xQueueCreateCountingSemaphore:000000000000000c .L0 
     /tmp/ccjMK2NG.s:894    .text.xQueueCreateCountingSemaphore:000000000000000c .L0 
     /tmp/ccjMK2NG.s:897    .text.xQueueCreateCountingSemaphore:0000000000000010 .L0 
     /tmp/ccjMK2NG.s:898    .text.xQueueCreateCountingSemaphore:0000000000000010 .L0 
     /tmp/ccjMK2NG.s:899    .text.xQueueCreateCountingSemaphore:0000000000000010 .L0 
     /tmp/ccjMK2NG.s:900    .text.xQueueCreateCountingSemaphore:0000000000000010 .L0 
     /tmp/ccjMK2NG.s:901    .text.xQueueCreateCountingSemaphore:0000000000000010 .L0 
     /tmp/ccjMK2NG.s:907    .text.xQueueCreateCountingSemaphore:0000000000000020 .L0 
     /tmp/ccjMK2NG.s:908    .text.xQueueCreateCountingSemaphore:0000000000000020 .L0 
     /tmp/ccjMK2NG.s:910    .text.xQueueCreateCountingSemaphore:0000000000000024 .L0 
     /tmp/ccjMK2NG.s:911    .text.xQueueCreateCountingSemaphore:0000000000000024 .L0 
     /tmp/ccjMK2NG.s:913    .text.xQueueCreateCountingSemaphore:0000000000000028 .L0 
     /tmp/ccjMK2NG.s:914    .text.xQueueCreateCountingSemaphore:0000000000000028 .L0 
     /tmp/ccjMK2NG.s:916    .text.xQueueCreateCountingSemaphore:0000000000000028 .L0 
     /tmp/ccjMK2NG.s:917    .text.xQueueCreateCountingSemaphore:0000000000000028 .L0 
     /tmp/ccjMK2NG.s:918    .text.xQueueCreateCountingSemaphore:000000000000002c .L0 
     /tmp/ccjMK2NG.s:920    .text.xQueueCreateCountingSemaphore:0000000000000030 .L0 
     /tmp/ccjMK2NG.s:924    .text.xQueueCreateCountingSemaphore:0000000000000034 .L0 
     /tmp/ccjMK2NG.s:926    .text.xQueueCreateCountingSemaphore:0000000000000038 .L0 
     /tmp/ccjMK2NG.s:933    .text.xQueueGenericSend:0000000000000000 xQueueGenericSend
     /tmp/ccjMK2NG.s:936    .text.xQueueGenericSend:0000000000000000 .L0 
GAS LISTING /tmp/ccjMK2NG.s 			page 134


     /tmp/ccjMK2NG.s:938    .text.xQueueGenericSend:0000000000000000 $xrv64i2p1_m2p0_a2p1_f2p2_d2p2_zicsr2p0_zmmul1p0
     /tmp/ccjMK2NG.s:938    .text.xQueueGenericSend:0000000000000000 .L0 
     /tmp/ccjMK2NG.s:940    .text.xQueueGenericSend:0000000000000004 .L0 
     /tmp/ccjMK2NG.s:946    .text.xQueueGenericSend:0000000000000018 .L0 
     /tmp/ccjMK2NG.s:947    .text.xQueueGenericSend:0000000000000018 .L0 
     /tmp/ccjMK2NG.s:948    .text.xQueueGenericSend:0000000000000018 .L0 
     /tmp/ccjMK2NG.s:949    .text.xQueueGenericSend:0000000000000018 .L0 
     /tmp/ccjMK2NG.s:950    .text.xQueueGenericSend:0000000000000018 .L0 
     /tmp/ccjMK2NG.s:957    .text.xQueueGenericSend:0000000000000028 .L0 
     /tmp/ccjMK2NG.s:958    .text.xQueueGenericSend:0000000000000028 .L0 
     /tmp/ccjMK2NG.s:959    .text.xQueueGenericSend:0000000000000028 .L0 
     /tmp/ccjMK2NG.s:960    .text.xQueueGenericSend:0000000000000028 .L0 
     /tmp/ccjMK2NG.s:965    .text.xQueueGenericSend:0000000000000030 .L0 
     /tmp/ccjMK2NG.s:966    .text.xQueueGenericSend:0000000000000030 .L0 
     /tmp/ccjMK2NG.s:967    .text.xQueueGenericSend:0000000000000030 .L0 
     /tmp/ccjMK2NG.s:973    .text.xQueueGenericSend:0000000000000044 .L0 
     /tmp/ccjMK2NG.s:974    .text.xQueueGenericSend:0000000000000044 .L0 
     /tmp/ccjMK2NG.s:976    .text.xQueueGenericSend:0000000000000048 .L0 
     /tmp/ccjMK2NG.s:978    .text.xQueueGenericSend:000000000000004c .L0 
     /tmp/ccjMK2NG.s:979    .text.xQueueGenericSend:000000000000004c .L0 
     /tmp/ccjMK2NG.s:983    .text.xQueueGenericSend:0000000000000050 .L0 
     /tmp/ccjMK2NG.s:984    .text.xQueueGenericSend:0000000000000050 .L0 
     /tmp/ccjMK2NG.s:987    .text.xQueueGenericSend:0000000000000058 .L0 
     /tmp/ccjMK2NG.s:988    .text.xQueueGenericSend:0000000000000058 .L0 
     /tmp/ccjMK2NG.s:992    .text.xQueueGenericSend:000000000000005c .L0 
     /tmp/ccjMK2NG.s:993    .text.xQueueGenericSend:0000000000000060 .L0 
     /tmp/ccjMK2NG.s:994    .text.xQueueGenericSend:0000000000000060 .L0 
     /tmp/ccjMK2NG.s:996    .text.xQueueGenericSend:0000000000000064 .L0 
     /tmp/ccjMK2NG.s:999    .text.xQueueGenericSend:0000000000000068 .L0 
     /tmp/ccjMK2NG.s:1002   .text.xQueueGenericSend:000000000000006c .L0 
     /tmp/ccjMK2NG.s:1005   .text.xQueueGenericSend:0000000000000070 .L0 
     /tmp/ccjMK2NG.s:1009   .text.xQueueGenericSend:0000000000000074 .L0 
     /tmp/ccjMK2NG.s:1014   .text.xQueueGenericSend:0000000000000078 .L0 
     /tmp/ccjMK2NG.s:1016   .text.xQueueGenericSend:0000000000000078 .L0 
     /tmp/ccjMK2NG.s:1017   .text.xQueueGenericSend:0000000000000078 .L0 
     /tmp/ccjMK2NG.s:1022   .text.xQueueGenericSend:0000000000000084 .L0 
     /tmp/ccjMK2NG.s:1024   .text.xQueueGenericSend:0000000000000088 .L0 
     /tmp/ccjMK2NG.s:1031   .text.xQueueGenericSend:0000000000000098 .L0 
     /tmp/ccjMK2NG.s:1039   .text.xQueueGenericSend:00000000000000a8 .L0 
     /tmp/ccjMK2NG.s:1042   .text.xQueueGenericSend:00000000000000b0 .L0 
     /tmp/ccjMK2NG.s:1043   .text.xQueueGenericSend:00000000000000b0 .L0 
     /tmp/ccjMK2NG.s:1044   .text.xQueueGenericSend:00000000000000b0 .L0 
     /tmp/ccjMK2NG.s:1048   .text.xQueueGenericSend:00000000000000b8 .L0 
     /tmp/ccjMK2NG.s:1052   .text.xQueueGenericSend:00000000000000c4 .L0 
     /tmp/ccjMK2NG.s:1053   .text.xQueueGenericSend:00000000000000c4 .L0 
     /tmp/ccjMK2NG.s:1058   .text.xQueueGenericSend:00000000000000cc .L0 
     /tmp/ccjMK2NG.s:1062   .text.xQueueGenericSend:00000000000000d4 .L0 
     /tmp/ccjMK2NG.s:1066   .text.xQueueGenericSend:00000000000000dc .L0 
     /tmp/ccjMK2NG.s:1070   .text.xQueueGenericSend:00000000000000e8 .L0 
     /tmp/ccjMK2NG.s:1071   .text.xQueueGenericSend:00000000000000e8 .L0 
     /tmp/ccjMK2NG.s:1075   .text.xQueueGenericSend:00000000000000f0 .L0 
     /tmp/ccjMK2NG.s:1076   .text.xQueueGenericSend:00000000000000f0 .L0 
     /tmp/ccjMK2NG.s:1077   .text.xQueueGenericSend:00000000000000f0 .L0 
     /tmp/ccjMK2NG.s:1078   .text.xQueueGenericSend:00000000000000f0 .L0 
     /tmp/ccjMK2NG.s:1079   .text.xQueueGenericSend:00000000000000f0 .L0 
     /tmp/ccjMK2NG.s:1080   .text.xQueueGenericSend:00000000000000f0 .L0 
     /tmp/ccjMK2NG.s:1083   .text.xQueueGenericSend:00000000000000f8 .L0 
GAS LISTING /tmp/ccjMK2NG.s 			page 135


     /tmp/ccjMK2NG.s:1084   .text.xQueueGenericSend:00000000000000f8 .L0 
     /tmp/ccjMK2NG.s:1086   .text.xQueueGenericSend:00000000000000fc .L0 
     /tmp/ccjMK2NG.s:1088   .text.xQueueGenericSend:0000000000000100 .L0 
     /tmp/ccjMK2NG.s:1090   .text.xQueueGenericSend:0000000000000104 .L0 
     /tmp/ccjMK2NG.s:1093   .text.xQueueGenericSend:000000000000010c .L0 
     /tmp/ccjMK2NG.s:1094   .text.xQueueGenericSend:000000000000010c .L0 
     /tmp/ccjMK2NG.s:1096   .text.xQueueGenericSend:0000000000000110 .L0 
     /tmp/ccjMK2NG.s:1098   .text.xQueueGenericSend:0000000000000114 .L0 
     /tmp/ccjMK2NG.s:1099   .text.xQueueGenericSend:0000000000000114 .L0 
     /tmp/ccjMK2NG.s:1103   .text.xQueueGenericSend:0000000000000118 .L0 
     /tmp/ccjMK2NG.s:1104   .text.xQueueGenericSend:0000000000000118 .L0 
     /tmp/ccjMK2NG.s:1107   .text.xQueueGenericSend:0000000000000120 .L0 
     /tmp/ccjMK2NG.s:1110   .text.xQueueGenericSend:0000000000000128 .L0 
     /tmp/ccjMK2NG.s:1113   .text.xQueueGenericSend:0000000000000130 .L0 
     /tmp/ccjMK2NG.s:1120   .text.xQueueGenericSend:0000000000000144 .L0 
     /tmp/ccjMK2NG.s:1127   .text.xQueueGenericSend:0000000000000158 .L0 
     /tmp/ccjMK2NG.s:1130   .text.xQueueGenericSend:0000000000000160 .L0 
     /tmp/ccjMK2NG.s:1131   .text.xQueueGenericSend:0000000000000160 .L0 
     /tmp/ccjMK2NG.s:1136   .text.xQueueGenericSend:0000000000000170 .L0 
     /tmp/ccjMK2NG.s:1138   .text.xQueueGenericSend:0000000000000174 .L0 
     /tmp/ccjMK2NG.s:1139   .text.xQueueGenericSend:0000000000000174 .L0 
     /tmp/ccjMK2NG.s:1143   .text.xQueueGenericSend:0000000000000180 .L0 
     /tmp/ccjMK2NG.s:1145   .text.xQueueGenericSend:0000000000000184 .L0 
     /tmp/ccjMK2NG.s:1146   .text.xQueueGenericSend:0000000000000184 .L0 
     /tmp/ccjMK2NG.s:1151   .text.xQueueGenericSend:0000000000000194 .L0 
     /tmp/ccjMK2NG.s:1155   .text.xQueueGenericSend:00000000000001a0 .L0 
     /tmp/ccjMK2NG.s:1156   .text.xQueueGenericSend:00000000000001a0 .L0 
     /tmp/ccjMK2NG.s:1159   .text.xQueueGenericSend:00000000000001a8 .L0 
     /tmp/ccjMK2NG.s:1161   .text.xQueueGenericSend:00000000000001ac .L0 
     /tmp/ccjMK2NG.s:1167   .text.xQueueGenericSend:00000000000001bc .L0 
     /tmp/ccjMK2NG.s:1171   .text.xQueueGenericSend:00000000000001c8 .L0 
     /tmp/ccjMK2NG.s:1172   .text.xQueueGenericSend:00000000000001c8 .L0 
     /tmp/ccjMK2NG.s:1175   .text.xQueueGenericSend:00000000000001d0 .L0 
     /tmp/ccjMK2NG.s:1176   .text.xQueueGenericSend:00000000000001d0 .L0 
     /tmp/ccjMK2NG.s:1177   .text.xQueueGenericSend:00000000000001d0 .L0 
     /tmp/ccjMK2NG.s:1179   .text.xQueueGenericSend:00000000000001d8 .L0 
     /tmp/ccjMK2NG.s:1185   .text.prvInitialiseMutex:0000000000000000 prvInitialiseMutex
     /tmp/ccjMK2NG.s:1188   .text.prvInitialiseMutex:0000000000000000 .L0 
     /tmp/ccjMK2NG.s:1190   .text.prvInitialiseMutex:0000000000000000 .L0 
     /tmp/ccjMK2NG.s:1191   .text.prvInitialiseMutex:0000000000000000 .L0 
     /tmp/ccjMK2NG.s:1192   .text.prvInitialiseMutex:0000000000000000 $xrv64i2p1_m2p0_a2p1_f2p2_d2p2_zicsr2p0_zmmul1p0
     /tmp/ccjMK2NG.s:1192   .text.prvInitialiseMutex:0000000000000000 .L0 
     /tmp/ccjMK2NG.s:1194   .text.prvInitialiseMutex:0000000000000004 .L0 
     /tmp/ccjMK2NG.s:1196   .text.prvInitialiseMutex:0000000000000008 .L0 
     /tmp/ccjMK2NG.s:1198   .text.prvInitialiseMutex:000000000000000c .L0 
     /tmp/ccjMK2NG.s:1200   .text.prvInitialiseMutex:000000000000000c .L0 
     /tmp/ccjMK2NG.s:1201   .text.prvInitialiseMutex:000000000000000c .L0 
     /tmp/ccjMK2NG.s:1203   .text.prvInitialiseMutex:0000000000000010 .L0 
     /tmp/ccjMK2NG.s:1204   .text.prvInitialiseMutex:0000000000000010 .L0 
     /tmp/ccjMK2NG.s:1206   .text.prvInitialiseMutex:0000000000000014 .L0 
     /tmp/ccjMK2NG.s:1207   .text.prvInitialiseMutex:0000000000000014 .L0 
     /tmp/ccjMK2NG.s:1209   .text.prvInitialiseMutex:0000000000000018 .L0 
     /tmp/ccjMK2NG.s:1210   .text.prvInitialiseMutex:0000000000000018 .L0 
     /tmp/ccjMK2NG.s:1211   .text.prvInitialiseMutex:0000000000000018 .L0 
     /tmp/ccjMK2NG.s:1217   .text.prvInitialiseMutex:000000000000002c .L0 
     /tmp/ccjMK2NG.s:1218   .text.prvInitialiseMutex:000000000000002c .L0 
     /tmp/ccjMK2NG.s:1219   .text.prvInitialiseMutex:0000000000000030 .L0 
GAS LISTING /tmp/ccjMK2NG.s 			page 136


     /tmp/ccjMK2NG.s:1222   .text.prvInitialiseMutex:0000000000000034 .L0 
     /tmp/ccjMK2NG.s:1227   .text.prvInitialiseMutex:000000000000003c .L0 
     /tmp/ccjMK2NG.s:1234   .text.xQueueCreateMutex:0000000000000000 xQueueCreateMutex
     /tmp/ccjMK2NG.s:1237   .text.xQueueCreateMutex:0000000000000000 .L0 
     /tmp/ccjMK2NG.s:1239   .text.xQueueCreateMutex:0000000000000000 $xrv64i2p1_m2p0_a2p1_f2p2_d2p2_zicsr2p0_zmmul1p0
     /tmp/ccjMK2NG.s:1239   .text.xQueueCreateMutex:0000000000000000 .L0 
     /tmp/ccjMK2NG.s:1241   .text.xQueueCreateMutex:0000000000000004 .L0 
     /tmp/ccjMK2NG.s:1244   .text.xQueueCreateMutex:000000000000000c .L0 
     /tmp/ccjMK2NG.s:1245   .text.xQueueCreateMutex:000000000000000c .L0 
     /tmp/ccjMK2NG.s:1248   .text.xQueueCreateMutex:0000000000000010 .L0 
     /tmp/ccjMK2NG.s:1250   .text.xQueueCreateMutex:0000000000000010 .L0 
     /tmp/ccjMK2NG.s:1251   .text.xQueueCreateMutex:0000000000000010 .L0 
     /tmp/ccjMK2NG.s:1252   .text.xQueueCreateMutex:0000000000000010 .L0 
     /tmp/ccjMK2NG.s:1260   .text.xQueueCreateMutex:0000000000000024 .L0 
     /tmp/ccjMK2NG.s:1263   .text.xQueueCreateMutex:000000000000002c .L0 
     /tmp/ccjMK2NG.s:1264   .text.xQueueCreateMutex:000000000000002c .L0 
     /tmp/ccjMK2NG.s:1266   .text.xQueueCreateMutex:0000000000000034 .L0 
     /tmp/ccjMK2NG.s:1268   .text.xQueueCreateMutex:0000000000000038 .L0 
     /tmp/ccjMK2NG.s:1272   .text.xQueueCreateMutex:000000000000003c .L0 
     /tmp/ccjMK2NG.s:1274   .text.xQueueCreateMutex:0000000000000040 .L0 
     /tmp/ccjMK2NG.s:1281   .text.xQueueGiveMutexRecursive:0000000000000000 xQueueGiveMutexRecursive
     /tmp/ccjMK2NG.s:1284   .text.xQueueGiveMutexRecursive:0000000000000000 .L0 
     /tmp/ccjMK2NG.s:1286   .text.xQueueGiveMutexRecursive:0000000000000000 $xrv64i2p1_m2p0_a2p1_f2p2_d2p2_zicsr2p0_zmmul1p0
     /tmp/ccjMK2NG.s:1286   .text.xQueueGiveMutexRecursive:0000000000000000 .L0 
     /tmp/ccjMK2NG.s:1288   .text.xQueueGiveMutexRecursive:0000000000000004 .L0 
     /tmp/ccjMK2NG.s:1292   .text.xQueueGiveMutexRecursive:0000000000000010 .L0 
     /tmp/ccjMK2NG.s:1293   .text.xQueueGiveMutexRecursive:0000000000000010 .L0 
     /tmp/ccjMK2NG.s:1294   .text.xQueueGiveMutexRecursive:0000000000000010 .L0 
     /tmp/ccjMK2NG.s:1297   .text.xQueueGiveMutexRecursive:0000000000000014 .L0 
     /tmp/ccjMK2NG.s:1299   .text.xQueueGiveMutexRecursive:0000000000000014 .L0 
     /tmp/ccjMK2NG.s:1300   .text.xQueueGiveMutexRecursive:0000000000000014 .L0 
     /tmp/ccjMK2NG.s:1301   .text.xQueueGiveMutexRecursive:0000000000000014 .L0 
     /tmp/ccjMK2NG.s:1302   .text.xQueueGiveMutexRecursive:0000000000000014 .L0 
     /tmp/ccjMK2NG.s:1304   .text.xQueueGiveMutexRecursive:0000000000000018 .L0 
     /tmp/ccjMK2NG.s:1307   .text.xQueueGiveMutexRecursive:0000000000000020 .L0 
     /tmp/ccjMK2NG.s:1309   .text.xQueueGiveMutexRecursive:0000000000000024 .L0 
     /tmp/ccjMK2NG.s:1312   .text.xQueueGiveMutexRecursive:0000000000000028 .L0 
     /tmp/ccjMK2NG.s:1313   .text.xQueueGiveMutexRecursive:000000000000002c .L0 
     /tmp/ccjMK2NG.s:1314   .text.xQueueGiveMutexRecursive:000000000000002c .L0 
     /tmp/ccjMK2NG.s:1316   .text.xQueueGiveMutexRecursive:0000000000000030 .L0 
     /tmp/ccjMK2NG.s:1319   .text.xQueueGiveMutexRecursive:0000000000000034 .L0 
     /tmp/ccjMK2NG.s:1322   .text.xQueueGiveMutexRecursive:0000000000000038 .L0 
     /tmp/ccjMK2NG.s:1327   .text.xQueueGiveMutexRecursive:000000000000003c .L0 
     /tmp/ccjMK2NG.s:1329   .text.xQueueGiveMutexRecursive:000000000000003c .L0 
     /tmp/ccjMK2NG.s:1330   .text.xQueueGiveMutexRecursive:000000000000003c .L0 
     /tmp/ccjMK2NG.s:1331   .text.xQueueGiveMutexRecursive:000000000000003c .L0 
     /tmp/ccjMK2NG.s:1333   .text.xQueueGiveMutexRecursive:0000000000000040 .L0 
     /tmp/ccjMK2NG.s:1336   .text.xQueueGiveMutexRecursive:0000000000000048 .L0 
     /tmp/ccjMK2NG.s:1337   .text.xQueueGiveMutexRecursive:0000000000000048 .L0 
     /tmp/ccjMK2NG.s:1339   .text.xQueueGiveMutexRecursive:000000000000004c .L0 
     /tmp/ccjMK2NG.s:1342   .text.xQueueGiveMutexRecursive:0000000000000050 .L0 
     /tmp/ccjMK2NG.s:1343   .text.xQueueGiveMutexRecursive:0000000000000050 .L0 
     /tmp/ccjMK2NG.s:1344   .text.xQueueGiveMutexRecursive:0000000000000050 .L0 
     /tmp/ccjMK2NG.s:1348   .text.xQueueGiveMutexRecursive:0000000000000054 .L0 
     /tmp/ccjMK2NG.s:1349   .text.xQueueGiveMutexRecursive:0000000000000054 .L0 
     /tmp/ccjMK2NG.s:1356   .text.xQueueGiveMutexRecursive:000000000000006c .L0 
     /tmp/ccjMK2NG.s:1358   .text.xQueueGiveMutexRecursive:0000000000000074 .L0 
GAS LISTING /tmp/ccjMK2NG.s 			page 137


     /tmp/ccjMK2NG.s:1365   .text.xQueueGenericSendFromISR:0000000000000000 xQueueGenericSendFromISR
     /tmp/ccjMK2NG.s:1368   .text.xQueueGenericSendFromISR:0000000000000000 .L0 
     /tmp/ccjMK2NG.s:1370   .text.xQueueGenericSendFromISR:0000000000000000 $xrv64i2p1_m2p0_a2p1_f2p2_d2p2_zicsr2p0_zmmul1p0
     /tmp/ccjMK2NG.s:1370   .text.xQueueGenericSendFromISR:0000000000000000 .L0 
     /tmp/ccjMK2NG.s:1372   .text.xQueueGenericSendFromISR:0000000000000004 .L0 
     /tmp/ccjMK2NG.s:1377   .text.xQueueGenericSendFromISR:0000000000000014 .L0 
     /tmp/ccjMK2NG.s:1378   .text.xQueueGenericSendFromISR:0000000000000014 .L0 
     /tmp/ccjMK2NG.s:1379   .text.xQueueGenericSendFromISR:0000000000000014 .L0 
     /tmp/ccjMK2NG.s:1380   .text.xQueueGenericSendFromISR:0000000000000014 .L0 
     /tmp/ccjMK2NG.s:1386   .text.xQueueGenericSendFromISR:0000000000000020 .L0 
     /tmp/ccjMK2NG.s:1387   .text.xQueueGenericSendFromISR:0000000000000020 .L0 
     /tmp/ccjMK2NG.s:1388   .text.xQueueGenericSendFromISR:0000000000000020 .L0 
     /tmp/ccjMK2NG.s:1389   .text.xQueueGenericSendFromISR:0000000000000020 .L0 
     /tmp/ccjMK2NG.s:1390   .text.xQueueGenericSendFromISR:0000000000000020 .L0 
     /tmp/ccjMK2NG.s:1391   .text.xQueueGenericSendFromISR:0000000000000020 .L0 
     /tmp/ccjMK2NG.s:1392   .text.xQueueGenericSendFromISR:0000000000000020 .L0 
     /tmp/ccjMK2NG.s:1393   .text.xQueueGenericSendFromISR:0000000000000020 .L0 
     /tmp/ccjMK2NG.s:1394   .text.xQueueGenericSendFromISR:0000000000000020 .L0 
     /tmp/ccjMK2NG.s:1395   .text.xQueueGenericSendFromISR:0000000000000020 .L0 
     /tmp/ccjMK2NG.s:1397   .text.xQueueGenericSendFromISR:0000000000000024 .L0 
     /tmp/ccjMK2NG.s:1399   .text.xQueueGenericSendFromISR:0000000000000028 .L0 
     /tmp/ccjMK2NG.s:1401   .text.xQueueGenericSendFromISR:000000000000002c .L0 
     /tmp/ccjMK2NG.s:1404   .text.xQueueGenericSendFromISR:0000000000000034 .L0 
     /tmp/ccjMK2NG.s:1408   .text.xQueueGenericSendFromISR:0000000000000038 .L0 
     /tmp/ccjMK2NG.s:1409   .text.xQueueGenericSendFromISR:000000000000003c .L0 
     /tmp/ccjMK2NG.s:1410   .text.xQueueGenericSendFromISR:000000000000003c .L0 
     /tmp/ccjMK2NG.s:1412   .text.xQueueGenericSendFromISR:0000000000000040 .L0 
     /tmp/ccjMK2NG.s:1415   .text.xQueueGenericSendFromISR:0000000000000044 .L0 
     /tmp/ccjMK2NG.s:1417   .text.xQueueGenericSendFromISR:0000000000000048 .L0 
     /tmp/ccjMK2NG.s:1421   .text.xQueueGenericSendFromISR:000000000000004c .L0 
     /tmp/ccjMK2NG.s:1426   .text.xQueueGenericSendFromISR:0000000000000050 .L0 
     /tmp/ccjMK2NG.s:1429   .text.xQueueGenericSendFromISR:0000000000000050 .L0 
     /tmp/ccjMK2NG.s:1430   .text.xQueueGenericSendFromISR:0000000000000050 .L0 
     /tmp/ccjMK2NG.s:1435   .text.xQueueGenericSendFromISR:000000000000005c .L0 
     /tmp/ccjMK2NG.s:1436   .text.xQueueGenericSendFromISR:000000000000005c .L0 
     /tmp/ccjMK2NG.s:1438   .text.xQueueGenericSendFromISR:0000000000000060 .L0 
     /tmp/ccjMK2NG.s:1439   .text.xQueueGenericSendFromISR:0000000000000060 .L0 
     /tmp/ccjMK2NG.s:1440   .text.xQueueGenericSendFromISR:0000000000000060 .L0 
     /tmp/ccjMK2NG.s:1444   .text.xQueueGenericSendFromISR:000000000000006c .L0 
     /tmp/ccjMK2NG.s:1445   .text.xQueueGenericSendFromISR:000000000000006c .L0 
     /tmp/ccjMK2NG.s:1448   .text.xQueueGenericSendFromISR:0000000000000074 .L0 
     /tmp/ccjMK2NG.s:1449   .text.xQueueGenericSendFromISR:0000000000000074 .L0 
     /tmp/ccjMK2NG.s:1450   .text.xQueueGenericSendFromISR:0000000000000074 .L0 
     /tmp/ccjMK2NG.s:1453   .text.xQueueGenericSendFromISR:0000000000000078 .L0 
     /tmp/ccjMK2NG.s:1457   .text.xQueueGenericSendFromISR:0000000000000080 .L0 
     /tmp/ccjMK2NG.s:1459   .text.xQueueGenericSendFromISR:0000000000000084 .L0 
     /tmp/ccjMK2NG.s:1464   .text.xQueueGenericSendFromISR:000000000000008c .L0 
     /tmp/ccjMK2NG.s:1465   .text.xQueueGenericSendFromISR:000000000000008c .L0 
     /tmp/ccjMK2NG.s:1467   .text.xQueueGenericSendFromISR:0000000000000090 .L0 
     /tmp/ccjMK2NG.s:1469   .text.xQueueGenericSendFromISR:0000000000000094 .L0 
     /tmp/ccjMK2NG.s:1473   .text.xQueueGenericSendFromISR:000000000000009c .L0 
     /tmp/ccjMK2NG.s:1474   .text.xQueueGenericSendFromISR:000000000000009c .L0 
     /tmp/ccjMK2NG.s:1478   .text.xQueueGenericSendFromISR:00000000000000a8 .L0 
     /tmp/ccjMK2NG.s:1480   .text.xQueueGenericSendFromISR:00000000000000ac .L0 
     /tmp/ccjMK2NG.s:1481   .text.xQueueGenericSendFromISR:00000000000000ac .L0 
     /tmp/ccjMK2NG.s:1483   .text.xQueueGenericSendFromISR:00000000000000b0 .L0 
     /tmp/ccjMK2NG.s:1484   .text.xQueueGenericSendFromISR:00000000000000b0 .L0 
GAS LISTING /tmp/ccjMK2NG.s 			page 138


     /tmp/ccjMK2NG.s:1487   .text.xQueueGenericSendFromISR:00000000000000b8 .L0 
     /tmp/ccjMK2NG.s:1497   .text.xQueueGenericSendFromISR:00000000000000cc .L0 
     /tmp/ccjMK2NG.s:1498   .text.xQueueGenericSendFromISR:00000000000000cc .L0 
     /tmp/ccjMK2NG.s:1499   .text.xQueueGenericSendFromISR:00000000000000cc .L0 
     /tmp/ccjMK2NG.s:1500   .text.xQueueGenericSendFromISR:00000000000000d0 .L0 
     /tmp/ccjMK2NG.s:1507   .text.xQueueGiveFromISR:0000000000000000 xQueueGiveFromISR
     /tmp/ccjMK2NG.s:1510   .text.xQueueGiveFromISR:0000000000000000 .L0 
     /tmp/ccjMK2NG.s:1512   .text.xQueueGiveFromISR:0000000000000000 .L0 
     /tmp/ccjMK2NG.s:1513   .text.xQueueGiveFromISR:0000000000000000 .L0 
     /tmp/ccjMK2NG.s:1514   .text.xQueueGiveFromISR:0000000000000000 .L0 
     /tmp/ccjMK2NG.s:1515   .text.xQueueGiveFromISR:0000000000000000 .L0 
     /tmp/ccjMK2NG.s:1516   .text.xQueueGiveFromISR:0000000000000000 .L0 
     /tmp/ccjMK2NG.s:1517   .text.xQueueGiveFromISR:0000000000000000 .L0 
     /tmp/ccjMK2NG.s:1518   .text.xQueueGiveFromISR:0000000000000000 .L0 
     /tmp/ccjMK2NG.s:1519   .text.xQueueGiveFromISR:0000000000000000 .L0 
     /tmp/ccjMK2NG.s:1521   .text.xQueueGiveFromISR:0000000000000000 .L0 
     /tmp/ccjMK2NG.s:1522   .text.xQueueGiveFromISR:0000000000000000 .L0 
     /tmp/ccjMK2NG.s:1523   .text.xQueueGiveFromISR:0000000000000000 $xrv64i2p1_m2p0_a2p1_f2p2_d2p2_zicsr2p0_zmmul1p0
     /tmp/ccjMK2NG.s:1523   .text.xQueueGiveFromISR:0000000000000000 .L0 
     /tmp/ccjMK2NG.s:1526   .text.xQueueGiveFromISR:0000000000000004 .L0 
     /tmp/ccjMK2NG.s:1527   .text.xQueueGiveFromISR:0000000000000004 .L0 
     /tmp/ccjMK2NG.s:1529   .text.xQueueGiveFromISR:0000000000000008 .L0 
     /tmp/ccjMK2NG.s:1532   .text.xQueueGiveFromISR:000000000000000c .L0 
     /tmp/ccjMK2NG.s:1534   .text.xQueueGiveFromISR:0000000000000010 .L0 
     /tmp/ccjMK2NG.s:1537   .text.xQueueGiveFromISR:0000000000000018 .L0 
     /tmp/ccjMK2NG.s:1538   .text.xQueueGiveFromISR:0000000000000018 .L0 
     /tmp/ccjMK2NG.s:1543   .text.xQueueGiveFromISR:000000000000001c .L0 
     /tmp/ccjMK2NG.s:1544   .text.xQueueGiveFromISR:000000000000001c .L0 
     /tmp/ccjMK2NG.s:1549   .text.xQueueGiveFromISR:0000000000000028 .L0 
     /tmp/ccjMK2NG.s:1550   .text.xQueueGiveFromISR:0000000000000028 .L0 
     /tmp/ccjMK2NG.s:1551   .text.xQueueGiveFromISR:0000000000000028 .L0 
     /tmp/ccjMK2NG.s:1554   .text.xQueueGiveFromISR:000000000000002c .L0 
     /tmp/ccjMK2NG.s:1556   .text.xQueueGiveFromISR:0000000000000030 .L0 
     /tmp/ccjMK2NG.s:1557   .text.xQueueGiveFromISR:0000000000000030 .L0 
     /tmp/ccjMK2NG.s:1561   .text.xQueueGiveFromISR:0000000000000038 .L0 
     /tmp/ccjMK2NG.s:1562   .text.xQueueGiveFromISR:0000000000000038 .L0 
     /tmp/ccjMK2NG.s:1563   .text.xQueueGiveFromISR:0000000000000038 .L0 
     /tmp/ccjMK2NG.s:1566   .text.xQueueGiveFromISR:000000000000003c .L0 
     /tmp/ccjMK2NG.s:1570   .text.xQueueGiveFromISR:0000000000000044 .L0 
     /tmp/ccjMK2NG.s:1573   .text.xQueueGiveFromISR:0000000000000048 .L0 
     /tmp/ccjMK2NG.s:1579   .text.xQueueGiveFromISR:000000000000004c .L0 
     /tmp/ccjMK2NG.s:1580   .text.xQueueGiveFromISR:0000000000000050 .L0 
     /tmp/ccjMK2NG.s:1581   .text.xQueueGiveFromISR:0000000000000050 .L0 
     /tmp/ccjMK2NG.s:1583   .text.xQueueGiveFromISR:0000000000000054 .L0 
     /tmp/ccjMK2NG.s:1587   .text.xQueueGiveFromISR:0000000000000058 .L0 
     /tmp/ccjMK2NG.s:1592   .text.xQueueGiveFromISR:000000000000005c .L0 
     /tmp/ccjMK2NG.s:1596   .text.xQueueGiveFromISR:000000000000005c .L0 
     /tmp/ccjMK2NG.s:1597   .text.xQueueGiveFromISR:000000000000005c .L0 
     /tmp/ccjMK2NG.s:1600   .text.xQueueGiveFromISR:0000000000000060 .L0 
     /tmp/ccjMK2NG.s:1602   .text.xQueueGiveFromISR:0000000000000064 .L0 
     /tmp/ccjMK2NG.s:1608   .text.xQueueGiveFromISR:000000000000006c .L0 
     /tmp/ccjMK2NG.s:1609   .text.xQueueGiveFromISR:000000000000006c .L0 
     /tmp/ccjMK2NG.s:1614   .text.xQueueGiveFromISR:0000000000000078 .L0 
     /tmp/ccjMK2NG.s:1616   .text.xQueueGiveFromISR:000000000000007c .L0 
     /tmp/ccjMK2NG.s:1617   .text.xQueueGiveFromISR:000000000000007c .L0 
     /tmp/ccjMK2NG.s:1619   .text.xQueueGiveFromISR:0000000000000080 .L0 
     /tmp/ccjMK2NG.s:1620   .text.xQueueGiveFromISR:0000000000000080 .L0 
GAS LISTING /tmp/ccjMK2NG.s 			page 139


     /tmp/ccjMK2NG.s:1623   .text.xQueueGiveFromISR:0000000000000088 .L0 
     /tmp/ccjMK2NG.s:1628   .text.xQueueGiveFromISR:0000000000000090 .L0 
     /tmp/ccjMK2NG.s:1629   .text.xQueueGiveFromISR:0000000000000090 .L0 
     /tmp/ccjMK2NG.s:1630   .text.xQueueGiveFromISR:0000000000000090 .L0 
     /tmp/ccjMK2NG.s:1633   .text.xQueueGiveFromISR:0000000000000090 .L0 
     /tmp/ccjMK2NG.s:1637   .text.xQueueGiveFromISR:0000000000000094 .L0 
     /tmp/ccjMK2NG.s:1641   .text.xQueueGiveFromISR:0000000000000098 .L0 
     /tmp/ccjMK2NG.s:1642   .text.xQueueGiveFromISR:0000000000000098 .L0 
     /tmp/ccjMK2NG.s:1643   .text.xQueueGiveFromISR:0000000000000098 .L0 
     /tmp/ccjMK2NG.s:1647   .text.xQueueGiveFromISR:0000000000000098 .L0 
     /tmp/ccjMK2NG.s:1655   .text.xQueueGiveFromISR:00000000000000a4 .L0 
     /tmp/ccjMK2NG.s:1656   .text.xQueueGiveFromISR:00000000000000a4 .L0 
     /tmp/ccjMK2NG.s:1657   .text.xQueueGiveFromISR:00000000000000a4 .L0 
     /tmp/ccjMK2NG.s:1658   .text.xQueueGiveFromISR:00000000000000a8 .L0 
     /tmp/ccjMK2NG.s:1665   .text.xQueueReceive:0000000000000000 xQueueReceive
     /tmp/ccjMK2NG.s:1668   .text.xQueueReceive:0000000000000000 .L0 
     /tmp/ccjMK2NG.s:1670   .text.xQueueReceive:0000000000000000 $xrv64i2p1_m2p0_a2p1_f2p2_d2p2_zicsr2p0_zmmul1p0
     /tmp/ccjMK2NG.s:1670   .text.xQueueReceive:0000000000000000 .L0 
     /tmp/ccjMK2NG.s:1672   .text.xQueueReceive:0000000000000004 .L0 
     /tmp/ccjMK2NG.s:1678   .text.xQueueReceive:0000000000000018 .L0 
     /tmp/ccjMK2NG.s:1679   .text.xQueueReceive:0000000000000018 .L0 
     /tmp/ccjMK2NG.s:1680   .text.xQueueReceive:0000000000000018 .L0 
     /tmp/ccjMK2NG.s:1681   .text.xQueueReceive:0000000000000018 .L0 
     /tmp/ccjMK2NG.s:1682   .text.xQueueReceive:0000000000000018 .L0 
     /tmp/ccjMK2NG.s:1688   .text.xQueueReceive:0000000000000024 .L0 
     /tmp/ccjMK2NG.s:1689   .text.xQueueReceive:0000000000000024 .L0 
     /tmp/ccjMK2NG.s:1690   .text.xQueueReceive:0000000000000024 .L0 
     /tmp/ccjMK2NG.s:1691   .text.xQueueReceive:0000000000000024 .L0 
     /tmp/ccjMK2NG.s:1697   .text.xQueueReceive:000000000000002c .L0 
     /tmp/ccjMK2NG.s:1702   .text.xQueueReceive:000000000000003c .L0 
     /tmp/ccjMK2NG.s:1703   .text.xQueueReceive:000000000000003c .L0 
     /tmp/ccjMK2NG.s:1704   .text.xQueueReceive:000000000000003c .L0 
     /tmp/ccjMK2NG.s:1707   .text.xQueueReceive:0000000000000040 .L0 
     /tmp/ccjMK2NG.s:1709   .text.xQueueReceive:0000000000000044 .L0 
     /tmp/ccjMK2NG.s:1710   .text.xQueueReceive:0000000000000044 .L0 
     /tmp/ccjMK2NG.s:1712   .text.xQueueReceive:0000000000000048 .L0 
     /tmp/ccjMK2NG.s:1715   .text.xQueueReceive:000000000000004c .L0 
     /tmp/ccjMK2NG.s:1716   .text.xQueueReceive:000000000000004c .L0 
     /tmp/ccjMK2NG.s:1719   .text.xQueueReceive:0000000000000054 .L0 
     /tmp/ccjMK2NG.s:1720   .text.xQueueReceive:0000000000000054 .L0 
     /tmp/ccjMK2NG.s:1725   .text.xQueueReceive:0000000000000058 .L0 
     /tmp/ccjMK2NG.s:1726   .text.xQueueReceive:000000000000005c .L0 
     /tmp/ccjMK2NG.s:1727   .text.xQueueReceive:000000000000005c .L0 
     /tmp/ccjMK2NG.s:1729   .text.xQueueReceive:0000000000000060 .L0 
     /tmp/ccjMK2NG.s:1732   .text.xQueueReceive:0000000000000064 .L0 
     /tmp/ccjMK2NG.s:1734   .text.xQueueReceive:0000000000000068 .L0 
     /tmp/ccjMK2NG.s:1737   .text.xQueueReceive:000000000000006c .L0 
     /tmp/ccjMK2NG.s:1741   .text.xQueueReceive:0000000000000070 .L0 
     /tmp/ccjMK2NG.s:1746   .text.xQueueReceive:0000000000000074 .L0 
     /tmp/ccjMK2NG.s:1749   .text.xQueueReceive:0000000000000074 .L0 
     /tmp/ccjMK2NG.s:1750   .text.xQueueReceive:0000000000000074 .L0 
     /tmp/ccjMK2NG.s:1754   .text.xQueueReceive:0000000000000080 .L0 
     /tmp/ccjMK2NG.s:1756   .text.xQueueReceive:0000000000000084 .L0 
     /tmp/ccjMK2NG.s:1763   .text.xQueueReceive:0000000000000094 .L0 
     /tmp/ccjMK2NG.s:1766   .text.xQueueReceive:000000000000009c .L0 
     /tmp/ccjMK2NG.s:1767   .text.xQueueReceive:000000000000009c .L0 
     /tmp/ccjMK2NG.s:1768   .text.xQueueReceive:000000000000009c .L0 
GAS LISTING /tmp/ccjMK2NG.s 			page 140


     /tmp/ccjMK2NG.s:1772   .text.xQueueReceive:00000000000000a4 .L0 
     /tmp/ccjMK2NG.s:1776   .text.xQueueReceive:00000000000000b0 .L0 
     /tmp/ccjMK2NG.s:1777   .text.xQueueReceive:00000000000000b0 .L0 
     /tmp/ccjMK2NG.s:1783   .text.xQueueReceive:00000000000000b8 .L0 
     /tmp/ccjMK2NG.s:1787   .text.xQueueReceive:00000000000000c0 .L0 
     /tmp/ccjMK2NG.s:1791   .text.xQueueReceive:00000000000000c8 .L0 
     /tmp/ccjMK2NG.s:1795   .text.xQueueReceive:00000000000000d4 .L0 
     /tmp/ccjMK2NG.s:1796   .text.xQueueReceive:00000000000000d4 .L0 
     /tmp/ccjMK2NG.s:1801   .text.xQueueReceive:00000000000000e0 .L0 
     /tmp/ccjMK2NG.s:1805   .text.xQueueReceive:00000000000000ec .L0 
     /tmp/ccjMK2NG.s:1806   .text.xQueueReceive:00000000000000ec .L0 
     /tmp/ccjMK2NG.s:1809   .text.xQueueReceive:00000000000000f4 .L0 
     /tmp/ccjMK2NG.s:1810   .text.xQueueReceive:00000000000000f4 .L0 
     /tmp/ccjMK2NG.s:1814   .text.xQueueReceive:0000000000000100 .L0 
     /tmp/ccjMK2NG.s:1818   .text.xQueueReceive:0000000000000104 .L0 
     /tmp/ccjMK2NG.s:1819   .text.xQueueReceive:0000000000000104 .L0 
     /tmp/ccjMK2NG.s:1820   .text.xQueueReceive:0000000000000104 .L0 
     /tmp/ccjMK2NG.s:1821   .text.xQueueReceive:0000000000000104 .L0 
     /tmp/ccjMK2NG.s:1822   .text.xQueueReceive:0000000000000104 .L0 
     /tmp/ccjMK2NG.s:1826   .text.xQueueReceive:000000000000010c .L0 
     /tmp/ccjMK2NG.s:1827   .text.xQueueReceive:000000000000010c .L0 
     /tmp/ccjMK2NG.s:1830   .text.xQueueReceive:0000000000000110 .L0 
     /tmp/ccjMK2NG.s:1831   .text.xQueueReceive:0000000000000110 .L0 
     /tmp/ccjMK2NG.s:1833   .text.xQueueReceive:0000000000000114 .L0 
     /tmp/ccjMK2NG.s:1834   .text.xQueueReceive:0000000000000114 .L0 
     /tmp/ccjMK2NG.s:1836   .text.xQueueReceive:0000000000000118 .L0 
     /tmp/ccjMK2NG.s:1838   .text.xQueueReceive:000000000000011c .L0 
     /tmp/ccjMK2NG.s:1839   .text.xQueueReceive:000000000000011c .L0 
     /tmp/ccjMK2NG.s:1844   .text.xQueueReceive:0000000000000120 .L0 
     /tmp/ccjMK2NG.s:1845   .text.xQueueReceive:0000000000000120 .L0 
     /tmp/ccjMK2NG.s:1848   .text.xQueueReceive:0000000000000128 .L0 
     /tmp/ccjMK2NG.s:1851   .text.xQueueReceive:0000000000000130 .L0 
     /tmp/ccjMK2NG.s:1854   .text.xQueueReceive:0000000000000138 .L0 
     /tmp/ccjMK2NG.s:1861   .text.xQueueReceive:000000000000014c .L0 
     /tmp/ccjMK2NG.s:1868   .text.xQueueReceive:0000000000000160 .L0 
     /tmp/ccjMK2NG.s:1871   .text.xQueueReceive:0000000000000168 .L0 
     /tmp/ccjMK2NG.s:1872   .text.xQueueReceive:0000000000000168 .L0 
     /tmp/ccjMK2NG.s:1877   .text.xQueueReceive:0000000000000178 .L0 
     /tmp/ccjMK2NG.s:1879   .text.xQueueReceive:000000000000017c .L0 
     /tmp/ccjMK2NG.s:1880   .text.xQueueReceive:000000000000017c .L0 
     /tmp/ccjMK2NG.s:1884   .text.xQueueReceive:0000000000000188 .L0 
     /tmp/ccjMK2NG.s:1886   .text.xQueueReceive:000000000000018c .L0 
     /tmp/ccjMK2NG.s:1887   .text.xQueueReceive:000000000000018c .L0 
     /tmp/ccjMK2NG.s:1892   .text.xQueueReceive:000000000000019c .L0 
     /tmp/ccjMK2NG.s:1896   .text.xQueueReceive:00000000000001a8 .L0 
     /tmp/ccjMK2NG.s:1897   .text.xQueueReceive:00000000000001a8 .L0 
     /tmp/ccjMK2NG.s:1900   .text.xQueueReceive:00000000000001b0 .L0 
     /tmp/ccjMK2NG.s:1902   .text.xQueueReceive:00000000000001b4 .L0 
     /tmp/ccjMK2NG.s:1908   .text.xQueueReceive:00000000000001c4 .L0 
     /tmp/ccjMK2NG.s:1910   .text.xQueueReceive:00000000000001cc .L0 
     /tmp/ccjMK2NG.s:1917   .text.xQueueSemaphoreTake:0000000000000000 xQueueSemaphoreTake
     /tmp/ccjMK2NG.s:1920   .text.xQueueSemaphoreTake:0000000000000000 .L0 
     /tmp/ccjMK2NG.s:1922   .text.xQueueSemaphoreTake:0000000000000000 $xrv64i2p1_m2p0_a2p1_f2p2_d2p2_zicsr2p0_zmmul1p0
     /tmp/ccjMK2NG.s:1922   .text.xQueueSemaphoreTake:0000000000000000 .L0 
     /tmp/ccjMK2NG.s:1924   .text.xQueueSemaphoreTake:0000000000000004 .L0 
     /tmp/ccjMK2NG.s:1929   .text.xQueueSemaphoreTake:0000000000000014 .L0 
     /tmp/ccjMK2NG.s:1930   .text.xQueueSemaphoreTake:0000000000000014 .L0 
GAS LISTING /tmp/ccjMK2NG.s 			page 141


     /tmp/ccjMK2NG.s:1931   .text.xQueueSemaphoreTake:0000000000000014 .L0 
     /tmp/ccjMK2NG.s:1932   .text.xQueueSemaphoreTake:0000000000000014 .L0 
     /tmp/ccjMK2NG.s:1937   .text.xQueueSemaphoreTake:000000000000001c .L0 
     /tmp/ccjMK2NG.s:1938   .text.xQueueSemaphoreTake:000000000000001c .L0 
     /tmp/ccjMK2NG.s:1939   .text.xQueueSemaphoreTake:000000000000001c .L0 
     /tmp/ccjMK2NG.s:1940   .text.xQueueSemaphoreTake:000000000000001c .L0 
     /tmp/ccjMK2NG.s:1941   .text.xQueueSemaphoreTake:000000000000001c .L0 
     /tmp/ccjMK2NG.s:1943   .text.xQueueSemaphoreTake:0000000000000020 .L0 
     /tmp/ccjMK2NG.s:1949   .text.xQueueSemaphoreTake:0000000000000028 .L0 
     /tmp/ccjMK2NG.s:1950   .text.xQueueSemaphoreTake:0000000000000028 .L0 
     /tmp/ccjMK2NG.s:1951   .text.xQueueSemaphoreTake:0000000000000028 .L0 
     /tmp/ccjMK2NG.s:1954   .text.xQueueSemaphoreTake:000000000000002c .L0 
     /tmp/ccjMK2NG.s:1956   .text.xQueueSemaphoreTake:0000000000000030 .L0 
     /tmp/ccjMK2NG.s:1957   .text.xQueueSemaphoreTake:0000000000000030 .L0 
     /tmp/ccjMK2NG.s:1960   .text.xQueueSemaphoreTake:0000000000000034 .L0 
     /tmp/ccjMK2NG.s:1964   .text.xQueueSemaphoreTake:0000000000000038 .L0 
     /tmp/ccjMK2NG.s:1965   .text.xQueueSemaphoreTake:0000000000000038 .L0 
     /tmp/ccjMK2NG.s:1966   .text.xQueueSemaphoreTake:0000000000000038 .L0 
     /tmp/ccjMK2NG.s:1968   .text.xQueueSemaphoreTake:000000000000003c .L0 
     /tmp/ccjMK2NG.s:1971   .text.xQueueSemaphoreTake:0000000000000040 .L0 
     /tmp/ccjMK2NG.s:1972   .text.xQueueSemaphoreTake:0000000000000040 .L0 
     /tmp/ccjMK2NG.s:1975   .text.xQueueSemaphoreTake:0000000000000048 .L0 
     /tmp/ccjMK2NG.s:1976   .text.xQueueSemaphoreTake:0000000000000048 .L0 
     /tmp/ccjMK2NG.s:1980   .text.xQueueSemaphoreTake:000000000000004c .L0 
     /tmp/ccjMK2NG.s:1981   .text.xQueueSemaphoreTake:0000000000000050 .L0 
     /tmp/ccjMK2NG.s:1982   .text.xQueueSemaphoreTake:0000000000000050 .L0 
     /tmp/ccjMK2NG.s:1984   .text.xQueueSemaphoreTake:0000000000000054 .L0 
     /tmp/ccjMK2NG.s:1987   .text.xQueueSemaphoreTake:0000000000000058 .L0 
     /tmp/ccjMK2NG.s:1990   .text.xQueueSemaphoreTake:000000000000005c .L0 
     /tmp/ccjMK2NG.s:1994   .text.xQueueSemaphoreTake:0000000000000060 .L0 
     /tmp/ccjMK2NG.s:1999   .text.xQueueSemaphoreTake:0000000000000064 .L0 
     /tmp/ccjMK2NG.s:2002   .text.xQueueSemaphoreTake:0000000000000064 .L0 
     /tmp/ccjMK2NG.s:2003   .text.xQueueSemaphoreTake:0000000000000064 .L0 
     /tmp/ccjMK2NG.s:2006   .text.xQueueSemaphoreTake:000000000000006c .L0 
     /tmp/ccjMK2NG.s:2010   .text.xQueueSemaphoreTake:0000000000000074 .L0 
     /tmp/ccjMK2NG.s:2011   .text.xQueueSemaphoreTake:0000000000000074 .L0 
     /tmp/ccjMK2NG.s:2015   .text.xQueueSemaphoreTake:0000000000000080 .L0 
     /tmp/ccjMK2NG.s:2017   .text.xQueueSemaphoreTake:0000000000000084 .L0 
     /tmp/ccjMK2NG.s:2023   .text.xQueueSemaphoreTake:0000000000000094 .L0 
     /tmp/ccjMK2NG.s:2024   .text.xQueueSemaphoreTake:0000000000000094 .L0 
     /tmp/ccjMK2NG.s:2027   .text.xQueueSemaphoreTake:000000000000009c .L0 
     /tmp/ccjMK2NG.s:2028   .text.xQueueSemaphoreTake:000000000000009c .L0 
     /tmp/ccjMK2NG.s:2029   .text.xQueueSemaphoreTake:000000000000009c .L0 
     /tmp/ccjMK2NG.s:2033   .text.xQueueSemaphoreTake:00000000000000a4 .L0 
     /tmp/ccjMK2NG.s:2037   .text.xQueueSemaphoreTake:00000000000000b0 .L0 
     /tmp/ccjMK2NG.s:2038   .text.xQueueSemaphoreTake:00000000000000b0 .L0 
     /tmp/ccjMK2NG.s:2044   .text.xQueueSemaphoreTake:00000000000000b8 .L0 
     /tmp/ccjMK2NG.s:2048   .text.xQueueSemaphoreTake:00000000000000c0 .L0 
     /tmp/ccjMK2NG.s:2052   .text.xQueueSemaphoreTake:00000000000000c8 .L0 
     /tmp/ccjMK2NG.s:2055   .text.xQueueSemaphoreTake:00000000000000d0 .L0 
     /tmp/ccjMK2NG.s:2056   .text.xQueueSemaphoreTake:00000000000000d0 .L0 
     /tmp/ccjMK2NG.s:2062   .text.xQueueSemaphoreTake:00000000000000e0 .L0 
     /tmp/ccjMK2NG.s:2067   .text.xQueueSemaphoreTake:00000000000000ec .L0 
     /tmp/ccjMK2NG.s:2071   .text.xQueueSemaphoreTake:00000000000000f8 .L0 
     /tmp/ccjMK2NG.s:2072   .text.xQueueSemaphoreTake:00000000000000f8 .L0 
     /tmp/ccjMK2NG.s:2077   .text.xQueueSemaphoreTake:0000000000000104 .L0 
     /tmp/ccjMK2NG.s:2081   .text.xQueueSemaphoreTake:0000000000000110 .L0 
GAS LISTING /tmp/ccjMK2NG.s 			page 142


     /tmp/ccjMK2NG.s:2082   .text.xQueueSemaphoreTake:0000000000000110 .L0 
     /tmp/ccjMK2NG.s:2085   .text.xQueueSemaphoreTake:0000000000000118 .L0 
     /tmp/ccjMK2NG.s:2086   .text.xQueueSemaphoreTake:0000000000000118 .L0 
     /tmp/ccjMK2NG.s:2090   .text.xQueueSemaphoreTake:0000000000000124 .L0 
     /tmp/ccjMK2NG.s:2094   .text.xQueueSemaphoreTake:0000000000000128 .L0 
     /tmp/ccjMK2NG.s:2095   .text.xQueueSemaphoreTake:0000000000000128 .L0 
     /tmp/ccjMK2NG.s:2096   .text.xQueueSemaphoreTake:0000000000000128 .L0 
     /tmp/ccjMK2NG.s:2097   .text.xQueueSemaphoreTake:0000000000000128 .L0 
     /tmp/ccjMK2NG.s:2098   .text.xQueueSemaphoreTake:0000000000000128 .L0 
     /tmp/ccjMK2NG.s:2102   .text.xQueueSemaphoreTake:0000000000000130 .L0 
     /tmp/ccjMK2NG.s:2103   .text.xQueueSemaphoreTake:0000000000000130 .L0 
     /tmp/ccjMK2NG.s:2106   .text.xQueueSemaphoreTake:0000000000000134 .L0 
     /tmp/ccjMK2NG.s:2107   .text.xQueueSemaphoreTake:0000000000000134 .L0 
     /tmp/ccjMK2NG.s:2109   .text.xQueueSemaphoreTake:0000000000000138 .L0 
     /tmp/ccjMK2NG.s:2110   .text.xQueueSemaphoreTake:0000000000000138 .L0 
     /tmp/ccjMK2NG.s:2113   .text.xQueueSemaphoreTake:000000000000013c .L0 
     /tmp/ccjMK2NG.s:2115   .text.xQueueSemaphoreTake:0000000000000140 .L0 
     /tmp/ccjMK2NG.s:2116   .text.xQueueSemaphoreTake:0000000000000140 .L0 
     /tmp/ccjMK2NG.s:2121   .text.xQueueSemaphoreTake:0000000000000144 .L0 
     /tmp/ccjMK2NG.s:2122   .text.xQueueSemaphoreTake:0000000000000144 .L0 
     /tmp/ccjMK2NG.s:2125   .text.xQueueSemaphoreTake:000000000000014c .L0 
     /tmp/ccjMK2NG.s:2128   .text.xQueueSemaphoreTake:0000000000000154 .L0 
     /tmp/ccjMK2NG.s:2131   .text.xQueueSemaphoreTake:000000000000015c .L0 
     /tmp/ccjMK2NG.s:2138   .text.xQueueSemaphoreTake:0000000000000170 .L0 
     /tmp/ccjMK2NG.s:2145   .text.xQueueSemaphoreTake:0000000000000184 .L0 
     /tmp/ccjMK2NG.s:2148   .text.xQueueSemaphoreTake:000000000000018c .L0 
     /tmp/ccjMK2NG.s:2149   .text.xQueueSemaphoreTake:000000000000018c .L0 
     /tmp/ccjMK2NG.s:2154   .text.xQueueSemaphoreTake:000000000000019c .L0 
     /tmp/ccjMK2NG.s:2156   .text.xQueueSemaphoreTake:00000000000001a0 .L0 
     /tmp/ccjMK2NG.s:2157   .text.xQueueSemaphoreTake:00000000000001a0 .L0 
     /tmp/ccjMK2NG.s:2161   .text.xQueueSemaphoreTake:00000000000001ac .L0 
     /tmp/ccjMK2NG.s:2163   .text.xQueueSemaphoreTake:00000000000001b0 .L0 
     /tmp/ccjMK2NG.s:2164   .text.xQueueSemaphoreTake:00000000000001b0 .L0 
     /tmp/ccjMK2NG.s:2165   .text.xQueueSemaphoreTake:00000000000001b0 .L0 
     /tmp/ccjMK2NG.s:2167   .text.xQueueSemaphoreTake:00000000000001b4 .L0 
     /tmp/ccjMK2NG.s:2170   .text.xQueueSemaphoreTake:00000000000001b8 .L0 
     /tmp/ccjMK2NG.s:2171   .text.xQueueSemaphoreTake:00000000000001b8 .L0 
     /tmp/ccjMK2NG.s:2176   .text.xQueueSemaphoreTake:00000000000001c8 .L0 
     /tmp/ccjMK2NG.s:2180   .text.xQueueSemaphoreTake:00000000000001d4 .L0 
     /tmp/ccjMK2NG.s:2181   .text.xQueueSemaphoreTake:00000000000001d4 .L0 
     /tmp/ccjMK2NG.s:2184   .text.xQueueSemaphoreTake:00000000000001dc .L0 
     /tmp/ccjMK2NG.s:2186   .text.xQueueSemaphoreTake:00000000000001e0 .L0 
     /tmp/ccjMK2NG.s:2192   .text.xQueueSemaphoreTake:00000000000001f0 .L0 
     /tmp/ccjMK2NG.s:2193   .text.xQueueSemaphoreTake:00000000000001f0 .L0 
     /tmp/ccjMK2NG.s:2196   .text.xQueueSemaphoreTake:00000000000001f4 .L0 
     /tmp/ccjMK2NG.s:2197   .text.xQueueSemaphoreTake:00000000000001f4 .L0 
     /tmp/ccjMK2NG.s:2198   .text.xQueueSemaphoreTake:00000000000001f4 .L0 
     /tmp/ccjMK2NG.s:2202   .text.xQueueSemaphoreTake:00000000000001fc .L0 
     /tmp/ccjMK2NG.s:2206   .text.xQueueSemaphoreTake:0000000000000204 .L0 
     /tmp/ccjMK2NG.s:2207   .text.xQueueSemaphoreTake:0000000000000204 .L0 
     /tmp/ccjMK2NG.s:2208   .text.xQueueSemaphoreTake:0000000000000204 .L0 
     /tmp/ccjMK2NG.s:2214   .text.xQueueSemaphoreTake:0000000000000214 .L0 
     /tmp/ccjMK2NG.s:2220   .text.xQueueSemaphoreTake:0000000000000220 .L0 
     /tmp/ccjMK2NG.s:2223   .text.xQueueSemaphoreTake:000000000000022c .L0 
     /tmp/ccjMK2NG.s:2230   .text.xQueueTakeMutexRecursive:0000000000000000 xQueueTakeMutexRecursive
     /tmp/ccjMK2NG.s:2233   .text.xQueueTakeMutexRecursive:0000000000000000 .L0 
     /tmp/ccjMK2NG.s:2235   .text.xQueueTakeMutexRecursive:0000000000000000 $xrv64i2p1_m2p0_a2p1_f2p2_d2p2_zicsr2p0_zmmul1p0
GAS LISTING /tmp/ccjMK2NG.s 			page 143


     /tmp/ccjMK2NG.s:2235   .text.xQueueTakeMutexRecursive:0000000000000000 .L0 
     /tmp/ccjMK2NG.s:2237   .text.xQueueTakeMutexRecursive:0000000000000004 .L0 
     /tmp/ccjMK2NG.s:2242   .text.xQueueTakeMutexRecursive:0000000000000014 .L0 
     /tmp/ccjMK2NG.s:2243   .text.xQueueTakeMutexRecursive:0000000000000014 .L0 
     /tmp/ccjMK2NG.s:2244   .text.xQueueTakeMutexRecursive:0000000000000014 .L0 
     /tmp/ccjMK2NG.s:2245   .text.xQueueTakeMutexRecursive:0000000000000014 .L0 
     /tmp/ccjMK2NG.s:2249   .text.xQueueTakeMutexRecursive:000000000000001c .L0 
     /tmp/ccjMK2NG.s:2251   .text.xQueueTakeMutexRecursive:000000000000001c .L0 
     /tmp/ccjMK2NG.s:2252   .text.xQueueTakeMutexRecursive:000000000000001c .L0 
     /tmp/ccjMK2NG.s:2253   .text.xQueueTakeMutexRecursive:000000000000001c .L0 
     /tmp/ccjMK2NG.s:2254   .text.xQueueTakeMutexRecursive:000000000000001c .L0 
     /tmp/ccjMK2NG.s:2255   .text.xQueueTakeMutexRecursive:000000000000001c .L0 
     /tmp/ccjMK2NG.s:2257   .text.xQueueTakeMutexRecursive:0000000000000020 .L0 
     /tmp/ccjMK2NG.s:2260   .text.xQueueTakeMutexRecursive:0000000000000028 .L0 
     /tmp/ccjMK2NG.s:2262   .text.xQueueTakeMutexRecursive:000000000000002c .L0 
     /tmp/ccjMK2NG.s:2263   .text.xQueueTakeMutexRecursive:000000000000002c .L0 
     /tmp/ccjMK2NG.s:2268   .text.xQueueTakeMutexRecursive:000000000000003c .L0 
     /tmp/ccjMK2NG.s:2269   .text.xQueueTakeMutexRecursive:000000000000003c .L0 
     /tmp/ccjMK2NG.s:2271   .text.xQueueTakeMutexRecursive:0000000000000040 .L0 
     /tmp/ccjMK2NG.s:2272   .text.xQueueTakeMutexRecursive:0000000000000040 .L0 
     /tmp/ccjMK2NG.s:2274   .text.xQueueTakeMutexRecursive:0000000000000044 .L0 
     /tmp/ccjMK2NG.s:2277   .text.xQueueTakeMutexRecursive:000000000000004c .L0 
     /tmp/ccjMK2NG.s:2278   .text.xQueueTakeMutexRecursive:000000000000004c .L0 
     /tmp/ccjMK2NG.s:2279   .text.xQueueTakeMutexRecursive:000000000000004c .L0 
     /tmp/ccjMK2NG.s:2283   .text.xQueueTakeMutexRecursive:0000000000000050 .L0 
     /tmp/ccjMK2NG.s:2284   .text.xQueueTakeMutexRecursive:0000000000000050 .L0 
     /tmp/ccjMK2NG.s:2286   .text.xQueueTakeMutexRecursive:0000000000000054 .L0 
     /tmp/ccjMK2NG.s:2290   .text.xQueueTakeMutexRecursive:000000000000005c .L0 
     /tmp/ccjMK2NG.s:2291   .text.xQueueTakeMutexRecursive:000000000000005c .L0 
     /tmp/ccjMK2NG.s:2295   .text.xQueueTakeMutexRecursive:0000000000000060 .L0 
     /tmp/ccjMK2NG.s:2296   .text.xQueueTakeMutexRecursive:0000000000000064 .L0 
     /tmp/ccjMK2NG.s:2298   .text.xQueueTakeMutexRecursive:0000000000000068 .L0 
     /tmp/ccjMK2NG.s:2301   .text.xQueueTakeMutexRecursive:000000000000006c .L0 
     /tmp/ccjMK2NG.s:2304   .text.xQueueTakeMutexRecursive:0000000000000070 .L0 
     /tmp/ccjMK2NG.s:2307   .text.xQueueTakeMutexRecursive:0000000000000074 .L0 
     /tmp/ccjMK2NG.s:2309   .text.xQueueTakeMutexRecursive:0000000000000078 .L0 
     /tmp/ccjMK2NG.s:2316   .text.xQueuePeek:0000000000000000 xQueuePeek
     /tmp/ccjMK2NG.s:2319   .text.xQueuePeek:0000000000000000 .L0 
     /tmp/ccjMK2NG.s:2321   .text.xQueuePeek:0000000000000000 $xrv64i2p1_m2p0_a2p1_f2p2_d2p2_zicsr2p0_zmmul1p0
     /tmp/ccjMK2NG.s:2321   .text.xQueuePeek:0000000000000000 .L0 
     /tmp/ccjMK2NG.s:2323   .text.xQueuePeek:0000000000000004 .L0 
     /tmp/ccjMK2NG.s:2328   .text.xQueuePeek:0000000000000014 .L0 
     /tmp/ccjMK2NG.s:2329   .text.xQueuePeek:0000000000000014 .L0 
     /tmp/ccjMK2NG.s:2330   .text.xQueuePeek:0000000000000014 .L0 
     /tmp/ccjMK2NG.s:2331   .text.xQueuePeek:0000000000000014 .L0 
     /tmp/ccjMK2NG.s:2337   .text.xQueuePeek:0000000000000020 .L0 
     /tmp/ccjMK2NG.s:2338   .text.xQueuePeek:0000000000000020 .L0 
     /tmp/ccjMK2NG.s:2339   .text.xQueuePeek:0000000000000020 .L0 
     /tmp/ccjMK2NG.s:2340   .text.xQueuePeek:0000000000000020 .L0 
     /tmp/ccjMK2NG.s:2341   .text.xQueuePeek:0000000000000020 .L0 
     /tmp/ccjMK2NG.s:2347   .text.xQueuePeek:0000000000000028 .L0 
     /tmp/ccjMK2NG.s:2348   .text.xQueuePeek:0000000000000028 .L0 
     /tmp/ccjMK2NG.s:2351   .text.xQueuePeek:000000000000002c .L0 
     /tmp/ccjMK2NG.s:2356   .text.xQueuePeek:000000000000003c .L0 
     /tmp/ccjMK2NG.s:2357   .text.xQueuePeek:000000000000003c .L0 
     /tmp/ccjMK2NG.s:2358   .text.xQueuePeek:000000000000003c .L0 
     /tmp/ccjMK2NG.s:2360   .text.xQueuePeek:0000000000000040 .L0 
GAS LISTING /tmp/ccjMK2NG.s 			page 144


     /tmp/ccjMK2NG.s:2361   .text.xQueuePeek:0000000000000040 .L0 
     /tmp/ccjMK2NG.s:2363   .text.xQueuePeek:0000000000000044 .L0 
     /tmp/ccjMK2NG.s:2366   .text.xQueuePeek:0000000000000048 .L0 
     /tmp/ccjMK2NG.s:2367   .text.xQueuePeek:0000000000000048 .L0 
     /tmp/ccjMK2NG.s:2370   .text.xQueuePeek:0000000000000050 .L0 
     /tmp/ccjMK2NG.s:2371   .text.xQueuePeek:0000000000000050 .L0 
     /tmp/ccjMK2NG.s:2376   .text.xQueuePeek:0000000000000054 .L0 
     /tmp/ccjMK2NG.s:2377   .text.xQueuePeek:0000000000000058 .L0 
     /tmp/ccjMK2NG.s:2378   .text.xQueuePeek:0000000000000058 .L0 
     /tmp/ccjMK2NG.s:2380   .text.xQueuePeek:000000000000005c .L0 
     /tmp/ccjMK2NG.s:2383   .text.xQueuePeek:0000000000000060 .L0 
     /tmp/ccjMK2NG.s:2385   .text.xQueuePeek:0000000000000064 .L0 
     /tmp/ccjMK2NG.s:2389   .text.xQueuePeek:0000000000000068 .L0 
     /tmp/ccjMK2NG.s:2394   .text.xQueuePeek:000000000000006c .L0 
     /tmp/ccjMK2NG.s:2397   .text.xQueuePeek:000000000000006c .L0 
     /tmp/ccjMK2NG.s:2398   .text.xQueuePeek:000000000000006c .L0 
     /tmp/ccjMK2NG.s:2402   .text.xQueuePeek:0000000000000078 .L0 
     /tmp/ccjMK2NG.s:2404   .text.xQueuePeek:000000000000007c .L0 
     /tmp/ccjMK2NG.s:2411   .text.xQueuePeek:000000000000008c .L0 
     /tmp/ccjMK2NG.s:2414   .text.xQueuePeek:0000000000000094 .L0 
     /tmp/ccjMK2NG.s:2415   .text.xQueuePeek:0000000000000094 .L0 
     /tmp/ccjMK2NG.s:2416   .text.xQueuePeek:0000000000000094 .L0 
     /tmp/ccjMK2NG.s:2420   .text.xQueuePeek:000000000000009c .L0 
     /tmp/ccjMK2NG.s:2424   .text.xQueuePeek:00000000000000a8 .L0 
     /tmp/ccjMK2NG.s:2425   .text.xQueuePeek:00000000000000a8 .L0 
     /tmp/ccjMK2NG.s:2431   .text.xQueuePeek:00000000000000b0 .L0 
     /tmp/ccjMK2NG.s:2435   .text.xQueuePeek:00000000000000b8 .L0 
     /tmp/ccjMK2NG.s:2439   .text.xQueuePeek:00000000000000c0 .L0 
     /tmp/ccjMK2NG.s:2443   .text.xQueuePeek:00000000000000cc .L0 
     /tmp/ccjMK2NG.s:2444   .text.xQueuePeek:00000000000000cc .L0 
     /tmp/ccjMK2NG.s:2449   .text.xQueuePeek:00000000000000d8 .L0 
     /tmp/ccjMK2NG.s:2453   .text.xQueuePeek:00000000000000e4 .L0 
     /tmp/ccjMK2NG.s:2454   .text.xQueuePeek:00000000000000e4 .L0 
     /tmp/ccjMK2NG.s:2457   .text.xQueuePeek:00000000000000ec .L0 
     /tmp/ccjMK2NG.s:2458   .text.xQueuePeek:00000000000000ec .L0 
     /tmp/ccjMK2NG.s:2462   .text.xQueuePeek:00000000000000f8 .L0 
     /tmp/ccjMK2NG.s:2466   .text.xQueuePeek:00000000000000fc .L0 
     /tmp/ccjMK2NG.s:2467   .text.xQueuePeek:00000000000000fc .L0 
     /tmp/ccjMK2NG.s:2468   .text.xQueuePeek:00000000000000fc .L0 
     /tmp/ccjMK2NG.s:2469   .text.xQueuePeek:00000000000000fc .L0 
     /tmp/ccjMK2NG.s:2470   .text.xQueuePeek:00000000000000fc .L0 
     /tmp/ccjMK2NG.s:2474   .text.xQueuePeek:0000000000000104 .L0 
     /tmp/ccjMK2NG.s:2475   .text.xQueuePeek:0000000000000104 .L0 
     /tmp/ccjMK2NG.s:2478   .text.xQueuePeek:0000000000000108 .L0 
     /tmp/ccjMK2NG.s:2479   .text.xQueuePeek:0000000000000108 .L0 
     /tmp/ccjMK2NG.s:2481   .text.xQueuePeek:000000000000010c .L0 
     /tmp/ccjMK2NG.s:2482   .text.xQueuePeek:000000000000010c .L0 
     /tmp/ccjMK2NG.s:2485   .text.xQueuePeek:0000000000000110 .L0 
     /tmp/ccjMK2NG.s:2487   .text.xQueuePeek:0000000000000114 .L0 
     /tmp/ccjMK2NG.s:2488   .text.xQueuePeek:0000000000000114 .L0 
     /tmp/ccjMK2NG.s:2493   .text.xQueuePeek:0000000000000118 .L0 
     /tmp/ccjMK2NG.s:2494   .text.xQueuePeek:0000000000000118 .L0 
     /tmp/ccjMK2NG.s:2497   .text.xQueuePeek:0000000000000120 .L0 
     /tmp/ccjMK2NG.s:2500   .text.xQueuePeek:0000000000000128 .L0 
     /tmp/ccjMK2NG.s:2503   .text.xQueuePeek:0000000000000130 .L0 
     /tmp/ccjMK2NG.s:2510   .text.xQueuePeek:0000000000000144 .L0 
     /tmp/ccjMK2NG.s:2517   .text.xQueuePeek:0000000000000158 .L0 
GAS LISTING /tmp/ccjMK2NG.s 			page 145


     /tmp/ccjMK2NG.s:2520   .text.xQueuePeek:0000000000000160 .L0 
     /tmp/ccjMK2NG.s:2521   .text.xQueuePeek:0000000000000160 .L0 
     /tmp/ccjMK2NG.s:2526   .text.xQueuePeek:0000000000000170 .L0 
     /tmp/ccjMK2NG.s:2528   .text.xQueuePeek:0000000000000174 .L0 
     /tmp/ccjMK2NG.s:2529   .text.xQueuePeek:0000000000000174 .L0 
     /tmp/ccjMK2NG.s:2533   .text.xQueuePeek:0000000000000180 .L0 
     /tmp/ccjMK2NG.s:2535   .text.xQueuePeek:0000000000000184 .L0 
     /tmp/ccjMK2NG.s:2536   .text.xQueuePeek:0000000000000184 .L0 
     /tmp/ccjMK2NG.s:2541   .text.xQueuePeek:0000000000000194 .L0 
     /tmp/ccjMK2NG.s:2545   .text.xQueuePeek:00000000000001a0 .L0 
     /tmp/ccjMK2NG.s:2546   .text.xQueuePeek:00000000000001a0 .L0 
     /tmp/ccjMK2NG.s:2549   .text.xQueuePeek:00000000000001a8 .L0 
     /tmp/ccjMK2NG.s:2551   .text.xQueuePeek:00000000000001ac .L0 
     /tmp/ccjMK2NG.s:2557   .text.xQueuePeek:00000000000001bc .L0 
     /tmp/ccjMK2NG.s:2559   .text.xQueuePeek:00000000000001c4 .L0 
     /tmp/ccjMK2NG.s:2566   .text.xQueueReceiveFromISR:0000000000000000 xQueueReceiveFromISR
     /tmp/ccjMK2NG.s:2569   .text.xQueueReceiveFromISR:0000000000000000 .L0 
     /tmp/ccjMK2NG.s:2571   .text.xQueueReceiveFromISR:0000000000000000 $xrv64i2p1_m2p0_a2p1_f2p2_d2p2_zicsr2p0_zmmul1p0
     /tmp/ccjMK2NG.s:2571   .text.xQueueReceiveFromISR:0000000000000000 .L0 
     /tmp/ccjMK2NG.s:2573   .text.xQueueReceiveFromISR:0000000000000004 .L0 
     /tmp/ccjMK2NG.s:2579   .text.xQueueReceiveFromISR:0000000000000018 .L0 
     /tmp/ccjMK2NG.s:2580   .text.xQueueReceiveFromISR:0000000000000018 .L0 
     /tmp/ccjMK2NG.s:2581   .text.xQueueReceiveFromISR:0000000000000018 .L0 
     /tmp/ccjMK2NG.s:2582   .text.xQueueReceiveFromISR:0000000000000018 .L0 
     /tmp/ccjMK2NG.s:2583   .text.xQueueReceiveFromISR:0000000000000018 .L0 
     /tmp/ccjMK2NG.s:2585   .text.xQueueReceiveFromISR:0000000000000018 .L0 
     /tmp/ccjMK2NG.s:2586   .text.xQueueReceiveFromISR:0000000000000018 .L0 
     /tmp/ccjMK2NG.s:2588   .text.xQueueReceiveFromISR:0000000000000018 .L0 
     /tmp/ccjMK2NG.s:2589   .text.xQueueReceiveFromISR:0000000000000018 .L0 
     /tmp/ccjMK2NG.s:2590   .text.xQueueReceiveFromISR:0000000000000018 .L0 
     /tmp/ccjMK2NG.s:2591   .text.xQueueReceiveFromISR:0000000000000018 .L0 
     /tmp/ccjMK2NG.s:2593   .text.xQueueReceiveFromISR:0000000000000018 .L0 
     /tmp/ccjMK2NG.s:2594   .text.xQueueReceiveFromISR:0000000000000018 .L0 
     /tmp/ccjMK2NG.s:2595   .text.xQueueReceiveFromISR:0000000000000018 .L0 
     /tmp/ccjMK2NG.s:2598   .text.xQueueReceiveFromISR:000000000000001c .L0 
     /tmp/ccjMK2NG.s:2599   .text.xQueueReceiveFromISR:000000000000001c .L0 
     /tmp/ccjMK2NG.s:2601   .text.xQueueReceiveFromISR:0000000000000020 .L0 
     /tmp/ccjMK2NG.s:2606   .text.xQueueReceiveFromISR:0000000000000024 .L0 
     /tmp/ccjMK2NG.s:2607   .text.xQueueReceiveFromISR:0000000000000028 .L0 
     /tmp/ccjMK2NG.s:2608   .text.xQueueReceiveFromISR:0000000000000028 .L0 
     /tmp/ccjMK2NG.s:2610   .text.xQueueReceiveFromISR:000000000000002c .L0 
     /tmp/ccjMK2NG.s:2612   .text.xQueueReceiveFromISR:0000000000000030 .L0 
     /tmp/ccjMK2NG.s:2614   .text.xQueueReceiveFromISR:0000000000000034 .L0 
     /tmp/ccjMK2NG.s:2616   .text.xQueueReceiveFromISR:0000000000000038 .L0 
     /tmp/ccjMK2NG.s:2619   .text.xQueueReceiveFromISR:000000000000003c .L0 
     /tmp/ccjMK2NG.s:2624   .text.xQueueReceiveFromISR:0000000000000040 .L0 
     /tmp/ccjMK2NG.s:2630   .text.xQueueReceiveFromISR:0000000000000048 .L0 
     /tmp/ccjMK2NG.s:2631   .text.xQueueReceiveFromISR:0000000000000048 .L0 
     /tmp/ccjMK2NG.s:2636   .text.xQueueReceiveFromISR:0000000000000054 .L0 
     /tmp/ccjMK2NG.s:2637   .text.xQueueReceiveFromISR:0000000000000054 .L0 
     /tmp/ccjMK2NG.s:2640   .text.xQueueReceiveFromISR:000000000000005c .L0 
     /tmp/ccjMK2NG.s:2641   .text.xQueueReceiveFromISR:000000000000005c .L0 
     /tmp/ccjMK2NG.s:2644   .text.xQueueReceiveFromISR:0000000000000060 .L0 
     /tmp/ccjMK2NG.s:2646   .text.xQueueReceiveFromISR:0000000000000064 .L0 
     /tmp/ccjMK2NG.s:2647   .text.xQueueReceiveFromISR:0000000000000064 .L0 
     /tmp/ccjMK2NG.s:2650   .text.xQueueReceiveFromISR:000000000000006c .L0 
     /tmp/ccjMK2NG.s:2651   .text.xQueueReceiveFromISR:000000000000006c .L0 
GAS LISTING /tmp/ccjMK2NG.s 			page 146


     /tmp/ccjMK2NG.s:2652   .text.xQueueReceiveFromISR:000000000000006c .L0 
     /tmp/ccjMK2NG.s:2655   .text.xQueueReceiveFromISR:0000000000000070 .L0 
     /tmp/ccjMK2NG.s:2659   .text.xQueueReceiveFromISR:0000000000000078 .L0 
     /tmp/ccjMK2NG.s:2661   .text.xQueueReceiveFromISR:000000000000007c .L0 
     /tmp/ccjMK2NG.s:2666   .text.xQueueReceiveFromISR:0000000000000084 .L0 
     /tmp/ccjMK2NG.s:2667   .text.xQueueReceiveFromISR:0000000000000084 .L0 
     /tmp/ccjMK2NG.s:2669   .text.xQueueReceiveFromISR:0000000000000088 .L0 
     /tmp/ccjMK2NG.s:2671   .text.xQueueReceiveFromISR:000000000000008c .L0 
     /tmp/ccjMK2NG.s:2675   .text.xQueueReceiveFromISR:0000000000000094 .L0 
     /tmp/ccjMK2NG.s:2676   .text.xQueueReceiveFromISR:0000000000000094 .L0 
     /tmp/ccjMK2NG.s:2680   .text.xQueueReceiveFromISR:00000000000000a0 .L0 
     /tmp/ccjMK2NG.s:2682   .text.xQueueReceiveFromISR:00000000000000a4 .L0 
     /tmp/ccjMK2NG.s:2683   .text.xQueueReceiveFromISR:00000000000000a4 .L0 
     /tmp/ccjMK2NG.s:2685   .text.xQueueReceiveFromISR:00000000000000a8 .L0 
     /tmp/ccjMK2NG.s:2686   .text.xQueueReceiveFromISR:00000000000000a8 .L0 
     /tmp/ccjMK2NG.s:2689   .text.xQueueReceiveFromISR:00000000000000b0 .L0 
     /tmp/ccjMK2NG.s:2700   .text.xQueueReceiveFromISR:00000000000000c4 .L0 
     /tmp/ccjMK2NG.s:2701   .text.xQueueReceiveFromISR:00000000000000c4 .L0 
     /tmp/ccjMK2NG.s:2702   .text.xQueueReceiveFromISR:00000000000000c4 .L0 
     /tmp/ccjMK2NG.s:2703   .text.xQueueReceiveFromISR:00000000000000c4 .L0 
     /tmp/ccjMK2NG.s:2704   .text.xQueueReceiveFromISR:00000000000000c8 .L0 
     /tmp/ccjMK2NG.s:2711   .text.xQueuePeekFromISR:0000000000000000 xQueuePeekFromISR
     /tmp/ccjMK2NG.s:2714   .text.xQueuePeekFromISR:0000000000000000 .L0 
     /tmp/ccjMK2NG.s:2716   .text.xQueuePeekFromISR:0000000000000000 .L0 
     /tmp/ccjMK2NG.s:2717   .text.xQueuePeekFromISR:0000000000000000 .L0 
     /tmp/ccjMK2NG.s:2718   .text.xQueuePeekFromISR:0000000000000000 .L0 
     /tmp/ccjMK2NG.s:2719   .text.xQueuePeekFromISR:0000000000000000 .L0 
     /tmp/ccjMK2NG.s:2720   .text.xQueuePeekFromISR:0000000000000000 .L0 
     /tmp/ccjMK2NG.s:2721   .text.xQueuePeekFromISR:0000000000000000 .L0 
     /tmp/ccjMK2NG.s:2722   .text.xQueuePeekFromISR:0000000000000000 .L0 
     /tmp/ccjMK2NG.s:2723   .text.xQueuePeekFromISR:0000000000000000 .L0 
     /tmp/ccjMK2NG.s:2724   .text.xQueuePeekFromISR:0000000000000000 .L0 
     /tmp/ccjMK2NG.s:2725   .text.xQueuePeekFromISR:0000000000000000 .L0 
     /tmp/ccjMK2NG.s:2726   .text.xQueuePeekFromISR:0000000000000000 .L0 
     /tmp/ccjMK2NG.s:2727   .text.xQueuePeekFromISR:0000000000000000 $xrv64i2p1_m2p0_a2p1_f2p2_d2p2_zicsr2p0_zmmul1p0
     /tmp/ccjMK2NG.s:2727   .text.xQueuePeekFromISR:0000000000000000 .L0 
     /tmp/ccjMK2NG.s:2729   .text.xQueuePeekFromISR:0000000000000004 .L0 
     /tmp/ccjMK2NG.s:2731   .text.xQueuePeekFromISR:0000000000000008 .L0 
     /tmp/ccjMK2NG.s:2734   .text.xQueuePeekFromISR:000000000000000c .L0 
     /tmp/ccjMK2NG.s:2735   .text.xQueuePeekFromISR:000000000000000c .L0 
     /tmp/ccjMK2NG.s:2736   .text.xQueuePeekFromISR:000000000000000c .L0 
     /tmp/ccjMK2NG.s:2737   .text.xQueuePeekFromISR:000000000000000c .L0 
     /tmp/ccjMK2NG.s:2741   .text.xQueuePeekFromISR:0000000000000010 .L0 
     /tmp/ccjMK2NG.s:2743   .text.xQueuePeekFromISR:0000000000000014 .L0 
     /tmp/ccjMK2NG.s:2747   .text.xQueuePeekFromISR:0000000000000020 .L0 
     /tmp/ccjMK2NG.s:2748   .text.xQueuePeekFromISR:0000000000000020 .L0 
     /tmp/ccjMK2NG.s:2749   .text.xQueuePeekFromISR:0000000000000020 .L0 
     /tmp/ccjMK2NG.s:2752   .text.xQueuePeekFromISR:0000000000000024 .L0 
     /tmp/ccjMK2NG.s:2753   .text.xQueuePeekFromISR:0000000000000024 .L0 
     /tmp/ccjMK2NG.s:2754   .text.xQueuePeekFromISR:0000000000000024 .L0 
     /tmp/ccjMK2NG.s:2757   .text.xQueuePeekFromISR:0000000000000028 .L0 
     /tmp/ccjMK2NG.s:2760   .text.xQueuePeekFromISR:0000000000000030 .L0 
     /tmp/ccjMK2NG.s:2761   .text.xQueuePeekFromISR:0000000000000030 .L0 
     /tmp/ccjMK2NG.s:2764   .text.xQueuePeekFromISR:0000000000000034 .L0 
     /tmp/ccjMK2NG.s:2765   .text.xQueuePeekFromISR:0000000000000034 .L0 
     /tmp/ccjMK2NG.s:2767   .text.xQueuePeekFromISR:0000000000000038 .L0 
     /tmp/ccjMK2NG.s:2768   .text.xQueuePeekFromISR:000000000000003c .L0 
GAS LISTING /tmp/ccjMK2NG.s 			page 147


     /tmp/ccjMK2NG.s:2770   .text.xQueuePeekFromISR:0000000000000040 .L0 
     /tmp/ccjMK2NG.s:2773   .text.xQueuePeekFromISR:0000000000000044 .L0 
     /tmp/ccjMK2NG.s:2777   .text.xQueuePeekFromISR:0000000000000048 .L0 
     /tmp/ccjMK2NG.s:2779   .text.xQueuePeekFromISR:000000000000004c .L0 
     /tmp/ccjMK2NG.s:2786   .text.uxQueueMessagesWaiting:0000000000000000 uxQueueMessagesWaiting
     /tmp/ccjMK2NG.s:2789   .text.uxQueueMessagesWaiting:0000000000000000 .L0 
     /tmp/ccjMK2NG.s:2791   .text.uxQueueMessagesWaiting:0000000000000000 $xrv64i2p1_m2p0_a2p1_f2p2_d2p2_zicsr2p0_zmmul1p0
     /tmp/ccjMK2NG.s:2791   .text.uxQueueMessagesWaiting:0000000000000000 .L0 
     /tmp/ccjMK2NG.s:2793   .text.uxQueueMessagesWaiting:0000000000000004 .L0 
     /tmp/ccjMK2NG.s:2796   .text.uxQueueMessagesWaiting:000000000000000c .L0 
     /tmp/ccjMK2NG.s:2797   .text.uxQueueMessagesWaiting:000000000000000c .L0 
     /tmp/ccjMK2NG.s:2800   .text.uxQueueMessagesWaiting:0000000000000010 .L0 
     /tmp/ccjMK2NG.s:2801   .text.uxQueueMessagesWaiting:0000000000000010 .L0 
     /tmp/ccjMK2NG.s:2802   .text.uxQueueMessagesWaiting:0000000000000010 .L0 
     /tmp/ccjMK2NG.s:2805   .text.uxQueueMessagesWaiting:0000000000000018 .L0 
     /tmp/ccjMK2NG.s:2806   .text.uxQueueMessagesWaiting:0000000000000018 .L0 
     /tmp/ccjMK2NG.s:2809   .text.uxQueueMessagesWaiting:000000000000001c .L0 
     /tmp/ccjMK2NG.s:2812   .text.uxQueueMessagesWaiting:0000000000000024 .L0 
     /tmp/ccjMK2NG.s:2813   .text.uxQueueMessagesWaiting:0000000000000024 .L0 
     /tmp/ccjMK2NG.s:2815   .text.uxQueueMessagesWaiting:000000000000002c .L0 
     /tmp/ccjMK2NG.s:2817   .text.uxQueueMessagesWaiting:0000000000000030 .L0 
     /tmp/ccjMK2NG.s:2821   .text.uxQueueMessagesWaiting:0000000000000034 .L0 
     /tmp/ccjMK2NG.s:2823   .text.uxQueueMessagesWaiting:0000000000000038 .L0 
     /tmp/ccjMK2NG.s:2830   .text.uxQueueSpacesAvailable:0000000000000000 uxQueueSpacesAvailable
     /tmp/ccjMK2NG.s:2833   .text.uxQueueSpacesAvailable:0000000000000000 .L0 
     /tmp/ccjMK2NG.s:2835   .text.uxQueueSpacesAvailable:0000000000000000 $xrv64i2p1_m2p0_a2p1_f2p2_d2p2_zicsr2p0_zmmul1p0
     /tmp/ccjMK2NG.s:2835   .text.uxQueueSpacesAvailable:0000000000000000 .L0 
     /tmp/ccjMK2NG.s:2837   .text.uxQueueSpacesAvailable:0000000000000004 .L0 
     /tmp/ccjMK2NG.s:2840   .text.uxQueueSpacesAvailable:000000000000000c .L0 
     /tmp/ccjMK2NG.s:2841   .text.uxQueueSpacesAvailable:000000000000000c .L0 
     /tmp/ccjMK2NG.s:2844   .text.uxQueueSpacesAvailable:0000000000000010 .L0 
     /tmp/ccjMK2NG.s:2846   .text.uxQueueSpacesAvailable:0000000000000010 .L0 
     /tmp/ccjMK2NG.s:2847   .text.uxQueueSpacesAvailable:0000000000000010 .L0 
     /tmp/ccjMK2NG.s:2848   .text.uxQueueSpacesAvailable:0000000000000010 .L0 
     /tmp/ccjMK2NG.s:2851   .text.uxQueueSpacesAvailable:0000000000000018 .L0 
     /tmp/ccjMK2NG.s:2852   .text.uxQueueSpacesAvailable:0000000000000018 .L0 
     /tmp/ccjMK2NG.s:2854   .text.uxQueueSpacesAvailable:000000000000001c .L0 
     /tmp/ccjMK2NG.s:2856   .text.uxQueueSpacesAvailable:0000000000000020 .L0 
     /tmp/ccjMK2NG.s:2859   .text.uxQueueSpacesAvailable:0000000000000024 .L0 
     /tmp/ccjMK2NG.s:2862   .text.uxQueueSpacesAvailable:000000000000002c .L0 
     /tmp/ccjMK2NG.s:2863   .text.uxQueueSpacesAvailable:000000000000002c .L0 
     /tmp/ccjMK2NG.s:2865   .text.uxQueueSpacesAvailable:0000000000000034 .L0 
     /tmp/ccjMK2NG.s:2867   .text.uxQueueSpacesAvailable:0000000000000038 .L0 
     /tmp/ccjMK2NG.s:2871   .text.uxQueueSpacesAvailable:000000000000003c .L0 
     /tmp/ccjMK2NG.s:2873   .text.uxQueueSpacesAvailable:0000000000000040 .L0 
     /tmp/ccjMK2NG.s:2880   .text.uxQueueMessagesWaitingFromISR:0000000000000000 uxQueueMessagesWaitingFromISR
     /tmp/ccjMK2NG.s:2883   .text.uxQueueMessagesWaitingFromISR:0000000000000000 .L0 
     /tmp/ccjMK2NG.s:2885   .text.uxQueueMessagesWaitingFromISR:0000000000000000 .L0 
     /tmp/ccjMK2NG.s:2886   .text.uxQueueMessagesWaitingFromISR:0000000000000000 .L0 
     /tmp/ccjMK2NG.s:2887   .text.uxQueueMessagesWaitingFromISR:0000000000000000 .L0 
     /tmp/ccjMK2NG.s:2888   .text.uxQueueMessagesWaitingFromISR:0000000000000000 .L0 
     /tmp/ccjMK2NG.s:2889   .text.uxQueueMessagesWaitingFromISR:0000000000000000 .L0 
     /tmp/ccjMK2NG.s:2890   .text.uxQueueMessagesWaitingFromISR:0000000000000000 $xrv64i2p1_m2p0_a2p1_f2p2_d2p2_zicsr2p0_zmmul1p0
     /tmp/ccjMK2NG.s:2890   .text.uxQueueMessagesWaitingFromISR:0000000000000000 .L0 
     /tmp/ccjMK2NG.s:2893   .text.uxQueueMessagesWaitingFromISR:0000000000000004 .L0 
     /tmp/ccjMK2NG.s:2894   .text.uxQueueMessagesWaitingFromISR:0000000000000004 .L0 
     /tmp/ccjMK2NG.s:2895   .text.uxQueueMessagesWaitingFromISR:0000000000000008 .L0 
GAS LISTING /tmp/ccjMK2NG.s 			page 148


     /tmp/ccjMK2NG.s:2902   .text.uxQueueGetQueueNumber:0000000000000000 uxQueueGetQueueNumber
     /tmp/ccjMK2NG.s:2905   .text.uxQueueGetQueueNumber:0000000000000000 .L0 
     /tmp/ccjMK2NG.s:2907   .text.uxQueueGetQueueNumber:0000000000000000 .L0 
     /tmp/ccjMK2NG.s:2908   .text.uxQueueGetQueueNumber:0000000000000000 .L0 
     /tmp/ccjMK2NG.s:2909   .text.uxQueueGetQueueNumber:0000000000000000 $xrv64i2p1_m2p0_a2p1_f2p2_d2p2_zicsr2p0_zmmul1p0
     /tmp/ccjMK2NG.s:2909   .text.uxQueueGetQueueNumber:0000000000000000 .L0 
     /tmp/ccjMK2NG.s:2912   .text.uxQueueGetQueueNumber:0000000000000008 .L0 
     /tmp/ccjMK2NG.s:2919   .text.vQueueSetQueueNumber:0000000000000000 vQueueSetQueueNumber
     /tmp/ccjMK2NG.s:2922   .text.vQueueSetQueueNumber:0000000000000000 .L0 
     /tmp/ccjMK2NG.s:2924   .text.vQueueSetQueueNumber:0000000000000000 .L0 
     /tmp/ccjMK2NG.s:2925   .text.vQueueSetQueueNumber:0000000000000000 .L0 
     /tmp/ccjMK2NG.s:2926   .text.vQueueSetQueueNumber:0000000000000000 $xrv64i2p1_m2p0_a2p1_f2p2_d2p2_zicsr2p0_zmmul1p0
     /tmp/ccjMK2NG.s:2926   .text.vQueueSetQueueNumber:0000000000000000 .L0 
     /tmp/ccjMK2NG.s:2928   .text.vQueueSetQueueNumber:0000000000000004 .L0 
     /tmp/ccjMK2NG.s:2929   .text.vQueueSetQueueNumber:0000000000000008 .L0 
     /tmp/ccjMK2NG.s:2936   .text.ucQueueGetQueueType:0000000000000000 ucQueueGetQueueType
     /tmp/ccjMK2NG.s:2939   .text.ucQueueGetQueueType:0000000000000000 .L0 
     /tmp/ccjMK2NG.s:2941   .text.ucQueueGetQueueType:0000000000000000 .L0 
     /tmp/ccjMK2NG.s:2942   .text.ucQueueGetQueueType:0000000000000000 .L0 
     /tmp/ccjMK2NG.s:2943   .text.ucQueueGetQueueType:0000000000000000 $xrv64i2p1_m2p0_a2p1_f2p2_d2p2_zicsr2p0_zmmul1p0
     /tmp/ccjMK2NG.s:2943   .text.ucQueueGetQueueType:0000000000000000 .L0 
     /tmp/ccjMK2NG.s:2946   .text.ucQueueGetQueueType:0000000000000008 .L0 
     /tmp/ccjMK2NG.s:2953   .text.xQueueIsQueueEmptyFromISR:0000000000000000 xQueueIsQueueEmptyFromISR
     /tmp/ccjMK2NG.s:2956   .text.xQueueIsQueueEmptyFromISR:0000000000000000 .L0 
     /tmp/ccjMK2NG.s:2958   .text.xQueueIsQueueEmptyFromISR:0000000000000000 .L0 
     /tmp/ccjMK2NG.s:2959   .text.xQueueIsQueueEmptyFromISR:0000000000000000 .L0 
     /tmp/ccjMK2NG.s:2960   .text.xQueueIsQueueEmptyFromISR:0000000000000000 .L0 
     /tmp/ccjMK2NG.s:2961   .text.xQueueIsQueueEmptyFromISR:0000000000000000 .L0 
     /tmp/ccjMK2NG.s:2962   .text.xQueueIsQueueEmptyFromISR:0000000000000000 .L0 
     /tmp/ccjMK2NG.s:2963   .text.xQueueIsQueueEmptyFromISR:0000000000000000 $xrv64i2p1_m2p0_a2p1_f2p2_d2p2_zicsr2p0_zmmul1p0
     /tmp/ccjMK2NG.s:2963   .text.xQueueIsQueueEmptyFromISR:0000000000000000 .L0 
     /tmp/ccjMK2NG.s:2965   .text.xQueueIsQueueEmptyFromISR:0000000000000004 .L0 
     /tmp/ccjMK2NG.s:2967   .text.xQueueIsQueueEmptyFromISR:0000000000000008 .L0 
     /tmp/ccjMK2NG.s:2973   .text.xQueueIsQueueEmptyFromISR:0000000000000010 .L0 
     /tmp/ccjMK2NG.s:2976   .text.xQueueIsQueueEmptyFromISR:0000000000000014 .L0 
     /tmp/ccjMK2NG.s:2977   .text.xQueueIsQueueEmptyFromISR:0000000000000014 .L0 
     /tmp/ccjMK2NG.s:2978   .text.xQueueIsQueueEmptyFromISR:0000000000000018 .L0 
     /tmp/ccjMK2NG.s:2985   .text.xQueueIsQueueFullFromISR:0000000000000000 xQueueIsQueueFullFromISR
     /tmp/ccjMK2NG.s:2988   .text.xQueueIsQueueFullFromISR:0000000000000000 .L0 
     /tmp/ccjMK2NG.s:2990   .text.xQueueIsQueueFullFromISR:0000000000000000 .L0 
     /tmp/ccjMK2NG.s:2991   .text.xQueueIsQueueFullFromISR:0000000000000000 .L0 
     /tmp/ccjMK2NG.s:2992   .text.xQueueIsQueueFullFromISR:0000000000000000 .L0 
     /tmp/ccjMK2NG.s:2993   .text.xQueueIsQueueFullFromISR:0000000000000000 .L0 
     /tmp/ccjMK2NG.s:2994   .text.xQueueIsQueueFullFromISR:0000000000000000 .L0 
     /tmp/ccjMK2NG.s:2995   .text.xQueueIsQueueFullFromISR:0000000000000000 $xrv64i2p1_m2p0_a2p1_f2p2_d2p2_zicsr2p0_zmmul1p0
     /tmp/ccjMK2NG.s:2995   .text.xQueueIsQueueFullFromISR:0000000000000000 .L0 
     /tmp/ccjMK2NG.s:2997   .text.xQueueIsQueueFullFromISR:0000000000000004 .L0 
     /tmp/ccjMK2NG.s:2999   .text.xQueueIsQueueFullFromISR:0000000000000008 .L0 
     /tmp/ccjMK2NG.s:3001   .text.xQueueIsQueueFullFromISR:000000000000000c .L0 
     /tmp/ccjMK2NG.s:3004   .text.xQueueIsQueueFullFromISR:0000000000000010 .L0 
     /tmp/ccjMK2NG.s:3005   .text.xQueueIsQueueFullFromISR:0000000000000010 .L0 
     /tmp/ccjMK2NG.s:3009   .text.xQueueIsQueueFullFromISR:0000000000000014 .L0 
     /tmp/ccjMK2NG.s:3012   .text.xQueueIsQueueFullFromISR:000000000000001c .L0 
     /tmp/ccjMK2NG.s:3019   .text.vQueueAddToRegistry:0000000000000000 vQueueAddToRegistry
     /tmp/ccjMK2NG.s:3022   .text.vQueueAddToRegistry:0000000000000000 .L0 
     /tmp/ccjMK2NG.s:3024   .text.vQueueAddToRegistry:0000000000000000 .L0 
     /tmp/ccjMK2NG.s:3025   .text.vQueueAddToRegistry:0000000000000000 .L0 
GAS LISTING /tmp/ccjMK2NG.s 			page 149


     /tmp/ccjMK2NG.s:3026   .text.vQueueAddToRegistry:0000000000000000 .L0 
     /tmp/ccjMK2NG.s:3027   .text.vQueueAddToRegistry:0000000000000000 $xrv64i2p1_m2p0_a2p1_f2p2_d2p2_zicsr2p0_zmmul1p0
     /tmp/ccjMK2NG.s:3027   .text.vQueueAddToRegistry:0000000000000000 .L0 
     /tmp/ccjMK2NG.s:3031   .text.vQueueAddToRegistry:0000000000000004 .L0 
     /tmp/ccjMK2NG.s:3034   .text.vQueueAddToRegistry:000000000000000c .L0 
     /tmp/ccjMK2NG.s:3035   .text.vQueueAddToRegistry:000000000000000c .L0 
     /tmp/ccjMK2NG.s:3310   .bss.xQueueRegistry:0000000000000000 xQueueRegistry
     /tmp/ccjMK2NG.s:3040   .text.vQueueAddToRegistry:0000000000000020 .L0 
     /tmp/ccjMK2NG.s:3042   .text.vQueueAddToRegistry:0000000000000024 .L0 
     /tmp/ccjMK2NG.s:3043   .text.vQueueAddToRegistry:0000000000000024 .L0 
     /tmp/ccjMK2NG.s:3048   .text.vQueueAddToRegistry:000000000000002c .L0 
     /tmp/ccjMK2NG.s:3049   .text.vQueueAddToRegistry:000000000000002c .L0 
     /tmp/ccjMK2NG.s:3054   .text.vQueueAddToRegistry:000000000000003c .L0 
     /tmp/ccjMK2NG.s:3055   .text.vQueueAddToRegistry:000000000000003c .L0 
     /tmp/ccjMK2NG.s:3057   .text.vQueueAddToRegistry:0000000000000040 .L0 
     /tmp/ccjMK2NG.s:3058   .text.vQueueAddToRegistry:0000000000000040 .L0 
     /tmp/ccjMK2NG.s:3062   .text.vQueueAddToRegistry:0000000000000044 .L0 
     /tmp/ccjMK2NG.s:3063   .text.vQueueAddToRegistry:0000000000000048 .L0 
     /tmp/ccjMK2NG.s:3070   .text.pcQueueGetName:0000000000000000 pcQueueGetName
     /tmp/ccjMK2NG.s:3073   .text.pcQueueGetName:0000000000000000 .L0 
     /tmp/ccjMK2NG.s:3075   .text.pcQueueGetName:0000000000000000 .L0 
     /tmp/ccjMK2NG.s:3076   .text.pcQueueGetName:0000000000000000 .L0 
     /tmp/ccjMK2NG.s:3077   .text.pcQueueGetName:0000000000000000 .L0 
     /tmp/ccjMK2NG.s:3078   .text.pcQueueGetName:0000000000000000 .L0 
     /tmp/ccjMK2NG.s:3079   .text.pcQueueGetName:0000000000000000 $xrv64i2p1_m2p0_a2p1_f2p2_d2p2_zicsr2p0_zmmul1p0
     /tmp/ccjMK2NG.s:3079   .text.pcQueueGetName:0000000000000000 .L0 
     /tmp/ccjMK2NG.s:3083   .text.pcQueueGetName:0000000000000004 .L0 
     /tmp/ccjMK2NG.s:3086   .text.pcQueueGetName:000000000000000c .L0 
     /tmp/ccjMK2NG.s:3087   .text.pcQueueGetName:000000000000000c .L0 
     /tmp/ccjMK2NG.s:3092   .text.pcQueueGetName:0000000000000020 .L0 
     /tmp/ccjMK2NG.s:3094   .text.pcQueueGetName:0000000000000024 .L0 
     /tmp/ccjMK2NG.s:3095   .text.pcQueueGetName:0000000000000024 .L0 
     /tmp/ccjMK2NG.s:3100   .text.pcQueueGetName:000000000000002c .L0 
     /tmp/ccjMK2NG.s:3101   .text.pcQueueGetName:000000000000002c .L0 
     /tmp/ccjMK2NG.s:3107   .text.pcQueueGetName:000000000000003c .L0 
     /tmp/ccjMK2NG.s:3111   .text.pcQueueGetName:0000000000000040 .L0 
     /tmp/ccjMK2NG.s:3114   .text.pcQueueGetName:0000000000000044 .L0 
     /tmp/ccjMK2NG.s:3115   .text.pcQueueGetName:0000000000000044 .L0 
     /tmp/ccjMK2NG.s:3116   .text.pcQueueGetName:0000000000000048 .L0 
     /tmp/ccjMK2NG.s:3123   .text.vQueueUnregisterQueue:0000000000000000 vQueueUnregisterQueue
     /tmp/ccjMK2NG.s:3126   .text.vQueueUnregisterQueue:0000000000000000 .L0 
     /tmp/ccjMK2NG.s:3128   .text.vQueueUnregisterQueue:0000000000000000 .L0 
     /tmp/ccjMK2NG.s:3129   .text.vQueueUnregisterQueue:0000000000000000 .L0 
     /tmp/ccjMK2NG.s:3130   .text.vQueueUnregisterQueue:0000000000000000 .L0 
     /tmp/ccjMK2NG.s:3131   .text.vQueueUnregisterQueue:0000000000000000 $xrv64i2p1_m2p0_a2p1_f2p2_d2p2_zicsr2p0_zmmul1p0
     /tmp/ccjMK2NG.s:3131   .text.vQueueUnregisterQueue:0000000000000000 .L0 
     /tmp/ccjMK2NG.s:3135   .text.vQueueUnregisterQueue:0000000000000004 .L0 
     /tmp/ccjMK2NG.s:3138   .text.vQueueUnregisterQueue:000000000000000c .L0 
     /tmp/ccjMK2NG.s:3139   .text.vQueueUnregisterQueue:000000000000000c .L0 
     /tmp/ccjMK2NG.s:3144   .text.vQueueUnregisterQueue:0000000000000020 .L0 
     /tmp/ccjMK2NG.s:3146   .text.vQueueUnregisterQueue:0000000000000024 .L0 
     /tmp/ccjMK2NG.s:3147   .text.vQueueUnregisterQueue:0000000000000024 .L0 
     /tmp/ccjMK2NG.s:3152   .text.vQueueUnregisterQueue:000000000000002c .L0 
     /tmp/ccjMK2NG.s:3153   .text.vQueueUnregisterQueue:000000000000002c .L0 
     /tmp/ccjMK2NG.s:3158   .text.vQueueUnregisterQueue:000000000000003c .L0 
     /tmp/ccjMK2NG.s:3159   .text.vQueueUnregisterQueue:000000000000003c .L0 
     /tmp/ccjMK2NG.s:3161   .text.vQueueUnregisterQueue:0000000000000040 .L0 
GAS LISTING /tmp/ccjMK2NG.s 			page 150


     /tmp/ccjMK2NG.s:3165   .text.vQueueUnregisterQueue:0000000000000044 .L0 
     /tmp/ccjMK2NG.s:3166   .text.vQueueUnregisterQueue:0000000000000048 .L0 
     /tmp/ccjMK2NG.s:3173   .text.vQueueDelete:0000000000000000 vQueueDelete
     /tmp/ccjMK2NG.s:3176   .text.vQueueDelete:0000000000000000 .L0 
     /tmp/ccjMK2NG.s:3178   .text.vQueueDelete:0000000000000000 $xrv64i2p1_m2p0_a2p1_f2p2_d2p2_zicsr2p0_zmmul1p0
     /tmp/ccjMK2NG.s:3178   .text.vQueueDelete:0000000000000000 .L0 
     /tmp/ccjMK2NG.s:3180   .text.vQueueDelete:0000000000000004 .L0 
     /tmp/ccjMK2NG.s:3183   .text.vQueueDelete:000000000000000c .L0 
     /tmp/ccjMK2NG.s:3184   .text.vQueueDelete:000000000000000c .L0 
     /tmp/ccjMK2NG.s:3188   .text.vQueueDelete:0000000000000010 .L0 
     /tmp/ccjMK2NG.s:3189   .text.vQueueDelete:0000000000000010 .L0 
     /tmp/ccjMK2NG.s:3190   .text.vQueueDelete:0000000000000010 .L0 
     /tmp/ccjMK2NG.s:3191   .text.vQueueDelete:0000000000000010 .L0 
     /tmp/ccjMK2NG.s:3194   .text.vQueueDelete:0000000000000018 .L0 
     /tmp/ccjMK2NG.s:3198   .text.vQueueDelete:0000000000000024 .L0 
     /tmp/ccjMK2NG.s:3199   .text.vQueueDelete:0000000000000028 .L0 
     /tmp/ccjMK2NG.s:3201   .text.vQueueDelete:000000000000002c .L0 
     /tmp/ccjMK2NG.s:3205   .text.vQueueDelete:0000000000000030 .L0 
     /tmp/ccjMK2NG.s:3207   .text.vQueueDelete:0000000000000034 .L0 
     /tmp/ccjMK2NG.s:3214   .text.vQueueWaitForMessageRestricted:0000000000000000 vQueueWaitForMessageRestricted
     /tmp/ccjMK2NG.s:3217   .text.vQueueWaitForMessageRestricted:0000000000000000 .L0 
     /tmp/ccjMK2NG.s:3219   .text.vQueueWaitForMessageRestricted:0000000000000000 $xrv64i2p1_m2p0_a2p1_f2p2_d2p2_zicsr2p0_zmmul1p0
     /tmp/ccjMK2NG.s:3219   .text.vQueueWaitForMessageRestricted:0000000000000000 .L0 
     /tmp/ccjMK2NG.s:3221   .text.vQueueWaitForMessageRestricted:0000000000000004 .L0 
     /tmp/ccjMK2NG.s:3226   .text.vQueueWaitForMessageRestricted:0000000000000014 .L0 
     /tmp/ccjMK2NG.s:3227   .text.vQueueWaitForMessageRestricted:0000000000000014 .L0 
     /tmp/ccjMK2NG.s:3228   .text.vQueueWaitForMessageRestricted:0000000000000014 .L0 
     /tmp/ccjMK2NG.s:3229   .text.vQueueWaitForMessageRestricted:0000000000000014 .L0 
     /tmp/ccjMK2NG.s:3235   .text.vQueueWaitForMessageRestricted:0000000000000020 .L0 
     /tmp/ccjMK2NG.s:3236   .text.vQueueWaitForMessageRestricted:0000000000000020 .L0 
     /tmp/ccjMK2NG.s:3239   .text.vQueueWaitForMessageRestricted:0000000000000028 .L0 
     /tmp/ccjMK2NG.s:3246   .text.vQueueWaitForMessageRestricted:000000000000003c .L0 
     /tmp/ccjMK2NG.s:3253   .text.vQueueWaitForMessageRestricted:0000000000000050 .L0 
     /tmp/ccjMK2NG.s:3256   .text.vQueueWaitForMessageRestricted:0000000000000058 .L0 
     /tmp/ccjMK2NG.s:3257   .text.vQueueWaitForMessageRestricted:0000000000000058 .L0 
     /tmp/ccjMK2NG.s:3259   .text.vQueueWaitForMessageRestricted:000000000000005c .L0 
     /tmp/ccjMK2NG.s:3262   .text.vQueueWaitForMessageRestricted:0000000000000060 .L0 
     /tmp/ccjMK2NG.s:3263   .text.vQueueWaitForMessageRestricted:0000000000000060 .L0 
     /tmp/ccjMK2NG.s:3267   .text.vQueueWaitForMessageRestricted:000000000000006c .L0 
     /tmp/ccjMK2NG.s:3268   .text.vQueueWaitForMessageRestricted:0000000000000070 .L0 
     /tmp/ccjMK2NG.s:3269   .text.vQueueWaitForMessageRestricted:0000000000000070 .L0 
     /tmp/ccjMK2NG.s:3271   .text.vQueueWaitForMessageRestricted:0000000000000074 .L0 
     /tmp/ccjMK2NG.s:3274   .text.vQueueWaitForMessageRestricted:0000000000000078 .L0 
     /tmp/ccjMK2NG.s:3277   .text.vQueueWaitForMessageRestricted:000000000000007c .L0 
     /tmp/ccjMK2NG.s:3281   .text.vQueueWaitForMessageRestricted:0000000000000080 .L0 
     /tmp/ccjMK2NG.s:3286   .text.vQueueWaitForMessageRestricted:0000000000000084 .L0 
     /tmp/ccjMK2NG.s:3288   .text.vQueueWaitForMessageRestricted:0000000000000084 .L0 
     /tmp/ccjMK2NG.s:3292   .text.vQueueWaitForMessageRestricted:000000000000008c .L0 
     /tmp/ccjMK2NG.s:3296   .text.vQueueWaitForMessageRestricted:0000000000000094 .L0 
     /tmp/ccjMK2NG.s:3302   .text.vQueueWaitForMessageRestricted:00000000000000ac .L0 
     /tmp/ccjMK2NG.s:42     .text.prvGetDisinheritPriorityAfterTimeout:0000000000000020 .L0 
     /tmp/ccjMK2NG.s:100    .text.prvIsQueueFull:000000000000004c .L0 
     /tmp/ccjMK2NG.s:156    .text.prvIsQueueEmpty:0000000000000048 .L0 
     /tmp/ccjMK2NG.s:323    .text.prvCopyDataToQueue:0000000000000104 .L0 
     /tmp/ccjMK2NG.s:382    .text.prvCopyDataFromQueue:0000000000000050 .L0 
     /tmp/ccjMK2NG.s:515    .text.prvUnlockQueue:00000000000000e0 .L0 
     /tmp/ccjMK2NG.s:633    .text.xQueueGenericReset:00000000000000c4 .L0 
GAS LISTING /tmp/ccjMK2NG.s 			page 151


     /tmp/ccjMK2NG.s:703    .text.prvInitialiseNewQueue:0000000000000058 .L0 
     /tmp/ccjMK2NG.s:787    .text.xQueueGenericCreate:0000000000000078 .L0 
     /tmp/ccjMK2NG.s:847    .text.xQueueGetMutexHolder:0000000000000048 .L0 
     /tmp/ccjMK2NG.s:879    .text.xQueueGetMutexHolderFromISR:0000000000000018 .L0 
     /tmp/ccjMK2NG.s:929    .text.xQueueCreateCountingSemaphore:0000000000000038 .L0 
     /tmp/ccjMK2NG.s:1182   .text.xQueueGenericSend:00000000000001d8 .L0 
     /tmp/ccjMK2NG.s:1230   .text.prvInitialiseMutex:000000000000003c .L0 
     /tmp/ccjMK2NG.s:1277   .text.xQueueCreateMutex:0000000000000040 .L0 
     /tmp/ccjMK2NG.s:1361   .text.xQueueGiveMutexRecursive:0000000000000074 .L0 
     /tmp/ccjMK2NG.s:1503   .text.xQueueGenericSendFromISR:00000000000000d0 .L0 
     /tmp/ccjMK2NG.s:1661   .text.xQueueGiveFromISR:00000000000000a8 .L0 
     /tmp/ccjMK2NG.s:1913   .text.xQueueReceive:00000000000001cc .L0 
     /tmp/ccjMK2NG.s:2226   .text.xQueueSemaphoreTake:000000000000022c .L0 
     /tmp/ccjMK2NG.s:2312   .text.xQueueTakeMutexRecursive:0000000000000078 .L0 
     /tmp/ccjMK2NG.s:2562   .text.xQueuePeek:00000000000001c4 .L0 
     /tmp/ccjMK2NG.s:2707   .text.xQueueReceiveFromISR:00000000000000c8 .L0 
     /tmp/ccjMK2NG.s:2782   .text.xQueuePeekFromISR:000000000000004c .L0 
     /tmp/ccjMK2NG.s:2826   .text.uxQueueMessagesWaiting:0000000000000038 .L0 
     /tmp/ccjMK2NG.s:2876   .text.uxQueueSpacesAvailable:0000000000000040 .L0 
     /tmp/ccjMK2NG.s:2898   .text.uxQueueMessagesWaitingFromISR:0000000000000008 .L0 
     /tmp/ccjMK2NG.s:2915   .text.uxQueueGetQueueNumber:0000000000000008 .L0 
     /tmp/ccjMK2NG.s:2932   .text.vQueueSetQueueNumber:0000000000000008 .L0 
     /tmp/ccjMK2NG.s:2949   .text.ucQueueGetQueueType:0000000000000008 .L0 
     /tmp/ccjMK2NG.s:2981   .text.xQueueIsQueueEmptyFromISR:0000000000000018 .L0 
     /tmp/ccjMK2NG.s:3015   .text.xQueueIsQueueFullFromISR:000000000000001c .L0 
     /tmp/ccjMK2NG.s:3066   .text.vQueueAddToRegistry:0000000000000048 .L0 
     /tmp/ccjMK2NG.s:3119   .text.pcQueueGetName:0000000000000048 .L0 
     /tmp/ccjMK2NG.s:3169   .text.vQueueUnregisterQueue:0000000000000048 .L0 
     /tmp/ccjMK2NG.s:3210   .text.vQueueDelete:0000000000000034 .L0 
     /tmp/ccjMK2NG.s:3306   .text.vQueueWaitForMessageRestricted:00000000000000ac .L0 
                     .debug_frame:0000000000000000 .L0 
     /tmp/ccjMK2NG.s:36     .text.prvGetDisinheritPriorityAfterTimeout:000000000000001c .L1
     /tmp/ccjMK2NG.s:90     .text.prvIsQueueFull:0000000000000044 .L7
     /tmp/ccjMK2NG.s:72     .text.prvIsQueueFull:0000000000000028 .L4
     /tmp/ccjMK2NG.s:146    .text.prvIsQueueEmpty:0000000000000040 .L10
     /tmp/ccjMK2NG.s:128    .text.prvIsQueueEmpty:0000000000000024 .L9
     /tmp/ccjMK2NG.s:237    .text.prvCopyDataToQueue:0000000000000068 .L13
     /tmp/ccjMK2NG.s:224    .text.prvCopyDataToQueue:0000000000000054 .L22
     /tmp/ccjMK2NG.s:198    .text.prvCopyDataToQueue:0000000000000034 .L14
     /tmp/ccjMK2NG.s:268    .text.prvCopyDataToQueue:00000000000000a0 .L15
     /tmp/ccjMK2NG.s:314    .text.prvCopyDataToQueue:00000000000000f4 .L18
     /tmp/ccjMK2NG.s:295    .text.prvCopyDataToQueue:00000000000000d4 .L16
     /tmp/ccjMK2NG.s:304    .text.prvCopyDataToQueue:00000000000000e4 .L23
     /tmp/ccjMK2NG.s:317    .text.prvCopyDataToQueue:00000000000000fc .L20
     /tmp/ccjMK2NG.s:377    .text.prvCopyDataFromQueue:000000000000004c .L28
     /tmp/ccjMK2NG.s:361    .text.prvCopyDataFromQueue:0000000000000034 .L26
     /tmp/ccjMK2NG.s:421    .text.prvUnlockQueue:0000000000000038 .L32
     /tmp/ccjMK2NG.s:440    .text.prvUnlockQueue:0000000000000060 .L33
     /tmp/ccjMK2NG.s:413    .text.prvUnlockQueue:000000000000002c .L34
     /tmp/ccjMK2NG.s:471    .text.prvUnlockQueue:0000000000000094 .L36
     /tmp/ccjMK2NG.s:490    .text.prvUnlockQueue:00000000000000bc .L37
     /tmp/ccjMK2NG.s:463    .text.prvUnlockQueue:0000000000000088 .L38
     /tmp/ccjMK2NG.s:620    .text.xQueueGenericReset:00000000000000a8 .L42
     /tmp/ccjMK2NG.s:605    .text.xQueueGenericReset:0000000000000088 .L45
     /tmp/ccjMK2NG.s:584    .text.xQueueGenericReset:0000000000000068 .L43
     /tmp/ccjMK2NG.s:693    .text.prvInitialiseNewQueue:0000000000000050 .L47
     /tmp/ccjMK2NG.s:660    .text.prvInitialiseNewQueue:0000000000000020 .L48
GAS LISTING /tmp/ccjMK2NG.s 			page 152


     /tmp/ccjMK2NG.s:764    .text.xQueueGenericCreate:0000000000000058 .L50
     /tmp/ccjMK2NG.s:837    .text.xQueueGetMutexHolder:0000000000000040 .L55
     /tmp/ccjMK2NG.s:819    .text.xQueueGetMutexHolder:0000000000000024 .L54
     /tmp/ccjMK2NG.s:869    .text.xQueueGetMutexHolderFromISR:0000000000000010 .L59
     /tmp/ccjMK2NG.s:915    .text.xQueueCreateCountingSemaphore:0000000000000028 .L60
     /tmp/ccjMK2NG.s:1073   .text.xQueueGenericSend:00000000000000f0 .L64
     /tmp/ccjMK2NG.s:1012   .text.xQueueGenericSend:0000000000000078 .L78
     /tmp/ccjMK2NG.s:1029   .text.xQueueGenericSend:0000000000000098 .L79
     /tmp/ccjMK2NG.s:981    .text.xQueueGenericSend:0000000000000050 .L68
     /tmp/ccjMK2NG.s:990    .text.xQueueGenericSend:000000000000005c .L63
     /tmp/ccjMK2NG.s:1101   .text.xQueueGenericSend:0000000000000118 .L71
     /tmp/ccjMK2NG.s:1118   .text.xQueueGenericSend:0000000000000144 .L72
     /tmp/ccjMK2NG.s:1125   .text.xQueueGenericSend:0000000000000158 .L73
     /tmp/ccjMK2NG.s:963    .text.xQueueGenericSend:0000000000000030 .L65
     /tmp/ccjMK2NG.s:1037   .text.xQueueGenericSend:00000000000000a8 .L80
     /tmp/ccjMK2NG.s:1046   .text.xQueueGenericSend:00000000000000b8 .L81
     /tmp/ccjMK2NG.s:1056   .text.xQueueGenericSend:00000000000000cc .L82
     /tmp/ccjMK2NG.s:1060   .text.xQueueGenericSend:00000000000000d4 .L83
     /tmp/ccjMK2NG.s:1165   .text.xQueueGenericSend:00000000000001bc .L74
     /tmp/ccjMK2NG.s:1064   .text.xQueueGenericSend:00000000000000dc .L75
     /tmp/ccjMK2NG.s:1225   .text.prvInitialiseMutex:0000000000000038 .L87
     /tmp/ccjMK2NG.s:1325   .text.xQueueGiveMutexRecursive:000000000000003c .L97
     /tmp/ccjMK2NG.s:1346   .text.xQueueGiveMutexRecursive:0000000000000054 .L98
     /tmp/ccjMK2NG.s:1310   .text.xQueueGiveMutexRecursive:0000000000000028 .L92
     /tmp/ccjMK2NG.s:1424   .text.xQueueGenericSendFromISR:0000000000000050 .L100
     /tmp/ccjMK2NG.s:1462   .text.xQueueGenericSendFromISR:000000000000008c .L108
     /tmp/ccjMK2NG.s:1406   .text.xQueueGenericSendFromISR:0000000000000038 .L99
     /tmp/ccjMK2NG.s:1471   .text.xQueueGenericSendFromISR:000000000000009c .L109
     /tmp/ccjMK2NG.s:1489   .text.xQueueGenericSendFromISR:00000000000000c0 .L105
     /tmp/ccjMK2NG.s:1492   .text.xQueueGenericSendFromISR:00000000000000c8 .L106
     /tmp/ccjMK2NG.s:1626   .text.xQueueGiveFromISR:0000000000000090 .L113
     /tmp/ccjMK2NG.s:1590   .text.xQueueGiveFromISR:000000000000005c .L121
     /tmp/ccjMK2NG.s:1606   .text.xQueueGiveFromISR:000000000000006c .L122
     /tmp/ccjMK2NG.s:1575   .text.xQueueGiveFromISR:000000000000004c .L110
     /tmp/ccjMK2NG.s:1639   .text.xQueueGiveFromISR:0000000000000098 .L115
     /tmp/ccjMK2NG.s:1649   .text.xQueueGiveFromISR:00000000000000a0 .L116
     /tmp/ccjMK2NG.s:1816   .text.xQueueReceive:0000000000000104 .L124
     /tmp/ccjMK2NG.s:1744   .text.xQueueReceive:0000000000000074 .L136
     /tmp/ccjMK2NG.s:1713   .text.xQueueReceive:000000000000004c .L126
     /tmp/ccjMK2NG.s:1722   .text.xQueueReceive:0000000000000058 .L123
     /tmp/ccjMK2NG.s:1841   .text.xQueueReceive:0000000000000120 .L129
     /tmp/ccjMK2NG.s:1859   .text.xQueueReceive:000000000000014c .L130
     /tmp/ccjMK2NG.s:1866   .text.xQueueReceive:0000000000000160 .L131
     /tmp/ccjMK2NG.s:1906   .text.xQueueReceive:00000000000001c4 .L137
     /tmp/ccjMK2NG.s:1694   .text.xQueueReceive:000000000000002c .L138
     /tmp/ccjMK2NG.s:1761   .text.xQueueReceive:0000000000000094 .L139
     /tmp/ccjMK2NG.s:1770   .text.xQueueReceive:00000000000000a4 .L140
     /tmp/ccjMK2NG.s:1780   .text.xQueueReceive:00000000000000b8 .L141
     /tmp/ccjMK2NG.s:1785   .text.xQueueReceive:00000000000000c0 .L142
     /tmp/ccjMK2NG.s:1799   .text.xQueueReceive:00000000000000e0 .L132
     /tmp/ccjMK2NG.s:1789   .text.xQueueReceive:00000000000000c8 .L133
     /tmp/ccjMK2NG.s:2092   .text.xQueueSemaphoreTake:0000000000000128 .L144
     /tmp/ccjMK2NG.s:1997   .text.xQueueSemaphoreTake:0000000000000064 .L159
     /tmp/ccjMK2NG.s:2008   .text.xQueueSemaphoreTake:0000000000000074 .L160
     /tmp/ccjMK2NG.s:1962   .text.xQueueSemaphoreTake:0000000000000038 .L146
     /tmp/ccjMK2NG.s:1969   .text.xQueueSemaphoreTake:0000000000000040 .L147
     /tmp/ccjMK2NG.s:1977   .text.xQueueSemaphoreTake:000000000000004c .L143
GAS LISTING /tmp/ccjMK2NG.s 			page 153


     /tmp/ccjMK2NG.s:2118   .text.xQueueSemaphoreTake:0000000000000144 .L150
     /tmp/ccjMK2NG.s:2136   .text.xQueueSemaphoreTake:0000000000000170 .L151
     /tmp/ccjMK2NG.s:2143   .text.xQueueSemaphoreTake:0000000000000184 .L152
     /tmp/ccjMK2NG.s:2168   .text.xQueueSemaphoreTake:00000000000001b8 .L155
     /tmp/ccjMK2NG.s:2190   .text.xQueueSemaphoreTake:00000000000001f0 .L161
     /tmp/ccjMK2NG.s:1946   .text.xQueueSemaphoreTake:0000000000000028 .L162
     /tmp/ccjMK2NG.s:2021   .text.xQueueSemaphoreTake:0000000000000094 .L163
     /tmp/ccjMK2NG.s:2031   .text.xQueueSemaphoreTake:00000000000000a4 .L164
     /tmp/ccjMK2NG.s:2041   .text.xQueueSemaphoreTake:00000000000000b8 .L165
     /tmp/ccjMK2NG.s:2046   .text.xQueueSemaphoreTake:00000000000000c0 .L166
     /tmp/ccjMK2NG.s:2075   .text.xQueueSemaphoreTake:0000000000000104 .L153
     /tmp/ccjMK2NG.s:2065   .text.xQueueSemaphoreTake:00000000000000ec .L154
     /tmp/ccjMK2NG.s:2050   .text.xQueueSemaphoreTake:00000000000000c8 .L167
     /tmp/ccjMK2NG.s:2200   .text.xQueueSemaphoreTake:00000000000001fc .L168
     /tmp/ccjMK2NG.s:2194   .text.xQueueSemaphoreTake:00000000000001f4 .L157
     /tmp/ccjMK2NG.s:2281   .text.xQueueTakeMutexRecursive:0000000000000050 .L173
     /tmp/ccjMK2NG.s:2293   .text.xQueueTakeMutexRecursive:0000000000000060 .L169
     /tmp/ccjMK2NG.s:2464   .text.xQueuePeek:00000000000000fc .L175
     /tmp/ccjMK2NG.s:2392   .text.xQueuePeek:000000000000006c .L187
     /tmp/ccjMK2NG.s:2364   .text.xQueuePeek:0000000000000048 .L177
     /tmp/ccjMK2NG.s:2373   .text.xQueuePeek:0000000000000054 .L174
     /tmp/ccjMK2NG.s:2490   .text.xQueuePeek:0000000000000118 .L180
     /tmp/ccjMK2NG.s:2508   .text.xQueuePeek:0000000000000144 .L181
     /tmp/ccjMK2NG.s:2515   .text.xQueuePeek:0000000000000158 .L182
     /tmp/ccjMK2NG.s:2555   .text.xQueuePeek:00000000000001bc .L188
     /tmp/ccjMK2NG.s:2344   .text.xQueuePeek:0000000000000028 .L189
     /tmp/ccjMK2NG.s:2409   .text.xQueuePeek:000000000000008c .L190
     /tmp/ccjMK2NG.s:2418   .text.xQueuePeek:000000000000009c .L191
     /tmp/ccjMK2NG.s:2428   .text.xQueuePeek:00000000000000b0 .L192
     /tmp/ccjMK2NG.s:2433   .text.xQueuePeek:00000000000000b8 .L193
     /tmp/ccjMK2NG.s:2447   .text.xQueuePeek:00000000000000d8 .L183
     /tmp/ccjMK2NG.s:2437   .text.xQueuePeek:00000000000000c0 .L184
     /tmp/ccjMK2NG.s:2622   .text.xQueueReceiveFromISR:0000000000000040 .L202
     /tmp/ccjMK2NG.s:2664   .text.xQueueReceiveFromISR:0000000000000084 .L203
     /tmp/ccjMK2NG.s:2603   .text.xQueueReceiveFromISR:0000000000000024 .L194
     /tmp/ccjMK2NG.s:2673   .text.xQueueReceiveFromISR:0000000000000094 .L204
     /tmp/ccjMK2NG.s:2691   .text.xQueueReceiveFromISR:00000000000000b8 .L199
     /tmp/ccjMK2NG.s:2694   .text.xQueueReceiveFromISR:00000000000000c0 .L200
     /tmp/ccjMK2NG.s:2739   .text.xQueuePeekFromISR:0000000000000010 .L212
     /tmp/ccjMK2NG.s:2971   .text.xQueueIsQueueEmptyFromISR:0000000000000010 .L223
     /tmp/ccjMK2NG.s:3007   .text.xQueueIsQueueFullFromISR:0000000000000014 .L227
     /tmp/ccjMK2NG.s:3036   .text.vQueueAddToRegistry:0000000000000010 .L0 
     /tmp/ccjMK2NG.s:3049   .text.vQueueAddToRegistry:000000000000002c .L0 
     /tmp/ccjMK2NG.s:3060   .text.vQueueAddToRegistry:0000000000000044 .L233
     /tmp/ccjMK2NG.s:3046   .text.vQueueAddToRegistry:000000000000002c .L234
     /tmp/ccjMK2NG.s:3029   .text.vQueueAddToRegistry:0000000000000004 .L229
     /tmp/ccjMK2NG.s:3088   .text.pcQueueGetName:0000000000000010 .L0 
     /tmp/ccjMK2NG.s:3101   .text.pcQueueGetName:000000000000002c .L0 
     /tmp/ccjMK2NG.s:3109   .text.pcQueueGetName:0000000000000040 .L240
     /tmp/ccjMK2NG.s:3098   .text.pcQueueGetName:000000000000002c .L241
     /tmp/ccjMK2NG.s:3081   .text.pcQueueGetName:0000000000000004 .L236
     /tmp/ccjMK2NG.s:3140   .text.vQueueUnregisterQueue:0000000000000010 .L0 
     /tmp/ccjMK2NG.s:3153   .text.vQueueUnregisterQueue:000000000000002c .L0 
     /tmp/ccjMK2NG.s:3163   .text.vQueueUnregisterQueue:0000000000000044 .L247
     /tmp/ccjMK2NG.s:3150   .text.vQueueUnregisterQueue:000000000000002c .L248
     /tmp/ccjMK2NG.s:3133   .text.vQueueUnregisterQueue:0000000000000004 .L243
     /tmp/ccjMK2NG.s:3284   .text.vQueueWaitForMessageRestricted:0000000000000084 .L256
GAS LISTING /tmp/ccjMK2NG.s 			page 154


     /tmp/ccjMK2NG.s:3290   .text.vQueueWaitForMessageRestricted:000000000000008c .L257
     /tmp/ccjMK2NG.s:3294   .text.vQueueWaitForMessageRestricted:0000000000000094 .L258
     /tmp/ccjMK2NG.s:3244   .text.vQueueWaitForMessageRestricted:000000000000003c .L252
     /tmp/ccjMK2NG.s:3251   .text.vQueueWaitForMessageRestricted:0000000000000050 .L253
     /tmp/ccjMK2NG.s:3260   .text.vQueueWaitForMessageRestricted:0000000000000060 .L254
     /tmp/ccjMK2NG.s:6990   .debug_abbrev:0000000000000000 .Ldebug_abbrev0
     /tmp/ccjMK2NG.s:11043  .debug_str:0000000000000192 .LASF162
     /tmp/ccjMK2NG.s:11303  .debug_str:0000000000000a44 .LASF163
     /tmp/ccjMK2NG.s:11251  .debug_str:00000000000008a1 .LASF164
     /tmp/ccjMK2NG.s:10869  .debug_ranges:0000000000000000 .Ldebug_ranges0
     /tmp/ccjMK2NG.s:10995  .debug_line:0000000000000000 .Ldebug_line0
     /tmp/ccjMK2NG.s:11109  .debug_str:000000000000044e .LASF5
     /tmp/ccjMK2NG.s:11285  .debug_str:00000000000009a7 .LASF0
     /tmp/ccjMK2NG.s:11257  .debug_str:00000000000008e5 .LASF1
     /tmp/ccjMK2NG.s:11181  .debug_str:000000000000067d .LASF2
     /tmp/ccjMK2NG.s:11231  .debug_str:00000000000007ef .LASF3
     /tmp/ccjMK2NG.s:11015  .debug_str:00000000000000b4 .LASF4
     /tmp/ccjMK2NG.s:11223  .debug_str:00000000000007b8 .LASF6
     /tmp/ccjMK2NG.s:11319  .debug_str:0000000000000b14 .LASF7
     /tmp/ccjMK2NG.s:11277  .debug_str:000000000000097c .LASF8
     /tmp/ccjMK2NG.s:11293  .debug_str:00000000000009fc .LASF9
     /tmp/ccjMK2NG.s:11253  .debug_str:00000000000008d0 .LASF10
     /tmp/ccjMK2NG.s:11321  .debug_str:0000000000000b20 .LASF11
     /tmp/ccjMK2NG.s:11229  .debug_str:00000000000007e5 .LASF12
     /tmp/ccjMK2NG.s:11125  .debug_str:000000000000049f .LASF13
     /tmp/ccjMK2NG.s:11147  .debug_str:0000000000000569 .LASF14
     /tmp/ccjMK2NG.s:11081  .debug_str:0000000000000361 .LASF15
     /tmp/ccjMK2NG.s:11067  .debug_str:000000000000030f .LASF16
     /tmp/ccjMK2NG.s:11173  .debug_str:000000000000063c .LASF17
     /tmp/ccjMK2NG.s:11113  .debug_str:000000000000045e .LASF18
     /tmp/ccjMK2NG.s:11265  .debug_str:000000000000091d .LASF19
     /tmp/ccjMK2NG.s:11185  .debug_str:000000000000069e .LASF20
     /tmp/ccjMK2NG.s:11155  .debug_str:0000000000000596 .LASF21
     /tmp/ccjMK2NG.s:11221  .debug_str:00000000000007ad .LASF22
     /tmp/ccjMK2NG.s:11023  .debug_str:00000000000000e0 .LASF28
     /tmp/ccjMK2NG.s:11255  .debug_str:00000000000008da .LASF23
     /tmp/ccjMK2NG.s:11197  .debug_str:00000000000006f8 .LASF24
     /tmp/ccjMK2NG.s:11089  .debug_str:00000000000003b6 .LASF25
     /tmp/ccjMK2NG.s:11301  .debug_str:0000000000000a3c .LASF26
     /tmp/ccjMK2NG.s:11237  .debug_str:0000000000000829 .LASF27
     /tmp/ccjMK2NG.s:11123  .debug_str:0000000000000499 .LASF29
     /tmp/ccjMK2NG.s:10997  .debug_str:0000000000000000 .LASF30
     /tmp/ccjMK2NG.s:11017  .debug_str:00000000000000c1 .LASF31
     /tmp/ccjMK2NG.s:11163  .debug_str:00000000000005d1 .LASF32
     /tmp/ccjMK2NG.s:11149  .debug_str:000000000000056e .LASF33
     /tmp/ccjMK2NG.s:11121  .debug_str:0000000000000489 .LASF34
     /tmp/ccjMK2NG.s:11167  .debug_str:00000000000005f8 .LASF35
     /tmp/ccjMK2NG.s:11215  .debug_str:000000000000078b .LASF36
     /tmp/ccjMK2NG.s:11209  .debug_str:0000000000000752 .LASF37
     /tmp/ccjMK2NG.s:11001  .debug_str:000000000000001e .LASF165
     /tmp/ccjMK2NG.s:11019  .debug_str:00000000000000c9 .LASF38
     /tmp/ccjMK2NG.s:11039  .debug_str:0000000000000172 .LASF39
     /tmp/ccjMK2NG.s:11191  .debug_str:00000000000006c0 .LASF40
     /tmp/ccjMK2NG.s:11203  .debug_str:0000000000000714 .LASF41
     /tmp/ccjMK2NG.s:11161  .debug_str:00000000000005c3 .LASF42
     /tmp/ccjMK2NG.s:11079  .debug_str:0000000000000351 .LASF43
     /tmp/ccjMK2NG.s:11309  .debug_str:0000000000000ab8 .LASF44
GAS LISTING /tmp/ccjMK2NG.s 			page 155


     /tmp/ccjMK2NG.s:11219  .debug_str:00000000000007a3 .LASF45
     /tmp/ccjMK2NG.s:11033  .debug_str:000000000000013f .LASF46
     /tmp/ccjMK2NG.s:11009  .debug_str:000000000000007b .LASF47
     /tmp/ccjMK2NG.s:11091  .debug_str:00000000000003c1 .LASF48
     /tmp/ccjMK2NG.s:11247  .debug_str:0000000000000879 .LASF49
     /tmp/ccjMK2NG.s:11137  .debug_str:0000000000000517 .LASF50
     /tmp/ccjMK2NG.s:11331  .debug_str:0000000000000b58 .LASF51
     /tmp/ccjMK2NG.s:11037  .debug_str:000000000000016a .LASF52
     /tmp/ccjMK2NG.s:11103  .debug_str:0000000000000420 .LASF53
     /tmp/ccjMK2NG.s:11213  .debug_str:000000000000077f .LASF54
     /tmp/ccjMK2NG.s:11153  .debug_str:0000000000000588 .LASF55
     /tmp/ccjMK2NG.s:11275  .debug_str:0000000000000975 .LASF56
     /tmp/ccjMK2NG.s:11055  .debug_str:00000000000002a3 .LASF57
     /tmp/ccjMK2NG.s:11243  .debug_str:0000000000000860 .LASF58
     /tmp/ccjMK2NG.s:10999  .debug_str:0000000000000010 .LASF59
     /tmp/ccjMK2NG.s:11327  .debug_str:0000000000000b41 .LASF60
     /tmp/ccjMK2NG.s:11289  .debug_str:00000000000009ce .LASF61
     /tmp/ccjMK2NG.s:11003  .debug_str:0000000000000032 .LASF62
     /tmp/ccjMK2NG.s:11073  .debug_str:0000000000000331 .LASF63
     /tmp/ccjMK2NG.s:11093  .debug_str:00000000000003d3 .LASF64
     /tmp/ccjMK2NG.s:11325  .debug_str:0000000000000b3a .LASF65
     /tmp/ccjMK2NG.s:11045  .debug_str:0000000000000262 .LASF66
     /tmp/ccjMK2NG.s:11025  .debug_str:00000000000000eb .LASF67
     /tmp/ccjMK2NG.s:11117  .debug_str:000000000000046e .LASF68
     /tmp/ccjMK2NG.s:11115  .debug_str:0000000000000466 .LASF69
     /tmp/ccjMK2NG.s:11175  .debug_str:0000000000000644 .LASF70
     /tmp/ccjMK2NG.s:11053  .debug_str:000000000000028f .LASF71
     /tmp/ccjMK2NG.s:11159  .debug_str:00000000000005b4 .LASF166
     /tmp/ccjMK2NG.s:11169  .debug_str:0000000000000607 .LASF72
     /tmp/ccjMK2NG.s:11269  .debug_str:000000000000093b .LASF73
     /tmp/ccjMK2NG.s:11005  .debug_str:0000000000000042 .LASF74
     /tmp/ccjMK2NG.s:11287  .debug_str:00000000000009b9 .LASF75
     /tmp/ccjMK2NG.s:11135  .debug_str:00000000000004f9 .LASF78
     /tmp/ccjMK2NG.s:11283  .debug_str:0000000000000996 .LASF82
     /tmp/ccjMK2NG.s:11323  .debug_str:0000000000000b33 .LASF76
     /tmp/ccjMK2NG.s:11143  .debug_str:0000000000000538 .LASF77
     /tmp/ccjMK2NG.s:11261  .debug_str:0000000000000900 .LASF79
     /tmp/ccjMK2NG.s:11133  .debug_str:00000000000004e3 .LASF80
     /tmp/ccjMK2NG.s:11267  .debug_str:0000000000000926 .LASF81
     /tmp/ccjMK2NG.s:11097  .debug_str:00000000000003eb .LASF83
     /tmp/ccjMK2NG.s:11205  .debug_str:000000000000071e .LASF84
     /tmp/ccjMK2NG.s:11305  .debug_str:0000000000000a8b .LASF85
     /tmp/ccjMK2NG.s:11095  .debug_str:00000000000003de .LASF86
     /tmp/ccjMK2NG.s:11105  .debug_str:000000000000042e .LASF87
     /tmp/ccjMK2NG.s:11295  .debug_str:0000000000000a0a .LASF88
     /tmp/ccjMK2NG.s:11139  .debug_str:0000000000000522 .LASF89
     /tmp/ccjMK2NG.s:11145  .debug_str:0000000000000550 .LASF90
     /tmp/ccjMK2NG.s:11307  .debug_str:0000000000000aa5 .LASF91
     /tmp/ccjMK2NG.s:11249  .debug_str:0000000000000882 .LASF94
     /tmp/ccjMK2NG.s:3215   .text.vQueueWaitForMessageRestricted:0000000000000000 .LFB38
     /tmp/ccjMK2NG.s:3303   .text.vQueueWaitForMessageRestricted:00000000000000ac .LFE38
     /tmp/ccjMK2NG.s:7767   .debug_loc:0000000000000000 .LLST141
     /tmp/ccjMK2NG.s:7790   .debug_loc:0000000000000060 .LLST142
     /tmp/ccjMK2NG.s:11299  .debug_str:0000000000000a2f .LASF92
     /tmp/ccjMK2NG.s:7812   .debug_loc:00000000000000bf .LLST143
     /tmp/ccjMK2NG.s:11031  .debug_str:000000000000012d .LASF93
     /tmp/ccjMK2NG.s:7834   .debug_loc:000000000000011e .LLST144
GAS LISTING /tmp/ccjMK2NG.s 			page 156


     /tmp/ccjMK2NG.s:11279  .debug_str:0000000000000986 .LASF96
     /tmp/ccjMK2NG.s:7856   .debug_loc:000000000000017d .LLST145
     /tmp/ccjMK2NG.s:3237   .text.vQueueWaitForMessageRestricted:0000000000000028 .LVL389
     /tmp/ccjMK2NG.s:3254   .text.vQueueWaitForMessageRestricted:0000000000000058 .LVL390
     /tmp/ccjMK2NG.s:3265   .text.vQueueWaitForMessageRestricted:000000000000006c .LVL391
     /tmp/ccjMK2NG.s:3300   .text.vQueueWaitForMessageRestricted:00000000000000a8 .LVL396
     /tmp/ccjMK2NG.s:11059  .debug_str:00000000000002ba .LASF95
     /tmp/ccjMK2NG.s:3124   .text.vQueueUnregisterQueue:0000000000000000 .LFB37
     /tmp/ccjMK2NG.s:3167   .text.vQueueUnregisterQueue:0000000000000048 .LFE37
     /tmp/ccjMK2NG.s:7878   .debug_loc:00000000000001dc .LLST137
     /tmp/ccjMK2NG.s:11239  .debug_str:0000000000000835 .LASF99
     /tmp/ccjMK2NG.s:3071   .text.pcQueueGetName:0000000000000000 .LFB36
     /tmp/ccjMK2NG.s:3117   .text.pcQueueGetName:0000000000000048 .LFE36
     /tmp/ccjMK2NG.s:7894   .debug_loc:0000000000000226 .LLST134
     /tmp/ccjMK2NG.s:7919   .debug_loc:0000000000000288 .LLST135
     /tmp/ccjMK2NG.s:11245  .debug_str:0000000000000870 .LASF97
     /tmp/ccjMK2NG.s:7935   .debug_loc:00000000000002d2 .LLST136
     /tmp/ccjMK2NG.s:11193  .debug_str:00000000000006d0 .LASF98
     /tmp/ccjMK2NG.s:3020   .text.vQueueAddToRegistry:0000000000000000 .LFB35
     /tmp/ccjMK2NG.s:3064   .text.vQueueAddToRegistry:0000000000000048 .LFE35
     /tmp/ccjMK2NG.s:7952   .debug_loc:000000000000031d .LLST133
     /tmp/ccjMK2NG.s:11271  .debug_str:0000000000000945 .LASF100
     /tmp/ccjMK2NG.s:2986   .text.xQueueIsQueueFullFromISR:0000000000000000 .LFB34
     /tmp/ccjMK2NG.s:3013   .text.xQueueIsQueueFullFromISR:000000000000001c .LFE34
     /tmp/ccjMK2NG.s:7968   .debug_loc:0000000000000367 .LLST130
     /tmp/ccjMK2NG.s:11281  .debug_str:000000000000098e .LASF101
     /tmp/ccjMK2NG.s:7993   .debug_loc:00000000000003c9 .LLST131
     /tmp/ccjMK2NG.s:8001   .debug_loc:00000000000003ed .LLST132
     /tmp/ccjMK2NG.s:11151  .debug_str:0000000000000579 .LASF103
     /tmp/ccjMK2NG.s:46     .text.prvIsQueueFull:0000000000000000 .LFB33
     /tmp/ccjMK2NG.s:98     .text.prvIsQueueFull:000000000000004c .LFE33
     /tmp/ccjMK2NG.s:8026   .debug_loc:000000000000044f .LLST1
     /tmp/ccjMK2NG.s:8049   .debug_loc:00000000000004af .LLST2
     /tmp/ccjMK2NG.s:8078   .debug_loc:0000000000000524 .LLST3
     /tmp/ccjMK2NG.s:61     .text.prvIsQueueFull:0000000000000018 .LVL5
     /tmp/ccjMK2NG.s:75     .text.prvIsQueueFull:0000000000000030 .LVL7
     /tmp/ccjMK2NG.s:11317  .debug_str:0000000000000afa .LASF102
     /tmp/ccjMK2NG.s:2954   .text.xQueueIsQueueEmptyFromISR:0000000000000000 .LFB32
     /tmp/ccjMK2NG.s:2979   .text.xQueueIsQueueEmptyFromISR:0000000000000018 .LFE32
     /tmp/ccjMK2NG.s:8089   .debug_loc:000000000000055a .LLST128
     /tmp/ccjMK2NG.s:8114   .debug_loc:00000000000005bc .LLST129
     /tmp/ccjMK2NG.s:11083  .debug_str:0000000000000378 .LASF104
     /tmp/ccjMK2NG.s:104    .text.prvIsQueueEmpty:0000000000000000 .LFB31
     /tmp/ccjMK2NG.s:154    .text.prvIsQueueEmpty:0000000000000048 .LFE31
     /tmp/ccjMK2NG.s:8139   .debug_loc:000000000000061e .LLST4
     /tmp/ccjMK2NG.s:8162   .debug_loc:000000000000067e .LLST5
     /tmp/ccjMK2NG.s:8191   .debug_loc:00000000000006f3 .LLST6
     /tmp/ccjMK2NG.s:119    .text.prvIsQueueEmpty:0000000000000018 .LVL12
     /tmp/ccjMK2NG.s:131    .text.prvIsQueueEmpty:000000000000002c .LVL14
     /tmp/ccjMK2NG.s:11313  .debug_str:0000000000000ad8 .LASF105
     /tmp/ccjMK2NG.s:386    .text.prvUnlockQueue:0000000000000000 .LFB30
     /tmp/ccjMK2NG.s:513    .text.prvUnlockQueue:00000000000000e0 .LFE30
     /tmp/ccjMK2NG.s:8202   .debug_loc:0000000000000729 .LLST16
     /tmp/ccjMK2NG.s:8220   .debug_loc:0000000000000775 .LLST17
     /tmp/ccjMK2NG.s:403    .text.prvUnlockQueue:000000000000001c .LBB2
     /tmp/ccjMK2NG.s:445    .text.prvUnlockQueue:0000000000000068 .LBE2
     /tmp/ccjMK2NG.s:8238   .debug_loc:00000000000007c1 .LLST18
GAS LISTING /tmp/ccjMK2NG.s 			page 157


     /tmp/ccjMK2NG.s:433    .text.prvUnlockQueue:0000000000000050 .LVL43
     /tmp/ccjMK2NG.s:438    .text.prvUnlockQueue:000000000000005c .LVL44
     /tmp/ccjMK2NG.s:452    .text.prvUnlockQueue:0000000000000078 .LBB3
     /tmp/ccjMK2NG.s:495    .text.prvUnlockQueue:00000000000000c4 .LBE3
     /tmp/ccjMK2NG.s:8249   .debug_loc:00000000000007f7 .LLST19
     /tmp/ccjMK2NG.s:483    .text.prvUnlockQueue:00000000000000ac .LVL51
     /tmp/ccjMK2NG.s:488    .text.prvUnlockQueue:00000000000000b8 .LVL52
     /tmp/ccjMK2NG.s:402    .text.prvUnlockQueue:000000000000001c .LVL39
     /tmp/ccjMK2NG.s:448    .text.prvUnlockQueue:0000000000000070 .LVL45
     /tmp/ccjMK2NG.s:451    .text.prvUnlockQueue:0000000000000078 .LVL46
     /tmp/ccjMK2NG.s:498    .text.prvUnlockQueue:00000000000000cc .LVL53
     /tmp/ccjMK2NG.s:11297  .debug_str:0000000000000a1a .LASF106
     /tmp/ccjMK2NG.s:327    .text.prvCopyDataFromQueue:0000000000000000 .LFB29
     /tmp/ccjMK2NG.s:380    .text.prvCopyDataFromQueue:0000000000000050 .LFE29
     /tmp/ccjMK2NG.s:8260   .debug_loc:000000000000082d .LLST13
     /tmp/ccjMK2NG.s:8278   .debug_loc:0000000000000879 .LLST14
     /tmp/ccjMK2NG.s:11085  .debug_str:0000000000000388 .LASF107
     /tmp/ccjMK2NG.s:8300   .debug_loc:00000000000008d8 .LLST15
     /tmp/ccjMK2NG.s:368    .text.prvCopyDataFromQueue:0000000000000040 .LVL36
     /tmp/ccjMK2NG.s:11129  .debug_str:00000000000004be .LASF108
     /tmp/ccjMK2NG.s:160    .text.prvCopyDataToQueue:0000000000000000 .LFB28
     /tmp/ccjMK2NG.s:321    .text.prvCopyDataToQueue:0000000000000104 .LFE28
     /tmp/ccjMK2NG.s:8322   .debug_loc:0000000000000937 .LLST7
     /tmp/ccjMK2NG.s:8345   .debug_loc:0000000000000997 .LLST8
     /tmp/ccjMK2NG.s:11263  .debug_str:000000000000090f .LASF109
     /tmp/ccjMK2NG.s:8367   .debug_loc:00000000000009f6 .LLST9
     /tmp/ccjMK2NG.s:11329  .debug_str:0000000000000b4e .LASF110
     /tmp/ccjMK2NG.s:8414   .debug_loc:0000000000000aaa .LLST10
     /tmp/ccjMK2NG.s:8436   .debug_loc:0000000000000b09 .LLST11
     /tmp/ccjMK2NG.s:8462   .debug_loc:0000000000000b7b .LLST12
     /tmp/ccjMK2NG.s:231    .text.prvCopyDataToQueue:0000000000000060 .LVL27
     /tmp/ccjMK2NG.s:245    .text.prvCopyDataToQueue:0000000000000078 .LVL29
     /tmp/ccjMK2NG.s:273    .text.prvCopyDataToQueue:00000000000000ac .LVL31
     /tmp/ccjMK2NG.s:11087  .debug_str:0000000000000391 .LASF111
     /tmp/ccjMK2NG.s:14     .text.prvGetDisinheritPriorityAfterTimeout:0000000000000000 .LFB27
     /tmp/ccjMK2NG.s:40     .text.prvGetDisinheritPriorityAfterTimeout:0000000000000020 .LFE27
     /tmp/ccjMK2NG.s:8479   .debug_loc:0000000000000bc6 .LLST0
     /tmp/ccjMK2NG.s:11211  .debug_str:000000000000075f .LASF167
     /tmp/ccjMK2NG.s:11195  .debug_str:00000000000006e4 .LASF112
     /tmp/ccjMK2NG.s:2937   .text.ucQueueGetQueueType:0000000000000000 .LFB26
     /tmp/ccjMK2NG.s:2947   .text.ucQueueGetQueueType:0000000000000008 .LFE26
     /tmp/ccjMK2NG.s:8497   .debug_loc:0000000000000c12 .LLST127
     /tmp/ccjMK2NG.s:11029  .debug_str:0000000000000118 .LASF113
     /tmp/ccjMK2NG.s:2920   .text.vQueueSetQueueNumber:0000000000000000 .LFB25
     /tmp/ccjMK2NG.s:2930   .text.vQueueSetQueueNumber:0000000000000008 .LFE25
     /tmp/ccjMK2NG.s:11225  .debug_str:00000000000007c1 .LASF114
     /tmp/ccjMK2NG.s:2903   .text.uxQueueGetQueueNumber:0000000000000000 .LFB24
     /tmp/ccjMK2NG.s:2913   .text.uxQueueGetQueueNumber:0000000000000008 .LFE24
     /tmp/ccjMK2NG.s:8511   .debug_loc:0000000000000c4b .LLST126
     /tmp/ccjMK2NG.s:11021  .debug_str:00000000000000d3 .LASF115
     /tmp/ccjMK2NG.s:3174   .text.vQueueDelete:0000000000000000 .LFB23
     /tmp/ccjMK2NG.s:3208   .text.vQueueDelete:0000000000000034 .LFE23
     /tmp/ccjMK2NG.s:8525   .debug_loc:0000000000000c84 .LLST138
     /tmp/ccjMK2NG.s:8543   .debug_loc:0000000000000cd0 .LLST139
     /tmp/ccjMK2NG.s:8561   .debug_loc:0000000000000d1c .LLST140
     /tmp/ccjMK2NG.s:3192   .text.vQueueDelete:0000000000000018 .LVL384
     /tmp/ccjMK2NG.s:3196   .text.vQueueDelete:0000000000000024 .LVL385
GAS LISTING /tmp/ccjMK2NG.s 			page 158


     /tmp/ccjMK2NG.s:11165  .debug_str:00000000000005da .LASF116
     /tmp/ccjMK2NG.s:2881   .text.uxQueueMessagesWaitingFromISR:0000000000000000 .LFB22
     /tmp/ccjMK2NG.s:2896   .text.uxQueueMessagesWaitingFromISR:0000000000000008 .LFE22
     /tmp/ccjMK2NG.s:8579   .debug_loc:0000000000000d68 .LLST124
     /tmp/ccjMK2NG.s:11051  .debug_str:0000000000000286 .LASF117
     /tmp/ccjMK2NG.s:8593   .debug_loc:0000000000000da1 .LLST125
     /tmp/ccjMK2NG.s:11035  .debug_str:0000000000000153 .LASF118
     /tmp/ccjMK2NG.s:2831   .text.uxQueueSpacesAvailable:0000000000000000 .LFB21
     /tmp/ccjMK2NG.s:2874   .text.uxQueueSpacesAvailable:0000000000000040 .LFE21
     /tmp/ccjMK2NG.s:8607   .debug_loc:0000000000000dda .LLST120
     /tmp/ccjMK2NG.s:8625   .debug_loc:0000000000000e26 .LLST121
     /tmp/ccjMK2NG.s:8643   .debug_loc:0000000000000e72 .LLST122
     /tmp/ccjMK2NG.s:8654   .debug_loc:0000000000000ea8 .LLST123
     /tmp/ccjMK2NG.s:2849   .text.uxQueueSpacesAvailable:0000000000000018 .LVL346
     /tmp/ccjMK2NG.s:2860   .text.uxQueueSpacesAvailable:000000000000002c .LVL348
     /tmp/ccjMK2NG.s:11273  .debug_str:000000000000095e .LASF119
     /tmp/ccjMK2NG.s:2787   .text.uxQueueMessagesWaiting:0000000000000000 .LFB20
     /tmp/ccjMK2NG.s:2824   .text.uxQueueMessagesWaiting:0000000000000038 .LFE20
     /tmp/ccjMK2NG.s:8672   .debug_loc:0000000000000ef4 .LLST117
     /tmp/ccjMK2NG.s:8690   .debug_loc:0000000000000f40 .LLST118
     /tmp/ccjMK2NG.s:8708   .debug_loc:0000000000000f8c .LLST119
     /tmp/ccjMK2NG.s:2803   .text.uxQueueMessagesWaiting:0000000000000018 .LVL340
     /tmp/ccjMK2NG.s:2810   .text.uxQueueMessagesWaiting:0000000000000024 .LVL342
     /tmp/ccjMK2NG.s:11065  .debug_str:00000000000002fd .LASF120
     /tmp/ccjMK2NG.s:2712   .text.xQueuePeekFromISR:0000000000000000 .LFB19
     /tmp/ccjMK2NG.s:2780   .text.xQueuePeekFromISR:000000000000004c .LFE19
     /tmp/ccjMK2NG.s:8719   .debug_loc:0000000000000fc2 .LLST111
     /tmp/ccjMK2NG.s:8737   .debug_loc:000000000000100e .LLST112
     /tmp/ccjMK2NG.s:8766   .debug_loc:0000000000001083 .LLST113
     /tmp/ccjMK2NG.s:8780   .debug_loc:00000000000010bc .LLST114
     /tmp/ccjMK2NG.s:11061  .debug_str:00000000000002d0 .LASF121
     /tmp/ccjMK2NG.s:11207  .debug_str:000000000000073b .LASF122
     /tmp/ccjMK2NG.s:8793   .debug_loc:00000000000010f4 .LLST115
     /tmp/ccjMK2NG.s:8808   .debug_loc:000000000000112e .LLST116
     /tmp/ccjMK2NG.s:2758   .text.xQueuePeekFromISR:0000000000000030 .LVL335
     /tmp/ccjMK2NG.s:11007  .debug_str:0000000000000066 .LASF123
     /tmp/ccjMK2NG.s:2567   .text.xQueueReceiveFromISR:0000000000000000 .LFB18
     /tmp/ccjMK2NG.s:2705   .text.xQueueReceiveFromISR:00000000000000c8 .LFE18
     /tmp/ccjMK2NG.s:8837   .debug_loc:00000000000011a3 .LLST104
     /tmp/ccjMK2NG.s:8860   .debug_loc:0000000000001203 .LLST105
     /tmp/ccjMK2NG.s:8882   .debug_loc:0000000000001262 .LLST106
     /tmp/ccjMK2NG.s:11011  .debug_str:0000000000000092 .LASF124
     /tmp/ccjMK2NG.s:8907   .debug_loc:00000000000012c4 .LLST107
     /tmp/ccjMK2NG.s:8929   .debug_loc:0000000000001323 .LLST108
     /tmp/ccjMK2NG.s:8951   .debug_loc:0000000000001382 .LLST109
     /tmp/ccjMK2NG.s:2628   .text.xQueueReceiveFromISR:0000000000000048 .LBB23
     /tmp/ccjMK2NG.s:2697   .text.xQueueReceiveFromISR:00000000000000c4 .LBE23
     /tmp/ccjMK2NG.s:8968   .debug_loc:00000000000013cd .LLST110
     /tmp/ccjMK2NG.s:2638   .text.xQueueReceiveFromISR:000000000000005c .LVL324
     /tmp/ccjMK2NG.s:2678   .text.xQueueReceiveFromISR:00000000000000a0 .LVL329
     /tmp/ccjMK2NG.s:11101  .debug_str:0000000000000415 .LASF125
     /tmp/ccjMK2NG.s:2317   .text.xQueuePeek:0000000000000000 .LFB17
     /tmp/ccjMK2NG.s:2560   .text.xQueuePeek:00000000000001c4 .LFE17
     /tmp/ccjMK2NG.s:8985   .debug_loc:0000000000001418 .LLST96
     /tmp/ccjMK2NG.s:9008   .debug_loc:000000000000147a .LLST97
     /tmp/ccjMK2NG.s:9030   .debug_loc:00000000000014d9 .LLST98
     /tmp/ccjMK2NG.s:9052   .debug_loc:0000000000001538 .LLST99
GAS LISTING /tmp/ccjMK2NG.s 			page 159


     /tmp/ccjMK2NG.s:11107  .debug_str:0000000000000440 .LASF126
     /tmp/ccjMK2NG.s:9059   .debug_loc:000000000000155b .LLST100
     /tmp/ccjMK2NG.s:11111  .debug_str:0000000000000455 .LASF127
     /tmp/ccjMK2NG.s:9084   .debug_loc:00000000000015cc .LLST101
     /tmp/ccjMK2NG.s:9095   .debug_loc:0000000000001602 .LLST102
     /tmp/ccjMK2NG.s:9117   .debug_loc:0000000000001661 .LLST103
     /tmp/ccjMK2NG.s:2354   .text.xQueuePeek:000000000000003c .LVL286
     /tmp/ccjMK2NG.s:2368   .text.xQueuePeek:0000000000000050 .LVL287
     /tmp/ccjMK2NG.s:2400   .text.xQueuePeek:0000000000000078 .LVL292
     /tmp/ccjMK2NG.s:2406   .text.xQueuePeek:0000000000000088 .LVL293
     /tmp/ccjMK2NG.s:2412   .text.xQueuePeek:0000000000000094 .LVL295
     /tmp/ccjMK2NG.s:2422   .text.xQueuePeek:00000000000000a8 .LVL296
     /tmp/ccjMK2NG.s:2441   .text.xQueuePeek:00000000000000cc .LVL298
     /tmp/ccjMK2NG.s:2445   .text.xQueuePeek:00000000000000d4 .LVL299
     /tmp/ccjMK2NG.s:2451   .text.xQueuePeek:00000000000000e4 .LVL300
     /tmp/ccjMK2NG.s:2455   .text.xQueuePeek:00000000000000ec .LVL301
     /tmp/ccjMK2NG.s:2460   .text.xQueuePeek:00000000000000f8 .LVL302
     /tmp/ccjMK2NG.s:2471   .text.xQueuePeek:0000000000000104 .LVL304
     /tmp/ccjMK2NG.s:2495   .text.xQueuePeek:0000000000000120 .LVL308
     /tmp/ccjMK2NG.s:2498   .text.xQueuePeek:0000000000000128 .LVL309
     /tmp/ccjMK2NG.s:2501   .text.xQueuePeek:0000000000000130 .LVL310
     /tmp/ccjMK2NG.s:2518   .text.xQueuePeek:0000000000000160 .LVL311
     /tmp/ccjMK2NG.s:2524   .text.xQueuePeek:0000000000000170 .LVL312
     /tmp/ccjMK2NG.s:2531   .text.xQueuePeek:0000000000000180 .LVL313
     /tmp/ccjMK2NG.s:2539   .text.xQueuePeek:0000000000000194 .LVL314
     /tmp/ccjMK2NG.s:2543   .text.xQueuePeek:00000000000001a0 .LVL315
     /tmp/ccjMK2NG.s:2547   .text.xQueuePeek:00000000000001a8 .LVL316
     /tmp/ccjMK2NG.s:2553   .text.xQueuePeek:00000000000001b8 .LVL317
     /tmp/ccjMK2NG.s:11127  .debug_str:00000000000004aa .LASF128
     /tmp/ccjMK2NG.s:1918   .text.xQueueSemaphoreTake:0000000000000000 .LFB16
     /tmp/ccjMK2NG.s:2224   .text.xQueueSemaphoreTake:000000000000022c .LFE16
     /tmp/ccjMK2NG.s:9128   .debug_loc:0000000000001697 .LLST83
     /tmp/ccjMK2NG.s:9151   .debug_loc:00000000000016f9 .LLST84
     /tmp/ccjMK2NG.s:9173   .debug_loc:0000000000001758 .LLST85
     /tmp/ccjMK2NG.s:9180   .debug_loc:000000000000177b .LLST86
     /tmp/ccjMK2NG.s:9205   .debug_loc:00000000000017ec .LLST87
     /tmp/ccjMK2NG.s:11233  .debug_str:00000000000007fb .LASF129
     /tmp/ccjMK2NG.s:9227   .debug_loc:000000000000184b .LLST88
     /tmp/ccjMK2NG.s:11217  .debug_str:0000000000000792 .LASF130
     /tmp/ccjMK2NG.s:9251   .debug_loc:00000000000018bb .LLST89
     /tmp/ccjMK2NG.s:1973   .text.xQueueSemaphoreTake:0000000000000048 .LVL232
     /tmp/ccjMK2NG.s:2004   .text.xQueueSemaphoreTake:000000000000006c .LVL237
     /tmp/ccjMK2NG.s:2013   .text.xQueueSemaphoreTake:0000000000000080 .LVL238
     /tmp/ccjMK2NG.s:2019   .text.xQueueSemaphoreTake:0000000000000090 .LVL239
     /tmp/ccjMK2NG.s:2025   .text.xQueueSemaphoreTake:000000000000009c .LVL240
     /tmp/ccjMK2NG.s:2035   .text.xQueueSemaphoreTake:00000000000000b0 .LVL241
     /tmp/ccjMK2NG.s:2204   .text.xQueueSemaphoreTake:0000000000000204 .LBB18
     /tmp/ccjMK2NG.s:2218   .text.xQueueSemaphoreTake:0000000000000220 .LBE18
     /tmp/ccjMK2NG.s:11291  .debug_str:00000000000009e3 .LASF131
     /tmp/ccjMK2NG.s:9286   .debug_loc:0000000000001938 .LLST90
     /tmp/ccjMK2NG.s:2210   .text.xQueueSemaphoreTake:0000000000000210 .LVL268
     /tmp/ccjMK2NG.s:2217   .text.xQueueSemaphoreTake:0000000000000220 .LVL271
     /tmp/ccjMK2NG.s:2053   .text.xQueueSemaphoreTake:00000000000000d0 .LVL243
     /tmp/ccjMK2NG.s:2058   .text.xQueueSemaphoreTake:00000000000000dc .LVL244
     /tmp/ccjMK2NG.s:2063   .text.xQueueSemaphoreTake:00000000000000e8 .LVL246
     /tmp/ccjMK2NG.s:2069   .text.xQueueSemaphoreTake:00000000000000f8 .LVL247
     /tmp/ccjMK2NG.s:2073   .text.xQueueSemaphoreTake:0000000000000100 .LVL248
GAS LISTING /tmp/ccjMK2NG.s 			page 160


     /tmp/ccjMK2NG.s:2079   .text.xQueueSemaphoreTake:0000000000000110 .LVL249
     /tmp/ccjMK2NG.s:2083   .text.xQueueSemaphoreTake:0000000000000118 .LVL250
     /tmp/ccjMK2NG.s:2088   .text.xQueueSemaphoreTake:0000000000000124 .LVL251
     /tmp/ccjMK2NG.s:2099   .text.xQueueSemaphoreTake:0000000000000130 .LVL253
     /tmp/ccjMK2NG.s:2123   .text.xQueueSemaphoreTake:000000000000014c .LVL257
     /tmp/ccjMK2NG.s:2126   .text.xQueueSemaphoreTake:0000000000000154 .LVL258
     /tmp/ccjMK2NG.s:2129   .text.xQueueSemaphoreTake:000000000000015c .LVL259
     /tmp/ccjMK2NG.s:2146   .text.xQueueSemaphoreTake:000000000000018c .LVL260
     /tmp/ccjMK2NG.s:2152   .text.xQueueSemaphoreTake:000000000000019c .LVL261
     /tmp/ccjMK2NG.s:2159   .text.xQueueSemaphoreTake:00000000000001ac .LVL262
     /tmp/ccjMK2NG.s:2174   .text.xQueueSemaphoreTake:00000000000001c8 .LVL263
     /tmp/ccjMK2NG.s:2178   .text.xQueueSemaphoreTake:00000000000001d4 .LVL264
     /tmp/ccjMK2NG.s:2182   .text.xQueueSemaphoreTake:00000000000001dc .LVL265
     /tmp/ccjMK2NG.s:2188   .text.xQueueSemaphoreTake:00000000000001ec .LVL266
     /tmp/ccjMK2NG.s:2203   .text.xQueueSemaphoreTake:0000000000000204 .LVL267
     /tmp/ccjMK2NG.s:2221   .text.xQueueSemaphoreTake:0000000000000228 .LVL272
     /tmp/ccjMK2NG.s:11077  .debug_str:0000000000000343 .LASF132
     /tmp/ccjMK2NG.s:1666   .text.xQueueReceive:0000000000000000 .LFB15
     /tmp/ccjMK2NG.s:1911   .text.xQueueReceive:00000000000001cc .LFE15
     /tmp/ccjMK2NG.s:9297   .debug_loc:000000000000196e .LLST76
     /tmp/ccjMK2NG.s:9320   .debug_loc:00000000000019d0 .LLST77
     /tmp/ccjMK2NG.s:9342   .debug_loc:0000000000001a2f .LLST78
     /tmp/ccjMK2NG.s:9364   .debug_loc:0000000000001a8e .LLST79
     /tmp/ccjMK2NG.s:9371   .debug_loc:0000000000001ab1 .LLST80
     /tmp/ccjMK2NG.s:9396   .debug_loc:0000000000001b22 .LLST81
     /tmp/ccjMK2NG.s:9418   .debug_loc:0000000000001b81 .LLST82
     /tmp/ccjMK2NG.s:1700   .text.xQueueReceive:000000000000003c .LVL193
     /tmp/ccjMK2NG.s:1717   .text.xQueueReceive:0000000000000054 .LVL195
     /tmp/ccjMK2NG.s:1752   .text.xQueueReceive:0000000000000080 .LVL201
     /tmp/ccjMK2NG.s:1758   .text.xQueueReceive:0000000000000090 .LVL202
     /tmp/ccjMK2NG.s:1764   .text.xQueueReceive:000000000000009c .LVL204
     /tmp/ccjMK2NG.s:1774   .text.xQueueReceive:00000000000000b0 .LVL205
     /tmp/ccjMK2NG.s:1793   .text.xQueueReceive:00000000000000d4 .LVL207
     /tmp/ccjMK2NG.s:1797   .text.xQueueReceive:00000000000000dc .LVL208
     /tmp/ccjMK2NG.s:1803   .text.xQueueReceive:00000000000000ec .LVL209
     /tmp/ccjMK2NG.s:1807   .text.xQueueReceive:00000000000000f4 .LVL210
     /tmp/ccjMK2NG.s:1812   .text.xQueueReceive:0000000000000100 .LVL211
     /tmp/ccjMK2NG.s:1823   .text.xQueueReceive:000000000000010c .LVL213
     /tmp/ccjMK2NG.s:1846   .text.xQueueReceive:0000000000000128 .LVL216
     /tmp/ccjMK2NG.s:1849   .text.xQueueReceive:0000000000000130 .LVL217
     /tmp/ccjMK2NG.s:1852   .text.xQueueReceive:0000000000000138 .LVL218
     /tmp/ccjMK2NG.s:1869   .text.xQueueReceive:0000000000000168 .LVL219
     /tmp/ccjMK2NG.s:1875   .text.xQueueReceive:0000000000000178 .LVL220
     /tmp/ccjMK2NG.s:1882   .text.xQueueReceive:0000000000000188 .LVL221
     /tmp/ccjMK2NG.s:1890   .text.xQueueReceive:000000000000019c .LVL222
     /tmp/ccjMK2NG.s:1894   .text.xQueueReceive:00000000000001a8 .LVL223
     /tmp/ccjMK2NG.s:1898   .text.xQueueReceive:00000000000001b0 .LVL224
     /tmp/ccjMK2NG.s:1904   .text.xQueueReceive:00000000000001c0 .LVL225
     /tmp/ccjMK2NG.s:11157  .debug_str:00000000000005a2 .LASF133
     /tmp/ccjMK2NG.s:1508   .text.xQueueGiveFromISR:0000000000000000 .LFB14
     /tmp/ccjMK2NG.s:1659   .text.xQueueGiveFromISR:00000000000000a8 .LFE14
     /tmp/ccjMK2NG.s:9445   .debug_loc:0000000000001bf4 .LLST70
     /tmp/ccjMK2NG.s:9478   .debug_loc:0000000000001c7c .LLST71
     /tmp/ccjMK2NG.s:9531   .debug_loc:0000000000001d46 .LLST72
     /tmp/ccjMK2NG.s:9561   .debug_loc:0000000000001dcb .LLST73
     /tmp/ccjMK2NG.s:9614   .debug_loc:0000000000001e95 .LLST74
     /tmp/ccjMK2NG.s:9679   .debug_loc:0000000000001f5e .LLST75
GAS LISTING /tmp/ccjMK2NG.s 			page 161


     /tmp/ccjMK2NG.s:1612   .text.xQueueGiveFromISR:0000000000000078 .LVL185
     /tmp/ccjMK2NG.s:11027  .debug_str:00000000000000ff .LASF134
     /tmp/ccjMK2NG.s:1366   .text.xQueueGenericSendFromISR:0000000000000000 .LFB13
     /tmp/ccjMK2NG.s:1501   .text.xQueueGenericSendFromISR:00000000000000d0 .LFE13
     /tmp/ccjMK2NG.s:9696   .debug_loc:0000000000001fa9 .LLST63
     /tmp/ccjMK2NG.s:9719   .debug_loc:0000000000002009 .LLST64
     /tmp/ccjMK2NG.s:9741   .debug_loc:0000000000002068 .LLST65
     /tmp/ccjMK2NG.s:9766   .debug_loc:00000000000020ca .LLST66
     /tmp/ccjMK2NG.s:11049  .debug_str:0000000000000278 .LASF135
     /tmp/ccjMK2NG.s:9788   .debug_loc:0000000000002129 .LLST67
     /tmp/ccjMK2NG.s:9813   .debug_loc:000000000000218b .LLST68
     /tmp/ccjMK2NG.s:1427   .text.xQueueGenericSendFromISR:0000000000000050 .LBB4
     /tmp/ccjMK2NG.s:1495   .text.xQueueGenericSendFromISR:00000000000000cc .LBE4
     /tmp/ccjMK2NG.s:9835   .debug_loc:00000000000021ea .LLST69
     /tmp/ccjMK2NG.s:11099  .debug_str:00000000000003fb .LASF136
     /tmp/ccjMK2NG.s:1442   .text.xQueueGenericSendFromISR:000000000000006c .LVL164
     /tmp/ccjMK2NG.s:1476   .text.xQueueGenericSendFromISR:00000000000000a8 .LVL168
     /tmp/ccjMK2NG.s:11131  .debug_str:00000000000004d1 .LASF137
     /tmp/ccjMK2NG.s:934    .text.xQueueGenericSend:0000000000000000 .LFB12
     /tmp/ccjMK2NG.s:1180   .text.xQueueGenericSend:00000000000001d8 .LFE12
     /tmp/ccjMK2NG.s:9852   .debug_loc:0000000000002235 .LLST46
     /tmp/ccjMK2NG.s:9875   .debug_loc:0000000000002297 .LLST47
     /tmp/ccjMK2NG.s:9897   .debug_loc:00000000000022f6 .LLST48
     /tmp/ccjMK2NG.s:9919   .debug_loc:0000000000002355 .LLST49
     /tmp/ccjMK2NG.s:9926   .debug_loc:0000000000002378 .LLST50
     /tmp/ccjMK2NG.s:9948   .debug_loc:00000000000023d7 .LLST51
     /tmp/ccjMK2NG.s:11071  .debug_str:0000000000000322 .LASF138
     /tmp/ccjMK2NG.s:9973   .debug_loc:0000000000002448 .LLST52
     /tmp/ccjMK2NG.s:9988   .debug_loc:0000000000002491 .LLST53
     /tmp/ccjMK2NG.s:971    .text.xQueueGenericSend:0000000000000044 .LVL104
     /tmp/ccjMK2NG.s:985    .text.xQueueGenericSend:0000000000000058 .LVL106
     /tmp/ccjMK2NG.s:1020   .text.xQueueGenericSend:0000000000000084 .LVL114
     /tmp/ccjMK2NG.s:1026   .text.xQueueGenericSend:0000000000000094 .LVL115
     /tmp/ccjMK2NG.s:1034   .text.xQueueGenericSend:00000000000000a4 .LVL118
     /tmp/ccjMK2NG.s:1040   .text.xQueueGenericSend:00000000000000b0 .LVL120
     /tmp/ccjMK2NG.s:1050   .text.xQueueGenericSend:00000000000000c4 .LVL121
     /tmp/ccjMK2NG.s:1068   .text.xQueueGenericSend:00000000000000e8 .LVL123
     /tmp/ccjMK2NG.s:1072   .text.xQueueGenericSend:00000000000000f0 .LVL124
     /tmp/ccjMK2NG.s:1081   .text.xQueueGenericSend:00000000000000f8 .LVL125
     /tmp/ccjMK2NG.s:1105   .text.xQueueGenericSend:0000000000000120 .LVL127
     /tmp/ccjMK2NG.s:1108   .text.xQueueGenericSend:0000000000000128 .LVL128
     /tmp/ccjMK2NG.s:1111   .text.xQueueGenericSend:0000000000000130 .LVL129
     /tmp/ccjMK2NG.s:1128   .text.xQueueGenericSend:0000000000000160 .LVL130
     /tmp/ccjMK2NG.s:1134   .text.xQueueGenericSend:0000000000000170 .LVL131
     /tmp/ccjMK2NG.s:1141   .text.xQueueGenericSend:0000000000000180 .LVL132
     /tmp/ccjMK2NG.s:1149   .text.xQueueGenericSend:0000000000000194 .LVL133
     /tmp/ccjMK2NG.s:1153   .text.xQueueGenericSend:00000000000001a0 .LVL134
     /tmp/ccjMK2NG.s:1157   .text.xQueueGenericSend:00000000000001a8 .LVL135
     /tmp/ccjMK2NG.s:1163   .text.xQueueGenericSend:00000000000001b8 .LVL136
     /tmp/ccjMK2NG.s:1169   .text.xQueueGenericSend:00000000000001c8 .LVL137
     /tmp/ccjMK2NG.s:1173   .text.xQueueGenericSend:00000000000001d0 .LVL138
     /tmp/ccjMK2NG.s:11333  .debug_str:0000000000000b60 .LASF139
     /tmp/ccjMK2NG.s:884    .text.xQueueCreateCountingSemaphore:0000000000000000 .LFB11
     /tmp/ccjMK2NG.s:927    .text.xQueueCreateCountingSemaphore:0000000000000038 .LFE11
     /tmp/ccjMK2NG.s:10010  .debug_loc:00000000000024f0 .LLST43
     /tmp/ccjMK2NG.s:11201  .debug_str:0000000000000709 .LASF140
     /tmp/ccjMK2NG.s:10028  .debug_loc:000000000000253c .LLST44
GAS LISTING /tmp/ccjMK2NG.s 			page 162


     /tmp/ccjMK2NG.s:11119  .debug_str:000000000000047a .LASF141
     /tmp/ccjMK2NG.s:10042  .debug_loc:0000000000002575 .LLST45
     /tmp/ccjMK2NG.s:905    .text.xQueueCreateCountingSemaphore:0000000000000020 .LVL99
     /tmp/ccjMK2NG.s:11235  .debug_str:0000000000000810 .LASF142
     /tmp/ccjMK2NG.s:2231   .text.xQueueTakeMutexRecursive:0000000000000000 .LFB10
     /tmp/ccjMK2NG.s:2310   .text.xQueueTakeMutexRecursive:0000000000000078 .LFE10
     /tmp/ccjMK2NG.s:10060  .debug_loc:00000000000025c1 .LLST91
     /tmp/ccjMK2NG.s:11189  .debug_str:00000000000006b9 .LASF143
     /tmp/ccjMK2NG.s:10078  .debug_loc:000000000000260d .LLST92
     /tmp/ccjMK2NG.s:10096  .debug_loc:0000000000002659 .LLST93
     /tmp/ccjMK2NG.s:10114  .debug_loc:00000000000026a5 .LLST94
     /tmp/ccjMK2NG.s:11013  .debug_str:00000000000000ac .LASF144
     /tmp/ccjMK2NG.s:10126  .debug_loc:00000000000026dc .LLST95
     /tmp/ccjMK2NG.s:2258   .text.xQueueTakeMutexRecursive:0000000000000028 .LVL275
     /tmp/ccjMK2NG.s:2266   .text.xQueueTakeMutexRecursive:000000000000003c .LVL276
     /tmp/ccjMK2NG.s:11311  .debug_str:0000000000000abf .LASF145
     /tmp/ccjMK2NG.s:1282   .text.xQueueGiveMutexRecursive:0000000000000000 .LFB9
     /tmp/ccjMK2NG.s:1359   .text.xQueueGiveMutexRecursive:0000000000000074 .LFE9
     /tmp/ccjMK2NG.s:10144  .debug_loc:0000000000002728 .LLST59
     /tmp/ccjMK2NG.s:10167  .debug_loc:0000000000002788 .LLST60
     /tmp/ccjMK2NG.s:10189  .debug_loc:00000000000027e7 .LLST61
     /tmp/ccjMK2NG.s:10197  .debug_loc:000000000000280b .LLST62
     /tmp/ccjMK2NG.s:1305   .text.xQueueGiveMutexRecursive:0000000000000020 .LVL151
     /tmp/ccjMK2NG.s:1354   .text.xQueueGiveMutexRecursive:000000000000006c .LVL156
     /tmp/ccjMK2NG.s:11241  .debug_str:0000000000000844 .LASF146
     /tmp/ccjMK2NG.s:852    .text.xQueueGetMutexHolderFromISR:0000000000000000 .LFB8
     /tmp/ccjMK2NG.s:877    .text.xQueueGetMutexHolderFromISR:0000000000000018 .LFE8
     /tmp/ccjMK2NG.s:10219  .debug_loc:000000000000286a .LLST41
     /tmp/ccjMK2NG.s:11141  .debug_str:000000000000052f .LASF147
     /tmp/ccjMK2NG.s:10244  .debug_loc:00000000000028cc .LLST42
     /tmp/ccjMK2NG.s:11171  .debug_str:0000000000000627 .LASF148
     /tmp/ccjMK2NG.s:792    .text.xQueueGetMutexHolder:0000000000000000 .LFB7
     /tmp/ccjMK2NG.s:845    .text.xQueueGetMutexHolder:0000000000000048 .LFE7
     /tmp/ccjMK2NG.s:10256  .debug_loc:0000000000002903 .LLST37
     /tmp/ccjMK2NG.s:10279  .debug_loc:0000000000002963 .LLST38
     /tmp/ccjMK2NG.s:10308  .debug_loc:00000000000029d8 .LLST39
     /tmp/ccjMK2NG.s:11057  .debug_str:00000000000002ae .LASF149
     /tmp/ccjMK2NG.s:10319  .debug_loc:0000000000002a0e .LLST40
     /tmp/ccjMK2NG.s:809    .text.xQueueGetMutexHolder:0000000000000018 .LVL87
     /tmp/ccjMK2NG.s:822    .text.xQueueGetMutexHolder:000000000000002c .LVL89
     /tmp/ccjMK2NG.s:11179  .debug_str:000000000000066b .LASF150
     /tmp/ccjMK2NG.s:1235   .text.xQueueCreateMutex:0000000000000000 .LFB6
     /tmp/ccjMK2NG.s:1275   .text.xQueueCreateMutex:0000000000000040 .LFE6
     /tmp/ccjMK2NG.s:10348  .debug_loc:0000000000002a83 .LLST56
     /tmp/ccjMK2NG.s:10366  .debug_loc:0000000000002acf .LLST57
     /tmp/ccjMK2NG.s:11199  .debug_str:00000000000006ff .LASF151
     /tmp/ccjMK2NG.s:10380  .debug_loc:0000000000002b08 .LLST58
     /tmp/ccjMK2NG.s:11047  .debug_str:000000000000026a .LASF152
     /tmp/ccjMK2NG.s:11069  .debug_str:0000000000000316 .LASF153
     /tmp/ccjMK2NG.s:1256   .text.xQueueCreateMutex:0000000000000020 .LVL145
     /tmp/ccjMK2NG.s:1261   .text.xQueueCreateMutex:000000000000002c .LVL147
     /tmp/ccjMK2NG.s:11183  .debug_str:000000000000068b .LASF154
     /tmp/ccjMK2NG.s:1186   .text.prvInitialiseMutex:0000000000000000 .LFB5
     /tmp/ccjMK2NG.s:1228   .text.prvInitialiseMutex:000000000000003c .LFE5
     /tmp/ccjMK2NG.s:10391  .debug_loc:0000000000002b3e .LLST54
     /tmp/ccjMK2NG.s:11075  .debug_str:0000000000000338 .LASF155
     /tmp/ccjMK2NG.s:10409  .debug_loc:0000000000002b8a .LLST55
GAS LISTING /tmp/ccjMK2NG.s 			page 163


     /tmp/ccjMK2NG.s:1215   .text.prvInitialiseMutex:000000000000002c .LVL140
     /tmp/ccjMK2NG.s:11063  .debug_str:00000000000002e7 .LASF156
     /tmp/ccjMK2NG.s:637    .text.prvInitialiseNewQueue:0000000000000000 .LFB4
     /tmp/ccjMK2NG.s:701    .text.prvInitialiseNewQueue:0000000000000058 .LFE4
     /tmp/ccjMK2NG.s:10427  .debug_loc:0000000000002bd6 .LLST24
     /tmp/ccjMK2NG.s:11227  .debug_str:00000000000007d7 .LASF157
     /tmp/ccjMK2NG.s:10450  .debug_loc:0000000000002c36 .LLST25
     /tmp/ccjMK2NG.s:10473  .debug_loc:0000000000002c97 .LLST26
     /tmp/ccjMK2NG.s:11187  .debug_str:00000000000006a9 .LASF158
     /tmp/ccjMK2NG.s:10496  .debug_loc:0000000000002cf8 .LLST27
     /tmp/ccjMK2NG.s:10514  .debug_loc:0000000000002d44 .LLST28
     /tmp/ccjMK2NG.s:10532  .debug_loc:0000000000002d90 .LLST29
     /tmp/ccjMK2NG.s:674    .text.prvInitialiseNewQueue:0000000000000038 .LVL71
     /tmp/ccjMK2NG.s:11177  .debug_str:0000000000000657 .LASF159
     /tmp/ccjMK2NG.s:708    .text.xQueueGenericCreate:0000000000000000 .LFB3
     /tmp/ccjMK2NG.s:785    .text.xQueueGenericCreate:0000000000000078 .LFE3
     /tmp/ccjMK2NG.s:10554  .debug_loc:0000000000002def .LLST30
     /tmp/ccjMK2NG.s:10572  .debug_loc:0000000000002e3b .LLST31
     /tmp/ccjMK2NG.s:10590  .debug_loc:0000000000002e87 .LLST32
     /tmp/ccjMK2NG.s:10608  .debug_loc:0000000000002ed3 .LLST33
     /tmp/ccjMK2NG.s:10622  .debug_loc:0000000000002f0c .LLST34
     /tmp/ccjMK2NG.s:11259  .debug_str:00000000000008ee .LASF160
     /tmp/ccjMK2NG.s:10633  .debug_loc:0000000000002f42 .LLST35
     /tmp/ccjMK2NG.s:10676  .debug_loc:0000000000002fc6 .LLST36
     /tmp/ccjMK2NG.s:743    .text.xQueueGenericCreate:0000000000000034 .LVL77
     /tmp/ccjMK2NG.s:760    .text.xQueueGenericCreate:0000000000000058 .LVL81
     /tmp/ccjMK2NG.s:11315  .debug_str:0000000000000ae7 .LASF161
     /tmp/ccjMK2NG.s:520    .text.xQueueGenericReset:0000000000000000 .LFB2
     /tmp/ccjMK2NG.s:631    .text.xQueueGenericReset:00000000000000c4 .LFE2
     /tmp/ccjMK2NG.s:10695  .debug_loc:0000000000003015 .LLST20
     /tmp/ccjMK2NG.s:10718  .debug_loc:0000000000003075 .LLST21
     /tmp/ccjMK2NG.s:10740  .debug_loc:00000000000030d4 .LLST22
     /tmp/ccjMK2NG.s:10762  .debug_loc:0000000000003133 .LLST23
     /tmp/ccjMK2NG.s:540    .text.xQueueGenericReset:0000000000000020 .LVL58
     /tmp/ccjMK2NG.s:587    .text.xQueueGenericReset:0000000000000070 .LVL59
     /tmp/ccjMK2NG.s:612    .text.xQueueGenericReset:0000000000000094 .LVL63
     /tmp/ccjMK2NG.s:618    .text.xQueueGenericReset:00000000000000a4 .LVL64
     /tmp/ccjMK2NG.s:624    .text.xQueueGenericReset:00000000000000b4 .LVL65
     /tmp/ccjMK2NG.s:628    .text.xQueueGenericReset:00000000000000c0 .LVL66
     /tmp/ccjMK2NG.s:11041  .debug_str:0000000000000181 .LASF168
     /tmp/ccjMK2NG.s:3220   .text.vQueueWaitForMessageRestricted:0000000000000004 .LCFI66
     /tmp/ccjMK2NG.s:3280   .text.vQueueWaitForMessageRestricted:0000000000000080 .LCFI67
     /tmp/ccjMK2NG.s:3285   .text.vQueueWaitForMessageRestricted:0000000000000084 .LCFI68
     /tmp/ccjMK2NG.s:3218   .text.vQueueWaitForMessageRestricted:0000000000000000 .LVL387
     /tmp/ccjMK2NG.s:3272   .text.vQueueWaitForMessageRestricted:0000000000000074 .LVL392
     /tmp/ccjMK2NG.s:3283   .text.vQueueWaitForMessageRestricted:0000000000000084 .LVL395
     /tmp/ccjMK2NG.s:3275   .text.vQueueWaitForMessageRestricted:0000000000000078 .LVL393
     /tmp/ccjMK2NG.s:3278   .text.vQueueWaitForMessageRestricted:000000000000007c .LVL394
     /tmp/ccjMK2NG.s:3234   .text.vQueueWaitForMessageRestricted:0000000000000020 .LVL388
     /tmp/ccjMK2NG.s:3127   .text.vQueueUnregisterQueue:0000000000000000 .LVL377
     /tmp/ccjMK2NG.s:3132   .text.vQueueUnregisterQueue:0000000000000004 .LVL378
     /tmp/ccjMK2NG.s:3155   .text.vQueueUnregisterQueue:0000000000000038 .LVL380
     /tmp/ccjMK2NG.s:3162   .text.vQueueUnregisterQueue:0000000000000044 .LVL381
     /tmp/ccjMK2NG.s:3074   .text.pcQueueGetName:0000000000000000 .LVL370
     /tmp/ccjMK2NG.s:3105   .text.pcQueueGetName:000000000000003c .LVL374
     /tmp/ccjMK2NG.s:3108   .text.pcQueueGetName:0000000000000040 .LVL375
     /tmp/ccjMK2NG.s:3112   .text.pcQueueGetName:0000000000000044 .LVL376
GAS LISTING /tmp/ccjMK2NG.s 			page 164


     /tmp/ccjMK2NG.s:3080   .text.pcQueueGetName:0000000000000004 .LVL371
     /tmp/ccjMK2NG.s:3103   .text.pcQueueGetName:0000000000000038 .LVL373
     /tmp/ccjMK2NG.s:3023   .text.vQueueAddToRegistry:0000000000000000 .LVL365
     /tmp/ccjMK2NG.s:3028   .text.vQueueAddToRegistry:0000000000000004 .LVL366
     /tmp/ccjMK2NG.s:3051   .text.vQueueAddToRegistry:0000000000000038 .LVL368
     /tmp/ccjMK2NG.s:3059   .text.vQueueAddToRegistry:0000000000000044 .LVL369
     /tmp/ccjMK2NG.s:2989   .text.xQueueIsQueueFullFromISR:0000000000000000 .LVL361
     /tmp/ccjMK2NG.s:3002   .text.xQueueIsQueueFullFromISR:0000000000000010 .LVL362
     /tmp/ccjMK2NG.s:3006   .text.xQueueIsQueueFullFromISR:0000000000000014 .LVL363
     /tmp/ccjMK2NG.s:3010   .text.xQueueIsQueueFullFromISR:0000000000000018 .LVL364
     /tmp/ccjMK2NG.s:51     .text.prvIsQueueFull:0000000000000004 .LCFI0
     /tmp/ccjMK2NG.s:86     .text.prvIsQueueFull:0000000000000040 .LCFI1
     /tmp/ccjMK2NG.s:91     .text.prvIsQueueFull:0000000000000044 .LCFI2
     /tmp/ccjMK2NG.s:49     .text.prvIsQueueFull:0000000000000000 .LVL4
     /tmp/ccjMK2NG.s:71     .text.prvIsQueueFull:0000000000000028 .LVL6
     /tmp/ccjMK2NG.s:89     .text.prvIsQueueFull:0000000000000044 .LVL9
     /tmp/ccjMK2NG.s:95     .text.prvIsQueueFull:0000000000000048 .LVL10
     /tmp/ccjMK2NG.s:84     .text.prvIsQueueFull:000000000000003c .LVL8
     /tmp/ccjMK2NG.s:2957   .text.xQueueIsQueueEmptyFromISR:0000000000000000 .LVL357
     /tmp/ccjMK2NG.s:2968   .text.xQueueIsQueueEmptyFromISR:000000000000000c .LVL358
     /tmp/ccjMK2NG.s:2970   .text.xQueueIsQueueEmptyFromISR:0000000000000010 .LVL359
     /tmp/ccjMK2NG.s:2974   .text.xQueueIsQueueEmptyFromISR:0000000000000014 .LVL360
     /tmp/ccjMK2NG.s:109    .text.prvIsQueueEmpty:0000000000000004 .LCFI3
     /tmp/ccjMK2NG.s:142    .text.prvIsQueueEmpty:000000000000003c .LCFI4
     /tmp/ccjMK2NG.s:147    .text.prvIsQueueEmpty:0000000000000040 .LCFI5
     /tmp/ccjMK2NG.s:107    .text.prvIsQueueEmpty:0000000000000000 .LVL11
     /tmp/ccjMK2NG.s:127    .text.prvIsQueueEmpty:0000000000000024 .LVL13
     /tmp/ccjMK2NG.s:145    .text.prvIsQueueEmpty:0000000000000040 .LVL16
     /tmp/ccjMK2NG.s:151    .text.prvIsQueueEmpty:0000000000000044 .LVL17
     /tmp/ccjMK2NG.s:140    .text.prvIsQueueEmpty:0000000000000038 .LVL15
     /tmp/ccjMK2NG.s:391    .text.prvUnlockQueue:0000000000000004 .LCFI11
     /tmp/ccjMK2NG.s:509    .text.prvUnlockQueue:00000000000000dc .LCFI12
     /tmp/ccjMK2NG.s:389    .text.prvUnlockQueue:0000000000000000 .LVL38
     /tmp/ccjMK2NG.s:507    .text.prvUnlockQueue:00000000000000d8 .LVL55
     /tmp/ccjMK2NG.s:409    .text.prvUnlockQueue:0000000000000028 .LVL40
     /tmp/ccjMK2NG.s:417    .text.prvUnlockQueue:0000000000000030 .LVL41
     /tmp/ccjMK2NG.s:420    .text.prvUnlockQueue:0000000000000038 .LVL42
     /tmp/ccjMK2NG.s:456    .text.prvUnlockQueue:000000000000007c .LVL47
     /tmp/ccjMK2NG.s:459    .text.prvUnlockQueue:0000000000000084 .LVL48
     /tmp/ccjMK2NG.s:467    .text.prvUnlockQueue:000000000000008c .LVL49
     /tmp/ccjMK2NG.s:470    .text.prvUnlockQueue:0000000000000094 .LVL50
     /tmp/ccjMK2NG.s:504    .text.prvUnlockQueue:00000000000000d4 .LVL54
     /tmp/ccjMK2NG.s:339    .text.prvCopyDataFromQueue:0000000000000010 .LCFI9
     /tmp/ccjMK2NG.s:373    .text.prvCopyDataFromQueue:0000000000000048 .LCFI10
     /tmp/ccjMK2NG.s:330    .text.prvCopyDataFromQueue:0000000000000000 .LVL33
     /tmp/ccjMK2NG.s:344    .text.prvCopyDataFromQueue:0000000000000018 .LVL34
     /tmp/ccjMK2NG.s:376    .text.prvCopyDataFromQueue:000000000000004c .LVL37
     /tmp/ccjMK2NG.s:366    .text.prvCopyDataFromQueue:0000000000000038 .LVL35
     /tmp/ccjMK2NG.s:165    .text.prvCopyDataToQueue:0000000000000004 .LCFI6
     /tmp/ccjMK2NG.s:220    .text.prvCopyDataToQueue:0000000000000050 .LCFI7
     /tmp/ccjMK2NG.s:225    .text.prvCopyDataToQueue:0000000000000054 .LCFI8
     /tmp/ccjMK2NG.s:163    .text.prvCopyDataToQueue:0000000000000000 .LVL18
     /tmp/ccjMK2NG.s:197    .text.prvCopyDataToQueue:0000000000000034 .LVL22
     /tmp/ccjMK2NG.s:212    .text.prvCopyDataToQueue:0000000000000044 .LVL23
     /tmp/ccjMK2NG.s:223    .text.prvCopyDataToQueue:0000000000000054 .LVL26
     /tmp/ccjMK2NG.s:236    .text.prvCopyDataToQueue:0000000000000068 .LVL28
     /tmp/ccjMK2NG.s:267    .text.prvCopyDataToQueue:00000000000000a0 .LVL30
GAS LISTING /tmp/ccjMK2NG.s 			page 165


     /tmp/ccjMK2NG.s:187    .text.prvCopyDataToQueue:0000000000000024 .LVL21
     /tmp/ccjMK2NG.s:215    .text.prvCopyDataToQueue:0000000000000048 .LVL24
     /tmp/ccjMK2NG.s:178    .text.prvCopyDataToQueue:000000000000001c .LVL19
     /tmp/ccjMK2NG.s:183    .text.prvCopyDataToQueue:0000000000000020 .LVL20
     /tmp/ccjMK2NG.s:218    .text.prvCopyDataToQueue:000000000000004c .LVL25
     /tmp/ccjMK2NG.s:17     .text.prvGetDisinheritPriorityAfterTimeout:0000000000000000 .LVL0
     /tmp/ccjMK2NG.s:23     .text.prvGetDisinheritPriorityAfterTimeout:0000000000000008 .LVL1
     /tmp/ccjMK2NG.s:29     .text.prvGetDisinheritPriorityAfterTimeout:0000000000000010 .LVL2
     /tmp/ccjMK2NG.s:2940   .text.ucQueueGetQueueType:0000000000000000 .LVL355
     /tmp/ccjMK2NG.s:2944   .text.ucQueueGetQueueType:0000000000000004 .LVL356
     /tmp/ccjMK2NG.s:2906   .text.uxQueueGetQueueNumber:0000000000000000 .LVL352
     /tmp/ccjMK2NG.s:2910   .text.uxQueueGetQueueNumber:0000000000000004 .LVL353
     /tmp/ccjMK2NG.s:3179   .text.vQueueDelete:0000000000000004 .LCFI64
     /tmp/ccjMK2NG.s:3204   .text.vQueueDelete:0000000000000030 .LCFI65
     /tmp/ccjMK2NG.s:3177   .text.vQueueDelete:0000000000000000 .LVL382
     /tmp/ccjMK2NG.s:3202   .text.vQueueDelete:000000000000002c .LVL386
     /tmp/ccjMK2NG.s:3187   .text.vQueueDelete:0000000000000010 .LVL383
     /tmp/ccjMK2NG.s:2884   .text.uxQueueMessagesWaitingFromISR:0000000000000000 .LVL350
     /tmp/ccjMK2NG.s:2891   .text.uxQueueMessagesWaitingFromISR:0000000000000004 .LVL351
     /tmp/ccjMK2NG.s:2836   .text.uxQueueSpacesAvailable:0000000000000004 .LCFI62
     /tmp/ccjMK2NG.s:2870   .text.uxQueueSpacesAvailable:000000000000003c .LCFI63
     /tmp/ccjMK2NG.s:2834   .text.uxQueueSpacesAvailable:0000000000000000 .LVL344
     /tmp/ccjMK2NG.s:2857   .text.uxQueueSpacesAvailable:0000000000000024 .LVL347
     /tmp/ccjMK2NG.s:2868   .text.uxQueueSpacesAvailable:0000000000000038 .LVL349
     /tmp/ccjMK2NG.s:2845   .text.uxQueueSpacesAvailable:0000000000000010 .LVL345
     /tmp/ccjMK2NG.s:2792   .text.uxQueueMessagesWaiting:0000000000000004 .LCFI60
     /tmp/ccjMK2NG.s:2820   .text.uxQueueMessagesWaiting:0000000000000034 .LCFI61
     /tmp/ccjMK2NG.s:2790   .text.uxQueueMessagesWaiting:0000000000000000 .LVL339
     /tmp/ccjMK2NG.s:2807   .text.uxQueueMessagesWaiting:000000000000001c .LVL341
     /tmp/ccjMK2NG.s:2818   .text.uxQueueMessagesWaiting:0000000000000030 .LVL343
     /tmp/ccjMK2NG.s:2742   .text.xQueuePeekFromISR:0000000000000014 .LCFI58
     /tmp/ccjMK2NG.s:2776   .text.xQueuePeekFromISR:0000000000000048 .LCFI59
     /tmp/ccjMK2NG.s:2715   .text.xQueuePeekFromISR:0000000000000000 .LVL331
     /tmp/ccjMK2NG.s:2732   .text.xQueuePeekFromISR:000000000000000c .LVL332
     /tmp/ccjMK2NG.s:2738   .text.xQueuePeekFromISR:0000000000000010 .LVL333
     /tmp/ccjMK2NG.s:2771   .text.xQueuePeekFromISR:0000000000000040 .LVL337
     /tmp/ccjMK2NG.s:2763   .text.xQueuePeekFromISR:0000000000000034 .LVL336
     /tmp/ccjMK2NG.s:2755   .text.xQueuePeekFromISR:0000000000000028 .LVL334
     /tmp/ccjMK2NG.s:2774   .text.xQueuePeekFromISR:0000000000000044 .LVL338
     /tmp/ccjMK2NG.s:2572   .text.xQueueReceiveFromISR:0000000000000004 .LCFI55
     /tmp/ccjMK2NG.s:2618   .text.xQueueReceiveFromISR:000000000000003c .LCFI56
     /tmp/ccjMK2NG.s:2623   .text.xQueueReceiveFromISR:0000000000000040 .LCFI57
     /tmp/ccjMK2NG.s:2570   .text.xQueueReceiveFromISR:0000000000000000 .LVL318
     /tmp/ccjMK2NG.s:2602   .text.xQueueReceiveFromISR:0000000000000024 .LVL321
     /tmp/ccjMK2NG.s:2621   .text.xQueueReceiveFromISR:0000000000000040 .LVL322
     /tmp/ccjMK2NG.s:2587   .text.xQueueReceiveFromISR:0000000000000018 .LVL319
     /tmp/ccjMK2NG.s:2596   .text.xQueueReceiveFromISR:000000000000001c .LVL320
     /tmp/ccjMK2NG.s:2642   .text.xQueueReceiveFromISR:0000000000000060 .LVL325
     /tmp/ccjMK2NG.s:2634   .text.xQueueReceiveFromISR:0000000000000054 .LVL323
     /tmp/ccjMK2NG.s:2653   .text.xQueueReceiveFromISR:0000000000000070 .LVL326
     /tmp/ccjMK2NG.s:2656   .text.xQueueReceiveFromISR:0000000000000074 .LVL327
     /tmp/ccjMK2NG.s:2663   .text.xQueueReceiveFromISR:0000000000000084 .LVL328
     /tmp/ccjMK2NG.s:2322   .text.xQueuePeek:0000000000000004 .LCFI52
     /tmp/ccjMK2NG.s:2388   .text.xQueuePeek:0000000000000068 .LCFI53
     /tmp/ccjMK2NG.s:2393   .text.xQueuePeek:000000000000006c .LCFI54
     /tmp/ccjMK2NG.s:2320   .text.xQueuePeek:0000000000000000 .LVL282
     /tmp/ccjMK2NG.s:2343   .text.xQueuePeek:0000000000000028 .LVL284
GAS LISTING /tmp/ccjMK2NG.s 			page 166


     /tmp/ccjMK2NG.s:2381   .text.xQueuePeek:000000000000005c .LVL289
     /tmp/ccjMK2NG.s:2391   .text.xQueuePeek:000000000000006c .LVL291
     /tmp/ccjMK2NG.s:2386   .text.xQueuePeek:0000000000000064 .LVL290
     /tmp/ccjMK2NG.s:2336   .text.xQueuePeek:0000000000000020 .LVL283
     /tmp/ccjMK2NG.s:2349   .text.xQueuePeek:000000000000002c .LVL285
     /tmp/ccjMK2NG.s:2408   .text.xQueuePeek:000000000000008c .LVL294
     /tmp/ccjMK2NG.s:2427   .text.xQueuePeek:00000000000000b0 .LVL297
     /tmp/ccjMK2NG.s:2372   .text.xQueuePeek:0000000000000054 .LVL288
     /tmp/ccjMK2NG.s:2476   .text.xQueuePeek:0000000000000108 .LVL305
     /tmp/ccjMK2NG.s:2483   .text.xQueuePeek:0000000000000110 .LVL306
     /tmp/ccjMK2NG.s:1923   .text.xQueueSemaphoreTake:0000000000000004 .LCFI47
     /tmp/ccjMK2NG.s:1993   .text.xQueueSemaphoreTake:0000000000000060 .LCFI48
     /tmp/ccjMK2NG.s:1998   .text.xQueueSemaphoreTake:0000000000000064 .LCFI49
     /tmp/ccjMK2NG.s:1921   .text.xQueueSemaphoreTake:0000000000000000 .LVL226
     /tmp/ccjMK2NG.s:1945   .text.xQueueSemaphoreTake:0000000000000028 .LVL228
     /tmp/ccjMK2NG.s:1985   .text.xQueueSemaphoreTake:0000000000000054 .LVL233
     /tmp/ccjMK2NG.s:1996   .text.xQueueSemaphoreTake:0000000000000064 .LVL236
     /tmp/ccjMK2NG.s:1936   .text.xQueueSemaphoreTake:000000000000001c .LVL227
     /tmp/ccjMK2NG.s:1988   .text.xQueueSemaphoreTake:0000000000000058 .LVL234
     /tmp/ccjMK2NG.s:2040   .text.xQueueSemaphoreTake:00000000000000b8 .LVL242
     /tmp/ccjMK2NG.s:1991   .text.xQueueSemaphoreTake:000000000000005c .LVL235
     /tmp/ccjMK2NG.s:2060   .text.xQueueSemaphoreTake:00000000000000e0 .LVL245
     /tmp/ccjMK2NG.s:1952   .text.xQueueSemaphoreTake:000000000000002c .LVL229
     /tmp/ccjMK2NG.s:1958   .text.xQueueSemaphoreTake:0000000000000034 .LVL230
     /tmp/ccjMK2NG.s:1961   .text.xQueueSemaphoreTake:0000000000000038 .LVL231
     /tmp/ccjMK2NG.s:2104   .text.xQueueSemaphoreTake:0000000000000134 .LVL254
     /tmp/ccjMK2NG.s:2111   .text.xQueueSemaphoreTake:000000000000013c .LVL255
     /tmp/ccjMK2NG.s:2212   .text.xQueueSemaphoreTake:0000000000000214 .LVL269
     /tmp/ccjMK2NG.s:2215   .text.xQueueSemaphoreTake:0000000000000218 .LVL270
     /tmp/ccjMK2NG.s:1671   .text.xQueueReceive:0000000000000004 .LCFI44
     /tmp/ccjMK2NG.s:1740   .text.xQueueReceive:0000000000000070 .LCFI45
     /tmp/ccjMK2NG.s:1745   .text.xQueueReceive:0000000000000074 .LCFI46
     /tmp/ccjMK2NG.s:1669   .text.xQueueReceive:0000000000000000 .LVL190
     /tmp/ccjMK2NG.s:1693   .text.xQueueReceive:000000000000002c .LVL192
     /tmp/ccjMK2NG.s:1730   .text.xQueueReceive:0000000000000060 .LVL197
     /tmp/ccjMK2NG.s:1743   .text.xQueueReceive:0000000000000074 .LVL200
     /tmp/ccjMK2NG.s:1738   .text.xQueueReceive:000000000000006c .LVL199
     /tmp/ccjMK2NG.s:1687   .text.xQueueReceive:0000000000000024 .LVL191
     /tmp/ccjMK2NG.s:1735   .text.xQueueReceive:0000000000000068 .LVL198
     /tmp/ccjMK2NG.s:1779   .text.xQueueReceive:00000000000000b8 .LVL206
     /tmp/ccjMK2NG.s:1705   .text.xQueueReceive:0000000000000040 .LVL194
     /tmp/ccjMK2NG.s:1721   .text.xQueueReceive:0000000000000058 .LVL196
     /tmp/ccjMK2NG.s:1760   .text.xQueueReceive:0000000000000094 .LVL203
     /tmp/ccjMK2NG.s:1815   .text.xQueueReceive:0000000000000104 .LVL212
     /tmp/ccjMK2NG.s:1828   .text.xQueueReceive:0000000000000110 .LVL214
     /tmp/ccjMK2NG.s:1533   .text.xQueueGiveFromISR:0000000000000010 .LCFI39
     /tmp/ccjMK2NG.s:1586   .text.xQueueGiveFromISR:0000000000000058 .LCFI40
     /tmp/ccjMK2NG.s:1591   .text.xQueueGiveFromISR:000000000000005c .LCFI41
     /tmp/ccjMK2NG.s:1627   .text.xQueueGiveFromISR:0000000000000090 .LCFI42
     /tmp/ccjMK2NG.s:1640   .text.xQueueGiveFromISR:0000000000000098 .LCFI43
     /tmp/ccjMK2NG.s:1511   .text.xQueueGiveFromISR:0000000000000000 .LVL170
     /tmp/ccjMK2NG.s:1574   .text.xQueueGiveFromISR:000000000000004c .LVL178
     /tmp/ccjMK2NG.s:1589   .text.xQueueGiveFromISR:000000000000005c .LVL180
     /tmp/ccjMK2NG.s:1603   .text.xQueueGiveFromISR:0000000000000068 .LVL182
     /tmp/ccjMK2NG.s:1605   .text.xQueueGiveFromISR:000000000000006c .LVL183
     /tmp/ccjMK2NG.s:1610   .text.xQueueGiveFromISR:0000000000000070 .LVL184
     /tmp/ccjMK2NG.s:1625   .text.xQueueGiveFromISR:0000000000000090 .LVL186
GAS LISTING /tmp/ccjMK2NG.s 			page 167


     /tmp/ccjMK2NG.s:1634   .text.xQueueGiveFromISR:0000000000000094 .LVL187
     /tmp/ccjMK2NG.s:1584   .text.xQueueGiveFromISR:0000000000000054 .LVL179
     /tmp/ccjMK2NG.s:1638   .text.xQueueGiveFromISR:0000000000000098 .LVL188
     /tmp/ccjMK2NG.s:1524   .text.xQueueGiveFromISR:0000000000000004 .LVL171
     /tmp/ccjMK2NG.s:1552   .text.xQueueGiveFromISR:000000000000002c .LVL173
     /tmp/ccjMK2NG.s:1558   .text.xQueueGiveFromISR:0000000000000034 .LVL174
     /tmp/ccjMK2NG.s:1571   .text.xQueueGiveFromISR:0000000000000048 .LVL177
     /tmp/ccjMK2NG.s:1547   .text.xQueueGiveFromISR:0000000000000028 .LVL172
     /tmp/ccjMK2NG.s:1564   .text.xQueueGiveFromISR:000000000000003c .LVL175
     /tmp/ccjMK2NG.s:1567   .text.xQueueGiveFromISR:0000000000000040 .LVL176
     /tmp/ccjMK2NG.s:1598   .text.xQueueGiveFromISR:0000000000000060 .LVL181
     /tmp/ccjMK2NG.s:1371   .text.xQueueGenericSendFromISR:0000000000000004 .LCFI36
     /tmp/ccjMK2NG.s:1420   .text.xQueueGenericSendFromISR:000000000000004c .LCFI37
     /tmp/ccjMK2NG.s:1425   .text.xQueueGenericSendFromISR:0000000000000050 .LCFI38
     /tmp/ccjMK2NG.s:1369   .text.xQueueGenericSendFromISR:0000000000000000 .LVL157
     /tmp/ccjMK2NG.s:1405   .text.xQueueGenericSendFromISR:0000000000000038 .LVL159
     /tmp/ccjMK2NG.s:1413   .text.xQueueGenericSendFromISR:0000000000000040 .LVL160
     /tmp/ccjMK2NG.s:1423   .text.xQueueGenericSendFromISR:0000000000000050 .LVL162
     /tmp/ccjMK2NG.s:1384   .text.xQueueGenericSendFromISR:0000000000000020 .LVL158
     /tmp/ccjMK2NG.s:1418   .text.xQueueGenericSendFromISR:0000000000000048 .LVL161
     /tmp/ccjMK2NG.s:1433   .text.xQueueGenericSendFromISR:000000000000005c .LVL163
     /tmp/ccjMK2NG.s:1451   .text.xQueueGenericSendFromISR:0000000000000078 .LVL165
     /tmp/ccjMK2NG.s:1454   .text.xQueueGenericSendFromISR:000000000000007c .LVL166
     /tmp/ccjMK2NG.s:1461   .text.xQueueGenericSendFromISR:000000000000008c .LVL167
     /tmp/ccjMK2NG.s:939    .text.xQueueGenericSend:0000000000000004 .LCFI26
     /tmp/ccjMK2NG.s:1008   .text.xQueueGenericSend:0000000000000074 .LCFI27
     /tmp/ccjMK2NG.s:1013   .text.xQueueGenericSend:0000000000000078 .LCFI28
     /tmp/ccjMK2NG.s:937    .text.xQueueGenericSend:0000000000000000 .LVL101
     /tmp/ccjMK2NG.s:962    .text.xQueueGenericSend:0000000000000030 .LVL103
     /tmp/ccjMK2NG.s:997    .text.xQueueGenericSend:0000000000000064 .LVL108
     /tmp/ccjMK2NG.s:1011   .text.xQueueGenericSend:0000000000000078 .LVL112
     /tmp/ccjMK2NG.s:1006   .text.xQueueGenericSend:0000000000000070 .LVL111
     /tmp/ccjMK2NG.s:1000   .text.xQueueGenericSend:0000000000000068 .LVL109
     /tmp/ccjMK2NG.s:956    .text.xQueueGenericSend:0000000000000028 .LVL102
     /tmp/ccjMK2NG.s:1003   .text.xQueueGenericSend:000000000000006c .LVL110
     /tmp/ccjMK2NG.s:1055   .text.xQueueGenericSend:00000000000000cc .LVL122
     /tmp/ccjMK2NG.s:980    .text.xQueueGenericSend:0000000000000050 .LVL105
     /tmp/ccjMK2NG.s:1018   .text.xQueueGenericSend:000000000000007c .LVL113
     /tmp/ccjMK2NG.s:1028   .text.xQueueGenericSend:0000000000000098 .LVL116
     /tmp/ccjMK2NG.s:1032   .text.xQueueGenericSend:000000000000009c .LVL117
     /tmp/ccjMK2NG.s:889    .text.xQueueCreateCountingSemaphore:0000000000000004 .LCFI24
     /tmp/ccjMK2NG.s:923    .text.xQueueCreateCountingSemaphore:0000000000000034 .LCFI25
     /tmp/ccjMK2NG.s:887    .text.xQueueCreateCountingSemaphore:0000000000000000 .LVL97
     /tmp/ccjMK2NG.s:903    .text.xQueueCreateCountingSemaphore:0000000000000018 .LVL98
     /tmp/ccjMK2NG.s:921    .text.xQueueCreateCountingSemaphore:0000000000000030 .LVL100
     /tmp/ccjMK2NG.s:2236   .text.xQueueTakeMutexRecursive:0000000000000004 .LCFI50
     /tmp/ccjMK2NG.s:2306   .text.xQueueTakeMutexRecursive:0000000000000074 .LCFI51
     /tmp/ccjMK2NG.s:2234   .text.xQueueTakeMutexRecursive:0000000000000000 .LVL273
     /tmp/ccjMK2NG.s:2299   .text.xQueueTakeMutexRecursive:0000000000000068 .LVL280
     /tmp/ccjMK2NG.s:2302   .text.xQueueTakeMutexRecursive:000000000000006c .LVL281
     /tmp/ccjMK2NG.s:2280   .text.xQueueTakeMutexRecursive:0000000000000050 .LVL277
     /tmp/ccjMK2NG.s:2289   .text.xQueueTakeMutexRecursive:000000000000005c .LVL278
     /tmp/ccjMK2NG.s:2292   .text.xQueueTakeMutexRecursive:0000000000000060 .LVL279
     /tmp/ccjMK2NG.s:2250   .text.xQueueTakeMutexRecursive:000000000000001c .LVL274
     /tmp/ccjMK2NG.s:1287   .text.xQueueGiveMutexRecursive:0000000000000004 .LCFI33
     /tmp/ccjMK2NG.s:1321   .text.xQueueGiveMutexRecursive:0000000000000038 .LCFI34
     /tmp/ccjMK2NG.s:1326   .text.xQueueGiveMutexRecursive:000000000000003c .LCFI35
GAS LISTING /tmp/ccjMK2NG.s 			page 168


     /tmp/ccjMK2NG.s:1285   .text.xQueueGiveMutexRecursive:0000000000000000 .LVL149
     /tmp/ccjMK2NG.s:1317   .text.xQueueGiveMutexRecursive:0000000000000030 .LVL152
     /tmp/ccjMK2NG.s:1324   .text.xQueueGiveMutexRecursive:000000000000003c .LVL153
     /tmp/ccjMK2NG.s:1340   .text.xQueueGiveMutexRecursive:0000000000000050 .LVL154
     /tmp/ccjMK2NG.s:1345   .text.xQueueGiveMutexRecursive:0000000000000054 .LVL155
     /tmp/ccjMK2NG.s:1298   .text.xQueueGiveMutexRecursive:0000000000000014 .LVL150
     /tmp/ccjMK2NG.s:855    .text.xQueueGetMutexHolderFromISR:0000000000000000 .LVL93
     /tmp/ccjMK2NG.s:866    .text.xQueueGetMutexHolderFromISR:000000000000000c .LVL94
     /tmp/ccjMK2NG.s:868    .text.xQueueGetMutexHolderFromISR:0000000000000010 .LVL95
     /tmp/ccjMK2NG.s:872    .text.xQueueGetMutexHolderFromISR:0000000000000014 .LVL96
     /tmp/ccjMK2NG.s:797    .text.xQueueGetMutexHolder:0000000000000004 .LCFI21
     /tmp/ccjMK2NG.s:833    .text.xQueueGetMutexHolder:000000000000003c .LCFI22
     /tmp/ccjMK2NG.s:838    .text.xQueueGetMutexHolder:0000000000000040 .LCFI23
     /tmp/ccjMK2NG.s:795    .text.xQueueGetMutexHolder:0000000000000000 .LVL85
     /tmp/ccjMK2NG.s:818    .text.xQueueGetMutexHolder:0000000000000024 .LVL88
     /tmp/ccjMK2NG.s:836    .text.xQueueGetMutexHolder:0000000000000040 .LVL91
     /tmp/ccjMK2NG.s:842    .text.xQueueGetMutexHolder:0000000000000044 .LVL92
     /tmp/ccjMK2NG.s:831    .text.xQueueGetMutexHolder:0000000000000038 .LVL90
     /tmp/ccjMK2NG.s:806    .text.xQueueGetMutexHolder:0000000000000010 .LVL86
     /tmp/ccjMK2NG.s:1240   .text.xQueueCreateMutex:0000000000000004 .LCFI31
     /tmp/ccjMK2NG.s:1271   .text.xQueueCreateMutex:000000000000003c .LCFI32
     /tmp/ccjMK2NG.s:1238   .text.xQueueCreateMutex:0000000000000000 .LVL142
     /tmp/ccjMK2NG.s:1254   .text.xQueueCreateMutex:0000000000000018 .LVL144
     /tmp/ccjMK2NG.s:1258   .text.xQueueCreateMutex:0000000000000024 .LVL146
     /tmp/ccjMK2NG.s:1269   .text.xQueueCreateMutex:0000000000000038 .LVL148
     /tmp/ccjMK2NG.s:1195   .text.prvInitialiseMutex:0000000000000008 .LCFI29
     /tmp/ccjMK2NG.s:1221   .text.prvInitialiseMutex:0000000000000034 .LCFI30
     /tmp/ccjMK2NG.s:1189   .text.prvInitialiseMutex:0000000000000000 .LVL139
     /tmp/ccjMK2NG.s:1224   .text.prvInitialiseMutex:0000000000000038 .LVL141
     /tmp/ccjMK2NG.s:642    .text.prvInitialiseNewQueue:0000000000000004 .LCFI16
     /tmp/ccjMK2NG.s:689    .text.prvInitialiseNewQueue:000000000000004c .LCFI17
     /tmp/ccjMK2NG.s:694    .text.prvInitialiseNewQueue:0000000000000050 .LCFI18
     /tmp/ccjMK2NG.s:640    .text.prvInitialiseNewQueue:0000000000000000 .LVL67
     /tmp/ccjMK2NG.s:672    .text.prvInitialiseNewQueue:0000000000000030 .LVL70
     /tmp/ccjMK2NG.s:692    .text.prvInitialiseNewQueue:0000000000000050 .LVL73
     /tmp/ccjMK2NG.s:670    .text.prvInitialiseNewQueue:000000000000002c .LVL69
     /tmp/ccjMK2NG.s:659    .text.prvInitialiseNewQueue:0000000000000020 .LVL68
     /tmp/ccjMK2NG.s:685    .text.prvInitialiseNewQueue:0000000000000044 .LVL72
     /tmp/ccjMK2NG.s:713    .text.xQueueGenericCreate:0000000000000004 .LCFI19
     /tmp/ccjMK2NG.s:781    .text.xQueueGenericCreate:0000000000000074 .LCFI20
     /tmp/ccjMK2NG.s:711    .text.xQueueGenericCreate:0000000000000000 .LVL74
     /tmp/ccjMK2NG.s:735    .text.xQueueGenericCreate:0000000000000028 .LVL75
     /tmp/ccjMK2NG.s:774    .text.xQueueGenericCreate:0000000000000068 .LVL83
     /tmp/ccjMK2NG.s:777    .text.xQueueGenericCreate:000000000000006c .LVL84
     /tmp/ccjMK2NG.s:745    .text.xQueueGenericCreate:0000000000000038 .LVL78
     /tmp/ccjMK2NG.s:771    .text.xQueueGenericCreate:0000000000000064 .LVL82
     /tmp/ccjMK2NG.s:741    .text.xQueueGenericCreate:000000000000002c .LVL76
     /tmp/ccjMK2NG.s:750    .text.xQueueGenericCreate:000000000000003c .LVL79
     /tmp/ccjMK2NG.s:756    .text.xQueueGenericCreate:0000000000000048 .LVL80
     /tmp/ccjMK2NG.s:525    .text.xQueueGenericReset:0000000000000004 .LCFI13
     /tmp/ccjMK2NG.s:601    .text.xQueueGenericReset:0000000000000084 .LCFI14
     /tmp/ccjMK2NG.s:606    .text.xQueueGenericReset:0000000000000088 .LCFI15
     /tmp/ccjMK2NG.s:523    .text.xQueueGenericReset:0000000000000000 .LVL56
     /tmp/ccjMK2NG.s:596    .text.xQueueGenericReset:000000000000007c .LVL60
     /tmp/ccjMK2NG.s:604    .text.xQueueGenericReset:0000000000000088 .LVL62
     /tmp/ccjMK2NG.s:599    .text.xQueueGenericReset:0000000000000080 .LVL61
     /tmp/ccjMK2NG.s:536    .text.xQueueGenericReset:0000000000000018 .LVL57
GAS LISTING /tmp/ccjMK2NG.s 			page 169


     /tmp/ccjMK2NG.s:3325   .debug_info:0000000000000000 .Ldebug_info0
     /tmp/ccjMK2NG.s:1520   .text.xQueueGiveFromISR:0000000000000000 .LBB5
     /tmp/ccjMK2NG.s:1530   .text.xQueueGiveFromISR:000000000000000c .LBE5
     /tmp/ccjMK2NG.s:1540   .text.xQueueGiveFromISR:000000000000001c .LBB9
     /tmp/ccjMK2NG.s:1577   .text.xQueueGiveFromISR:000000000000004c .LBE9
     /tmp/ccjMK2NG.s:1593   .text.xQueueGiveFromISR:000000000000005c .LBB10
     /tmp/ccjMK2NG.s:1635   .text.xQueueGiveFromISR:0000000000000094 .LBE10
     /tmp/ccjMK2NG.s:1644   .text.xQueueGiveFromISR:0000000000000098 .LBB11
     /tmp/ccjMK2NG.s:1653   .text.xQueueGiveFromISR:00000000000000a4 .LBE11
     /tmp/ccjMK2NG.s:1541   .text.xQueueGiveFromISR:000000000000001c .LBB6
     /tmp/ccjMK2NG.s:1576   .text.xQueueGiveFromISR:000000000000004c .LBE6
     /tmp/ccjMK2NG.s:1594   .text.xQueueGiveFromISR:000000000000005c .LBB7
     /tmp/ccjMK2NG.s:1631   .text.xQueueGiveFromISR:0000000000000090 .LBE7
     /tmp/ccjMK2NG.s:1645   .text.xQueueGiveFromISR:0000000000000098 .LBB8
     /tmp/ccjMK2NG.s:1652   .text.xQueueGiveFromISR:00000000000000a4 .LBE8
     /tmp/ccjMK2NG.s:1695   .text.xQueueReceive:000000000000002c .LBB12
     /tmp/ccjMK2NG.s:1723   .text.xQueueReceive:0000000000000058 .LBE12
     /tmp/ccjMK2NG.s:1747   .text.xQueueReceive:0000000000000074 .LBB13
     /tmp/ccjMK2NG.s:1781   .text.xQueueReceive:00000000000000b8 .LBE13
     /tmp/ccjMK2NG.s:1824   .text.xQueueReceive:000000000000010c .LBB14
     /tmp/ccjMK2NG.s:1843   .text.xQueueReceive:0000000000000120 .LBE14
     /tmp/ccjMK2NG.s:1947   .text.xQueueSemaphoreTake:0000000000000028 .LBB15
     /tmp/ccjMK2NG.s:1978   .text.xQueueSemaphoreTake:000000000000004c .LBE15
     /tmp/ccjMK2NG.s:2000   .text.xQueueSemaphoreTake:0000000000000064 .LBB16
     /tmp/ccjMK2NG.s:2042   .text.xQueueSemaphoreTake:00000000000000b8 .LBE16
     /tmp/ccjMK2NG.s:2100   .text.xQueueSemaphoreTake:0000000000000130 .LBB17
     /tmp/ccjMK2NG.s:2120   .text.xQueueSemaphoreTake:0000000000000144 .LBE17
     /tmp/ccjMK2NG.s:2345   .text.xQueuePeek:0000000000000028 .LBB19
     /tmp/ccjMK2NG.s:2374   .text.xQueuePeek:0000000000000054 .LBE19
     /tmp/ccjMK2NG.s:2395   .text.xQueuePeek:000000000000006c .LBB20
     /tmp/ccjMK2NG.s:2429   .text.xQueuePeek:00000000000000b0 .LBE20
     /tmp/ccjMK2NG.s:2472   .text.xQueuePeek:0000000000000104 .LBB21
     /tmp/ccjMK2NG.s:2492   .text.xQueuePeek:0000000000000118 .LBE21
     /tmp/ccjMK2NG.s:2592   .text.xQueueReceiveFromISR:0000000000000018 .LBB22
     /tmp/ccjMK2NG.s:2604   .text.xQueueReceiveFromISR:0000000000000024 .LBE22
     /tmp/ccjMK2NG.s:2627   .text.xQueueReceiveFromISR:0000000000000048 .LBB24
     /tmp/ccjMK2NG.s:2699   .text.xQueueReceiveFromISR:00000000000000c4 .LBE24

UNDEFINED SYMBOLS
vTaskEnterCritical
vTaskExitCritical
xTaskPriorityDisinherit
memcpy
xTaskRemoveFromEventList
vTaskMissedYield
sbi_send_ipi
vListInitialise
pvPortMalloc
vTaskInternalSetTimeOutState
xTaskResumeAll
vTaskSuspendAll
xTaskCheckForTimeOut
vTaskPlaceOnEventList
xTaskGetCurrentTaskHandle
pvTaskIncrementMutexHeldCount
xTaskPriorityInherit
vTaskPriorityDisinheritAfterTimeout
GAS LISTING /tmp/ccjMK2NG.s 			page 170


vPortFree
vTaskPlaceOnEventListRestricted
