GAS LISTING /tmp/ccHKNjJ2.s 			page 1


   1              		.file	"stream_buffer.c"
   2              		.option nopic
   3              		.attribute arch, "rv64i2p1_m2p0_a2p1_f2p2_d2p2_zicsr2p0"
   4              		.attribute unaligned_access, 0
   5              		.attribute stack_align, 16
   6              		.text
   7              	.Ltext0:
   8              		.cfi_sections	.debug_frame
   9              		.file 1 "/home/zz/quard-start/Quard-Star/trusted_domain/FreeRTOS-Kernel/stream_buffer.c"
  10              		.section	.text.prvBytesInBuffer,"ax",@progbits
  11              		.align	2
  13              	prvBytesInBuffer:
  14              	.LFB21:
   1:/home/zz/quard-start/Quard-Star/trusted_domain/FreeRTOS-Kernel/stream_buffer.c **** /*
   2:/home/zz/quard-start/Quard-Star/trusted_domain/FreeRTOS-Kernel/stream_buffer.c ****  * FreeRTOS Kernel V10.4.3 LTS Patch 3
   3:/home/zz/quard-start/Quard-Star/trusted_domain/FreeRTOS-Kernel/stream_buffer.c ****  * Copyright (C) 2020 Amazon.com, Inc. or its affiliates.  All Rights Reserved.
   4:/home/zz/quard-start/Quard-Star/trusted_domain/FreeRTOS-Kernel/stream_buffer.c ****  *
   5:/home/zz/quard-start/Quard-Star/trusted_domain/FreeRTOS-Kernel/stream_buffer.c ****  * Permission is hereby granted, free of charge, to any person obtaining a copy of
   6:/home/zz/quard-start/Quard-Star/trusted_domain/FreeRTOS-Kernel/stream_buffer.c ****  * this software and associated documentation files (the "Software"), to deal in
   7:/home/zz/quard-start/Quard-Star/trusted_domain/FreeRTOS-Kernel/stream_buffer.c ****  * the Software without restriction, including without limitation the rights to
   8:/home/zz/quard-start/Quard-Star/trusted_domain/FreeRTOS-Kernel/stream_buffer.c ****  * use, copy, modify, merge, publish, distribute, sublicense, and/or sell copies of
   9:/home/zz/quard-start/Quard-Star/trusted_domain/FreeRTOS-Kernel/stream_buffer.c ****  * the Software, and to permit persons to whom the Software is furnished to do so,
  10:/home/zz/quard-start/Quard-Star/trusted_domain/FreeRTOS-Kernel/stream_buffer.c ****  * subject to the following conditions:
  11:/home/zz/quard-start/Quard-Star/trusted_domain/FreeRTOS-Kernel/stream_buffer.c ****  *
  12:/home/zz/quard-start/Quard-Star/trusted_domain/FreeRTOS-Kernel/stream_buffer.c ****  * The above copyright notice and this permission notice shall be included in all
  13:/home/zz/quard-start/Quard-Star/trusted_domain/FreeRTOS-Kernel/stream_buffer.c ****  * copies or substantial portions of the Software.
  14:/home/zz/quard-start/Quard-Star/trusted_domain/FreeRTOS-Kernel/stream_buffer.c ****  *
  15:/home/zz/quard-start/Quard-Star/trusted_domain/FreeRTOS-Kernel/stream_buffer.c ****  * THE SOFTWARE IS PROVIDED "AS IS", WITHOUT WARRANTY OF ANY KIND, EXPRESS OR
  16:/home/zz/quard-start/Quard-Star/trusted_domain/FreeRTOS-Kernel/stream_buffer.c ****  * IMPLIED, INCLUDING BUT NOT LIMITED TO THE WARRANTIES OF MERCHANTABILITY, FITNESS
  17:/home/zz/quard-start/Quard-Star/trusted_domain/FreeRTOS-Kernel/stream_buffer.c ****  * FOR A PARTICULAR PURPOSE AND NONINFRINGEMENT. IN NO EVENT SHALL THE AUTHORS OR
  18:/home/zz/quard-start/Quard-Star/trusted_domain/FreeRTOS-Kernel/stream_buffer.c ****  * COPYRIGHT HOLDERS BE LIABLE FOR ANY CLAIM, DAMAGES OR OTHER LIABILITY, WHETHER
  19:/home/zz/quard-start/Quard-Star/trusted_domain/FreeRTOS-Kernel/stream_buffer.c ****  * IN AN ACTION OF CONTRACT, TORT OR OTHERWISE, ARISING FROM, OUT OF OR IN
  20:/home/zz/quard-start/Quard-Star/trusted_domain/FreeRTOS-Kernel/stream_buffer.c ****  * CONNECTION WITH THE SOFTWARE OR THE USE OR OTHER DEALINGS IN THE SOFTWARE.
  21:/home/zz/quard-start/Quard-Star/trusted_domain/FreeRTOS-Kernel/stream_buffer.c ****  *
  22:/home/zz/quard-start/Quard-Star/trusted_domain/FreeRTOS-Kernel/stream_buffer.c ****  * https://www.FreeRTOS.org
  23:/home/zz/quard-start/Quard-Star/trusted_domain/FreeRTOS-Kernel/stream_buffer.c ****  * https://github.com/FreeRTOS
  24:/home/zz/quard-start/Quard-Star/trusted_domain/FreeRTOS-Kernel/stream_buffer.c ****  *
  25:/home/zz/quard-start/Quard-Star/trusted_domain/FreeRTOS-Kernel/stream_buffer.c ****  */
  26:/home/zz/quard-start/Quard-Star/trusted_domain/FreeRTOS-Kernel/stream_buffer.c **** 
  27:/home/zz/quard-start/Quard-Star/trusted_domain/FreeRTOS-Kernel/stream_buffer.c **** /* Standard includes. */
  28:/home/zz/quard-start/Quard-Star/trusted_domain/FreeRTOS-Kernel/stream_buffer.c **** #include <stdint.h>
  29:/home/zz/quard-start/Quard-Star/trusted_domain/FreeRTOS-Kernel/stream_buffer.c **** #include <string.h>
  30:/home/zz/quard-start/Quard-Star/trusted_domain/FreeRTOS-Kernel/stream_buffer.c **** 
  31:/home/zz/quard-start/Quard-Star/trusted_domain/FreeRTOS-Kernel/stream_buffer.c **** /* Defining MPU_WRAPPERS_INCLUDED_FROM_API_FILE prevents task.h from redefining
  32:/home/zz/quard-start/Quard-Star/trusted_domain/FreeRTOS-Kernel/stream_buffer.c ****  * all the API functions to use the MPU wrappers.  That should only be done when
  33:/home/zz/quard-start/Quard-Star/trusted_domain/FreeRTOS-Kernel/stream_buffer.c ****  * task.h is included from an application file. */
  34:/home/zz/quard-start/Quard-Star/trusted_domain/FreeRTOS-Kernel/stream_buffer.c **** #define MPU_WRAPPERS_INCLUDED_FROM_API_FILE
  35:/home/zz/quard-start/Quard-Star/trusted_domain/FreeRTOS-Kernel/stream_buffer.c **** 
  36:/home/zz/quard-start/Quard-Star/trusted_domain/FreeRTOS-Kernel/stream_buffer.c **** /* FreeRTOS includes. */
  37:/home/zz/quard-start/Quard-Star/trusted_domain/FreeRTOS-Kernel/stream_buffer.c **** #include "FreeRTOS.h"
  38:/home/zz/quard-start/Quard-Star/trusted_domain/FreeRTOS-Kernel/stream_buffer.c **** #include "task.h"
  39:/home/zz/quard-start/Quard-Star/trusted_domain/FreeRTOS-Kernel/stream_buffer.c **** #include "stream_buffer.h"
  40:/home/zz/quard-start/Quard-Star/trusted_domain/FreeRTOS-Kernel/stream_buffer.c **** 
  41:/home/zz/quard-start/Quard-Star/trusted_domain/FreeRTOS-Kernel/stream_buffer.c **** #if ( configUSE_TASK_NOTIFICATIONS != 1 )
  42:/home/zz/quard-start/Quard-Star/trusted_domain/FreeRTOS-Kernel/stream_buffer.c ****     #error configUSE_TASK_NOTIFICATIONS must be set to 1 to build stream_buffer.c
  43:/home/zz/quard-start/Quard-Star/trusted_domain/FreeRTOS-Kernel/stream_buffer.c **** #endif
  44:/home/zz/quard-start/Quard-Star/trusted_domain/FreeRTOS-Kernel/stream_buffer.c **** 
GAS LISTING /tmp/ccHKNjJ2.s 			page 2


  45:/home/zz/quard-start/Quard-Star/trusted_domain/FreeRTOS-Kernel/stream_buffer.c **** /* Lint e961, e9021 and e750 are suppressed as a MISRA exception justified
  46:/home/zz/quard-start/Quard-Star/trusted_domain/FreeRTOS-Kernel/stream_buffer.c ****  * because the MPU ports require MPU_WRAPPERS_INCLUDED_FROM_API_FILE to be defined
  47:/home/zz/quard-start/Quard-Star/trusted_domain/FreeRTOS-Kernel/stream_buffer.c ****  * for the header files above, but not in this file, in order to generate the
  48:/home/zz/quard-start/Quard-Star/trusted_domain/FreeRTOS-Kernel/stream_buffer.c ****  * correct privileged Vs unprivileged linkage and placement. */
  49:/home/zz/quard-start/Quard-Star/trusted_domain/FreeRTOS-Kernel/stream_buffer.c **** #undef MPU_WRAPPERS_INCLUDED_FROM_API_FILE /*lint !e961 !e750 !e9021. */
  50:/home/zz/quard-start/Quard-Star/trusted_domain/FreeRTOS-Kernel/stream_buffer.c **** 
  51:/home/zz/quard-start/Quard-Star/trusted_domain/FreeRTOS-Kernel/stream_buffer.c **** /* If the user has not provided application specific Rx notification macros,
  52:/home/zz/quard-start/Quard-Star/trusted_domain/FreeRTOS-Kernel/stream_buffer.c ****  * or #defined the notification macros away, them provide default implementations
  53:/home/zz/quard-start/Quard-Star/trusted_domain/FreeRTOS-Kernel/stream_buffer.c ****  * that uses task notifications. */
  54:/home/zz/quard-start/Quard-Star/trusted_domain/FreeRTOS-Kernel/stream_buffer.c **** /*lint -save -e9026 Function like macros allowed and needed here so they can be overridden. */
  55:/home/zz/quard-start/Quard-Star/trusted_domain/FreeRTOS-Kernel/stream_buffer.c **** #ifndef sbRECEIVE_COMPLETED
  56:/home/zz/quard-start/Quard-Star/trusted_domain/FreeRTOS-Kernel/stream_buffer.c ****     #define sbRECEIVE_COMPLETED( pxStreamBuffer )                         \
  57:/home/zz/quard-start/Quard-Star/trusted_domain/FreeRTOS-Kernel/stream_buffer.c ****     vTaskSuspendAll();                                                    \
  58:/home/zz/quard-start/Quard-Star/trusted_domain/FreeRTOS-Kernel/stream_buffer.c ****     {                                                                     \
  59:/home/zz/quard-start/Quard-Star/trusted_domain/FreeRTOS-Kernel/stream_buffer.c ****         if( ( pxStreamBuffer )->xTaskWaitingToSend != NULL )              \
  60:/home/zz/quard-start/Quard-Star/trusted_domain/FreeRTOS-Kernel/stream_buffer.c ****         {                                                                 \
  61:/home/zz/quard-start/Quard-Star/trusted_domain/FreeRTOS-Kernel/stream_buffer.c ****             ( void ) xTaskNotify( ( pxStreamBuffer )->xTaskWaitingToSend, \
  62:/home/zz/quard-start/Quard-Star/trusted_domain/FreeRTOS-Kernel/stream_buffer.c ****                                   ( uint32_t ) 0,                         \
  63:/home/zz/quard-start/Quard-Star/trusted_domain/FreeRTOS-Kernel/stream_buffer.c ****                                   eNoAction );                            \
  64:/home/zz/quard-start/Quard-Star/trusted_domain/FreeRTOS-Kernel/stream_buffer.c ****             ( pxStreamBuffer )->xTaskWaitingToSend = NULL;                \
  65:/home/zz/quard-start/Quard-Star/trusted_domain/FreeRTOS-Kernel/stream_buffer.c ****         }                                                                 \
  66:/home/zz/quard-start/Quard-Star/trusted_domain/FreeRTOS-Kernel/stream_buffer.c ****     }                                                                     \
  67:/home/zz/quard-start/Quard-Star/trusted_domain/FreeRTOS-Kernel/stream_buffer.c ****     ( void ) xTaskResumeAll();
  68:/home/zz/quard-start/Quard-Star/trusted_domain/FreeRTOS-Kernel/stream_buffer.c **** #endif /* sbRECEIVE_COMPLETED */
  69:/home/zz/quard-start/Quard-Star/trusted_domain/FreeRTOS-Kernel/stream_buffer.c **** 
  70:/home/zz/quard-start/Quard-Star/trusted_domain/FreeRTOS-Kernel/stream_buffer.c **** #ifndef sbRECEIVE_COMPLETED_FROM_ISR
  71:/home/zz/quard-start/Quard-Star/trusted_domain/FreeRTOS-Kernel/stream_buffer.c ****     #define sbRECEIVE_COMPLETED_FROM_ISR( pxStreamBuffer,                            \
  72:/home/zz/quard-start/Quard-Star/trusted_domain/FreeRTOS-Kernel/stream_buffer.c ****                                           pxHigherPriorityTaskWoken )                \
  73:/home/zz/quard-start/Quard-Star/trusted_domain/FreeRTOS-Kernel/stream_buffer.c ****     {                                                                                \
  74:/home/zz/quard-start/Quard-Star/trusted_domain/FreeRTOS-Kernel/stream_buffer.c ****         UBaseType_t uxSavedInterruptStatus;                                          \
  75:/home/zz/quard-start/Quard-Star/trusted_domain/FreeRTOS-Kernel/stream_buffer.c ****                                                                                      \
  76:/home/zz/quard-start/Quard-Star/trusted_domain/FreeRTOS-Kernel/stream_buffer.c ****         uxSavedInterruptStatus = ( UBaseType_t ) portSET_INTERRUPT_MASK_FROM_ISR();  \
  77:/home/zz/quard-start/Quard-Star/trusted_domain/FreeRTOS-Kernel/stream_buffer.c ****         {                                                                            \
  78:/home/zz/quard-start/Quard-Star/trusted_domain/FreeRTOS-Kernel/stream_buffer.c ****             if( ( pxStreamBuffer )->xTaskWaitingToSend != NULL )                     \
  79:/home/zz/quard-start/Quard-Star/trusted_domain/FreeRTOS-Kernel/stream_buffer.c ****             {                                                                        \
  80:/home/zz/quard-start/Quard-Star/trusted_domain/FreeRTOS-Kernel/stream_buffer.c ****                 ( void ) xTaskNotifyFromISR( ( pxStreamBuffer )->xTaskWaitingToSend, \
  81:/home/zz/quard-start/Quard-Star/trusted_domain/FreeRTOS-Kernel/stream_buffer.c ****                                              ( uint32_t ) 0,                         \
  82:/home/zz/quard-start/Quard-Star/trusted_domain/FreeRTOS-Kernel/stream_buffer.c ****                                              eNoAction,                              \
  83:/home/zz/quard-start/Quard-Star/trusted_domain/FreeRTOS-Kernel/stream_buffer.c ****                                              pxHigherPriorityTaskWoken );            \
  84:/home/zz/quard-start/Quard-Star/trusted_domain/FreeRTOS-Kernel/stream_buffer.c ****                 ( pxStreamBuffer )->xTaskWaitingToSend = NULL;                       \
  85:/home/zz/quard-start/Quard-Star/trusted_domain/FreeRTOS-Kernel/stream_buffer.c ****             }                                                                        \
  86:/home/zz/quard-start/Quard-Star/trusted_domain/FreeRTOS-Kernel/stream_buffer.c ****         }                                                                            \
  87:/home/zz/quard-start/Quard-Star/trusted_domain/FreeRTOS-Kernel/stream_buffer.c ****         portCLEAR_INTERRUPT_MASK_FROM_ISR( uxSavedInterruptStatus );                 \
  88:/home/zz/quard-start/Quard-Star/trusted_domain/FreeRTOS-Kernel/stream_buffer.c ****     }
  89:/home/zz/quard-start/Quard-Star/trusted_domain/FreeRTOS-Kernel/stream_buffer.c **** #endif /* sbRECEIVE_COMPLETED_FROM_ISR */
  90:/home/zz/quard-start/Quard-Star/trusted_domain/FreeRTOS-Kernel/stream_buffer.c **** 
  91:/home/zz/quard-start/Quard-Star/trusted_domain/FreeRTOS-Kernel/stream_buffer.c **** /* If the user has not provided an application specific Tx notification macro,
  92:/home/zz/quard-start/Quard-Star/trusted_domain/FreeRTOS-Kernel/stream_buffer.c ****  * or #defined the notification macro away, them provide a default implementation
  93:/home/zz/quard-start/Quard-Star/trusted_domain/FreeRTOS-Kernel/stream_buffer.c ****  * that uses task notifications. */
  94:/home/zz/quard-start/Quard-Star/trusted_domain/FreeRTOS-Kernel/stream_buffer.c **** #ifndef sbSEND_COMPLETED
  95:/home/zz/quard-start/Quard-Star/trusted_domain/FreeRTOS-Kernel/stream_buffer.c ****     #define sbSEND_COMPLETED( pxStreamBuffer )                               \
  96:/home/zz/quard-start/Quard-Star/trusted_domain/FreeRTOS-Kernel/stream_buffer.c ****     vTaskSuspendAll();                                                       \
  97:/home/zz/quard-start/Quard-Star/trusted_domain/FreeRTOS-Kernel/stream_buffer.c ****     {                                                                        \
  98:/home/zz/quard-start/Quard-Star/trusted_domain/FreeRTOS-Kernel/stream_buffer.c ****         if( ( pxStreamBuffer )->xTaskWaitingToReceive != NULL )              \
  99:/home/zz/quard-start/Quard-Star/trusted_domain/FreeRTOS-Kernel/stream_buffer.c ****         {                                                                    \
 100:/home/zz/quard-start/Quard-Star/trusted_domain/FreeRTOS-Kernel/stream_buffer.c ****             ( void ) xTaskNotify( ( pxStreamBuffer )->xTaskWaitingToReceive, \
 101:/home/zz/quard-start/Quard-Star/trusted_domain/FreeRTOS-Kernel/stream_buffer.c ****                                   ( uint32_t ) 0,                            \
GAS LISTING /tmp/ccHKNjJ2.s 			page 3


 102:/home/zz/quard-start/Quard-Star/trusted_domain/FreeRTOS-Kernel/stream_buffer.c ****                                   eNoAction );                               \
 103:/home/zz/quard-start/Quard-Star/trusted_domain/FreeRTOS-Kernel/stream_buffer.c ****             ( pxStreamBuffer )->xTaskWaitingToReceive = NULL;                \
 104:/home/zz/quard-start/Quard-Star/trusted_domain/FreeRTOS-Kernel/stream_buffer.c ****         }                                                                    \
 105:/home/zz/quard-start/Quard-Star/trusted_domain/FreeRTOS-Kernel/stream_buffer.c ****     }                                                                        \
 106:/home/zz/quard-start/Quard-Star/trusted_domain/FreeRTOS-Kernel/stream_buffer.c ****     ( void ) xTaskResumeAll();
 107:/home/zz/quard-start/Quard-Star/trusted_domain/FreeRTOS-Kernel/stream_buffer.c **** #endif /* sbSEND_COMPLETED */
 108:/home/zz/quard-start/Quard-Star/trusted_domain/FreeRTOS-Kernel/stream_buffer.c **** 
 109:/home/zz/quard-start/Quard-Star/trusted_domain/FreeRTOS-Kernel/stream_buffer.c **** #ifndef sbSEND_COMPLETE_FROM_ISR
 110:/home/zz/quard-start/Quard-Star/trusted_domain/FreeRTOS-Kernel/stream_buffer.c ****     #define sbSEND_COMPLETE_FROM_ISR( pxStreamBuffer, pxHigherPriorityTaskWoken )       \
 111:/home/zz/quard-start/Quard-Star/trusted_domain/FreeRTOS-Kernel/stream_buffer.c ****     {                                                                                   \
 112:/home/zz/quard-start/Quard-Star/trusted_domain/FreeRTOS-Kernel/stream_buffer.c ****         UBaseType_t uxSavedInterruptStatus;                                             \
 113:/home/zz/quard-start/Quard-Star/trusted_domain/FreeRTOS-Kernel/stream_buffer.c ****                                                                                         \
 114:/home/zz/quard-start/Quard-Star/trusted_domain/FreeRTOS-Kernel/stream_buffer.c ****         uxSavedInterruptStatus = ( UBaseType_t ) portSET_INTERRUPT_MASK_FROM_ISR();     \
 115:/home/zz/quard-start/Quard-Star/trusted_domain/FreeRTOS-Kernel/stream_buffer.c ****         {                                                                               \
 116:/home/zz/quard-start/Quard-Star/trusted_domain/FreeRTOS-Kernel/stream_buffer.c ****             if( ( pxStreamBuffer )->xTaskWaitingToReceive != NULL )                     \
 117:/home/zz/quard-start/Quard-Star/trusted_domain/FreeRTOS-Kernel/stream_buffer.c ****             {                                                                           \
 118:/home/zz/quard-start/Quard-Star/trusted_domain/FreeRTOS-Kernel/stream_buffer.c ****                 ( void ) xTaskNotifyFromISR( ( pxStreamBuffer )->xTaskWaitingToReceive, \
 119:/home/zz/quard-start/Quard-Star/trusted_domain/FreeRTOS-Kernel/stream_buffer.c ****                                              ( uint32_t ) 0,                            \
 120:/home/zz/quard-start/Quard-Star/trusted_domain/FreeRTOS-Kernel/stream_buffer.c ****                                              eNoAction,                                 \
 121:/home/zz/quard-start/Quard-Star/trusted_domain/FreeRTOS-Kernel/stream_buffer.c ****                                              pxHigherPriorityTaskWoken );               \
 122:/home/zz/quard-start/Quard-Star/trusted_domain/FreeRTOS-Kernel/stream_buffer.c ****                 ( pxStreamBuffer )->xTaskWaitingToReceive = NULL;                       \
 123:/home/zz/quard-start/Quard-Star/trusted_domain/FreeRTOS-Kernel/stream_buffer.c ****             }                                                                           \
 124:/home/zz/quard-start/Quard-Star/trusted_domain/FreeRTOS-Kernel/stream_buffer.c ****         }                                                                               \
 125:/home/zz/quard-start/Quard-Star/trusted_domain/FreeRTOS-Kernel/stream_buffer.c ****         portCLEAR_INTERRUPT_MASK_FROM_ISR( uxSavedInterruptStatus );                    \
 126:/home/zz/quard-start/Quard-Star/trusted_domain/FreeRTOS-Kernel/stream_buffer.c ****     }
 127:/home/zz/quard-start/Quard-Star/trusted_domain/FreeRTOS-Kernel/stream_buffer.c **** #endif /* sbSEND_COMPLETE_FROM_ISR */
 128:/home/zz/quard-start/Quard-Star/trusted_domain/FreeRTOS-Kernel/stream_buffer.c **** /*lint -restore (9026) */
 129:/home/zz/quard-start/Quard-Star/trusted_domain/FreeRTOS-Kernel/stream_buffer.c **** 
 130:/home/zz/quard-start/Quard-Star/trusted_domain/FreeRTOS-Kernel/stream_buffer.c **** /* The number of bytes used to hold the length of a message in the buffer. */
 131:/home/zz/quard-start/Quard-Star/trusted_domain/FreeRTOS-Kernel/stream_buffer.c **** #define sbBYTES_TO_STORE_MESSAGE_LENGTH    ( sizeof( configMESSAGE_BUFFER_LENGTH_TYPE ) )
 132:/home/zz/quard-start/Quard-Star/trusted_domain/FreeRTOS-Kernel/stream_buffer.c **** 
 133:/home/zz/quard-start/Quard-Star/trusted_domain/FreeRTOS-Kernel/stream_buffer.c **** /* Bits stored in the ucFlags field of the stream buffer. */
 134:/home/zz/quard-start/Quard-Star/trusted_domain/FreeRTOS-Kernel/stream_buffer.c **** #define sbFLAGS_IS_MESSAGE_BUFFER          ( ( uint8_t ) 1 ) /* Set if the stream buffer was create
 135:/home/zz/quard-start/Quard-Star/trusted_domain/FreeRTOS-Kernel/stream_buffer.c **** #define sbFLAGS_IS_STATICALLY_ALLOCATED    ( ( uint8_t ) 2 ) /* Set if the stream buffer was create
 136:/home/zz/quard-start/Quard-Star/trusted_domain/FreeRTOS-Kernel/stream_buffer.c **** 
 137:/home/zz/quard-start/Quard-Star/trusted_domain/FreeRTOS-Kernel/stream_buffer.c **** /*-----------------------------------------------------------*/
 138:/home/zz/quard-start/Quard-Star/trusted_domain/FreeRTOS-Kernel/stream_buffer.c **** 
 139:/home/zz/quard-start/Quard-Star/trusted_domain/FreeRTOS-Kernel/stream_buffer.c **** /* Structure that hold state information on the buffer. */
 140:/home/zz/quard-start/Quard-Star/trusted_domain/FreeRTOS-Kernel/stream_buffer.c **** typedef struct StreamBufferDef_t                 /*lint !e9058 Style convention uses tag. */
 141:/home/zz/quard-start/Quard-Star/trusted_domain/FreeRTOS-Kernel/stream_buffer.c **** {
 142:/home/zz/quard-start/Quard-Star/trusted_domain/FreeRTOS-Kernel/stream_buffer.c ****     volatile size_t xTail;                       /* Index to the next item to read within the buffe
 143:/home/zz/quard-start/Quard-Star/trusted_domain/FreeRTOS-Kernel/stream_buffer.c ****     volatile size_t xHead;                       /* Index to the next item to write within the buff
 144:/home/zz/quard-start/Quard-Star/trusted_domain/FreeRTOS-Kernel/stream_buffer.c ****     size_t xLength;                              /* The length of the buffer pointed to by pucBuffe
 145:/home/zz/quard-start/Quard-Star/trusted_domain/FreeRTOS-Kernel/stream_buffer.c ****     size_t xTriggerLevelBytes;                   /* The number of bytes that must be in the stream 
 146:/home/zz/quard-start/Quard-Star/trusted_domain/FreeRTOS-Kernel/stream_buffer.c ****     volatile TaskHandle_t xTaskWaitingToReceive; /* Holds the handle of a task waiting for data, or
 147:/home/zz/quard-start/Quard-Star/trusted_domain/FreeRTOS-Kernel/stream_buffer.c ****     volatile TaskHandle_t xTaskWaitingToSend;    /* Holds the handle of a task waiting to send data
 148:/home/zz/quard-start/Quard-Star/trusted_domain/FreeRTOS-Kernel/stream_buffer.c ****     uint8_t * pucBuffer;                         /* Points to the buffer itself - that is - the RAM
 149:/home/zz/quard-start/Quard-Star/trusted_domain/FreeRTOS-Kernel/stream_buffer.c ****     uint8_t ucFlags;
 150:/home/zz/quard-start/Quard-Star/trusted_domain/FreeRTOS-Kernel/stream_buffer.c **** 
 151:/home/zz/quard-start/Quard-Star/trusted_domain/FreeRTOS-Kernel/stream_buffer.c ****     #if ( configUSE_TRACE_FACILITY == 1 )
 152:/home/zz/quard-start/Quard-Star/trusted_domain/FreeRTOS-Kernel/stream_buffer.c ****         UBaseType_t uxStreamBufferNumber; /* Used for tracing purposes. */
 153:/home/zz/quard-start/Quard-Star/trusted_domain/FreeRTOS-Kernel/stream_buffer.c ****     #endif
 154:/home/zz/quard-start/Quard-Star/trusted_domain/FreeRTOS-Kernel/stream_buffer.c **** } StreamBuffer_t;
 155:/home/zz/quard-start/Quard-Star/trusted_domain/FreeRTOS-Kernel/stream_buffer.c **** 
 156:/home/zz/quard-start/Quard-Star/trusted_domain/FreeRTOS-Kernel/stream_buffer.c **** /*
 157:/home/zz/quard-start/Quard-Star/trusted_domain/FreeRTOS-Kernel/stream_buffer.c ****  * The number of bytes available to be read from the buffer.
 158:/home/zz/quard-start/Quard-Star/trusted_domain/FreeRTOS-Kernel/stream_buffer.c ****  */
GAS LISTING /tmp/ccHKNjJ2.s 			page 4


 159:/home/zz/quard-start/Quard-Star/trusted_domain/FreeRTOS-Kernel/stream_buffer.c **** static size_t prvBytesInBuffer( const StreamBuffer_t * const pxStreamBuffer ) PRIVILEGED_FUNCTION;
 160:/home/zz/quard-start/Quard-Star/trusted_domain/FreeRTOS-Kernel/stream_buffer.c **** 
 161:/home/zz/quard-start/Quard-Star/trusted_domain/FreeRTOS-Kernel/stream_buffer.c **** /*
 162:/home/zz/quard-start/Quard-Star/trusted_domain/FreeRTOS-Kernel/stream_buffer.c ****  * Add xCount bytes from pucData into the pxStreamBuffer message buffer.
 163:/home/zz/quard-start/Quard-Star/trusted_domain/FreeRTOS-Kernel/stream_buffer.c ****  * Returns the number of bytes written, which will either equal xCount in the
 164:/home/zz/quard-start/Quard-Star/trusted_domain/FreeRTOS-Kernel/stream_buffer.c ****  * success case, or 0 if there was not enough space in the buffer (in which case
 165:/home/zz/quard-start/Quard-Star/trusted_domain/FreeRTOS-Kernel/stream_buffer.c ****  * no data is written into the buffer).
 166:/home/zz/quard-start/Quard-Star/trusted_domain/FreeRTOS-Kernel/stream_buffer.c ****  */
 167:/home/zz/quard-start/Quard-Star/trusted_domain/FreeRTOS-Kernel/stream_buffer.c **** static size_t prvWriteBytesToBuffer( StreamBuffer_t * const pxStreamBuffer,
 168:/home/zz/quard-start/Quard-Star/trusted_domain/FreeRTOS-Kernel/stream_buffer.c ****                                      const uint8_t * pucData,
 169:/home/zz/quard-start/Quard-Star/trusted_domain/FreeRTOS-Kernel/stream_buffer.c ****                                      size_t xCount ) PRIVILEGED_FUNCTION;
 170:/home/zz/quard-start/Quard-Star/trusted_domain/FreeRTOS-Kernel/stream_buffer.c **** 
 171:/home/zz/quard-start/Quard-Star/trusted_domain/FreeRTOS-Kernel/stream_buffer.c **** /*
 172:/home/zz/quard-start/Quard-Star/trusted_domain/FreeRTOS-Kernel/stream_buffer.c ****  * If the stream buffer is being used as a message buffer, then reads an entire
 173:/home/zz/quard-start/Quard-Star/trusted_domain/FreeRTOS-Kernel/stream_buffer.c ****  * message out of the buffer.  If the stream buffer is being used as a stream
 174:/home/zz/quard-start/Quard-Star/trusted_domain/FreeRTOS-Kernel/stream_buffer.c ****  * buffer then read as many bytes as possible from the buffer.
 175:/home/zz/quard-start/Quard-Star/trusted_domain/FreeRTOS-Kernel/stream_buffer.c ****  * prvReadBytesFromBuffer() is called to actually extract the bytes from the
 176:/home/zz/quard-start/Quard-Star/trusted_domain/FreeRTOS-Kernel/stream_buffer.c ****  * buffer's data storage area.
 177:/home/zz/quard-start/Quard-Star/trusted_domain/FreeRTOS-Kernel/stream_buffer.c ****  */
 178:/home/zz/quard-start/Quard-Star/trusted_domain/FreeRTOS-Kernel/stream_buffer.c **** static size_t prvReadMessageFromBuffer( StreamBuffer_t * pxStreamBuffer,
 179:/home/zz/quard-start/Quard-Star/trusted_domain/FreeRTOS-Kernel/stream_buffer.c ****                                         void * pvRxData,
 180:/home/zz/quard-start/Quard-Star/trusted_domain/FreeRTOS-Kernel/stream_buffer.c ****                                         size_t xBufferLengthBytes,
 181:/home/zz/quard-start/Quard-Star/trusted_domain/FreeRTOS-Kernel/stream_buffer.c ****                                         size_t xBytesAvailable,
 182:/home/zz/quard-start/Quard-Star/trusted_domain/FreeRTOS-Kernel/stream_buffer.c ****                                         size_t xBytesToStoreMessageLength ) PRIVILEGED_FUNCTION;
 183:/home/zz/quard-start/Quard-Star/trusted_domain/FreeRTOS-Kernel/stream_buffer.c **** 
 184:/home/zz/quard-start/Quard-Star/trusted_domain/FreeRTOS-Kernel/stream_buffer.c **** /*
 185:/home/zz/quard-start/Quard-Star/trusted_domain/FreeRTOS-Kernel/stream_buffer.c ****  * If the stream buffer is being used as a message buffer, then writes an entire
 186:/home/zz/quard-start/Quard-Star/trusted_domain/FreeRTOS-Kernel/stream_buffer.c ****  * message to the buffer.  If the stream buffer is being used as a stream
 187:/home/zz/quard-start/Quard-Star/trusted_domain/FreeRTOS-Kernel/stream_buffer.c ****  * buffer then write as many bytes as possible to the buffer.
 188:/home/zz/quard-start/Quard-Star/trusted_domain/FreeRTOS-Kernel/stream_buffer.c ****  * prvWriteBytestoBuffer() is called to actually send the bytes to the buffer's
 189:/home/zz/quard-start/Quard-Star/trusted_domain/FreeRTOS-Kernel/stream_buffer.c ****  * data storage area.
 190:/home/zz/quard-start/Quard-Star/trusted_domain/FreeRTOS-Kernel/stream_buffer.c ****  */
 191:/home/zz/quard-start/Quard-Star/trusted_domain/FreeRTOS-Kernel/stream_buffer.c **** static size_t prvWriteMessageToBuffer( StreamBuffer_t * const pxStreamBuffer,
 192:/home/zz/quard-start/Quard-Star/trusted_domain/FreeRTOS-Kernel/stream_buffer.c ****                                        const void * pvTxData,
 193:/home/zz/quard-start/Quard-Star/trusted_domain/FreeRTOS-Kernel/stream_buffer.c ****                                        size_t xDataLengthBytes,
 194:/home/zz/quard-start/Quard-Star/trusted_domain/FreeRTOS-Kernel/stream_buffer.c ****                                        size_t xSpace,
 195:/home/zz/quard-start/Quard-Star/trusted_domain/FreeRTOS-Kernel/stream_buffer.c ****                                        size_t xRequiredSpace ) PRIVILEGED_FUNCTION;
 196:/home/zz/quard-start/Quard-Star/trusted_domain/FreeRTOS-Kernel/stream_buffer.c **** 
 197:/home/zz/quard-start/Quard-Star/trusted_domain/FreeRTOS-Kernel/stream_buffer.c **** /*
 198:/home/zz/quard-start/Quard-Star/trusted_domain/FreeRTOS-Kernel/stream_buffer.c ****  * Read xMaxCount bytes from the pxStreamBuffer message buffer and write them
 199:/home/zz/quard-start/Quard-Star/trusted_domain/FreeRTOS-Kernel/stream_buffer.c ****  * to pucData.
 200:/home/zz/quard-start/Quard-Star/trusted_domain/FreeRTOS-Kernel/stream_buffer.c ****  */
 201:/home/zz/quard-start/Quard-Star/trusted_domain/FreeRTOS-Kernel/stream_buffer.c **** static size_t prvReadBytesFromBuffer( StreamBuffer_t * pxStreamBuffer,
 202:/home/zz/quard-start/Quard-Star/trusted_domain/FreeRTOS-Kernel/stream_buffer.c ****                                       uint8_t * pucData,
 203:/home/zz/quard-start/Quard-Star/trusted_domain/FreeRTOS-Kernel/stream_buffer.c ****                                       size_t xMaxCount,
 204:/home/zz/quard-start/Quard-Star/trusted_domain/FreeRTOS-Kernel/stream_buffer.c ****                                       size_t xBytesAvailable ) PRIVILEGED_FUNCTION;
 205:/home/zz/quard-start/Quard-Star/trusted_domain/FreeRTOS-Kernel/stream_buffer.c **** 
 206:/home/zz/quard-start/Quard-Star/trusted_domain/FreeRTOS-Kernel/stream_buffer.c **** /*
 207:/home/zz/quard-start/Quard-Star/trusted_domain/FreeRTOS-Kernel/stream_buffer.c ****  * Called by both pxStreamBufferCreate() and pxStreamBufferCreateStatic() to
 208:/home/zz/quard-start/Quard-Star/trusted_domain/FreeRTOS-Kernel/stream_buffer.c ****  * initialise the members of the newly created stream buffer structure.
 209:/home/zz/quard-start/Quard-Star/trusted_domain/FreeRTOS-Kernel/stream_buffer.c ****  */
 210:/home/zz/quard-start/Quard-Star/trusted_domain/FreeRTOS-Kernel/stream_buffer.c **** static void prvInitialiseNewStreamBuffer( StreamBuffer_t * const pxStreamBuffer,
 211:/home/zz/quard-start/Quard-Star/trusted_domain/FreeRTOS-Kernel/stream_buffer.c ****                                           uint8_t * const pucBuffer,
 212:/home/zz/quard-start/Quard-Star/trusted_domain/FreeRTOS-Kernel/stream_buffer.c ****                                           size_t xBufferSizeBytes,
 213:/home/zz/quard-start/Quard-Star/trusted_domain/FreeRTOS-Kernel/stream_buffer.c ****                                           size_t xTriggerLevelBytes,
 214:/home/zz/quard-start/Quard-Star/trusted_domain/FreeRTOS-Kernel/stream_buffer.c ****                                           uint8_t ucFlags ) PRIVILEGED_FUNCTION;
 215:/home/zz/quard-start/Quard-Star/trusted_domain/FreeRTOS-Kernel/stream_buffer.c **** 
GAS LISTING /tmp/ccHKNjJ2.s 			page 5


 216:/home/zz/quard-start/Quard-Star/trusted_domain/FreeRTOS-Kernel/stream_buffer.c **** /*-----------------------------------------------------------*/
 217:/home/zz/quard-start/Quard-Star/trusted_domain/FreeRTOS-Kernel/stream_buffer.c **** 
 218:/home/zz/quard-start/Quard-Star/trusted_domain/FreeRTOS-Kernel/stream_buffer.c **** #if ( configSUPPORT_DYNAMIC_ALLOCATION == 1 )
 219:/home/zz/quard-start/Quard-Star/trusted_domain/FreeRTOS-Kernel/stream_buffer.c **** 
 220:/home/zz/quard-start/Quard-Star/trusted_domain/FreeRTOS-Kernel/stream_buffer.c ****     StreamBufferHandle_t xStreamBufferGenericCreate( size_t xBufferSizeBytes,
 221:/home/zz/quard-start/Quard-Star/trusted_domain/FreeRTOS-Kernel/stream_buffer.c ****                                                      size_t xTriggerLevelBytes,
 222:/home/zz/quard-start/Quard-Star/trusted_domain/FreeRTOS-Kernel/stream_buffer.c ****                                                      BaseType_t xIsMessageBuffer )
 223:/home/zz/quard-start/Quard-Star/trusted_domain/FreeRTOS-Kernel/stream_buffer.c ****     {
 224:/home/zz/quard-start/Quard-Star/trusted_domain/FreeRTOS-Kernel/stream_buffer.c ****         uint8_t * pucAllocatedMemory;
 225:/home/zz/quard-start/Quard-Star/trusted_domain/FreeRTOS-Kernel/stream_buffer.c ****         uint8_t ucFlags;
 226:/home/zz/quard-start/Quard-Star/trusted_domain/FreeRTOS-Kernel/stream_buffer.c **** 
 227:/home/zz/quard-start/Quard-Star/trusted_domain/FreeRTOS-Kernel/stream_buffer.c ****         /* In case the stream buffer is going to be used as a message buffer
 228:/home/zz/quard-start/Quard-Star/trusted_domain/FreeRTOS-Kernel/stream_buffer.c ****          * (that is, it will hold discrete messages with a little meta data that
 229:/home/zz/quard-start/Quard-Star/trusted_domain/FreeRTOS-Kernel/stream_buffer.c ****          * says how big the next message is) check the buffer will be large enough
 230:/home/zz/quard-start/Quard-Star/trusted_domain/FreeRTOS-Kernel/stream_buffer.c ****          * to hold at least one message. */
 231:/home/zz/quard-start/Quard-Star/trusted_domain/FreeRTOS-Kernel/stream_buffer.c ****         if( xIsMessageBuffer == pdTRUE )
 232:/home/zz/quard-start/Quard-Star/trusted_domain/FreeRTOS-Kernel/stream_buffer.c ****         {
 233:/home/zz/quard-start/Quard-Star/trusted_domain/FreeRTOS-Kernel/stream_buffer.c ****             /* Is a message buffer but not statically allocated. */
 234:/home/zz/quard-start/Quard-Star/trusted_domain/FreeRTOS-Kernel/stream_buffer.c ****             ucFlags = sbFLAGS_IS_MESSAGE_BUFFER;
 235:/home/zz/quard-start/Quard-Star/trusted_domain/FreeRTOS-Kernel/stream_buffer.c ****             configASSERT( xBufferSizeBytes > sbBYTES_TO_STORE_MESSAGE_LENGTH );
 236:/home/zz/quard-start/Quard-Star/trusted_domain/FreeRTOS-Kernel/stream_buffer.c ****         }
 237:/home/zz/quard-start/Quard-Star/trusted_domain/FreeRTOS-Kernel/stream_buffer.c ****         else
 238:/home/zz/quard-start/Quard-Star/trusted_domain/FreeRTOS-Kernel/stream_buffer.c ****         {
 239:/home/zz/quard-start/Quard-Star/trusted_domain/FreeRTOS-Kernel/stream_buffer.c ****             /* Not a message buffer and not statically allocated. */
 240:/home/zz/quard-start/Quard-Star/trusted_domain/FreeRTOS-Kernel/stream_buffer.c ****             ucFlags = 0;
 241:/home/zz/quard-start/Quard-Star/trusted_domain/FreeRTOS-Kernel/stream_buffer.c ****             configASSERT( xBufferSizeBytes > 0 );
 242:/home/zz/quard-start/Quard-Star/trusted_domain/FreeRTOS-Kernel/stream_buffer.c ****         }
 243:/home/zz/quard-start/Quard-Star/trusted_domain/FreeRTOS-Kernel/stream_buffer.c **** 
 244:/home/zz/quard-start/Quard-Star/trusted_domain/FreeRTOS-Kernel/stream_buffer.c ****         configASSERT( xTriggerLevelBytes <= xBufferSizeBytes );
 245:/home/zz/quard-start/Quard-Star/trusted_domain/FreeRTOS-Kernel/stream_buffer.c **** 
 246:/home/zz/quard-start/Quard-Star/trusted_domain/FreeRTOS-Kernel/stream_buffer.c ****         /* A trigger level of 0 would cause a waiting task to unblock even when
 247:/home/zz/quard-start/Quard-Star/trusted_domain/FreeRTOS-Kernel/stream_buffer.c ****          * the buffer was empty. */
 248:/home/zz/quard-start/Quard-Star/trusted_domain/FreeRTOS-Kernel/stream_buffer.c ****         if( xTriggerLevelBytes == ( size_t ) 0 )
 249:/home/zz/quard-start/Quard-Star/trusted_domain/FreeRTOS-Kernel/stream_buffer.c ****         {
 250:/home/zz/quard-start/Quard-Star/trusted_domain/FreeRTOS-Kernel/stream_buffer.c ****             xTriggerLevelBytes = ( size_t ) 1;
 251:/home/zz/quard-start/Quard-Star/trusted_domain/FreeRTOS-Kernel/stream_buffer.c ****         }
 252:/home/zz/quard-start/Quard-Star/trusted_domain/FreeRTOS-Kernel/stream_buffer.c **** 
 253:/home/zz/quard-start/Quard-Star/trusted_domain/FreeRTOS-Kernel/stream_buffer.c ****         /* A stream buffer requires a StreamBuffer_t structure and a buffer.
 254:/home/zz/quard-start/Quard-Star/trusted_domain/FreeRTOS-Kernel/stream_buffer.c ****          * Both are allocated in a single call to pvPortMalloc().  The
 255:/home/zz/quard-start/Quard-Star/trusted_domain/FreeRTOS-Kernel/stream_buffer.c ****          * StreamBuffer_t structure is placed at the start of the allocated memory
 256:/home/zz/quard-start/Quard-Star/trusted_domain/FreeRTOS-Kernel/stream_buffer.c ****          * and the buffer follows immediately after.  The requested size is
 257:/home/zz/quard-start/Quard-Star/trusted_domain/FreeRTOS-Kernel/stream_buffer.c ****          * incremented so the free space is returned as the user would expect -
 258:/home/zz/quard-start/Quard-Star/trusted_domain/FreeRTOS-Kernel/stream_buffer.c ****          * this is a quirk of the implementation that means otherwise the free
 259:/home/zz/quard-start/Quard-Star/trusted_domain/FreeRTOS-Kernel/stream_buffer.c ****          * space would be reported as one byte smaller than would be logically
 260:/home/zz/quard-start/Quard-Star/trusted_domain/FreeRTOS-Kernel/stream_buffer.c ****          * expected. */
 261:/home/zz/quard-start/Quard-Star/trusted_domain/FreeRTOS-Kernel/stream_buffer.c ****         if( xBufferSizeBytes < ( xBufferSizeBytes + 1 + sizeof( StreamBuffer_t ) ) )
 262:/home/zz/quard-start/Quard-Star/trusted_domain/FreeRTOS-Kernel/stream_buffer.c ****         {
 263:/home/zz/quard-start/Quard-Star/trusted_domain/FreeRTOS-Kernel/stream_buffer.c ****             xBufferSizeBytes++;
 264:/home/zz/quard-start/Quard-Star/trusted_domain/FreeRTOS-Kernel/stream_buffer.c ****             pucAllocatedMemory = ( uint8_t * ) pvPortMalloc( xBufferSizeBytes + sizeof( StreamBuffe
 265:/home/zz/quard-start/Quard-Star/trusted_domain/FreeRTOS-Kernel/stream_buffer.c ****         }
 266:/home/zz/quard-start/Quard-Star/trusted_domain/FreeRTOS-Kernel/stream_buffer.c ****         else
 267:/home/zz/quard-start/Quard-Star/trusted_domain/FreeRTOS-Kernel/stream_buffer.c ****         {
 268:/home/zz/quard-start/Quard-Star/trusted_domain/FreeRTOS-Kernel/stream_buffer.c ****             pucAllocatedMemory = NULL;
 269:/home/zz/quard-start/Quard-Star/trusted_domain/FreeRTOS-Kernel/stream_buffer.c ****         }
 270:/home/zz/quard-start/Quard-Star/trusted_domain/FreeRTOS-Kernel/stream_buffer.c ****         
 271:/home/zz/quard-start/Quard-Star/trusted_domain/FreeRTOS-Kernel/stream_buffer.c **** 
 272:/home/zz/quard-start/Quard-Star/trusted_domain/FreeRTOS-Kernel/stream_buffer.c ****         if( pucAllocatedMemory != NULL )
GAS LISTING /tmp/ccHKNjJ2.s 			page 6


 273:/home/zz/quard-start/Quard-Star/trusted_domain/FreeRTOS-Kernel/stream_buffer.c ****         {
 274:/home/zz/quard-start/Quard-Star/trusted_domain/FreeRTOS-Kernel/stream_buffer.c ****             prvInitialiseNewStreamBuffer( ( StreamBuffer_t * ) pucAllocatedMemory,       /* Structu
 275:/home/zz/quard-start/Quard-Star/trusted_domain/FreeRTOS-Kernel/stream_buffer.c ****                                           pucAllocatedMemory + sizeof( StreamBuffer_t ), /* Storage
 276:/home/zz/quard-start/Quard-Star/trusted_domain/FreeRTOS-Kernel/stream_buffer.c ****                                           xBufferSizeBytes,
 277:/home/zz/quard-start/Quard-Star/trusted_domain/FreeRTOS-Kernel/stream_buffer.c ****                                           xTriggerLevelBytes,
 278:/home/zz/quard-start/Quard-Star/trusted_domain/FreeRTOS-Kernel/stream_buffer.c ****                                           ucFlags );
 279:/home/zz/quard-start/Quard-Star/trusted_domain/FreeRTOS-Kernel/stream_buffer.c **** 
 280:/home/zz/quard-start/Quard-Star/trusted_domain/FreeRTOS-Kernel/stream_buffer.c ****             traceSTREAM_BUFFER_CREATE( ( ( StreamBuffer_t * ) pucAllocatedMemory ), xIsMessageBuffe
 281:/home/zz/quard-start/Quard-Star/trusted_domain/FreeRTOS-Kernel/stream_buffer.c ****         }
 282:/home/zz/quard-start/Quard-Star/trusted_domain/FreeRTOS-Kernel/stream_buffer.c ****         else
 283:/home/zz/quard-start/Quard-Star/trusted_domain/FreeRTOS-Kernel/stream_buffer.c ****         {
 284:/home/zz/quard-start/Quard-Star/trusted_domain/FreeRTOS-Kernel/stream_buffer.c ****             traceSTREAM_BUFFER_CREATE_FAILED( xIsMessageBuffer );
 285:/home/zz/quard-start/Quard-Star/trusted_domain/FreeRTOS-Kernel/stream_buffer.c ****         }
 286:/home/zz/quard-start/Quard-Star/trusted_domain/FreeRTOS-Kernel/stream_buffer.c **** 
 287:/home/zz/quard-start/Quard-Star/trusted_domain/FreeRTOS-Kernel/stream_buffer.c ****         return ( StreamBufferHandle_t ) pucAllocatedMemory; /*lint !e9087 !e826 Safe cast as alloca
 288:/home/zz/quard-start/Quard-Star/trusted_domain/FreeRTOS-Kernel/stream_buffer.c ****     }
 289:/home/zz/quard-start/Quard-Star/trusted_domain/FreeRTOS-Kernel/stream_buffer.c **** 
 290:/home/zz/quard-start/Quard-Star/trusted_domain/FreeRTOS-Kernel/stream_buffer.c **** #endif /* configSUPPORT_DYNAMIC_ALLOCATION */
 291:/home/zz/quard-start/Quard-Star/trusted_domain/FreeRTOS-Kernel/stream_buffer.c **** /*-----------------------------------------------------------*/
 292:/home/zz/quard-start/Quard-Star/trusted_domain/FreeRTOS-Kernel/stream_buffer.c **** 
 293:/home/zz/quard-start/Quard-Star/trusted_domain/FreeRTOS-Kernel/stream_buffer.c **** #if ( configSUPPORT_STATIC_ALLOCATION == 1 )
 294:/home/zz/quard-start/Quard-Star/trusted_domain/FreeRTOS-Kernel/stream_buffer.c **** 
 295:/home/zz/quard-start/Quard-Star/trusted_domain/FreeRTOS-Kernel/stream_buffer.c ****     StreamBufferHandle_t xStreamBufferGenericCreateStatic( size_t xBufferSizeBytes,
 296:/home/zz/quard-start/Quard-Star/trusted_domain/FreeRTOS-Kernel/stream_buffer.c ****                                                            size_t xTriggerLevelBytes,
 297:/home/zz/quard-start/Quard-Star/trusted_domain/FreeRTOS-Kernel/stream_buffer.c ****                                                            BaseType_t xIsMessageBuffer,
 298:/home/zz/quard-start/Quard-Star/trusted_domain/FreeRTOS-Kernel/stream_buffer.c ****                                                            uint8_t * const pucStreamBufferStorageAr
 299:/home/zz/quard-start/Quard-Star/trusted_domain/FreeRTOS-Kernel/stream_buffer.c ****                                                            StaticStreamBuffer_t * const pxStaticStr
 300:/home/zz/quard-start/Quard-Star/trusted_domain/FreeRTOS-Kernel/stream_buffer.c ****     {
 301:/home/zz/quard-start/Quard-Star/trusted_domain/FreeRTOS-Kernel/stream_buffer.c ****         StreamBuffer_t * const pxStreamBuffer = ( StreamBuffer_t * ) pxStaticStreamBuffer; /*lint !
 302:/home/zz/quard-start/Quard-Star/trusted_domain/FreeRTOS-Kernel/stream_buffer.c ****         StreamBufferHandle_t xReturn;
 303:/home/zz/quard-start/Quard-Star/trusted_domain/FreeRTOS-Kernel/stream_buffer.c ****         uint8_t ucFlags;
 304:/home/zz/quard-start/Quard-Star/trusted_domain/FreeRTOS-Kernel/stream_buffer.c **** 
 305:/home/zz/quard-start/Quard-Star/trusted_domain/FreeRTOS-Kernel/stream_buffer.c ****         configASSERT( pucStreamBufferStorageArea );
 306:/home/zz/quard-start/Quard-Star/trusted_domain/FreeRTOS-Kernel/stream_buffer.c ****         configASSERT( pxStaticStreamBuffer );
 307:/home/zz/quard-start/Quard-Star/trusted_domain/FreeRTOS-Kernel/stream_buffer.c ****         configASSERT( xTriggerLevelBytes <= xBufferSizeBytes );
 308:/home/zz/quard-start/Quard-Star/trusted_domain/FreeRTOS-Kernel/stream_buffer.c **** 
 309:/home/zz/quard-start/Quard-Star/trusted_domain/FreeRTOS-Kernel/stream_buffer.c ****         /* A trigger level of 0 would cause a waiting task to unblock even when
 310:/home/zz/quard-start/Quard-Star/trusted_domain/FreeRTOS-Kernel/stream_buffer.c ****          * the buffer was empty. */
 311:/home/zz/quard-start/Quard-Star/trusted_domain/FreeRTOS-Kernel/stream_buffer.c ****         if( xTriggerLevelBytes == ( size_t ) 0 )
 312:/home/zz/quard-start/Quard-Star/trusted_domain/FreeRTOS-Kernel/stream_buffer.c ****         {
 313:/home/zz/quard-start/Quard-Star/trusted_domain/FreeRTOS-Kernel/stream_buffer.c ****             xTriggerLevelBytes = ( size_t ) 1;
 314:/home/zz/quard-start/Quard-Star/trusted_domain/FreeRTOS-Kernel/stream_buffer.c ****         }
 315:/home/zz/quard-start/Quard-Star/trusted_domain/FreeRTOS-Kernel/stream_buffer.c **** 
 316:/home/zz/quard-start/Quard-Star/trusted_domain/FreeRTOS-Kernel/stream_buffer.c ****         if( xIsMessageBuffer != pdFALSE )
 317:/home/zz/quard-start/Quard-Star/trusted_domain/FreeRTOS-Kernel/stream_buffer.c ****         {
 318:/home/zz/quard-start/Quard-Star/trusted_domain/FreeRTOS-Kernel/stream_buffer.c ****             /* Statically allocated message buffer. */
 319:/home/zz/quard-start/Quard-Star/trusted_domain/FreeRTOS-Kernel/stream_buffer.c ****             ucFlags = sbFLAGS_IS_MESSAGE_BUFFER | sbFLAGS_IS_STATICALLY_ALLOCATED;
 320:/home/zz/quard-start/Quard-Star/trusted_domain/FreeRTOS-Kernel/stream_buffer.c ****         }
 321:/home/zz/quard-start/Quard-Star/trusted_domain/FreeRTOS-Kernel/stream_buffer.c ****         else
 322:/home/zz/quard-start/Quard-Star/trusted_domain/FreeRTOS-Kernel/stream_buffer.c ****         {
 323:/home/zz/quard-start/Quard-Star/trusted_domain/FreeRTOS-Kernel/stream_buffer.c ****             /* Statically allocated stream buffer. */
 324:/home/zz/quard-start/Quard-Star/trusted_domain/FreeRTOS-Kernel/stream_buffer.c ****             ucFlags = sbFLAGS_IS_STATICALLY_ALLOCATED;
 325:/home/zz/quard-start/Quard-Star/trusted_domain/FreeRTOS-Kernel/stream_buffer.c ****         }
 326:/home/zz/quard-start/Quard-Star/trusted_domain/FreeRTOS-Kernel/stream_buffer.c **** 
 327:/home/zz/quard-start/Quard-Star/trusted_domain/FreeRTOS-Kernel/stream_buffer.c ****         /* In case the stream buffer is going to be used as a message buffer
 328:/home/zz/quard-start/Quard-Star/trusted_domain/FreeRTOS-Kernel/stream_buffer.c ****          * (that is, it will hold discrete messages with a little meta data that
 329:/home/zz/quard-start/Quard-Star/trusted_domain/FreeRTOS-Kernel/stream_buffer.c ****          * says how big the next message is) check the buffer will be large enough
GAS LISTING /tmp/ccHKNjJ2.s 			page 7


 330:/home/zz/quard-start/Quard-Star/trusted_domain/FreeRTOS-Kernel/stream_buffer.c ****          * to hold at least one message. */
 331:/home/zz/quard-start/Quard-Star/trusted_domain/FreeRTOS-Kernel/stream_buffer.c ****         configASSERT( xBufferSizeBytes > sbBYTES_TO_STORE_MESSAGE_LENGTH );
 332:/home/zz/quard-start/Quard-Star/trusted_domain/FreeRTOS-Kernel/stream_buffer.c **** 
 333:/home/zz/quard-start/Quard-Star/trusted_domain/FreeRTOS-Kernel/stream_buffer.c ****         #if ( configASSERT_DEFINED == 1 )
 334:/home/zz/quard-start/Quard-Star/trusted_domain/FreeRTOS-Kernel/stream_buffer.c ****             {
 335:/home/zz/quard-start/Quard-Star/trusted_domain/FreeRTOS-Kernel/stream_buffer.c ****                 /* Sanity check that the size of the structure used to declare a
 336:/home/zz/quard-start/Quard-Star/trusted_domain/FreeRTOS-Kernel/stream_buffer.c ****                  * variable of type StaticStreamBuffer_t equals the size of the real
 337:/home/zz/quard-start/Quard-Star/trusted_domain/FreeRTOS-Kernel/stream_buffer.c ****                  * message buffer structure. */
 338:/home/zz/quard-start/Quard-Star/trusted_domain/FreeRTOS-Kernel/stream_buffer.c ****                 volatile size_t xSize = sizeof( StaticStreamBuffer_t );
 339:/home/zz/quard-start/Quard-Star/trusted_domain/FreeRTOS-Kernel/stream_buffer.c ****                 configASSERT( xSize == sizeof( StreamBuffer_t ) );
 340:/home/zz/quard-start/Quard-Star/trusted_domain/FreeRTOS-Kernel/stream_buffer.c ****             } /*lint !e529 xSize is referenced is configASSERT() is defined. */
 341:/home/zz/quard-start/Quard-Star/trusted_domain/FreeRTOS-Kernel/stream_buffer.c ****         #endif /* configASSERT_DEFINED */
 342:/home/zz/quard-start/Quard-Star/trusted_domain/FreeRTOS-Kernel/stream_buffer.c **** 
 343:/home/zz/quard-start/Quard-Star/trusted_domain/FreeRTOS-Kernel/stream_buffer.c ****         if( ( pucStreamBufferStorageArea != NULL ) && ( pxStaticStreamBuffer != NULL ) )
 344:/home/zz/quard-start/Quard-Star/trusted_domain/FreeRTOS-Kernel/stream_buffer.c ****         {
 345:/home/zz/quard-start/Quard-Star/trusted_domain/FreeRTOS-Kernel/stream_buffer.c ****             prvInitialiseNewStreamBuffer( pxStreamBuffer,
 346:/home/zz/quard-start/Quard-Star/trusted_domain/FreeRTOS-Kernel/stream_buffer.c ****                                           pucStreamBufferStorageArea,
 347:/home/zz/quard-start/Quard-Star/trusted_domain/FreeRTOS-Kernel/stream_buffer.c ****                                           xBufferSizeBytes,
 348:/home/zz/quard-start/Quard-Star/trusted_domain/FreeRTOS-Kernel/stream_buffer.c ****                                           xTriggerLevelBytes,
 349:/home/zz/quard-start/Quard-Star/trusted_domain/FreeRTOS-Kernel/stream_buffer.c ****                                           ucFlags );
 350:/home/zz/quard-start/Quard-Star/trusted_domain/FreeRTOS-Kernel/stream_buffer.c **** 
 351:/home/zz/quard-start/Quard-Star/trusted_domain/FreeRTOS-Kernel/stream_buffer.c ****             /* Remember this was statically allocated in case it is ever deleted
 352:/home/zz/quard-start/Quard-Star/trusted_domain/FreeRTOS-Kernel/stream_buffer.c ****              * again. */
 353:/home/zz/quard-start/Quard-Star/trusted_domain/FreeRTOS-Kernel/stream_buffer.c ****             pxStreamBuffer->ucFlags |= sbFLAGS_IS_STATICALLY_ALLOCATED;
 354:/home/zz/quard-start/Quard-Star/trusted_domain/FreeRTOS-Kernel/stream_buffer.c **** 
 355:/home/zz/quard-start/Quard-Star/trusted_domain/FreeRTOS-Kernel/stream_buffer.c ****             traceSTREAM_BUFFER_CREATE( pxStreamBuffer, xIsMessageBuffer );
 356:/home/zz/quard-start/Quard-Star/trusted_domain/FreeRTOS-Kernel/stream_buffer.c **** 
 357:/home/zz/quard-start/Quard-Star/trusted_domain/FreeRTOS-Kernel/stream_buffer.c ****             xReturn = ( StreamBufferHandle_t ) pxStaticStreamBuffer; /*lint !e9087 Data hiding requ
 358:/home/zz/quard-start/Quard-Star/trusted_domain/FreeRTOS-Kernel/stream_buffer.c ****         }
 359:/home/zz/quard-start/Quard-Star/trusted_domain/FreeRTOS-Kernel/stream_buffer.c ****         else
 360:/home/zz/quard-start/Quard-Star/trusted_domain/FreeRTOS-Kernel/stream_buffer.c ****         {
 361:/home/zz/quard-start/Quard-Star/trusted_domain/FreeRTOS-Kernel/stream_buffer.c ****             xReturn = NULL;
 362:/home/zz/quard-start/Quard-Star/trusted_domain/FreeRTOS-Kernel/stream_buffer.c ****             traceSTREAM_BUFFER_CREATE_STATIC_FAILED( xReturn, xIsMessageBuffer );
 363:/home/zz/quard-start/Quard-Star/trusted_domain/FreeRTOS-Kernel/stream_buffer.c ****         }
 364:/home/zz/quard-start/Quard-Star/trusted_domain/FreeRTOS-Kernel/stream_buffer.c **** 
 365:/home/zz/quard-start/Quard-Star/trusted_domain/FreeRTOS-Kernel/stream_buffer.c ****         return xReturn;
 366:/home/zz/quard-start/Quard-Star/trusted_domain/FreeRTOS-Kernel/stream_buffer.c ****     }
 367:/home/zz/quard-start/Quard-Star/trusted_domain/FreeRTOS-Kernel/stream_buffer.c **** 
 368:/home/zz/quard-start/Quard-Star/trusted_domain/FreeRTOS-Kernel/stream_buffer.c **** #endif /* ( configSUPPORT_STATIC_ALLOCATION == 1 ) */
 369:/home/zz/quard-start/Quard-Star/trusted_domain/FreeRTOS-Kernel/stream_buffer.c **** /*-----------------------------------------------------------*/
 370:/home/zz/quard-start/Quard-Star/trusted_domain/FreeRTOS-Kernel/stream_buffer.c **** 
 371:/home/zz/quard-start/Quard-Star/trusted_domain/FreeRTOS-Kernel/stream_buffer.c **** void vStreamBufferDelete( StreamBufferHandle_t xStreamBuffer )
 372:/home/zz/quard-start/Quard-Star/trusted_domain/FreeRTOS-Kernel/stream_buffer.c **** {
 373:/home/zz/quard-start/Quard-Star/trusted_domain/FreeRTOS-Kernel/stream_buffer.c ****     StreamBuffer_t * pxStreamBuffer = xStreamBuffer;
 374:/home/zz/quard-start/Quard-Star/trusted_domain/FreeRTOS-Kernel/stream_buffer.c **** 
 375:/home/zz/quard-start/Quard-Star/trusted_domain/FreeRTOS-Kernel/stream_buffer.c ****     configASSERT( pxStreamBuffer );
 376:/home/zz/quard-start/Quard-Star/trusted_domain/FreeRTOS-Kernel/stream_buffer.c **** 
 377:/home/zz/quard-start/Quard-Star/trusted_domain/FreeRTOS-Kernel/stream_buffer.c ****     traceSTREAM_BUFFER_DELETE( xStreamBuffer );
 378:/home/zz/quard-start/Quard-Star/trusted_domain/FreeRTOS-Kernel/stream_buffer.c **** 
 379:/home/zz/quard-start/Quard-Star/trusted_domain/FreeRTOS-Kernel/stream_buffer.c ****     if( ( pxStreamBuffer->ucFlags & sbFLAGS_IS_STATICALLY_ALLOCATED ) == ( uint8_t ) pdFALSE )
 380:/home/zz/quard-start/Quard-Star/trusted_domain/FreeRTOS-Kernel/stream_buffer.c ****     {
 381:/home/zz/quard-start/Quard-Star/trusted_domain/FreeRTOS-Kernel/stream_buffer.c ****         #if ( configSUPPORT_DYNAMIC_ALLOCATION == 1 )
 382:/home/zz/quard-start/Quard-Star/trusted_domain/FreeRTOS-Kernel/stream_buffer.c ****             {
 383:/home/zz/quard-start/Quard-Star/trusted_domain/FreeRTOS-Kernel/stream_buffer.c ****                 /* Both the structure and the buffer were allocated using a single call
 384:/home/zz/quard-start/Quard-Star/trusted_domain/FreeRTOS-Kernel/stream_buffer.c ****                 * to pvPortMalloc(), hence only one call to vPortFree() is required. */
 385:/home/zz/quard-start/Quard-Star/trusted_domain/FreeRTOS-Kernel/stream_buffer.c ****                 vPortFree( ( void * ) pxStreamBuffer ); /*lint !e9087 Standard free() semantics req
 386:/home/zz/quard-start/Quard-Star/trusted_domain/FreeRTOS-Kernel/stream_buffer.c ****             }
GAS LISTING /tmp/ccHKNjJ2.s 			page 8


 387:/home/zz/quard-start/Quard-Star/trusted_domain/FreeRTOS-Kernel/stream_buffer.c ****         #else
 388:/home/zz/quard-start/Quard-Star/trusted_domain/FreeRTOS-Kernel/stream_buffer.c ****             {
 389:/home/zz/quard-start/Quard-Star/trusted_domain/FreeRTOS-Kernel/stream_buffer.c ****                 /* Should not be possible to get here, ucFlags must be corrupt.
 390:/home/zz/quard-start/Quard-Star/trusted_domain/FreeRTOS-Kernel/stream_buffer.c ****                  * Force an assert. */
 391:/home/zz/quard-start/Quard-Star/trusted_domain/FreeRTOS-Kernel/stream_buffer.c ****                 configASSERT( xStreamBuffer == ( StreamBufferHandle_t ) ~0 );
 392:/home/zz/quard-start/Quard-Star/trusted_domain/FreeRTOS-Kernel/stream_buffer.c ****             }
 393:/home/zz/quard-start/Quard-Star/trusted_domain/FreeRTOS-Kernel/stream_buffer.c ****         #endif
 394:/home/zz/quard-start/Quard-Star/trusted_domain/FreeRTOS-Kernel/stream_buffer.c ****     }
 395:/home/zz/quard-start/Quard-Star/trusted_domain/FreeRTOS-Kernel/stream_buffer.c ****     else
 396:/home/zz/quard-start/Quard-Star/trusted_domain/FreeRTOS-Kernel/stream_buffer.c ****     {
 397:/home/zz/quard-start/Quard-Star/trusted_domain/FreeRTOS-Kernel/stream_buffer.c ****         /* The structure and buffer were not allocated dynamically and cannot be
 398:/home/zz/quard-start/Quard-Star/trusted_domain/FreeRTOS-Kernel/stream_buffer.c ****          * freed - just scrub the structure so future use will assert. */
 399:/home/zz/quard-start/Quard-Star/trusted_domain/FreeRTOS-Kernel/stream_buffer.c ****         ( void ) memset( pxStreamBuffer, 0x00, sizeof( StreamBuffer_t ) );
 400:/home/zz/quard-start/Quard-Star/trusted_domain/FreeRTOS-Kernel/stream_buffer.c ****     }
 401:/home/zz/quard-start/Quard-Star/trusted_domain/FreeRTOS-Kernel/stream_buffer.c **** }
 402:/home/zz/quard-start/Quard-Star/trusted_domain/FreeRTOS-Kernel/stream_buffer.c **** /*-----------------------------------------------------------*/
 403:/home/zz/quard-start/Quard-Star/trusted_domain/FreeRTOS-Kernel/stream_buffer.c **** 
 404:/home/zz/quard-start/Quard-Star/trusted_domain/FreeRTOS-Kernel/stream_buffer.c **** BaseType_t xStreamBufferReset( StreamBufferHandle_t xStreamBuffer )
 405:/home/zz/quard-start/Quard-Star/trusted_domain/FreeRTOS-Kernel/stream_buffer.c **** {
 406:/home/zz/quard-start/Quard-Star/trusted_domain/FreeRTOS-Kernel/stream_buffer.c ****     StreamBuffer_t * const pxStreamBuffer = xStreamBuffer;
 407:/home/zz/quard-start/Quard-Star/trusted_domain/FreeRTOS-Kernel/stream_buffer.c ****     BaseType_t xReturn = pdFAIL;
 408:/home/zz/quard-start/Quard-Star/trusted_domain/FreeRTOS-Kernel/stream_buffer.c **** 
 409:/home/zz/quard-start/Quard-Star/trusted_domain/FreeRTOS-Kernel/stream_buffer.c ****     #if ( configUSE_TRACE_FACILITY == 1 )
 410:/home/zz/quard-start/Quard-Star/trusted_domain/FreeRTOS-Kernel/stream_buffer.c ****         UBaseType_t uxStreamBufferNumber;
 411:/home/zz/quard-start/Quard-Star/trusted_domain/FreeRTOS-Kernel/stream_buffer.c ****     #endif
 412:/home/zz/quard-start/Quard-Star/trusted_domain/FreeRTOS-Kernel/stream_buffer.c **** 
 413:/home/zz/quard-start/Quard-Star/trusted_domain/FreeRTOS-Kernel/stream_buffer.c ****     configASSERT( pxStreamBuffer );
 414:/home/zz/quard-start/Quard-Star/trusted_domain/FreeRTOS-Kernel/stream_buffer.c **** 
 415:/home/zz/quard-start/Quard-Star/trusted_domain/FreeRTOS-Kernel/stream_buffer.c ****     #if ( configUSE_TRACE_FACILITY == 1 )
 416:/home/zz/quard-start/Quard-Star/trusted_domain/FreeRTOS-Kernel/stream_buffer.c ****         {
 417:/home/zz/quard-start/Quard-Star/trusted_domain/FreeRTOS-Kernel/stream_buffer.c ****             /* Store the stream buffer number so it can be restored after the
 418:/home/zz/quard-start/Quard-Star/trusted_domain/FreeRTOS-Kernel/stream_buffer.c ****              * reset. */
 419:/home/zz/quard-start/Quard-Star/trusted_domain/FreeRTOS-Kernel/stream_buffer.c ****             uxStreamBufferNumber = pxStreamBuffer->uxStreamBufferNumber;
 420:/home/zz/quard-start/Quard-Star/trusted_domain/FreeRTOS-Kernel/stream_buffer.c ****         }
 421:/home/zz/quard-start/Quard-Star/trusted_domain/FreeRTOS-Kernel/stream_buffer.c ****     #endif
 422:/home/zz/quard-start/Quard-Star/trusted_domain/FreeRTOS-Kernel/stream_buffer.c **** 
 423:/home/zz/quard-start/Quard-Star/trusted_domain/FreeRTOS-Kernel/stream_buffer.c ****     /* Can only reset a message buffer if there are no tasks blocked on it. */
 424:/home/zz/quard-start/Quard-Star/trusted_domain/FreeRTOS-Kernel/stream_buffer.c ****     taskENTER_CRITICAL();
 425:/home/zz/quard-start/Quard-Star/trusted_domain/FreeRTOS-Kernel/stream_buffer.c ****     {
 426:/home/zz/quard-start/Quard-Star/trusted_domain/FreeRTOS-Kernel/stream_buffer.c ****         if( pxStreamBuffer->xTaskWaitingToReceive == NULL )
 427:/home/zz/quard-start/Quard-Star/trusted_domain/FreeRTOS-Kernel/stream_buffer.c ****         {
 428:/home/zz/quard-start/Quard-Star/trusted_domain/FreeRTOS-Kernel/stream_buffer.c ****             if( pxStreamBuffer->xTaskWaitingToSend == NULL )
 429:/home/zz/quard-start/Quard-Star/trusted_domain/FreeRTOS-Kernel/stream_buffer.c ****             {
 430:/home/zz/quard-start/Quard-Star/trusted_domain/FreeRTOS-Kernel/stream_buffer.c ****                 prvInitialiseNewStreamBuffer( pxStreamBuffer,
 431:/home/zz/quard-start/Quard-Star/trusted_domain/FreeRTOS-Kernel/stream_buffer.c ****                                               pxStreamBuffer->pucBuffer,
 432:/home/zz/quard-start/Quard-Star/trusted_domain/FreeRTOS-Kernel/stream_buffer.c ****                                               pxStreamBuffer->xLength,
 433:/home/zz/quard-start/Quard-Star/trusted_domain/FreeRTOS-Kernel/stream_buffer.c ****                                               pxStreamBuffer->xTriggerLevelBytes,
 434:/home/zz/quard-start/Quard-Star/trusted_domain/FreeRTOS-Kernel/stream_buffer.c ****                                               pxStreamBuffer->ucFlags );
 435:/home/zz/quard-start/Quard-Star/trusted_domain/FreeRTOS-Kernel/stream_buffer.c ****                 xReturn = pdPASS;
 436:/home/zz/quard-start/Quard-Star/trusted_domain/FreeRTOS-Kernel/stream_buffer.c **** 
 437:/home/zz/quard-start/Quard-Star/trusted_domain/FreeRTOS-Kernel/stream_buffer.c ****                 #if ( configUSE_TRACE_FACILITY == 1 )
 438:/home/zz/quard-start/Quard-Star/trusted_domain/FreeRTOS-Kernel/stream_buffer.c ****                     {
 439:/home/zz/quard-start/Quard-Star/trusted_domain/FreeRTOS-Kernel/stream_buffer.c ****                         pxStreamBuffer->uxStreamBufferNumber = uxStreamBufferNumber;
 440:/home/zz/quard-start/Quard-Star/trusted_domain/FreeRTOS-Kernel/stream_buffer.c ****                     }
 441:/home/zz/quard-start/Quard-Star/trusted_domain/FreeRTOS-Kernel/stream_buffer.c ****                 #endif
 442:/home/zz/quard-start/Quard-Star/trusted_domain/FreeRTOS-Kernel/stream_buffer.c **** 
 443:/home/zz/quard-start/Quard-Star/trusted_domain/FreeRTOS-Kernel/stream_buffer.c ****                 traceSTREAM_BUFFER_RESET( xStreamBuffer );
GAS LISTING /tmp/ccHKNjJ2.s 			page 9


 444:/home/zz/quard-start/Quard-Star/trusted_domain/FreeRTOS-Kernel/stream_buffer.c ****             }
 445:/home/zz/quard-start/Quard-Star/trusted_domain/FreeRTOS-Kernel/stream_buffer.c ****         }
 446:/home/zz/quard-start/Quard-Star/trusted_domain/FreeRTOS-Kernel/stream_buffer.c ****     }
 447:/home/zz/quard-start/Quard-Star/trusted_domain/FreeRTOS-Kernel/stream_buffer.c ****     taskEXIT_CRITICAL();
 448:/home/zz/quard-start/Quard-Star/trusted_domain/FreeRTOS-Kernel/stream_buffer.c **** 
 449:/home/zz/quard-start/Quard-Star/trusted_domain/FreeRTOS-Kernel/stream_buffer.c ****     return xReturn;
 450:/home/zz/quard-start/Quard-Star/trusted_domain/FreeRTOS-Kernel/stream_buffer.c **** }
 451:/home/zz/quard-start/Quard-Star/trusted_domain/FreeRTOS-Kernel/stream_buffer.c **** /*-----------------------------------------------------------*/
 452:/home/zz/quard-start/Quard-Star/trusted_domain/FreeRTOS-Kernel/stream_buffer.c **** 
 453:/home/zz/quard-start/Quard-Star/trusted_domain/FreeRTOS-Kernel/stream_buffer.c **** BaseType_t xStreamBufferSetTriggerLevel( StreamBufferHandle_t xStreamBuffer,
 454:/home/zz/quard-start/Quard-Star/trusted_domain/FreeRTOS-Kernel/stream_buffer.c ****                                          size_t xTriggerLevel )
 455:/home/zz/quard-start/Quard-Star/trusted_domain/FreeRTOS-Kernel/stream_buffer.c **** {
 456:/home/zz/quard-start/Quard-Star/trusted_domain/FreeRTOS-Kernel/stream_buffer.c ****     StreamBuffer_t * const pxStreamBuffer = xStreamBuffer;
 457:/home/zz/quard-start/Quard-Star/trusted_domain/FreeRTOS-Kernel/stream_buffer.c ****     BaseType_t xReturn;
 458:/home/zz/quard-start/Quard-Star/trusted_domain/FreeRTOS-Kernel/stream_buffer.c **** 
 459:/home/zz/quard-start/Quard-Star/trusted_domain/FreeRTOS-Kernel/stream_buffer.c ****     configASSERT( pxStreamBuffer );
 460:/home/zz/quard-start/Quard-Star/trusted_domain/FreeRTOS-Kernel/stream_buffer.c **** 
 461:/home/zz/quard-start/Quard-Star/trusted_domain/FreeRTOS-Kernel/stream_buffer.c ****     /* It is not valid for the trigger level to be 0. */
 462:/home/zz/quard-start/Quard-Star/trusted_domain/FreeRTOS-Kernel/stream_buffer.c ****     if( xTriggerLevel == ( size_t ) 0 )
 463:/home/zz/quard-start/Quard-Star/trusted_domain/FreeRTOS-Kernel/stream_buffer.c ****     {
 464:/home/zz/quard-start/Quard-Star/trusted_domain/FreeRTOS-Kernel/stream_buffer.c ****         xTriggerLevel = ( size_t ) 1;
 465:/home/zz/quard-start/Quard-Star/trusted_domain/FreeRTOS-Kernel/stream_buffer.c ****     }
 466:/home/zz/quard-start/Quard-Star/trusted_domain/FreeRTOS-Kernel/stream_buffer.c **** 
 467:/home/zz/quard-start/Quard-Star/trusted_domain/FreeRTOS-Kernel/stream_buffer.c ****     /* The trigger level is the number of bytes that must be in the stream
 468:/home/zz/quard-start/Quard-Star/trusted_domain/FreeRTOS-Kernel/stream_buffer.c ****      * buffer before a task that is waiting for data is unblocked. */
 469:/home/zz/quard-start/Quard-Star/trusted_domain/FreeRTOS-Kernel/stream_buffer.c ****     if( xTriggerLevel <= pxStreamBuffer->xLength )
 470:/home/zz/quard-start/Quard-Star/trusted_domain/FreeRTOS-Kernel/stream_buffer.c ****     {
 471:/home/zz/quard-start/Quard-Star/trusted_domain/FreeRTOS-Kernel/stream_buffer.c ****         pxStreamBuffer->xTriggerLevelBytes = xTriggerLevel;
 472:/home/zz/quard-start/Quard-Star/trusted_domain/FreeRTOS-Kernel/stream_buffer.c ****         xReturn = pdPASS;
 473:/home/zz/quard-start/Quard-Star/trusted_domain/FreeRTOS-Kernel/stream_buffer.c ****     }
 474:/home/zz/quard-start/Quard-Star/trusted_domain/FreeRTOS-Kernel/stream_buffer.c ****     else
 475:/home/zz/quard-start/Quard-Star/trusted_domain/FreeRTOS-Kernel/stream_buffer.c ****     {
 476:/home/zz/quard-start/Quard-Star/trusted_domain/FreeRTOS-Kernel/stream_buffer.c ****         xReturn = pdFALSE;
 477:/home/zz/quard-start/Quard-Star/trusted_domain/FreeRTOS-Kernel/stream_buffer.c ****     }
 478:/home/zz/quard-start/Quard-Star/trusted_domain/FreeRTOS-Kernel/stream_buffer.c **** 
 479:/home/zz/quard-start/Quard-Star/trusted_domain/FreeRTOS-Kernel/stream_buffer.c ****     return xReturn;
 480:/home/zz/quard-start/Quard-Star/trusted_domain/FreeRTOS-Kernel/stream_buffer.c **** }
 481:/home/zz/quard-start/Quard-Star/trusted_domain/FreeRTOS-Kernel/stream_buffer.c **** /*-----------------------------------------------------------*/
 482:/home/zz/quard-start/Quard-Star/trusted_domain/FreeRTOS-Kernel/stream_buffer.c **** 
 483:/home/zz/quard-start/Quard-Star/trusted_domain/FreeRTOS-Kernel/stream_buffer.c **** size_t xStreamBufferSpacesAvailable( StreamBufferHandle_t xStreamBuffer )
 484:/home/zz/quard-start/Quard-Star/trusted_domain/FreeRTOS-Kernel/stream_buffer.c **** {
 485:/home/zz/quard-start/Quard-Star/trusted_domain/FreeRTOS-Kernel/stream_buffer.c ****     const StreamBuffer_t * const pxStreamBuffer = xStreamBuffer;
 486:/home/zz/quard-start/Quard-Star/trusted_domain/FreeRTOS-Kernel/stream_buffer.c ****     size_t xSpace;
 487:/home/zz/quard-start/Quard-Star/trusted_domain/FreeRTOS-Kernel/stream_buffer.c **** 
 488:/home/zz/quard-start/Quard-Star/trusted_domain/FreeRTOS-Kernel/stream_buffer.c ****     configASSERT( pxStreamBuffer );
 489:/home/zz/quard-start/Quard-Star/trusted_domain/FreeRTOS-Kernel/stream_buffer.c **** 
 490:/home/zz/quard-start/Quard-Star/trusted_domain/FreeRTOS-Kernel/stream_buffer.c ****     xSpace = pxStreamBuffer->xLength + pxStreamBuffer->xTail;
 491:/home/zz/quard-start/Quard-Star/trusted_domain/FreeRTOS-Kernel/stream_buffer.c ****     xSpace -= pxStreamBuffer->xHead;
 492:/home/zz/quard-start/Quard-Star/trusted_domain/FreeRTOS-Kernel/stream_buffer.c ****     xSpace -= ( size_t ) 1;
 493:/home/zz/quard-start/Quard-Star/trusted_domain/FreeRTOS-Kernel/stream_buffer.c **** 
 494:/home/zz/quard-start/Quard-Star/trusted_domain/FreeRTOS-Kernel/stream_buffer.c ****     if( xSpace >= pxStreamBuffer->xLength )
 495:/home/zz/quard-start/Quard-Star/trusted_domain/FreeRTOS-Kernel/stream_buffer.c ****     {
 496:/home/zz/quard-start/Quard-Star/trusted_domain/FreeRTOS-Kernel/stream_buffer.c ****         xSpace -= pxStreamBuffer->xLength;
 497:/home/zz/quard-start/Quard-Star/trusted_domain/FreeRTOS-Kernel/stream_buffer.c ****     }
 498:/home/zz/quard-start/Quard-Star/trusted_domain/FreeRTOS-Kernel/stream_buffer.c ****     else
 499:/home/zz/quard-start/Quard-Star/trusted_domain/FreeRTOS-Kernel/stream_buffer.c ****     {
 500:/home/zz/quard-start/Quard-Star/trusted_domain/FreeRTOS-Kernel/stream_buffer.c ****         mtCOVERAGE_TEST_MARKER();
GAS LISTING /tmp/ccHKNjJ2.s 			page 10


 501:/home/zz/quard-start/Quard-Star/trusted_domain/FreeRTOS-Kernel/stream_buffer.c ****     }
 502:/home/zz/quard-start/Quard-Star/trusted_domain/FreeRTOS-Kernel/stream_buffer.c **** 
 503:/home/zz/quard-start/Quard-Star/trusted_domain/FreeRTOS-Kernel/stream_buffer.c ****     return xSpace;
 504:/home/zz/quard-start/Quard-Star/trusted_domain/FreeRTOS-Kernel/stream_buffer.c **** }
 505:/home/zz/quard-start/Quard-Star/trusted_domain/FreeRTOS-Kernel/stream_buffer.c **** /*-----------------------------------------------------------*/
 506:/home/zz/quard-start/Quard-Star/trusted_domain/FreeRTOS-Kernel/stream_buffer.c **** 
 507:/home/zz/quard-start/Quard-Star/trusted_domain/FreeRTOS-Kernel/stream_buffer.c **** size_t xStreamBufferBytesAvailable( StreamBufferHandle_t xStreamBuffer )
 508:/home/zz/quard-start/Quard-Star/trusted_domain/FreeRTOS-Kernel/stream_buffer.c **** {
 509:/home/zz/quard-start/Quard-Star/trusted_domain/FreeRTOS-Kernel/stream_buffer.c ****     const StreamBuffer_t * const pxStreamBuffer = xStreamBuffer;
 510:/home/zz/quard-start/Quard-Star/trusted_domain/FreeRTOS-Kernel/stream_buffer.c ****     size_t xReturn;
 511:/home/zz/quard-start/Quard-Star/trusted_domain/FreeRTOS-Kernel/stream_buffer.c **** 
 512:/home/zz/quard-start/Quard-Star/trusted_domain/FreeRTOS-Kernel/stream_buffer.c ****     configASSERT( pxStreamBuffer );
 513:/home/zz/quard-start/Quard-Star/trusted_domain/FreeRTOS-Kernel/stream_buffer.c **** 
 514:/home/zz/quard-start/Quard-Star/trusted_domain/FreeRTOS-Kernel/stream_buffer.c ****     xReturn = prvBytesInBuffer( pxStreamBuffer );
 515:/home/zz/quard-start/Quard-Star/trusted_domain/FreeRTOS-Kernel/stream_buffer.c ****     return xReturn;
 516:/home/zz/quard-start/Quard-Star/trusted_domain/FreeRTOS-Kernel/stream_buffer.c **** }
 517:/home/zz/quard-start/Quard-Star/trusted_domain/FreeRTOS-Kernel/stream_buffer.c **** /*-----------------------------------------------------------*/
 518:/home/zz/quard-start/Quard-Star/trusted_domain/FreeRTOS-Kernel/stream_buffer.c **** 
 519:/home/zz/quard-start/Quard-Star/trusted_domain/FreeRTOS-Kernel/stream_buffer.c **** size_t xStreamBufferSend( StreamBufferHandle_t xStreamBuffer,
 520:/home/zz/quard-start/Quard-Star/trusted_domain/FreeRTOS-Kernel/stream_buffer.c ****                           const void * pvTxData,
 521:/home/zz/quard-start/Quard-Star/trusted_domain/FreeRTOS-Kernel/stream_buffer.c ****                           size_t xDataLengthBytes,
 522:/home/zz/quard-start/Quard-Star/trusted_domain/FreeRTOS-Kernel/stream_buffer.c ****                           TickType_t xTicksToWait )
 523:/home/zz/quard-start/Quard-Star/trusted_domain/FreeRTOS-Kernel/stream_buffer.c **** {
 524:/home/zz/quard-start/Quard-Star/trusted_domain/FreeRTOS-Kernel/stream_buffer.c ****     StreamBuffer_t * const pxStreamBuffer = xStreamBuffer;
 525:/home/zz/quard-start/Quard-Star/trusted_domain/FreeRTOS-Kernel/stream_buffer.c ****     size_t xReturn, xSpace = 0;
 526:/home/zz/quard-start/Quard-Star/trusted_domain/FreeRTOS-Kernel/stream_buffer.c ****     size_t xRequiredSpace = xDataLengthBytes;
 527:/home/zz/quard-start/Quard-Star/trusted_domain/FreeRTOS-Kernel/stream_buffer.c ****     TimeOut_t xTimeOut;
 528:/home/zz/quard-start/Quard-Star/trusted_domain/FreeRTOS-Kernel/stream_buffer.c **** 
 529:/home/zz/quard-start/Quard-Star/trusted_domain/FreeRTOS-Kernel/stream_buffer.c ****     /* The maximum amount of space a stream buffer will ever report is its length
 530:/home/zz/quard-start/Quard-Star/trusted_domain/FreeRTOS-Kernel/stream_buffer.c ****      * minus 1. */
 531:/home/zz/quard-start/Quard-Star/trusted_domain/FreeRTOS-Kernel/stream_buffer.c ****     const size_t xMaxReportedSpace = pxStreamBuffer->xLength - ( size_t ) 1;
 532:/home/zz/quard-start/Quard-Star/trusted_domain/FreeRTOS-Kernel/stream_buffer.c **** 
 533:/home/zz/quard-start/Quard-Star/trusted_domain/FreeRTOS-Kernel/stream_buffer.c ****     configASSERT( pvTxData );
 534:/home/zz/quard-start/Quard-Star/trusted_domain/FreeRTOS-Kernel/stream_buffer.c ****     configASSERT( pxStreamBuffer );
 535:/home/zz/quard-start/Quard-Star/trusted_domain/FreeRTOS-Kernel/stream_buffer.c **** 
 536:/home/zz/quard-start/Quard-Star/trusted_domain/FreeRTOS-Kernel/stream_buffer.c ****     /* This send function is used to write to both message buffers and stream
 537:/home/zz/quard-start/Quard-Star/trusted_domain/FreeRTOS-Kernel/stream_buffer.c ****      * buffers.  If this is a message buffer then the space needed must be
 538:/home/zz/quard-start/Quard-Star/trusted_domain/FreeRTOS-Kernel/stream_buffer.c ****      * increased by the amount of bytes needed to store the length of the
 539:/home/zz/quard-start/Quard-Star/trusted_domain/FreeRTOS-Kernel/stream_buffer.c ****      * message. */
 540:/home/zz/quard-start/Quard-Star/trusted_domain/FreeRTOS-Kernel/stream_buffer.c ****     if( ( pxStreamBuffer->ucFlags & sbFLAGS_IS_MESSAGE_BUFFER ) != ( uint8_t ) 0 )
 541:/home/zz/quard-start/Quard-Star/trusted_domain/FreeRTOS-Kernel/stream_buffer.c ****     {
 542:/home/zz/quard-start/Quard-Star/trusted_domain/FreeRTOS-Kernel/stream_buffer.c ****         xRequiredSpace += sbBYTES_TO_STORE_MESSAGE_LENGTH;
 543:/home/zz/quard-start/Quard-Star/trusted_domain/FreeRTOS-Kernel/stream_buffer.c **** 
 544:/home/zz/quard-start/Quard-Star/trusted_domain/FreeRTOS-Kernel/stream_buffer.c ****         /* Overflow? */
 545:/home/zz/quard-start/Quard-Star/trusted_domain/FreeRTOS-Kernel/stream_buffer.c ****         configASSERT( xRequiredSpace > xDataLengthBytes );
 546:/home/zz/quard-start/Quard-Star/trusted_domain/FreeRTOS-Kernel/stream_buffer.c **** 
 547:/home/zz/quard-start/Quard-Star/trusted_domain/FreeRTOS-Kernel/stream_buffer.c ****         /* If this is a message buffer then it must be possible to write the
 548:/home/zz/quard-start/Quard-Star/trusted_domain/FreeRTOS-Kernel/stream_buffer.c ****          * whole message. */
 549:/home/zz/quard-start/Quard-Star/trusted_domain/FreeRTOS-Kernel/stream_buffer.c ****         if( xRequiredSpace > xMaxReportedSpace )
 550:/home/zz/quard-start/Quard-Star/trusted_domain/FreeRTOS-Kernel/stream_buffer.c ****         {
 551:/home/zz/quard-start/Quard-Star/trusted_domain/FreeRTOS-Kernel/stream_buffer.c ****             /* The message would not fit even if the entire buffer was empty,
 552:/home/zz/quard-start/Quard-Star/trusted_domain/FreeRTOS-Kernel/stream_buffer.c ****              * so don't wait for space. */
 553:/home/zz/quard-start/Quard-Star/trusted_domain/FreeRTOS-Kernel/stream_buffer.c ****             xTicksToWait = ( TickType_t ) 0;
 554:/home/zz/quard-start/Quard-Star/trusted_domain/FreeRTOS-Kernel/stream_buffer.c ****         }
 555:/home/zz/quard-start/Quard-Star/trusted_domain/FreeRTOS-Kernel/stream_buffer.c ****         else
 556:/home/zz/quard-start/Quard-Star/trusted_domain/FreeRTOS-Kernel/stream_buffer.c ****         {
 557:/home/zz/quard-start/Quard-Star/trusted_domain/FreeRTOS-Kernel/stream_buffer.c ****             mtCOVERAGE_TEST_MARKER();
GAS LISTING /tmp/ccHKNjJ2.s 			page 11


 558:/home/zz/quard-start/Quard-Star/trusted_domain/FreeRTOS-Kernel/stream_buffer.c ****         }
 559:/home/zz/quard-start/Quard-Star/trusted_domain/FreeRTOS-Kernel/stream_buffer.c ****     }
 560:/home/zz/quard-start/Quard-Star/trusted_domain/FreeRTOS-Kernel/stream_buffer.c ****     else
 561:/home/zz/quard-start/Quard-Star/trusted_domain/FreeRTOS-Kernel/stream_buffer.c ****     {
 562:/home/zz/quard-start/Quard-Star/trusted_domain/FreeRTOS-Kernel/stream_buffer.c ****         /* If this is a stream buffer then it is acceptable to write only part
 563:/home/zz/quard-start/Quard-Star/trusted_domain/FreeRTOS-Kernel/stream_buffer.c ****          * of the message to the buffer.  Cap the length to the total length of
 564:/home/zz/quard-start/Quard-Star/trusted_domain/FreeRTOS-Kernel/stream_buffer.c ****          * the buffer. */
 565:/home/zz/quard-start/Quard-Star/trusted_domain/FreeRTOS-Kernel/stream_buffer.c ****         if( xRequiredSpace > xMaxReportedSpace )
 566:/home/zz/quard-start/Quard-Star/trusted_domain/FreeRTOS-Kernel/stream_buffer.c ****         {
 567:/home/zz/quard-start/Quard-Star/trusted_domain/FreeRTOS-Kernel/stream_buffer.c ****             xRequiredSpace = xMaxReportedSpace;
 568:/home/zz/quard-start/Quard-Star/trusted_domain/FreeRTOS-Kernel/stream_buffer.c ****         }
 569:/home/zz/quard-start/Quard-Star/trusted_domain/FreeRTOS-Kernel/stream_buffer.c ****         else
 570:/home/zz/quard-start/Quard-Star/trusted_domain/FreeRTOS-Kernel/stream_buffer.c ****         {
 571:/home/zz/quard-start/Quard-Star/trusted_domain/FreeRTOS-Kernel/stream_buffer.c ****             mtCOVERAGE_TEST_MARKER();
 572:/home/zz/quard-start/Quard-Star/trusted_domain/FreeRTOS-Kernel/stream_buffer.c ****         }
 573:/home/zz/quard-start/Quard-Star/trusted_domain/FreeRTOS-Kernel/stream_buffer.c ****     }
 574:/home/zz/quard-start/Quard-Star/trusted_domain/FreeRTOS-Kernel/stream_buffer.c **** 
 575:/home/zz/quard-start/Quard-Star/trusted_domain/FreeRTOS-Kernel/stream_buffer.c ****     if( xTicksToWait != ( TickType_t ) 0 )
 576:/home/zz/quard-start/Quard-Star/trusted_domain/FreeRTOS-Kernel/stream_buffer.c ****     {
 577:/home/zz/quard-start/Quard-Star/trusted_domain/FreeRTOS-Kernel/stream_buffer.c ****         vTaskSetTimeOutState( &xTimeOut );
 578:/home/zz/quard-start/Quard-Star/trusted_domain/FreeRTOS-Kernel/stream_buffer.c **** 
 579:/home/zz/quard-start/Quard-Star/trusted_domain/FreeRTOS-Kernel/stream_buffer.c ****         do
 580:/home/zz/quard-start/Quard-Star/trusted_domain/FreeRTOS-Kernel/stream_buffer.c ****         {
 581:/home/zz/quard-start/Quard-Star/trusted_domain/FreeRTOS-Kernel/stream_buffer.c ****             /* Wait until the required number of bytes are free in the message
 582:/home/zz/quard-start/Quard-Star/trusted_domain/FreeRTOS-Kernel/stream_buffer.c ****              * buffer. */
 583:/home/zz/quard-start/Quard-Star/trusted_domain/FreeRTOS-Kernel/stream_buffer.c ****             taskENTER_CRITICAL();
 584:/home/zz/quard-start/Quard-Star/trusted_domain/FreeRTOS-Kernel/stream_buffer.c ****             {
 585:/home/zz/quard-start/Quard-Star/trusted_domain/FreeRTOS-Kernel/stream_buffer.c ****                 xSpace = xStreamBufferSpacesAvailable( pxStreamBuffer );
 586:/home/zz/quard-start/Quard-Star/trusted_domain/FreeRTOS-Kernel/stream_buffer.c **** 
 587:/home/zz/quard-start/Quard-Star/trusted_domain/FreeRTOS-Kernel/stream_buffer.c ****                 if( xSpace < xRequiredSpace )
 588:/home/zz/quard-start/Quard-Star/trusted_domain/FreeRTOS-Kernel/stream_buffer.c ****                 {
 589:/home/zz/quard-start/Quard-Star/trusted_domain/FreeRTOS-Kernel/stream_buffer.c ****                     /* Clear notification state as going to wait for space. */
 590:/home/zz/quard-start/Quard-Star/trusted_domain/FreeRTOS-Kernel/stream_buffer.c ****                     ( void ) xTaskNotifyStateClear( NULL );
 591:/home/zz/quard-start/Quard-Star/trusted_domain/FreeRTOS-Kernel/stream_buffer.c **** 
 592:/home/zz/quard-start/Quard-Star/trusted_domain/FreeRTOS-Kernel/stream_buffer.c ****                     /* Should only be one writer. */
 593:/home/zz/quard-start/Quard-Star/trusted_domain/FreeRTOS-Kernel/stream_buffer.c ****                     configASSERT( pxStreamBuffer->xTaskWaitingToSend == NULL );
 594:/home/zz/quard-start/Quard-Star/trusted_domain/FreeRTOS-Kernel/stream_buffer.c ****                     pxStreamBuffer->xTaskWaitingToSend = xTaskGetCurrentTaskHandle();
 595:/home/zz/quard-start/Quard-Star/trusted_domain/FreeRTOS-Kernel/stream_buffer.c ****                 }
 596:/home/zz/quard-start/Quard-Star/trusted_domain/FreeRTOS-Kernel/stream_buffer.c ****                 else
 597:/home/zz/quard-start/Quard-Star/trusted_domain/FreeRTOS-Kernel/stream_buffer.c ****                 {
 598:/home/zz/quard-start/Quard-Star/trusted_domain/FreeRTOS-Kernel/stream_buffer.c ****                     taskEXIT_CRITICAL();
 599:/home/zz/quard-start/Quard-Star/trusted_domain/FreeRTOS-Kernel/stream_buffer.c ****                     break;
 600:/home/zz/quard-start/Quard-Star/trusted_domain/FreeRTOS-Kernel/stream_buffer.c ****                 }
 601:/home/zz/quard-start/Quard-Star/trusted_domain/FreeRTOS-Kernel/stream_buffer.c ****             }
 602:/home/zz/quard-start/Quard-Star/trusted_domain/FreeRTOS-Kernel/stream_buffer.c ****             taskEXIT_CRITICAL();
 603:/home/zz/quard-start/Quard-Star/trusted_domain/FreeRTOS-Kernel/stream_buffer.c **** 
 604:/home/zz/quard-start/Quard-Star/trusted_domain/FreeRTOS-Kernel/stream_buffer.c ****             traceBLOCKING_ON_STREAM_BUFFER_SEND( xStreamBuffer );
 605:/home/zz/quard-start/Quard-Star/trusted_domain/FreeRTOS-Kernel/stream_buffer.c ****             ( void ) xTaskNotifyWait( ( uint32_t ) 0, ( uint32_t ) 0, NULL, xTicksToWait );
 606:/home/zz/quard-start/Quard-Star/trusted_domain/FreeRTOS-Kernel/stream_buffer.c ****             pxStreamBuffer->xTaskWaitingToSend = NULL;
 607:/home/zz/quard-start/Quard-Star/trusted_domain/FreeRTOS-Kernel/stream_buffer.c ****         } while( xTaskCheckForTimeOut( &xTimeOut, &xTicksToWait ) == pdFALSE );
 608:/home/zz/quard-start/Quard-Star/trusted_domain/FreeRTOS-Kernel/stream_buffer.c ****     }
 609:/home/zz/quard-start/Quard-Star/trusted_domain/FreeRTOS-Kernel/stream_buffer.c ****     else
 610:/home/zz/quard-start/Quard-Star/trusted_domain/FreeRTOS-Kernel/stream_buffer.c ****     {
 611:/home/zz/quard-start/Quard-Star/trusted_domain/FreeRTOS-Kernel/stream_buffer.c ****         mtCOVERAGE_TEST_MARKER();
 612:/home/zz/quard-start/Quard-Star/trusted_domain/FreeRTOS-Kernel/stream_buffer.c ****     }
 613:/home/zz/quard-start/Quard-Star/trusted_domain/FreeRTOS-Kernel/stream_buffer.c **** 
 614:/home/zz/quard-start/Quard-Star/trusted_domain/FreeRTOS-Kernel/stream_buffer.c ****     if( xSpace == ( size_t ) 0 )
GAS LISTING /tmp/ccHKNjJ2.s 			page 12


 615:/home/zz/quard-start/Quard-Star/trusted_domain/FreeRTOS-Kernel/stream_buffer.c ****     {
 616:/home/zz/quard-start/Quard-Star/trusted_domain/FreeRTOS-Kernel/stream_buffer.c ****         xSpace = xStreamBufferSpacesAvailable( pxStreamBuffer );
 617:/home/zz/quard-start/Quard-Star/trusted_domain/FreeRTOS-Kernel/stream_buffer.c ****     }
 618:/home/zz/quard-start/Quard-Star/trusted_domain/FreeRTOS-Kernel/stream_buffer.c ****     else
 619:/home/zz/quard-start/Quard-Star/trusted_domain/FreeRTOS-Kernel/stream_buffer.c ****     {
 620:/home/zz/quard-start/Quard-Star/trusted_domain/FreeRTOS-Kernel/stream_buffer.c ****         mtCOVERAGE_TEST_MARKER();
 621:/home/zz/quard-start/Quard-Star/trusted_domain/FreeRTOS-Kernel/stream_buffer.c ****     }
 622:/home/zz/quard-start/Quard-Star/trusted_domain/FreeRTOS-Kernel/stream_buffer.c **** 
 623:/home/zz/quard-start/Quard-Star/trusted_domain/FreeRTOS-Kernel/stream_buffer.c ****     xReturn = prvWriteMessageToBuffer( pxStreamBuffer, pvTxData, xDataLengthBytes, xSpace, xRequire
 624:/home/zz/quard-start/Quard-Star/trusted_domain/FreeRTOS-Kernel/stream_buffer.c **** 
 625:/home/zz/quard-start/Quard-Star/trusted_domain/FreeRTOS-Kernel/stream_buffer.c ****     if( xReturn > ( size_t ) 0 )
 626:/home/zz/quard-start/Quard-Star/trusted_domain/FreeRTOS-Kernel/stream_buffer.c ****     {
 627:/home/zz/quard-start/Quard-Star/trusted_domain/FreeRTOS-Kernel/stream_buffer.c ****         traceSTREAM_BUFFER_SEND( xStreamBuffer, xReturn );
 628:/home/zz/quard-start/Quard-Star/trusted_domain/FreeRTOS-Kernel/stream_buffer.c **** 
 629:/home/zz/quard-start/Quard-Star/trusted_domain/FreeRTOS-Kernel/stream_buffer.c ****         /* Was a task waiting for the data? */
 630:/home/zz/quard-start/Quard-Star/trusted_domain/FreeRTOS-Kernel/stream_buffer.c ****         if( prvBytesInBuffer( pxStreamBuffer ) >= pxStreamBuffer->xTriggerLevelBytes )
 631:/home/zz/quard-start/Quard-Star/trusted_domain/FreeRTOS-Kernel/stream_buffer.c ****         {
 632:/home/zz/quard-start/Quard-Star/trusted_domain/FreeRTOS-Kernel/stream_buffer.c ****             sbSEND_COMPLETED( pxStreamBuffer );
 633:/home/zz/quard-start/Quard-Star/trusted_domain/FreeRTOS-Kernel/stream_buffer.c ****         }
 634:/home/zz/quard-start/Quard-Star/trusted_domain/FreeRTOS-Kernel/stream_buffer.c ****         else
 635:/home/zz/quard-start/Quard-Star/trusted_domain/FreeRTOS-Kernel/stream_buffer.c ****         {
 636:/home/zz/quard-start/Quard-Star/trusted_domain/FreeRTOS-Kernel/stream_buffer.c ****             mtCOVERAGE_TEST_MARKER();
 637:/home/zz/quard-start/Quard-Star/trusted_domain/FreeRTOS-Kernel/stream_buffer.c ****         }
 638:/home/zz/quard-start/Quard-Star/trusted_domain/FreeRTOS-Kernel/stream_buffer.c ****     }
 639:/home/zz/quard-start/Quard-Star/trusted_domain/FreeRTOS-Kernel/stream_buffer.c ****     else
 640:/home/zz/quard-start/Quard-Star/trusted_domain/FreeRTOS-Kernel/stream_buffer.c ****     {
 641:/home/zz/quard-start/Quard-Star/trusted_domain/FreeRTOS-Kernel/stream_buffer.c ****         mtCOVERAGE_TEST_MARKER();
 642:/home/zz/quard-start/Quard-Star/trusted_domain/FreeRTOS-Kernel/stream_buffer.c ****         traceSTREAM_BUFFER_SEND_FAILED( xStreamBuffer );
 643:/home/zz/quard-start/Quard-Star/trusted_domain/FreeRTOS-Kernel/stream_buffer.c ****     }
 644:/home/zz/quard-start/Quard-Star/trusted_domain/FreeRTOS-Kernel/stream_buffer.c **** 
 645:/home/zz/quard-start/Quard-Star/trusted_domain/FreeRTOS-Kernel/stream_buffer.c ****     return xReturn;
 646:/home/zz/quard-start/Quard-Star/trusted_domain/FreeRTOS-Kernel/stream_buffer.c **** }
 647:/home/zz/quard-start/Quard-Star/trusted_domain/FreeRTOS-Kernel/stream_buffer.c **** /*-----------------------------------------------------------*/
 648:/home/zz/quard-start/Quard-Star/trusted_domain/FreeRTOS-Kernel/stream_buffer.c **** 
 649:/home/zz/quard-start/Quard-Star/trusted_domain/FreeRTOS-Kernel/stream_buffer.c **** size_t xStreamBufferSendFromISR( StreamBufferHandle_t xStreamBuffer,
 650:/home/zz/quard-start/Quard-Star/trusted_domain/FreeRTOS-Kernel/stream_buffer.c ****                                  const void * pvTxData,
 651:/home/zz/quard-start/Quard-Star/trusted_domain/FreeRTOS-Kernel/stream_buffer.c ****                                  size_t xDataLengthBytes,
 652:/home/zz/quard-start/Quard-Star/trusted_domain/FreeRTOS-Kernel/stream_buffer.c ****                                  BaseType_t * const pxHigherPriorityTaskWoken )
 653:/home/zz/quard-start/Quard-Star/trusted_domain/FreeRTOS-Kernel/stream_buffer.c **** {
 654:/home/zz/quard-start/Quard-Star/trusted_domain/FreeRTOS-Kernel/stream_buffer.c ****     StreamBuffer_t * const pxStreamBuffer = xStreamBuffer;
 655:/home/zz/quard-start/Quard-Star/trusted_domain/FreeRTOS-Kernel/stream_buffer.c ****     size_t xReturn, xSpace;
 656:/home/zz/quard-start/Quard-Star/trusted_domain/FreeRTOS-Kernel/stream_buffer.c ****     size_t xRequiredSpace = xDataLengthBytes;
 657:/home/zz/quard-start/Quard-Star/trusted_domain/FreeRTOS-Kernel/stream_buffer.c **** 
 658:/home/zz/quard-start/Quard-Star/trusted_domain/FreeRTOS-Kernel/stream_buffer.c ****     configASSERT( pvTxData );
 659:/home/zz/quard-start/Quard-Star/trusted_domain/FreeRTOS-Kernel/stream_buffer.c ****     configASSERT( pxStreamBuffer );
 660:/home/zz/quard-start/Quard-Star/trusted_domain/FreeRTOS-Kernel/stream_buffer.c **** 
 661:/home/zz/quard-start/Quard-Star/trusted_domain/FreeRTOS-Kernel/stream_buffer.c ****     /* This send function is used to write to both message buffers and stream
 662:/home/zz/quard-start/Quard-Star/trusted_domain/FreeRTOS-Kernel/stream_buffer.c ****      * buffers.  If this is a message buffer then the space needed must be
 663:/home/zz/quard-start/Quard-Star/trusted_domain/FreeRTOS-Kernel/stream_buffer.c ****      * increased by the amount of bytes needed to store the length of the
 664:/home/zz/quard-start/Quard-Star/trusted_domain/FreeRTOS-Kernel/stream_buffer.c ****      * message. */
 665:/home/zz/quard-start/Quard-Star/trusted_domain/FreeRTOS-Kernel/stream_buffer.c ****     if( ( pxStreamBuffer->ucFlags & sbFLAGS_IS_MESSAGE_BUFFER ) != ( uint8_t ) 0 )
 666:/home/zz/quard-start/Quard-Star/trusted_domain/FreeRTOS-Kernel/stream_buffer.c ****     {
 667:/home/zz/quard-start/Quard-Star/trusted_domain/FreeRTOS-Kernel/stream_buffer.c ****         xRequiredSpace += sbBYTES_TO_STORE_MESSAGE_LENGTH;
 668:/home/zz/quard-start/Quard-Star/trusted_domain/FreeRTOS-Kernel/stream_buffer.c ****     }
 669:/home/zz/quard-start/Quard-Star/trusted_domain/FreeRTOS-Kernel/stream_buffer.c ****     else
 670:/home/zz/quard-start/Quard-Star/trusted_domain/FreeRTOS-Kernel/stream_buffer.c ****     {
 671:/home/zz/quard-start/Quard-Star/trusted_domain/FreeRTOS-Kernel/stream_buffer.c ****         mtCOVERAGE_TEST_MARKER();
GAS LISTING /tmp/ccHKNjJ2.s 			page 13


 672:/home/zz/quard-start/Quard-Star/trusted_domain/FreeRTOS-Kernel/stream_buffer.c ****     }
 673:/home/zz/quard-start/Quard-Star/trusted_domain/FreeRTOS-Kernel/stream_buffer.c **** 
 674:/home/zz/quard-start/Quard-Star/trusted_domain/FreeRTOS-Kernel/stream_buffer.c ****     xSpace = xStreamBufferSpacesAvailable( pxStreamBuffer );
 675:/home/zz/quard-start/Quard-Star/trusted_domain/FreeRTOS-Kernel/stream_buffer.c ****     xReturn = prvWriteMessageToBuffer( pxStreamBuffer, pvTxData, xDataLengthBytes, xSpace, xRequire
 676:/home/zz/quard-start/Quard-Star/trusted_domain/FreeRTOS-Kernel/stream_buffer.c **** 
 677:/home/zz/quard-start/Quard-Star/trusted_domain/FreeRTOS-Kernel/stream_buffer.c ****     if( xReturn > ( size_t ) 0 )
 678:/home/zz/quard-start/Quard-Star/trusted_domain/FreeRTOS-Kernel/stream_buffer.c ****     {
 679:/home/zz/quard-start/Quard-Star/trusted_domain/FreeRTOS-Kernel/stream_buffer.c ****         /* Was a task waiting for the data? */
 680:/home/zz/quard-start/Quard-Star/trusted_domain/FreeRTOS-Kernel/stream_buffer.c ****         if( prvBytesInBuffer( pxStreamBuffer ) >= pxStreamBuffer->xTriggerLevelBytes )
 681:/home/zz/quard-start/Quard-Star/trusted_domain/FreeRTOS-Kernel/stream_buffer.c ****         {
 682:/home/zz/quard-start/Quard-Star/trusted_domain/FreeRTOS-Kernel/stream_buffer.c ****             sbSEND_COMPLETE_FROM_ISR( pxStreamBuffer, pxHigherPriorityTaskWoken );
 683:/home/zz/quard-start/Quard-Star/trusted_domain/FreeRTOS-Kernel/stream_buffer.c ****         }
 684:/home/zz/quard-start/Quard-Star/trusted_domain/FreeRTOS-Kernel/stream_buffer.c ****         else
 685:/home/zz/quard-start/Quard-Star/trusted_domain/FreeRTOS-Kernel/stream_buffer.c ****         {
 686:/home/zz/quard-start/Quard-Star/trusted_domain/FreeRTOS-Kernel/stream_buffer.c ****             mtCOVERAGE_TEST_MARKER();
 687:/home/zz/quard-start/Quard-Star/trusted_domain/FreeRTOS-Kernel/stream_buffer.c ****         }
 688:/home/zz/quard-start/Quard-Star/trusted_domain/FreeRTOS-Kernel/stream_buffer.c ****     }
 689:/home/zz/quard-start/Quard-Star/trusted_domain/FreeRTOS-Kernel/stream_buffer.c ****     else
 690:/home/zz/quard-start/Quard-Star/trusted_domain/FreeRTOS-Kernel/stream_buffer.c ****     {
 691:/home/zz/quard-start/Quard-Star/trusted_domain/FreeRTOS-Kernel/stream_buffer.c ****         mtCOVERAGE_TEST_MARKER();
 692:/home/zz/quard-start/Quard-Star/trusted_domain/FreeRTOS-Kernel/stream_buffer.c ****     }
 693:/home/zz/quard-start/Quard-Star/trusted_domain/FreeRTOS-Kernel/stream_buffer.c **** 
 694:/home/zz/quard-start/Quard-Star/trusted_domain/FreeRTOS-Kernel/stream_buffer.c ****     traceSTREAM_BUFFER_SEND_FROM_ISR( xStreamBuffer, xReturn );
 695:/home/zz/quard-start/Quard-Star/trusted_domain/FreeRTOS-Kernel/stream_buffer.c **** 
 696:/home/zz/quard-start/Quard-Star/trusted_domain/FreeRTOS-Kernel/stream_buffer.c ****     return xReturn;
 697:/home/zz/quard-start/Quard-Star/trusted_domain/FreeRTOS-Kernel/stream_buffer.c **** }
 698:/home/zz/quard-start/Quard-Star/trusted_domain/FreeRTOS-Kernel/stream_buffer.c **** /*-----------------------------------------------------------*/
 699:/home/zz/quard-start/Quard-Star/trusted_domain/FreeRTOS-Kernel/stream_buffer.c **** 
 700:/home/zz/quard-start/Quard-Star/trusted_domain/FreeRTOS-Kernel/stream_buffer.c **** static size_t prvWriteMessageToBuffer( StreamBuffer_t * const pxStreamBuffer,
 701:/home/zz/quard-start/Quard-Star/trusted_domain/FreeRTOS-Kernel/stream_buffer.c ****                                        const void * pvTxData,
 702:/home/zz/quard-start/Quard-Star/trusted_domain/FreeRTOS-Kernel/stream_buffer.c ****                                        size_t xDataLengthBytes,
 703:/home/zz/quard-start/Quard-Star/trusted_domain/FreeRTOS-Kernel/stream_buffer.c ****                                        size_t xSpace,
 704:/home/zz/quard-start/Quard-Star/trusted_domain/FreeRTOS-Kernel/stream_buffer.c ****                                        size_t xRequiredSpace )
 705:/home/zz/quard-start/Quard-Star/trusted_domain/FreeRTOS-Kernel/stream_buffer.c **** {
 706:/home/zz/quard-start/Quard-Star/trusted_domain/FreeRTOS-Kernel/stream_buffer.c ****     BaseType_t xShouldWrite;
 707:/home/zz/quard-start/Quard-Star/trusted_domain/FreeRTOS-Kernel/stream_buffer.c ****     size_t xReturn;
 708:/home/zz/quard-start/Quard-Star/trusted_domain/FreeRTOS-Kernel/stream_buffer.c **** 
 709:/home/zz/quard-start/Quard-Star/trusted_domain/FreeRTOS-Kernel/stream_buffer.c ****     if( xSpace == ( size_t ) 0 )
 710:/home/zz/quard-start/Quard-Star/trusted_domain/FreeRTOS-Kernel/stream_buffer.c ****     {
 711:/home/zz/quard-start/Quard-Star/trusted_domain/FreeRTOS-Kernel/stream_buffer.c ****         /* Doesn't matter if this is a stream buffer or a message buffer, there
 712:/home/zz/quard-start/Quard-Star/trusted_domain/FreeRTOS-Kernel/stream_buffer.c ****          * is no space to write. */
 713:/home/zz/quard-start/Quard-Star/trusted_domain/FreeRTOS-Kernel/stream_buffer.c ****         xShouldWrite = pdFALSE;
 714:/home/zz/quard-start/Quard-Star/trusted_domain/FreeRTOS-Kernel/stream_buffer.c ****     }
 715:/home/zz/quard-start/Quard-Star/trusted_domain/FreeRTOS-Kernel/stream_buffer.c ****     else if( ( pxStreamBuffer->ucFlags & sbFLAGS_IS_MESSAGE_BUFFER ) == ( uint8_t ) 0 )
 716:/home/zz/quard-start/Quard-Star/trusted_domain/FreeRTOS-Kernel/stream_buffer.c ****     {
 717:/home/zz/quard-start/Quard-Star/trusted_domain/FreeRTOS-Kernel/stream_buffer.c ****         /* This is a stream buffer, as opposed to a message buffer, so writing a
 718:/home/zz/quard-start/Quard-Star/trusted_domain/FreeRTOS-Kernel/stream_buffer.c ****          * stream of bytes rather than discrete messages.  Write as many bytes as
 719:/home/zz/quard-start/Quard-Star/trusted_domain/FreeRTOS-Kernel/stream_buffer.c ****          * possible. */
 720:/home/zz/quard-start/Quard-Star/trusted_domain/FreeRTOS-Kernel/stream_buffer.c ****         xShouldWrite = pdTRUE;
 721:/home/zz/quard-start/Quard-Star/trusted_domain/FreeRTOS-Kernel/stream_buffer.c ****         xDataLengthBytes = configMIN( xDataLengthBytes, xSpace );
 722:/home/zz/quard-start/Quard-Star/trusted_domain/FreeRTOS-Kernel/stream_buffer.c ****     }
 723:/home/zz/quard-start/Quard-Star/trusted_domain/FreeRTOS-Kernel/stream_buffer.c ****     else if( xSpace >= xRequiredSpace )
 724:/home/zz/quard-start/Quard-Star/trusted_domain/FreeRTOS-Kernel/stream_buffer.c ****     {
 725:/home/zz/quard-start/Quard-Star/trusted_domain/FreeRTOS-Kernel/stream_buffer.c ****         /* This is a message buffer, as opposed to a stream buffer, and there
 726:/home/zz/quard-start/Quard-Star/trusted_domain/FreeRTOS-Kernel/stream_buffer.c ****          * is enough space to write both the message length and the message itself
 727:/home/zz/quard-start/Quard-Star/trusted_domain/FreeRTOS-Kernel/stream_buffer.c ****          * into the buffer.  Start by writing the length of the data, the data
 728:/home/zz/quard-start/Quard-Star/trusted_domain/FreeRTOS-Kernel/stream_buffer.c ****          * itself will be written later in this function. */
GAS LISTING /tmp/ccHKNjJ2.s 			page 14


 729:/home/zz/quard-start/Quard-Star/trusted_domain/FreeRTOS-Kernel/stream_buffer.c ****         xShouldWrite = pdTRUE;
 730:/home/zz/quard-start/Quard-Star/trusted_domain/FreeRTOS-Kernel/stream_buffer.c ****         ( void ) prvWriteBytesToBuffer( pxStreamBuffer, ( const uint8_t * ) &( xDataLengthBytes ), 
 731:/home/zz/quard-start/Quard-Star/trusted_domain/FreeRTOS-Kernel/stream_buffer.c ****     }
 732:/home/zz/quard-start/Quard-Star/trusted_domain/FreeRTOS-Kernel/stream_buffer.c ****     else
 733:/home/zz/quard-start/Quard-Star/trusted_domain/FreeRTOS-Kernel/stream_buffer.c ****     {
 734:/home/zz/quard-start/Quard-Star/trusted_domain/FreeRTOS-Kernel/stream_buffer.c ****         /* There is space available, but not enough space. */
 735:/home/zz/quard-start/Quard-Star/trusted_domain/FreeRTOS-Kernel/stream_buffer.c ****         xShouldWrite = pdFALSE;
 736:/home/zz/quard-start/Quard-Star/trusted_domain/FreeRTOS-Kernel/stream_buffer.c ****     }
 737:/home/zz/quard-start/Quard-Star/trusted_domain/FreeRTOS-Kernel/stream_buffer.c **** 
 738:/home/zz/quard-start/Quard-Star/trusted_domain/FreeRTOS-Kernel/stream_buffer.c ****     if( xShouldWrite != pdFALSE )
 739:/home/zz/quard-start/Quard-Star/trusted_domain/FreeRTOS-Kernel/stream_buffer.c ****     {
 740:/home/zz/quard-start/Quard-Star/trusted_domain/FreeRTOS-Kernel/stream_buffer.c ****         /* Writes the data itself. */
 741:/home/zz/quard-start/Quard-Star/trusted_domain/FreeRTOS-Kernel/stream_buffer.c ****         xReturn = prvWriteBytesToBuffer( pxStreamBuffer, ( const uint8_t * ) pvTxData, xDataLengthB
 742:/home/zz/quard-start/Quard-Star/trusted_domain/FreeRTOS-Kernel/stream_buffer.c ****     }
 743:/home/zz/quard-start/Quard-Star/trusted_domain/FreeRTOS-Kernel/stream_buffer.c ****     else
 744:/home/zz/quard-start/Quard-Star/trusted_domain/FreeRTOS-Kernel/stream_buffer.c ****     {
 745:/home/zz/quard-start/Quard-Star/trusted_domain/FreeRTOS-Kernel/stream_buffer.c ****         xReturn = 0;
 746:/home/zz/quard-start/Quard-Star/trusted_domain/FreeRTOS-Kernel/stream_buffer.c ****     }
 747:/home/zz/quard-start/Quard-Star/trusted_domain/FreeRTOS-Kernel/stream_buffer.c **** 
 748:/home/zz/quard-start/Quard-Star/trusted_domain/FreeRTOS-Kernel/stream_buffer.c ****     return xReturn;
 749:/home/zz/quard-start/Quard-Star/trusted_domain/FreeRTOS-Kernel/stream_buffer.c **** }
 750:/home/zz/quard-start/Quard-Star/trusted_domain/FreeRTOS-Kernel/stream_buffer.c **** /*-----------------------------------------------------------*/
 751:/home/zz/quard-start/Quard-Star/trusted_domain/FreeRTOS-Kernel/stream_buffer.c **** 
 752:/home/zz/quard-start/Quard-Star/trusted_domain/FreeRTOS-Kernel/stream_buffer.c **** size_t xStreamBufferReceive( StreamBufferHandle_t xStreamBuffer,
 753:/home/zz/quard-start/Quard-Star/trusted_domain/FreeRTOS-Kernel/stream_buffer.c ****                              void * pvRxData,
 754:/home/zz/quard-start/Quard-Star/trusted_domain/FreeRTOS-Kernel/stream_buffer.c ****                              size_t xBufferLengthBytes,
 755:/home/zz/quard-start/Quard-Star/trusted_domain/FreeRTOS-Kernel/stream_buffer.c ****                              TickType_t xTicksToWait )
 756:/home/zz/quard-start/Quard-Star/trusted_domain/FreeRTOS-Kernel/stream_buffer.c **** {
 757:/home/zz/quard-start/Quard-Star/trusted_domain/FreeRTOS-Kernel/stream_buffer.c ****     StreamBuffer_t * const pxStreamBuffer = xStreamBuffer;
 758:/home/zz/quard-start/Quard-Star/trusted_domain/FreeRTOS-Kernel/stream_buffer.c ****     size_t xReceivedLength = 0, xBytesAvailable, xBytesToStoreMessageLength;
 759:/home/zz/quard-start/Quard-Star/trusted_domain/FreeRTOS-Kernel/stream_buffer.c **** 
 760:/home/zz/quard-start/Quard-Star/trusted_domain/FreeRTOS-Kernel/stream_buffer.c ****     configASSERT( pvRxData );
 761:/home/zz/quard-start/Quard-Star/trusted_domain/FreeRTOS-Kernel/stream_buffer.c ****     configASSERT( pxStreamBuffer );
 762:/home/zz/quard-start/Quard-Star/trusted_domain/FreeRTOS-Kernel/stream_buffer.c **** 
 763:/home/zz/quard-start/Quard-Star/trusted_domain/FreeRTOS-Kernel/stream_buffer.c ****     /* This receive function is used by both message buffers, which store
 764:/home/zz/quard-start/Quard-Star/trusted_domain/FreeRTOS-Kernel/stream_buffer.c ****      * discrete messages, and stream buffers, which store a continuous stream of
 765:/home/zz/quard-start/Quard-Star/trusted_domain/FreeRTOS-Kernel/stream_buffer.c ****      * bytes.  Discrete messages include an additional
 766:/home/zz/quard-start/Quard-Star/trusted_domain/FreeRTOS-Kernel/stream_buffer.c ****      * sbBYTES_TO_STORE_MESSAGE_LENGTH bytes that hold the length of the
 767:/home/zz/quard-start/Quard-Star/trusted_domain/FreeRTOS-Kernel/stream_buffer.c ****      * message. */
 768:/home/zz/quard-start/Quard-Star/trusted_domain/FreeRTOS-Kernel/stream_buffer.c ****     if( ( pxStreamBuffer->ucFlags & sbFLAGS_IS_MESSAGE_BUFFER ) != ( uint8_t ) 0 )
 769:/home/zz/quard-start/Quard-Star/trusted_domain/FreeRTOS-Kernel/stream_buffer.c ****     {
 770:/home/zz/quard-start/Quard-Star/trusted_domain/FreeRTOS-Kernel/stream_buffer.c ****         xBytesToStoreMessageLength = sbBYTES_TO_STORE_MESSAGE_LENGTH;
 771:/home/zz/quard-start/Quard-Star/trusted_domain/FreeRTOS-Kernel/stream_buffer.c ****     }
 772:/home/zz/quard-start/Quard-Star/trusted_domain/FreeRTOS-Kernel/stream_buffer.c ****     else
 773:/home/zz/quard-start/Quard-Star/trusted_domain/FreeRTOS-Kernel/stream_buffer.c ****     {
 774:/home/zz/quard-start/Quard-Star/trusted_domain/FreeRTOS-Kernel/stream_buffer.c ****         xBytesToStoreMessageLength = 0;
 775:/home/zz/quard-start/Quard-Star/trusted_domain/FreeRTOS-Kernel/stream_buffer.c ****     }
 776:/home/zz/quard-start/Quard-Star/trusted_domain/FreeRTOS-Kernel/stream_buffer.c **** 
 777:/home/zz/quard-start/Quard-Star/trusted_domain/FreeRTOS-Kernel/stream_buffer.c ****     if( xTicksToWait != ( TickType_t ) 0 )
 778:/home/zz/quard-start/Quard-Star/trusted_domain/FreeRTOS-Kernel/stream_buffer.c ****     {
 779:/home/zz/quard-start/Quard-Star/trusted_domain/FreeRTOS-Kernel/stream_buffer.c ****         /* Checking if there is data and clearing the notification state must be
 780:/home/zz/quard-start/Quard-Star/trusted_domain/FreeRTOS-Kernel/stream_buffer.c ****          * performed atomically. */
 781:/home/zz/quard-start/Quard-Star/trusted_domain/FreeRTOS-Kernel/stream_buffer.c ****         taskENTER_CRITICAL();
 782:/home/zz/quard-start/Quard-Star/trusted_domain/FreeRTOS-Kernel/stream_buffer.c ****         {
 783:/home/zz/quard-start/Quard-Star/trusted_domain/FreeRTOS-Kernel/stream_buffer.c ****             xBytesAvailable = prvBytesInBuffer( pxStreamBuffer );
 784:/home/zz/quard-start/Quard-Star/trusted_domain/FreeRTOS-Kernel/stream_buffer.c **** 
 785:/home/zz/quard-start/Quard-Star/trusted_domain/FreeRTOS-Kernel/stream_buffer.c ****             /* If this function was invoked by a message buffer read then
GAS LISTING /tmp/ccHKNjJ2.s 			page 15


 786:/home/zz/quard-start/Quard-Star/trusted_domain/FreeRTOS-Kernel/stream_buffer.c ****              * xBytesToStoreMessageLength holds the number of bytes used to hold
 787:/home/zz/quard-start/Quard-Star/trusted_domain/FreeRTOS-Kernel/stream_buffer.c ****              * the length of the next discrete message.  If this function was
 788:/home/zz/quard-start/Quard-Star/trusted_domain/FreeRTOS-Kernel/stream_buffer.c ****              * invoked by a stream buffer read then xBytesToStoreMessageLength will
 789:/home/zz/quard-start/Quard-Star/trusted_domain/FreeRTOS-Kernel/stream_buffer.c ****              * be 0. */
 790:/home/zz/quard-start/Quard-Star/trusted_domain/FreeRTOS-Kernel/stream_buffer.c ****             if( xBytesAvailable <= xBytesToStoreMessageLength )
 791:/home/zz/quard-start/Quard-Star/trusted_domain/FreeRTOS-Kernel/stream_buffer.c ****             {
 792:/home/zz/quard-start/Quard-Star/trusted_domain/FreeRTOS-Kernel/stream_buffer.c ****                 /* Clear notification state as going to wait for data. */
 793:/home/zz/quard-start/Quard-Star/trusted_domain/FreeRTOS-Kernel/stream_buffer.c ****                 ( void ) xTaskNotifyStateClear( NULL );
 794:/home/zz/quard-start/Quard-Star/trusted_domain/FreeRTOS-Kernel/stream_buffer.c **** 
 795:/home/zz/quard-start/Quard-Star/trusted_domain/FreeRTOS-Kernel/stream_buffer.c ****                 /* Should only be one reader. */
 796:/home/zz/quard-start/Quard-Star/trusted_domain/FreeRTOS-Kernel/stream_buffer.c ****                 configASSERT( pxStreamBuffer->xTaskWaitingToReceive == NULL );
 797:/home/zz/quard-start/Quard-Star/trusted_domain/FreeRTOS-Kernel/stream_buffer.c ****                 pxStreamBuffer->xTaskWaitingToReceive = xTaskGetCurrentTaskHandle();
 798:/home/zz/quard-start/Quard-Star/trusted_domain/FreeRTOS-Kernel/stream_buffer.c ****             }
 799:/home/zz/quard-start/Quard-Star/trusted_domain/FreeRTOS-Kernel/stream_buffer.c ****             else
 800:/home/zz/quard-start/Quard-Star/trusted_domain/FreeRTOS-Kernel/stream_buffer.c ****             {
 801:/home/zz/quard-start/Quard-Star/trusted_domain/FreeRTOS-Kernel/stream_buffer.c ****                 mtCOVERAGE_TEST_MARKER();
 802:/home/zz/quard-start/Quard-Star/trusted_domain/FreeRTOS-Kernel/stream_buffer.c ****             }
 803:/home/zz/quard-start/Quard-Star/trusted_domain/FreeRTOS-Kernel/stream_buffer.c ****         }
 804:/home/zz/quard-start/Quard-Star/trusted_domain/FreeRTOS-Kernel/stream_buffer.c ****         taskEXIT_CRITICAL();
 805:/home/zz/quard-start/Quard-Star/trusted_domain/FreeRTOS-Kernel/stream_buffer.c **** 
 806:/home/zz/quard-start/Quard-Star/trusted_domain/FreeRTOS-Kernel/stream_buffer.c ****         if( xBytesAvailable <= xBytesToStoreMessageLength )
 807:/home/zz/quard-start/Quard-Star/trusted_domain/FreeRTOS-Kernel/stream_buffer.c ****         {
 808:/home/zz/quard-start/Quard-Star/trusted_domain/FreeRTOS-Kernel/stream_buffer.c ****             /* Wait for data to be available. */
 809:/home/zz/quard-start/Quard-Star/trusted_domain/FreeRTOS-Kernel/stream_buffer.c ****             traceBLOCKING_ON_STREAM_BUFFER_RECEIVE( xStreamBuffer );
 810:/home/zz/quard-start/Quard-Star/trusted_domain/FreeRTOS-Kernel/stream_buffer.c ****             ( void ) xTaskNotifyWait( ( uint32_t ) 0, ( uint32_t ) 0, NULL, xTicksToWait );
 811:/home/zz/quard-start/Quard-Star/trusted_domain/FreeRTOS-Kernel/stream_buffer.c ****             pxStreamBuffer->xTaskWaitingToReceive = NULL;
 812:/home/zz/quard-start/Quard-Star/trusted_domain/FreeRTOS-Kernel/stream_buffer.c **** 
 813:/home/zz/quard-start/Quard-Star/trusted_domain/FreeRTOS-Kernel/stream_buffer.c ****             /* Recheck the data available after blocking. */
 814:/home/zz/quard-start/Quard-Star/trusted_domain/FreeRTOS-Kernel/stream_buffer.c ****             xBytesAvailable = prvBytesInBuffer( pxStreamBuffer );
 815:/home/zz/quard-start/Quard-Star/trusted_domain/FreeRTOS-Kernel/stream_buffer.c ****         }
 816:/home/zz/quard-start/Quard-Star/trusted_domain/FreeRTOS-Kernel/stream_buffer.c ****         else
 817:/home/zz/quard-start/Quard-Star/trusted_domain/FreeRTOS-Kernel/stream_buffer.c ****         {
 818:/home/zz/quard-start/Quard-Star/trusted_domain/FreeRTOS-Kernel/stream_buffer.c ****             mtCOVERAGE_TEST_MARKER();
 819:/home/zz/quard-start/Quard-Star/trusted_domain/FreeRTOS-Kernel/stream_buffer.c ****         }
 820:/home/zz/quard-start/Quard-Star/trusted_domain/FreeRTOS-Kernel/stream_buffer.c ****     }
 821:/home/zz/quard-start/Quard-Star/trusted_domain/FreeRTOS-Kernel/stream_buffer.c ****     else
 822:/home/zz/quard-start/Quard-Star/trusted_domain/FreeRTOS-Kernel/stream_buffer.c ****     {
 823:/home/zz/quard-start/Quard-Star/trusted_domain/FreeRTOS-Kernel/stream_buffer.c ****         xBytesAvailable = prvBytesInBuffer( pxStreamBuffer );
 824:/home/zz/quard-start/Quard-Star/trusted_domain/FreeRTOS-Kernel/stream_buffer.c ****     }
 825:/home/zz/quard-start/Quard-Star/trusted_domain/FreeRTOS-Kernel/stream_buffer.c **** 
 826:/home/zz/quard-start/Quard-Star/trusted_domain/FreeRTOS-Kernel/stream_buffer.c ****     /* Whether receiving a discrete message (where xBytesToStoreMessageLength
 827:/home/zz/quard-start/Quard-Star/trusted_domain/FreeRTOS-Kernel/stream_buffer.c ****      * holds the number of bytes used to store the message length) or a stream of
 828:/home/zz/quard-start/Quard-Star/trusted_domain/FreeRTOS-Kernel/stream_buffer.c ****      * bytes (where xBytesToStoreMessageLength is zero), the number of bytes
 829:/home/zz/quard-start/Quard-Star/trusted_domain/FreeRTOS-Kernel/stream_buffer.c ****      * available must be greater than xBytesToStoreMessageLength to be able to
 830:/home/zz/quard-start/Quard-Star/trusted_domain/FreeRTOS-Kernel/stream_buffer.c ****      * read bytes from the buffer. */
 831:/home/zz/quard-start/Quard-Star/trusted_domain/FreeRTOS-Kernel/stream_buffer.c ****     if( xBytesAvailable > xBytesToStoreMessageLength )
 832:/home/zz/quard-start/Quard-Star/trusted_domain/FreeRTOS-Kernel/stream_buffer.c ****     {
 833:/home/zz/quard-start/Quard-Star/trusted_domain/FreeRTOS-Kernel/stream_buffer.c ****         xReceivedLength = prvReadMessageFromBuffer( pxStreamBuffer, pvRxData, xBufferLengthBytes, x
 834:/home/zz/quard-start/Quard-Star/trusted_domain/FreeRTOS-Kernel/stream_buffer.c **** 
 835:/home/zz/quard-start/Quard-Star/trusted_domain/FreeRTOS-Kernel/stream_buffer.c ****         /* Was a task waiting for space in the buffer? */
 836:/home/zz/quard-start/Quard-Star/trusted_domain/FreeRTOS-Kernel/stream_buffer.c ****         if( xReceivedLength != ( size_t ) 0 )
 837:/home/zz/quard-start/Quard-Star/trusted_domain/FreeRTOS-Kernel/stream_buffer.c ****         {
 838:/home/zz/quard-start/Quard-Star/trusted_domain/FreeRTOS-Kernel/stream_buffer.c ****             traceSTREAM_BUFFER_RECEIVE( xStreamBuffer, xReceivedLength );
 839:/home/zz/quard-start/Quard-Star/trusted_domain/FreeRTOS-Kernel/stream_buffer.c ****             sbRECEIVE_COMPLETED( pxStreamBuffer );
 840:/home/zz/quard-start/Quard-Star/trusted_domain/FreeRTOS-Kernel/stream_buffer.c ****         }
 841:/home/zz/quard-start/Quard-Star/trusted_domain/FreeRTOS-Kernel/stream_buffer.c ****         else
 842:/home/zz/quard-start/Quard-Star/trusted_domain/FreeRTOS-Kernel/stream_buffer.c ****         {
GAS LISTING /tmp/ccHKNjJ2.s 			page 16


 843:/home/zz/quard-start/Quard-Star/trusted_domain/FreeRTOS-Kernel/stream_buffer.c ****             mtCOVERAGE_TEST_MARKER();
 844:/home/zz/quard-start/Quard-Star/trusted_domain/FreeRTOS-Kernel/stream_buffer.c ****         }
 845:/home/zz/quard-start/Quard-Star/trusted_domain/FreeRTOS-Kernel/stream_buffer.c ****     }
 846:/home/zz/quard-start/Quard-Star/trusted_domain/FreeRTOS-Kernel/stream_buffer.c ****     else
 847:/home/zz/quard-start/Quard-Star/trusted_domain/FreeRTOS-Kernel/stream_buffer.c ****     {
 848:/home/zz/quard-start/Quard-Star/trusted_domain/FreeRTOS-Kernel/stream_buffer.c ****         traceSTREAM_BUFFER_RECEIVE_FAILED( xStreamBuffer );
 849:/home/zz/quard-start/Quard-Star/trusted_domain/FreeRTOS-Kernel/stream_buffer.c ****         mtCOVERAGE_TEST_MARKER();
 850:/home/zz/quard-start/Quard-Star/trusted_domain/FreeRTOS-Kernel/stream_buffer.c ****     }
 851:/home/zz/quard-start/Quard-Star/trusted_domain/FreeRTOS-Kernel/stream_buffer.c **** 
 852:/home/zz/quard-start/Quard-Star/trusted_domain/FreeRTOS-Kernel/stream_buffer.c ****     return xReceivedLength;
 853:/home/zz/quard-start/Quard-Star/trusted_domain/FreeRTOS-Kernel/stream_buffer.c **** }
 854:/home/zz/quard-start/Quard-Star/trusted_domain/FreeRTOS-Kernel/stream_buffer.c **** /*-----------------------------------------------------------*/
 855:/home/zz/quard-start/Quard-Star/trusted_domain/FreeRTOS-Kernel/stream_buffer.c **** 
 856:/home/zz/quard-start/Quard-Star/trusted_domain/FreeRTOS-Kernel/stream_buffer.c **** size_t xStreamBufferNextMessageLengthBytes( StreamBufferHandle_t xStreamBuffer )
 857:/home/zz/quard-start/Quard-Star/trusted_domain/FreeRTOS-Kernel/stream_buffer.c **** {
 858:/home/zz/quard-start/Quard-Star/trusted_domain/FreeRTOS-Kernel/stream_buffer.c ****     StreamBuffer_t * const pxStreamBuffer = xStreamBuffer;
 859:/home/zz/quard-start/Quard-Star/trusted_domain/FreeRTOS-Kernel/stream_buffer.c ****     size_t xReturn, xBytesAvailable, xOriginalTail;
 860:/home/zz/quard-start/Quard-Star/trusted_domain/FreeRTOS-Kernel/stream_buffer.c ****     configMESSAGE_BUFFER_LENGTH_TYPE xTempReturn;
 861:/home/zz/quard-start/Quard-Star/trusted_domain/FreeRTOS-Kernel/stream_buffer.c **** 
 862:/home/zz/quard-start/Quard-Star/trusted_domain/FreeRTOS-Kernel/stream_buffer.c ****     configASSERT( pxStreamBuffer );
 863:/home/zz/quard-start/Quard-Star/trusted_domain/FreeRTOS-Kernel/stream_buffer.c **** 
 864:/home/zz/quard-start/Quard-Star/trusted_domain/FreeRTOS-Kernel/stream_buffer.c ****     /* Ensure the stream buffer is being used as a message buffer. */
 865:/home/zz/quard-start/Quard-Star/trusted_domain/FreeRTOS-Kernel/stream_buffer.c ****     if( ( pxStreamBuffer->ucFlags & sbFLAGS_IS_MESSAGE_BUFFER ) != ( uint8_t ) 0 )
 866:/home/zz/quard-start/Quard-Star/trusted_domain/FreeRTOS-Kernel/stream_buffer.c ****     {
 867:/home/zz/quard-start/Quard-Star/trusted_domain/FreeRTOS-Kernel/stream_buffer.c ****         xBytesAvailable = prvBytesInBuffer( pxStreamBuffer );
 868:/home/zz/quard-start/Quard-Star/trusted_domain/FreeRTOS-Kernel/stream_buffer.c **** 
 869:/home/zz/quard-start/Quard-Star/trusted_domain/FreeRTOS-Kernel/stream_buffer.c ****         if( xBytesAvailable > sbBYTES_TO_STORE_MESSAGE_LENGTH )
 870:/home/zz/quard-start/Quard-Star/trusted_domain/FreeRTOS-Kernel/stream_buffer.c ****         {
 871:/home/zz/quard-start/Quard-Star/trusted_domain/FreeRTOS-Kernel/stream_buffer.c ****             /* The number of bytes available is greater than the number of bytes
 872:/home/zz/quard-start/Quard-Star/trusted_domain/FreeRTOS-Kernel/stream_buffer.c ****              * required to hold the length of the next message, so another message
 873:/home/zz/quard-start/Quard-Star/trusted_domain/FreeRTOS-Kernel/stream_buffer.c ****              * is available.  Return its length without removing the length bytes
 874:/home/zz/quard-start/Quard-Star/trusted_domain/FreeRTOS-Kernel/stream_buffer.c ****              * from the buffer.  A copy of the tail is stored so the buffer can be
 875:/home/zz/quard-start/Quard-Star/trusted_domain/FreeRTOS-Kernel/stream_buffer.c ****              * returned to its prior state as the message is not actually being
 876:/home/zz/quard-start/Quard-Star/trusted_domain/FreeRTOS-Kernel/stream_buffer.c ****              * removed from the buffer. */
 877:/home/zz/quard-start/Quard-Star/trusted_domain/FreeRTOS-Kernel/stream_buffer.c ****             xOriginalTail = pxStreamBuffer->xTail;
 878:/home/zz/quard-start/Quard-Star/trusted_domain/FreeRTOS-Kernel/stream_buffer.c ****             ( void ) prvReadBytesFromBuffer( pxStreamBuffer, ( uint8_t * ) &xTempReturn, sbBYTES_TO
 879:/home/zz/quard-start/Quard-Star/trusted_domain/FreeRTOS-Kernel/stream_buffer.c ****             xReturn = ( size_t ) xTempReturn;
 880:/home/zz/quard-start/Quard-Star/trusted_domain/FreeRTOS-Kernel/stream_buffer.c ****             pxStreamBuffer->xTail = xOriginalTail;
 881:/home/zz/quard-start/Quard-Star/trusted_domain/FreeRTOS-Kernel/stream_buffer.c ****         }
 882:/home/zz/quard-start/Quard-Star/trusted_domain/FreeRTOS-Kernel/stream_buffer.c ****         else
 883:/home/zz/quard-start/Quard-Star/trusted_domain/FreeRTOS-Kernel/stream_buffer.c ****         {
 884:/home/zz/quard-start/Quard-Star/trusted_domain/FreeRTOS-Kernel/stream_buffer.c ****             /* The minimum amount of bytes in a message buffer is
 885:/home/zz/quard-start/Quard-Star/trusted_domain/FreeRTOS-Kernel/stream_buffer.c ****              * ( sbBYTES_TO_STORE_MESSAGE_LENGTH + 1 ), so if xBytesAvailable is
 886:/home/zz/quard-start/Quard-Star/trusted_domain/FreeRTOS-Kernel/stream_buffer.c ****              * less than sbBYTES_TO_STORE_MESSAGE_LENGTH the only other valid
 887:/home/zz/quard-start/Quard-Star/trusted_domain/FreeRTOS-Kernel/stream_buffer.c ****              * value is 0. */
 888:/home/zz/quard-start/Quard-Star/trusted_domain/FreeRTOS-Kernel/stream_buffer.c ****             configASSERT( xBytesAvailable == 0 );
 889:/home/zz/quard-start/Quard-Star/trusted_domain/FreeRTOS-Kernel/stream_buffer.c ****             xReturn = 0;
 890:/home/zz/quard-start/Quard-Star/trusted_domain/FreeRTOS-Kernel/stream_buffer.c ****         }
 891:/home/zz/quard-start/Quard-Star/trusted_domain/FreeRTOS-Kernel/stream_buffer.c ****     }
 892:/home/zz/quard-start/Quard-Star/trusted_domain/FreeRTOS-Kernel/stream_buffer.c ****     else
 893:/home/zz/quard-start/Quard-Star/trusted_domain/FreeRTOS-Kernel/stream_buffer.c ****     {
 894:/home/zz/quard-start/Quard-Star/trusted_domain/FreeRTOS-Kernel/stream_buffer.c ****         xReturn = 0;
 895:/home/zz/quard-start/Quard-Star/trusted_domain/FreeRTOS-Kernel/stream_buffer.c ****     }
 896:/home/zz/quard-start/Quard-Star/trusted_domain/FreeRTOS-Kernel/stream_buffer.c **** 
 897:/home/zz/quard-start/Quard-Star/trusted_domain/FreeRTOS-Kernel/stream_buffer.c ****     return xReturn;
 898:/home/zz/quard-start/Quard-Star/trusted_domain/FreeRTOS-Kernel/stream_buffer.c **** }
 899:/home/zz/quard-start/Quard-Star/trusted_domain/FreeRTOS-Kernel/stream_buffer.c **** /*-----------------------------------------------------------*/
GAS LISTING /tmp/ccHKNjJ2.s 			page 17


 900:/home/zz/quard-start/Quard-Star/trusted_domain/FreeRTOS-Kernel/stream_buffer.c **** 
 901:/home/zz/quard-start/Quard-Star/trusted_domain/FreeRTOS-Kernel/stream_buffer.c **** size_t xStreamBufferReceiveFromISR( StreamBufferHandle_t xStreamBuffer,
 902:/home/zz/quard-start/Quard-Star/trusted_domain/FreeRTOS-Kernel/stream_buffer.c ****                                     void * pvRxData,
 903:/home/zz/quard-start/Quard-Star/trusted_domain/FreeRTOS-Kernel/stream_buffer.c ****                                     size_t xBufferLengthBytes,
 904:/home/zz/quard-start/Quard-Star/trusted_domain/FreeRTOS-Kernel/stream_buffer.c ****                                     BaseType_t * const pxHigherPriorityTaskWoken )
 905:/home/zz/quard-start/Quard-Star/trusted_domain/FreeRTOS-Kernel/stream_buffer.c **** {
 906:/home/zz/quard-start/Quard-Star/trusted_domain/FreeRTOS-Kernel/stream_buffer.c ****     StreamBuffer_t * const pxStreamBuffer = xStreamBuffer;
 907:/home/zz/quard-start/Quard-Star/trusted_domain/FreeRTOS-Kernel/stream_buffer.c ****     size_t xReceivedLength = 0, xBytesAvailable, xBytesToStoreMessageLength;
 908:/home/zz/quard-start/Quard-Star/trusted_domain/FreeRTOS-Kernel/stream_buffer.c **** 
 909:/home/zz/quard-start/Quard-Star/trusted_domain/FreeRTOS-Kernel/stream_buffer.c ****     configASSERT( pvRxData );
 910:/home/zz/quard-start/Quard-Star/trusted_domain/FreeRTOS-Kernel/stream_buffer.c ****     configASSERT( pxStreamBuffer );
 911:/home/zz/quard-start/Quard-Star/trusted_domain/FreeRTOS-Kernel/stream_buffer.c **** 
 912:/home/zz/quard-start/Quard-Star/trusted_domain/FreeRTOS-Kernel/stream_buffer.c ****     /* This receive function is used by both message buffers, which store
 913:/home/zz/quard-start/Quard-Star/trusted_domain/FreeRTOS-Kernel/stream_buffer.c ****      * discrete messages, and stream buffers, which store a continuous stream of
 914:/home/zz/quard-start/Quard-Star/trusted_domain/FreeRTOS-Kernel/stream_buffer.c ****      * bytes.  Discrete messages include an additional
 915:/home/zz/quard-start/Quard-Star/trusted_domain/FreeRTOS-Kernel/stream_buffer.c ****      * sbBYTES_TO_STORE_MESSAGE_LENGTH bytes that hold the length of the
 916:/home/zz/quard-start/Quard-Star/trusted_domain/FreeRTOS-Kernel/stream_buffer.c ****      * message. */
 917:/home/zz/quard-start/Quard-Star/trusted_domain/FreeRTOS-Kernel/stream_buffer.c ****     if( ( pxStreamBuffer->ucFlags & sbFLAGS_IS_MESSAGE_BUFFER ) != ( uint8_t ) 0 )
 918:/home/zz/quard-start/Quard-Star/trusted_domain/FreeRTOS-Kernel/stream_buffer.c ****     {
 919:/home/zz/quard-start/Quard-Star/trusted_domain/FreeRTOS-Kernel/stream_buffer.c ****         xBytesToStoreMessageLength = sbBYTES_TO_STORE_MESSAGE_LENGTH;
 920:/home/zz/quard-start/Quard-Star/trusted_domain/FreeRTOS-Kernel/stream_buffer.c ****     }
 921:/home/zz/quard-start/Quard-Star/trusted_domain/FreeRTOS-Kernel/stream_buffer.c ****     else
 922:/home/zz/quard-start/Quard-Star/trusted_domain/FreeRTOS-Kernel/stream_buffer.c ****     {
 923:/home/zz/quard-start/Quard-Star/trusted_domain/FreeRTOS-Kernel/stream_buffer.c ****         xBytesToStoreMessageLength = 0;
 924:/home/zz/quard-start/Quard-Star/trusted_domain/FreeRTOS-Kernel/stream_buffer.c ****     }
 925:/home/zz/quard-start/Quard-Star/trusted_domain/FreeRTOS-Kernel/stream_buffer.c **** 
 926:/home/zz/quard-start/Quard-Star/trusted_domain/FreeRTOS-Kernel/stream_buffer.c ****     xBytesAvailable = prvBytesInBuffer( pxStreamBuffer );
 927:/home/zz/quard-start/Quard-Star/trusted_domain/FreeRTOS-Kernel/stream_buffer.c **** 
 928:/home/zz/quard-start/Quard-Star/trusted_domain/FreeRTOS-Kernel/stream_buffer.c ****     /* Whether receiving a discrete message (where xBytesToStoreMessageLength
 929:/home/zz/quard-start/Quard-Star/trusted_domain/FreeRTOS-Kernel/stream_buffer.c ****      * holds the number of bytes used to store the message length) or a stream of
 930:/home/zz/quard-start/Quard-Star/trusted_domain/FreeRTOS-Kernel/stream_buffer.c ****      * bytes (where xBytesToStoreMessageLength is zero), the number of bytes
 931:/home/zz/quard-start/Quard-Star/trusted_domain/FreeRTOS-Kernel/stream_buffer.c ****      * available must be greater than xBytesToStoreMessageLength to be able to
 932:/home/zz/quard-start/Quard-Star/trusted_domain/FreeRTOS-Kernel/stream_buffer.c ****      * read bytes from the buffer. */
 933:/home/zz/quard-start/Quard-Star/trusted_domain/FreeRTOS-Kernel/stream_buffer.c ****     if( xBytesAvailable > xBytesToStoreMessageLength )
 934:/home/zz/quard-start/Quard-Star/trusted_domain/FreeRTOS-Kernel/stream_buffer.c ****     {
 935:/home/zz/quard-start/Quard-Star/trusted_domain/FreeRTOS-Kernel/stream_buffer.c ****         xReceivedLength = prvReadMessageFromBuffer( pxStreamBuffer, pvRxData, xBufferLengthBytes, x
 936:/home/zz/quard-start/Quard-Star/trusted_domain/FreeRTOS-Kernel/stream_buffer.c **** 
 937:/home/zz/quard-start/Quard-Star/trusted_domain/FreeRTOS-Kernel/stream_buffer.c ****         /* Was a task waiting for space in the buffer? */
 938:/home/zz/quard-start/Quard-Star/trusted_domain/FreeRTOS-Kernel/stream_buffer.c ****         if( xReceivedLength != ( size_t ) 0 )
 939:/home/zz/quard-start/Quard-Star/trusted_domain/FreeRTOS-Kernel/stream_buffer.c ****         {
 940:/home/zz/quard-start/Quard-Star/trusted_domain/FreeRTOS-Kernel/stream_buffer.c ****             sbRECEIVE_COMPLETED_FROM_ISR( pxStreamBuffer, pxHigherPriorityTaskWoken );
 941:/home/zz/quard-start/Quard-Star/trusted_domain/FreeRTOS-Kernel/stream_buffer.c ****         }
 942:/home/zz/quard-start/Quard-Star/trusted_domain/FreeRTOS-Kernel/stream_buffer.c ****         else
 943:/home/zz/quard-start/Quard-Star/trusted_domain/FreeRTOS-Kernel/stream_buffer.c ****         {
 944:/home/zz/quard-start/Quard-Star/trusted_domain/FreeRTOS-Kernel/stream_buffer.c ****             mtCOVERAGE_TEST_MARKER();
 945:/home/zz/quard-start/Quard-Star/trusted_domain/FreeRTOS-Kernel/stream_buffer.c ****         }
 946:/home/zz/quard-start/Quard-Star/trusted_domain/FreeRTOS-Kernel/stream_buffer.c ****     }
 947:/home/zz/quard-start/Quard-Star/trusted_domain/FreeRTOS-Kernel/stream_buffer.c ****     else
 948:/home/zz/quard-start/Quard-Star/trusted_domain/FreeRTOS-Kernel/stream_buffer.c ****     {
 949:/home/zz/quard-start/Quard-Star/trusted_domain/FreeRTOS-Kernel/stream_buffer.c ****         mtCOVERAGE_TEST_MARKER();
 950:/home/zz/quard-start/Quard-Star/trusted_domain/FreeRTOS-Kernel/stream_buffer.c ****     }
 951:/home/zz/quard-start/Quard-Star/trusted_domain/FreeRTOS-Kernel/stream_buffer.c **** 
 952:/home/zz/quard-start/Quard-Star/trusted_domain/FreeRTOS-Kernel/stream_buffer.c ****     traceSTREAM_BUFFER_RECEIVE_FROM_ISR( xStreamBuffer, xReceivedLength );
 953:/home/zz/quard-start/Quard-Star/trusted_domain/FreeRTOS-Kernel/stream_buffer.c **** 
 954:/home/zz/quard-start/Quard-Star/trusted_domain/FreeRTOS-Kernel/stream_buffer.c ****     return xReceivedLength;
 955:/home/zz/quard-start/Quard-Star/trusted_domain/FreeRTOS-Kernel/stream_buffer.c **** }
 956:/home/zz/quard-start/Quard-Star/trusted_domain/FreeRTOS-Kernel/stream_buffer.c **** /*-----------------------------------------------------------*/
GAS LISTING /tmp/ccHKNjJ2.s 			page 18


 957:/home/zz/quard-start/Quard-Star/trusted_domain/FreeRTOS-Kernel/stream_buffer.c **** 
 958:/home/zz/quard-start/Quard-Star/trusted_domain/FreeRTOS-Kernel/stream_buffer.c **** static size_t prvReadMessageFromBuffer( StreamBuffer_t * pxStreamBuffer,
 959:/home/zz/quard-start/Quard-Star/trusted_domain/FreeRTOS-Kernel/stream_buffer.c ****                                         void * pvRxData,
 960:/home/zz/quard-start/Quard-Star/trusted_domain/FreeRTOS-Kernel/stream_buffer.c ****                                         size_t xBufferLengthBytes,
 961:/home/zz/quard-start/Quard-Star/trusted_domain/FreeRTOS-Kernel/stream_buffer.c ****                                         size_t xBytesAvailable,
 962:/home/zz/quard-start/Quard-Star/trusted_domain/FreeRTOS-Kernel/stream_buffer.c ****                                         size_t xBytesToStoreMessageLength )
 963:/home/zz/quard-start/Quard-Star/trusted_domain/FreeRTOS-Kernel/stream_buffer.c **** {
 964:/home/zz/quard-start/Quard-Star/trusted_domain/FreeRTOS-Kernel/stream_buffer.c ****     size_t xOriginalTail, xReceivedLength, xNextMessageLength;
 965:/home/zz/quard-start/Quard-Star/trusted_domain/FreeRTOS-Kernel/stream_buffer.c ****     configMESSAGE_BUFFER_LENGTH_TYPE xTempNextMessageLength;
 966:/home/zz/quard-start/Quard-Star/trusted_domain/FreeRTOS-Kernel/stream_buffer.c **** 
 967:/home/zz/quard-start/Quard-Star/trusted_domain/FreeRTOS-Kernel/stream_buffer.c ****     if( xBytesToStoreMessageLength != ( size_t ) 0 )
 968:/home/zz/quard-start/Quard-Star/trusted_domain/FreeRTOS-Kernel/stream_buffer.c ****     {
 969:/home/zz/quard-start/Quard-Star/trusted_domain/FreeRTOS-Kernel/stream_buffer.c ****         /* A discrete message is being received.  First receive the length
 970:/home/zz/quard-start/Quard-Star/trusted_domain/FreeRTOS-Kernel/stream_buffer.c ****          * of the message.  A copy of the tail is stored so the buffer can be
 971:/home/zz/quard-start/Quard-Star/trusted_domain/FreeRTOS-Kernel/stream_buffer.c ****          * returned to its prior state if the length of the message is too
 972:/home/zz/quard-start/Quard-Star/trusted_domain/FreeRTOS-Kernel/stream_buffer.c ****          * large for the provided buffer. */
 973:/home/zz/quard-start/Quard-Star/trusted_domain/FreeRTOS-Kernel/stream_buffer.c ****         xOriginalTail = pxStreamBuffer->xTail;
 974:/home/zz/quard-start/Quard-Star/trusted_domain/FreeRTOS-Kernel/stream_buffer.c ****         ( void ) prvReadBytesFromBuffer( pxStreamBuffer, ( uint8_t * ) &xTempNextMessageLength, xBy
 975:/home/zz/quard-start/Quard-Star/trusted_domain/FreeRTOS-Kernel/stream_buffer.c ****         xNextMessageLength = ( size_t ) xTempNextMessageLength;
 976:/home/zz/quard-start/Quard-Star/trusted_domain/FreeRTOS-Kernel/stream_buffer.c **** 
 977:/home/zz/quard-start/Quard-Star/trusted_domain/FreeRTOS-Kernel/stream_buffer.c ****         /* Reduce the number of bytes available by the number of bytes just
 978:/home/zz/quard-start/Quard-Star/trusted_domain/FreeRTOS-Kernel/stream_buffer.c ****          * read out. */
 979:/home/zz/quard-start/Quard-Star/trusted_domain/FreeRTOS-Kernel/stream_buffer.c ****         xBytesAvailable -= xBytesToStoreMessageLength;
 980:/home/zz/quard-start/Quard-Star/trusted_domain/FreeRTOS-Kernel/stream_buffer.c **** 
 981:/home/zz/quard-start/Quard-Star/trusted_domain/FreeRTOS-Kernel/stream_buffer.c ****         /* Check there is enough space in the buffer provided by the
 982:/home/zz/quard-start/Quard-Star/trusted_domain/FreeRTOS-Kernel/stream_buffer.c ****          * user. */
 983:/home/zz/quard-start/Quard-Star/trusted_domain/FreeRTOS-Kernel/stream_buffer.c ****         if( xNextMessageLength > xBufferLengthBytes )
 984:/home/zz/quard-start/Quard-Star/trusted_domain/FreeRTOS-Kernel/stream_buffer.c ****         {
 985:/home/zz/quard-start/Quard-Star/trusted_domain/FreeRTOS-Kernel/stream_buffer.c ****             /* The user has provided insufficient space to read the message
 986:/home/zz/quard-start/Quard-Star/trusted_domain/FreeRTOS-Kernel/stream_buffer.c ****              * so return the buffer to its previous state (so the length of
 987:/home/zz/quard-start/Quard-Star/trusted_domain/FreeRTOS-Kernel/stream_buffer.c ****              * the message is in the buffer again). */
 988:/home/zz/quard-start/Quard-Star/trusted_domain/FreeRTOS-Kernel/stream_buffer.c ****             pxStreamBuffer->xTail = xOriginalTail;
 989:/home/zz/quard-start/Quard-Star/trusted_domain/FreeRTOS-Kernel/stream_buffer.c ****             xNextMessageLength = 0;
 990:/home/zz/quard-start/Quard-Star/trusted_domain/FreeRTOS-Kernel/stream_buffer.c ****         }
 991:/home/zz/quard-start/Quard-Star/trusted_domain/FreeRTOS-Kernel/stream_buffer.c ****         else
 992:/home/zz/quard-start/Quard-Star/trusted_domain/FreeRTOS-Kernel/stream_buffer.c ****         {
 993:/home/zz/quard-start/Quard-Star/trusted_domain/FreeRTOS-Kernel/stream_buffer.c ****             mtCOVERAGE_TEST_MARKER();
 994:/home/zz/quard-start/Quard-Star/trusted_domain/FreeRTOS-Kernel/stream_buffer.c ****         }
 995:/home/zz/quard-start/Quard-Star/trusted_domain/FreeRTOS-Kernel/stream_buffer.c ****     }
 996:/home/zz/quard-start/Quard-Star/trusted_domain/FreeRTOS-Kernel/stream_buffer.c ****     else
 997:/home/zz/quard-start/Quard-Star/trusted_domain/FreeRTOS-Kernel/stream_buffer.c ****     {
 998:/home/zz/quard-start/Quard-Star/trusted_domain/FreeRTOS-Kernel/stream_buffer.c ****         /* A stream of bytes is being received (as opposed to a discrete
 999:/home/zz/quard-start/Quard-Star/trusted_domain/FreeRTOS-Kernel/stream_buffer.c ****          * message), so read as many bytes as possible. */
1000:/home/zz/quard-start/Quard-Star/trusted_domain/FreeRTOS-Kernel/stream_buffer.c ****         xNextMessageLength = xBufferLengthBytes;
1001:/home/zz/quard-start/Quard-Star/trusted_domain/FreeRTOS-Kernel/stream_buffer.c ****     }
1002:/home/zz/quard-start/Quard-Star/trusted_domain/FreeRTOS-Kernel/stream_buffer.c **** 
1003:/home/zz/quard-start/Quard-Star/trusted_domain/FreeRTOS-Kernel/stream_buffer.c ****     /* Read the actual data. */
1004:/home/zz/quard-start/Quard-Star/trusted_domain/FreeRTOS-Kernel/stream_buffer.c ****     xReceivedLength = prvReadBytesFromBuffer( pxStreamBuffer, ( uint8_t * ) pvRxData, xNextMessageL
1005:/home/zz/quard-start/Quard-Star/trusted_domain/FreeRTOS-Kernel/stream_buffer.c **** 
1006:/home/zz/quard-start/Quard-Star/trusted_domain/FreeRTOS-Kernel/stream_buffer.c ****     return xReceivedLength;
1007:/home/zz/quard-start/Quard-Star/trusted_domain/FreeRTOS-Kernel/stream_buffer.c **** }
1008:/home/zz/quard-start/Quard-Star/trusted_domain/FreeRTOS-Kernel/stream_buffer.c **** /*-----------------------------------------------------------*/
1009:/home/zz/quard-start/Quard-Star/trusted_domain/FreeRTOS-Kernel/stream_buffer.c **** 
1010:/home/zz/quard-start/Quard-Star/trusted_domain/FreeRTOS-Kernel/stream_buffer.c **** BaseType_t xStreamBufferIsEmpty( StreamBufferHandle_t xStreamBuffer )
1011:/home/zz/quard-start/Quard-Star/trusted_domain/FreeRTOS-Kernel/stream_buffer.c **** {
1012:/home/zz/quard-start/Quard-Star/trusted_domain/FreeRTOS-Kernel/stream_buffer.c ****     const StreamBuffer_t * const pxStreamBuffer = xStreamBuffer;
1013:/home/zz/quard-start/Quard-Star/trusted_domain/FreeRTOS-Kernel/stream_buffer.c ****     BaseType_t xReturn;
GAS LISTING /tmp/ccHKNjJ2.s 			page 19


1014:/home/zz/quard-start/Quard-Star/trusted_domain/FreeRTOS-Kernel/stream_buffer.c ****     size_t xTail;
1015:/home/zz/quard-start/Quard-Star/trusted_domain/FreeRTOS-Kernel/stream_buffer.c **** 
1016:/home/zz/quard-start/Quard-Star/trusted_domain/FreeRTOS-Kernel/stream_buffer.c ****     configASSERT( pxStreamBuffer );
1017:/home/zz/quard-start/Quard-Star/trusted_domain/FreeRTOS-Kernel/stream_buffer.c **** 
1018:/home/zz/quard-start/Quard-Star/trusted_domain/FreeRTOS-Kernel/stream_buffer.c ****     /* True if no bytes are available. */
1019:/home/zz/quard-start/Quard-Star/trusted_domain/FreeRTOS-Kernel/stream_buffer.c ****     xTail = pxStreamBuffer->xTail;
1020:/home/zz/quard-start/Quard-Star/trusted_domain/FreeRTOS-Kernel/stream_buffer.c **** 
1021:/home/zz/quard-start/Quard-Star/trusted_domain/FreeRTOS-Kernel/stream_buffer.c ****     if( pxStreamBuffer->xHead == xTail )
1022:/home/zz/quard-start/Quard-Star/trusted_domain/FreeRTOS-Kernel/stream_buffer.c ****     {
1023:/home/zz/quard-start/Quard-Star/trusted_domain/FreeRTOS-Kernel/stream_buffer.c ****         xReturn = pdTRUE;
1024:/home/zz/quard-start/Quard-Star/trusted_domain/FreeRTOS-Kernel/stream_buffer.c ****     }
1025:/home/zz/quard-start/Quard-Star/trusted_domain/FreeRTOS-Kernel/stream_buffer.c ****     else
1026:/home/zz/quard-start/Quard-Star/trusted_domain/FreeRTOS-Kernel/stream_buffer.c ****     {
1027:/home/zz/quard-start/Quard-Star/trusted_domain/FreeRTOS-Kernel/stream_buffer.c ****         xReturn = pdFALSE;
1028:/home/zz/quard-start/Quard-Star/trusted_domain/FreeRTOS-Kernel/stream_buffer.c ****     }
1029:/home/zz/quard-start/Quard-Star/trusted_domain/FreeRTOS-Kernel/stream_buffer.c **** 
1030:/home/zz/quard-start/Quard-Star/trusted_domain/FreeRTOS-Kernel/stream_buffer.c ****     return xReturn;
1031:/home/zz/quard-start/Quard-Star/trusted_domain/FreeRTOS-Kernel/stream_buffer.c **** }
1032:/home/zz/quard-start/Quard-Star/trusted_domain/FreeRTOS-Kernel/stream_buffer.c **** /*-----------------------------------------------------------*/
1033:/home/zz/quard-start/Quard-Star/trusted_domain/FreeRTOS-Kernel/stream_buffer.c **** 
1034:/home/zz/quard-start/Quard-Star/trusted_domain/FreeRTOS-Kernel/stream_buffer.c **** BaseType_t xStreamBufferIsFull( StreamBufferHandle_t xStreamBuffer )
1035:/home/zz/quard-start/Quard-Star/trusted_domain/FreeRTOS-Kernel/stream_buffer.c **** {
1036:/home/zz/quard-start/Quard-Star/trusted_domain/FreeRTOS-Kernel/stream_buffer.c ****     BaseType_t xReturn;
1037:/home/zz/quard-start/Quard-Star/trusted_domain/FreeRTOS-Kernel/stream_buffer.c ****     size_t xBytesToStoreMessageLength;
1038:/home/zz/quard-start/Quard-Star/trusted_domain/FreeRTOS-Kernel/stream_buffer.c ****     const StreamBuffer_t * const pxStreamBuffer = xStreamBuffer;
1039:/home/zz/quard-start/Quard-Star/trusted_domain/FreeRTOS-Kernel/stream_buffer.c **** 
1040:/home/zz/quard-start/Quard-Star/trusted_domain/FreeRTOS-Kernel/stream_buffer.c ****     configASSERT( pxStreamBuffer );
1041:/home/zz/quard-start/Quard-Star/trusted_domain/FreeRTOS-Kernel/stream_buffer.c **** 
1042:/home/zz/quard-start/Quard-Star/trusted_domain/FreeRTOS-Kernel/stream_buffer.c ****     /* This generic version of the receive function is used by both message
1043:/home/zz/quard-start/Quard-Star/trusted_domain/FreeRTOS-Kernel/stream_buffer.c ****      * buffers, which store discrete messages, and stream buffers, which store a
1044:/home/zz/quard-start/Quard-Star/trusted_domain/FreeRTOS-Kernel/stream_buffer.c ****      * continuous stream of bytes.  Discrete messages include an additional
1045:/home/zz/quard-start/Quard-Star/trusted_domain/FreeRTOS-Kernel/stream_buffer.c ****      * sbBYTES_TO_STORE_MESSAGE_LENGTH bytes that hold the length of the message. */
1046:/home/zz/quard-start/Quard-Star/trusted_domain/FreeRTOS-Kernel/stream_buffer.c ****     if( ( pxStreamBuffer->ucFlags & sbFLAGS_IS_MESSAGE_BUFFER ) != ( uint8_t ) 0 )
1047:/home/zz/quard-start/Quard-Star/trusted_domain/FreeRTOS-Kernel/stream_buffer.c ****     {
1048:/home/zz/quard-start/Quard-Star/trusted_domain/FreeRTOS-Kernel/stream_buffer.c ****         xBytesToStoreMessageLength = sbBYTES_TO_STORE_MESSAGE_LENGTH;
1049:/home/zz/quard-start/Quard-Star/trusted_domain/FreeRTOS-Kernel/stream_buffer.c ****     }
1050:/home/zz/quard-start/Quard-Star/trusted_domain/FreeRTOS-Kernel/stream_buffer.c ****     else
1051:/home/zz/quard-start/Quard-Star/trusted_domain/FreeRTOS-Kernel/stream_buffer.c ****     {
1052:/home/zz/quard-start/Quard-Star/trusted_domain/FreeRTOS-Kernel/stream_buffer.c ****         xBytesToStoreMessageLength = 0;
1053:/home/zz/quard-start/Quard-Star/trusted_domain/FreeRTOS-Kernel/stream_buffer.c ****     }
1054:/home/zz/quard-start/Quard-Star/trusted_domain/FreeRTOS-Kernel/stream_buffer.c **** 
1055:/home/zz/quard-start/Quard-Star/trusted_domain/FreeRTOS-Kernel/stream_buffer.c ****     /* True if the available space equals zero. */
1056:/home/zz/quard-start/Quard-Star/trusted_domain/FreeRTOS-Kernel/stream_buffer.c ****     if( xStreamBufferSpacesAvailable( xStreamBuffer ) <= xBytesToStoreMessageLength )
1057:/home/zz/quard-start/Quard-Star/trusted_domain/FreeRTOS-Kernel/stream_buffer.c ****     {
1058:/home/zz/quard-start/Quard-Star/trusted_domain/FreeRTOS-Kernel/stream_buffer.c ****         xReturn = pdTRUE;
1059:/home/zz/quard-start/Quard-Star/trusted_domain/FreeRTOS-Kernel/stream_buffer.c ****     }
1060:/home/zz/quard-start/Quard-Star/trusted_domain/FreeRTOS-Kernel/stream_buffer.c ****     else
1061:/home/zz/quard-start/Quard-Star/trusted_domain/FreeRTOS-Kernel/stream_buffer.c ****     {
1062:/home/zz/quard-start/Quard-Star/trusted_domain/FreeRTOS-Kernel/stream_buffer.c ****         xReturn = pdFALSE;
1063:/home/zz/quard-start/Quard-Star/trusted_domain/FreeRTOS-Kernel/stream_buffer.c ****     }
1064:/home/zz/quard-start/Quard-Star/trusted_domain/FreeRTOS-Kernel/stream_buffer.c **** 
1065:/home/zz/quard-start/Quard-Star/trusted_domain/FreeRTOS-Kernel/stream_buffer.c ****     return xReturn;
1066:/home/zz/quard-start/Quard-Star/trusted_domain/FreeRTOS-Kernel/stream_buffer.c **** }
1067:/home/zz/quard-start/Quard-Star/trusted_domain/FreeRTOS-Kernel/stream_buffer.c **** /*-----------------------------------------------------------*/
1068:/home/zz/quard-start/Quard-Star/trusted_domain/FreeRTOS-Kernel/stream_buffer.c **** 
1069:/home/zz/quard-start/Quard-Star/trusted_domain/FreeRTOS-Kernel/stream_buffer.c **** BaseType_t xStreamBufferSendCompletedFromISR( StreamBufferHandle_t xStreamBuffer,
1070:/home/zz/quard-start/Quard-Star/trusted_domain/FreeRTOS-Kernel/stream_buffer.c ****                                               BaseType_t * pxHigherPriorityTaskWoken )
GAS LISTING /tmp/ccHKNjJ2.s 			page 20


1071:/home/zz/quard-start/Quard-Star/trusted_domain/FreeRTOS-Kernel/stream_buffer.c **** {
1072:/home/zz/quard-start/Quard-Star/trusted_domain/FreeRTOS-Kernel/stream_buffer.c ****     StreamBuffer_t * const pxStreamBuffer = xStreamBuffer;
1073:/home/zz/quard-start/Quard-Star/trusted_domain/FreeRTOS-Kernel/stream_buffer.c ****     BaseType_t xReturn;
1074:/home/zz/quard-start/Quard-Star/trusted_domain/FreeRTOS-Kernel/stream_buffer.c ****     UBaseType_t uxSavedInterruptStatus;
1075:/home/zz/quard-start/Quard-Star/trusted_domain/FreeRTOS-Kernel/stream_buffer.c **** 
1076:/home/zz/quard-start/Quard-Star/trusted_domain/FreeRTOS-Kernel/stream_buffer.c ****     configASSERT( pxStreamBuffer );
1077:/home/zz/quard-start/Quard-Star/trusted_domain/FreeRTOS-Kernel/stream_buffer.c **** 
1078:/home/zz/quard-start/Quard-Star/trusted_domain/FreeRTOS-Kernel/stream_buffer.c ****     uxSavedInterruptStatus = ( UBaseType_t ) portSET_INTERRUPT_MASK_FROM_ISR();
1079:/home/zz/quard-start/Quard-Star/trusted_domain/FreeRTOS-Kernel/stream_buffer.c ****     {
1080:/home/zz/quard-start/Quard-Star/trusted_domain/FreeRTOS-Kernel/stream_buffer.c ****         if( ( pxStreamBuffer )->xTaskWaitingToReceive != NULL )
1081:/home/zz/quard-start/Quard-Star/trusted_domain/FreeRTOS-Kernel/stream_buffer.c ****         {
1082:/home/zz/quard-start/Quard-Star/trusted_domain/FreeRTOS-Kernel/stream_buffer.c ****             ( void ) xTaskNotifyFromISR( ( pxStreamBuffer )->xTaskWaitingToReceive,
1083:/home/zz/quard-start/Quard-Star/trusted_domain/FreeRTOS-Kernel/stream_buffer.c ****                                          ( uint32_t ) 0,
1084:/home/zz/quard-start/Quard-Star/trusted_domain/FreeRTOS-Kernel/stream_buffer.c ****                                          eNoAction,
1085:/home/zz/quard-start/Quard-Star/trusted_domain/FreeRTOS-Kernel/stream_buffer.c ****                                          pxHigherPriorityTaskWoken );
1086:/home/zz/quard-start/Quard-Star/trusted_domain/FreeRTOS-Kernel/stream_buffer.c ****             ( pxStreamBuffer )->xTaskWaitingToReceive = NULL;
1087:/home/zz/quard-start/Quard-Star/trusted_domain/FreeRTOS-Kernel/stream_buffer.c ****             xReturn = pdTRUE;
1088:/home/zz/quard-start/Quard-Star/trusted_domain/FreeRTOS-Kernel/stream_buffer.c ****         }
1089:/home/zz/quard-start/Quard-Star/trusted_domain/FreeRTOS-Kernel/stream_buffer.c ****         else
1090:/home/zz/quard-start/Quard-Star/trusted_domain/FreeRTOS-Kernel/stream_buffer.c ****         {
1091:/home/zz/quard-start/Quard-Star/trusted_domain/FreeRTOS-Kernel/stream_buffer.c ****             xReturn = pdFALSE;
1092:/home/zz/quard-start/Quard-Star/trusted_domain/FreeRTOS-Kernel/stream_buffer.c ****         }
1093:/home/zz/quard-start/Quard-Star/trusted_domain/FreeRTOS-Kernel/stream_buffer.c ****     }
1094:/home/zz/quard-start/Quard-Star/trusted_domain/FreeRTOS-Kernel/stream_buffer.c ****     portCLEAR_INTERRUPT_MASK_FROM_ISR( uxSavedInterruptStatus );
1095:/home/zz/quard-start/Quard-Star/trusted_domain/FreeRTOS-Kernel/stream_buffer.c **** 
1096:/home/zz/quard-start/Quard-Star/trusted_domain/FreeRTOS-Kernel/stream_buffer.c ****     return xReturn;
1097:/home/zz/quard-start/Quard-Star/trusted_domain/FreeRTOS-Kernel/stream_buffer.c **** }
1098:/home/zz/quard-start/Quard-Star/trusted_domain/FreeRTOS-Kernel/stream_buffer.c **** /*-----------------------------------------------------------*/
1099:/home/zz/quard-start/Quard-Star/trusted_domain/FreeRTOS-Kernel/stream_buffer.c **** 
1100:/home/zz/quard-start/Quard-Star/trusted_domain/FreeRTOS-Kernel/stream_buffer.c **** BaseType_t xStreamBufferReceiveCompletedFromISR( StreamBufferHandle_t xStreamBuffer,
1101:/home/zz/quard-start/Quard-Star/trusted_domain/FreeRTOS-Kernel/stream_buffer.c ****                                                  BaseType_t * pxHigherPriorityTaskWoken )
1102:/home/zz/quard-start/Quard-Star/trusted_domain/FreeRTOS-Kernel/stream_buffer.c **** {
1103:/home/zz/quard-start/Quard-Star/trusted_domain/FreeRTOS-Kernel/stream_buffer.c ****     StreamBuffer_t * const pxStreamBuffer = xStreamBuffer;
1104:/home/zz/quard-start/Quard-Star/trusted_domain/FreeRTOS-Kernel/stream_buffer.c ****     BaseType_t xReturn;
1105:/home/zz/quard-start/Quard-Star/trusted_domain/FreeRTOS-Kernel/stream_buffer.c ****     UBaseType_t uxSavedInterruptStatus;
1106:/home/zz/quard-start/Quard-Star/trusted_domain/FreeRTOS-Kernel/stream_buffer.c **** 
1107:/home/zz/quard-start/Quard-Star/trusted_domain/FreeRTOS-Kernel/stream_buffer.c ****     configASSERT( pxStreamBuffer );
1108:/home/zz/quard-start/Quard-Star/trusted_domain/FreeRTOS-Kernel/stream_buffer.c **** 
1109:/home/zz/quard-start/Quard-Star/trusted_domain/FreeRTOS-Kernel/stream_buffer.c ****     uxSavedInterruptStatus = ( UBaseType_t ) portSET_INTERRUPT_MASK_FROM_ISR();
1110:/home/zz/quard-start/Quard-Star/trusted_domain/FreeRTOS-Kernel/stream_buffer.c ****     {
1111:/home/zz/quard-start/Quard-Star/trusted_domain/FreeRTOS-Kernel/stream_buffer.c ****         if( ( pxStreamBuffer )->xTaskWaitingToSend != NULL )
1112:/home/zz/quard-start/Quard-Star/trusted_domain/FreeRTOS-Kernel/stream_buffer.c ****         {
1113:/home/zz/quard-start/Quard-Star/trusted_domain/FreeRTOS-Kernel/stream_buffer.c ****             ( void ) xTaskNotifyFromISR( ( pxStreamBuffer )->xTaskWaitingToSend,
1114:/home/zz/quard-start/Quard-Star/trusted_domain/FreeRTOS-Kernel/stream_buffer.c ****                                          ( uint32_t ) 0,
1115:/home/zz/quard-start/Quard-Star/trusted_domain/FreeRTOS-Kernel/stream_buffer.c ****                                          eNoAction,
1116:/home/zz/quard-start/Quard-Star/trusted_domain/FreeRTOS-Kernel/stream_buffer.c ****                                          pxHigherPriorityTaskWoken );
1117:/home/zz/quard-start/Quard-Star/trusted_domain/FreeRTOS-Kernel/stream_buffer.c ****             ( pxStreamBuffer )->xTaskWaitingToSend = NULL;
1118:/home/zz/quard-start/Quard-Star/trusted_domain/FreeRTOS-Kernel/stream_buffer.c ****             xReturn = pdTRUE;
1119:/home/zz/quard-start/Quard-Star/trusted_domain/FreeRTOS-Kernel/stream_buffer.c ****         }
1120:/home/zz/quard-start/Quard-Star/trusted_domain/FreeRTOS-Kernel/stream_buffer.c ****         else
1121:/home/zz/quard-start/Quard-Star/trusted_domain/FreeRTOS-Kernel/stream_buffer.c ****         {
1122:/home/zz/quard-start/Quard-Star/trusted_domain/FreeRTOS-Kernel/stream_buffer.c ****             xReturn = pdFALSE;
1123:/home/zz/quard-start/Quard-Star/trusted_domain/FreeRTOS-Kernel/stream_buffer.c ****         }
1124:/home/zz/quard-start/Quard-Star/trusted_domain/FreeRTOS-Kernel/stream_buffer.c ****     }
1125:/home/zz/quard-start/Quard-Star/trusted_domain/FreeRTOS-Kernel/stream_buffer.c ****     portCLEAR_INTERRUPT_MASK_FROM_ISR( uxSavedInterruptStatus );
1126:/home/zz/quard-start/Quard-Star/trusted_domain/FreeRTOS-Kernel/stream_buffer.c **** 
1127:/home/zz/quard-start/Quard-Star/trusted_domain/FreeRTOS-Kernel/stream_buffer.c ****     return xReturn;
GAS LISTING /tmp/ccHKNjJ2.s 			page 21


1128:/home/zz/quard-start/Quard-Star/trusted_domain/FreeRTOS-Kernel/stream_buffer.c **** }
1129:/home/zz/quard-start/Quard-Star/trusted_domain/FreeRTOS-Kernel/stream_buffer.c **** /*-----------------------------------------------------------*/
1130:/home/zz/quard-start/Quard-Star/trusted_domain/FreeRTOS-Kernel/stream_buffer.c **** 
1131:/home/zz/quard-start/Quard-Star/trusted_domain/FreeRTOS-Kernel/stream_buffer.c **** static size_t prvWriteBytesToBuffer( StreamBuffer_t * const pxStreamBuffer,
1132:/home/zz/quard-start/Quard-Star/trusted_domain/FreeRTOS-Kernel/stream_buffer.c ****                                      const uint8_t * pucData,
1133:/home/zz/quard-start/Quard-Star/trusted_domain/FreeRTOS-Kernel/stream_buffer.c ****                                      size_t xCount )
1134:/home/zz/quard-start/Quard-Star/trusted_domain/FreeRTOS-Kernel/stream_buffer.c **** {
1135:/home/zz/quard-start/Quard-Star/trusted_domain/FreeRTOS-Kernel/stream_buffer.c ****     size_t xNextHead, xFirstLength;
1136:/home/zz/quard-start/Quard-Star/trusted_domain/FreeRTOS-Kernel/stream_buffer.c **** 
1137:/home/zz/quard-start/Quard-Star/trusted_domain/FreeRTOS-Kernel/stream_buffer.c ****     configASSERT( xCount > ( size_t ) 0 );
1138:/home/zz/quard-start/Quard-Star/trusted_domain/FreeRTOS-Kernel/stream_buffer.c **** 
1139:/home/zz/quard-start/Quard-Star/trusted_domain/FreeRTOS-Kernel/stream_buffer.c ****     xNextHead = pxStreamBuffer->xHead;
1140:/home/zz/quard-start/Quard-Star/trusted_domain/FreeRTOS-Kernel/stream_buffer.c **** 
1141:/home/zz/quard-start/Quard-Star/trusted_domain/FreeRTOS-Kernel/stream_buffer.c ****     /* Calculate the number of bytes that can be added in the first write -
1142:/home/zz/quard-start/Quard-Star/trusted_domain/FreeRTOS-Kernel/stream_buffer.c ****      * which may be less than the total number of bytes that need to be added if
1143:/home/zz/quard-start/Quard-Star/trusted_domain/FreeRTOS-Kernel/stream_buffer.c ****      * the buffer will wrap back to the beginning. */
1144:/home/zz/quard-start/Quard-Star/trusted_domain/FreeRTOS-Kernel/stream_buffer.c ****     xFirstLength = configMIN( pxStreamBuffer->xLength - xNextHead, xCount );
1145:/home/zz/quard-start/Quard-Star/trusted_domain/FreeRTOS-Kernel/stream_buffer.c **** 
1146:/home/zz/quard-start/Quard-Star/trusted_domain/FreeRTOS-Kernel/stream_buffer.c ****     /* Write as many bytes as can be written in the first write. */
1147:/home/zz/quard-start/Quard-Star/trusted_domain/FreeRTOS-Kernel/stream_buffer.c ****     configASSERT( ( xNextHead + xFirstLength ) <= pxStreamBuffer->xLength );
1148:/home/zz/quard-start/Quard-Star/trusted_domain/FreeRTOS-Kernel/stream_buffer.c ****     ( void ) memcpy( ( void * ) ( &( pxStreamBuffer->pucBuffer[ xNextHead ] ) ), ( const void * ) p
1149:/home/zz/quard-start/Quard-Star/trusted_domain/FreeRTOS-Kernel/stream_buffer.c **** 
1150:/home/zz/quard-start/Quard-Star/trusted_domain/FreeRTOS-Kernel/stream_buffer.c ****     /* If the number of bytes written was less than the number that could be
1151:/home/zz/quard-start/Quard-Star/trusted_domain/FreeRTOS-Kernel/stream_buffer.c ****      * written in the first write... */
1152:/home/zz/quard-start/Quard-Star/trusted_domain/FreeRTOS-Kernel/stream_buffer.c ****     if( xCount > xFirstLength )
1153:/home/zz/quard-start/Quard-Star/trusted_domain/FreeRTOS-Kernel/stream_buffer.c ****     {
1154:/home/zz/quard-start/Quard-Star/trusted_domain/FreeRTOS-Kernel/stream_buffer.c ****         /* ...then write the remaining bytes to the start of the buffer. */
1155:/home/zz/quard-start/Quard-Star/trusted_domain/FreeRTOS-Kernel/stream_buffer.c ****         configASSERT( ( xCount - xFirstLength ) <= pxStreamBuffer->xLength );
1156:/home/zz/quard-start/Quard-Star/trusted_domain/FreeRTOS-Kernel/stream_buffer.c ****         ( void ) memcpy( ( void * ) pxStreamBuffer->pucBuffer, ( const void * ) &( pucData[ xFirstL
1157:/home/zz/quard-start/Quard-Star/trusted_domain/FreeRTOS-Kernel/stream_buffer.c ****     }
1158:/home/zz/quard-start/Quard-Star/trusted_domain/FreeRTOS-Kernel/stream_buffer.c ****     else
1159:/home/zz/quard-start/Quard-Star/trusted_domain/FreeRTOS-Kernel/stream_buffer.c ****     {
1160:/home/zz/quard-start/Quard-Star/trusted_domain/FreeRTOS-Kernel/stream_buffer.c ****         mtCOVERAGE_TEST_MARKER();
1161:/home/zz/quard-start/Quard-Star/trusted_domain/FreeRTOS-Kernel/stream_buffer.c ****     }
1162:/home/zz/quard-start/Quard-Star/trusted_domain/FreeRTOS-Kernel/stream_buffer.c **** 
1163:/home/zz/quard-start/Quard-Star/trusted_domain/FreeRTOS-Kernel/stream_buffer.c ****     xNextHead += xCount;
1164:/home/zz/quard-start/Quard-Star/trusted_domain/FreeRTOS-Kernel/stream_buffer.c **** 
1165:/home/zz/quard-start/Quard-Star/trusted_domain/FreeRTOS-Kernel/stream_buffer.c ****     if( xNextHead >= pxStreamBuffer->xLength )
1166:/home/zz/quard-start/Quard-Star/trusted_domain/FreeRTOS-Kernel/stream_buffer.c ****     {
1167:/home/zz/quard-start/Quard-Star/trusted_domain/FreeRTOS-Kernel/stream_buffer.c ****         xNextHead -= pxStreamBuffer->xLength;
1168:/home/zz/quard-start/Quard-Star/trusted_domain/FreeRTOS-Kernel/stream_buffer.c ****     }
1169:/home/zz/quard-start/Quard-Star/trusted_domain/FreeRTOS-Kernel/stream_buffer.c ****     else
1170:/home/zz/quard-start/Quard-Star/trusted_domain/FreeRTOS-Kernel/stream_buffer.c ****     {
1171:/home/zz/quard-start/Quard-Star/trusted_domain/FreeRTOS-Kernel/stream_buffer.c ****         mtCOVERAGE_TEST_MARKER();
1172:/home/zz/quard-start/Quard-Star/trusted_domain/FreeRTOS-Kernel/stream_buffer.c ****     }
1173:/home/zz/quard-start/Quard-Star/trusted_domain/FreeRTOS-Kernel/stream_buffer.c **** 
1174:/home/zz/quard-start/Quard-Star/trusted_domain/FreeRTOS-Kernel/stream_buffer.c ****     pxStreamBuffer->xHead = xNextHead;
1175:/home/zz/quard-start/Quard-Star/trusted_domain/FreeRTOS-Kernel/stream_buffer.c **** 
1176:/home/zz/quard-start/Quard-Star/trusted_domain/FreeRTOS-Kernel/stream_buffer.c ****     return xCount;
1177:/home/zz/quard-start/Quard-Star/trusted_domain/FreeRTOS-Kernel/stream_buffer.c **** }
1178:/home/zz/quard-start/Quard-Star/trusted_domain/FreeRTOS-Kernel/stream_buffer.c **** /*-----------------------------------------------------------*/
1179:/home/zz/quard-start/Quard-Star/trusted_domain/FreeRTOS-Kernel/stream_buffer.c **** 
1180:/home/zz/quard-start/Quard-Star/trusted_domain/FreeRTOS-Kernel/stream_buffer.c **** static size_t prvReadBytesFromBuffer( StreamBuffer_t * pxStreamBuffer,
1181:/home/zz/quard-start/Quard-Star/trusted_domain/FreeRTOS-Kernel/stream_buffer.c ****                                       uint8_t * pucData,
1182:/home/zz/quard-start/Quard-Star/trusted_domain/FreeRTOS-Kernel/stream_buffer.c ****                                       size_t xMaxCount,
1183:/home/zz/quard-start/Quard-Star/trusted_domain/FreeRTOS-Kernel/stream_buffer.c ****                                       size_t xBytesAvailable )
1184:/home/zz/quard-start/Quard-Star/trusted_domain/FreeRTOS-Kernel/stream_buffer.c **** {
GAS LISTING /tmp/ccHKNjJ2.s 			page 22


1185:/home/zz/quard-start/Quard-Star/trusted_domain/FreeRTOS-Kernel/stream_buffer.c ****     size_t xCount, xFirstLength, xNextTail;
1186:/home/zz/quard-start/Quard-Star/trusted_domain/FreeRTOS-Kernel/stream_buffer.c **** 
1187:/home/zz/quard-start/Quard-Star/trusted_domain/FreeRTOS-Kernel/stream_buffer.c ****     /* Use the minimum of the wanted bytes and the available bytes. */
1188:/home/zz/quard-start/Quard-Star/trusted_domain/FreeRTOS-Kernel/stream_buffer.c ****     xCount = configMIN( xBytesAvailable, xMaxCount );
1189:/home/zz/quard-start/Quard-Star/trusted_domain/FreeRTOS-Kernel/stream_buffer.c **** 
1190:/home/zz/quard-start/Quard-Star/trusted_domain/FreeRTOS-Kernel/stream_buffer.c ****     if( xCount > ( size_t ) 0 )
1191:/home/zz/quard-start/Quard-Star/trusted_domain/FreeRTOS-Kernel/stream_buffer.c ****     {
1192:/home/zz/quard-start/Quard-Star/trusted_domain/FreeRTOS-Kernel/stream_buffer.c ****         xNextTail = pxStreamBuffer->xTail;
1193:/home/zz/quard-start/Quard-Star/trusted_domain/FreeRTOS-Kernel/stream_buffer.c **** 
1194:/home/zz/quard-start/Quard-Star/trusted_domain/FreeRTOS-Kernel/stream_buffer.c ****         /* Calculate the number of bytes that can be read - which may be
1195:/home/zz/quard-start/Quard-Star/trusted_domain/FreeRTOS-Kernel/stream_buffer.c ****          * less than the number wanted if the data wraps around to the start of
1196:/home/zz/quard-start/Quard-Star/trusted_domain/FreeRTOS-Kernel/stream_buffer.c ****          * the buffer. */
1197:/home/zz/quard-start/Quard-Star/trusted_domain/FreeRTOS-Kernel/stream_buffer.c ****         xFirstLength = configMIN( pxStreamBuffer->xLength - xNextTail, xCount );
1198:/home/zz/quard-start/Quard-Star/trusted_domain/FreeRTOS-Kernel/stream_buffer.c **** 
1199:/home/zz/quard-start/Quard-Star/trusted_domain/FreeRTOS-Kernel/stream_buffer.c ****         /* Obtain the number of bytes it is possible to obtain in the first
1200:/home/zz/quard-start/Quard-Star/trusted_domain/FreeRTOS-Kernel/stream_buffer.c ****          * read.  Asserts check bounds of read and write. */
1201:/home/zz/quard-start/Quard-Star/trusted_domain/FreeRTOS-Kernel/stream_buffer.c ****         configASSERT( xFirstLength <= xMaxCount );
1202:/home/zz/quard-start/Quard-Star/trusted_domain/FreeRTOS-Kernel/stream_buffer.c ****         configASSERT( ( xNextTail + xFirstLength ) <= pxStreamBuffer->xLength );
1203:/home/zz/quard-start/Quard-Star/trusted_domain/FreeRTOS-Kernel/stream_buffer.c ****         ( void ) memcpy( ( void * ) pucData, ( const void * ) &( pxStreamBuffer->pucBuffer[ xNextTa
1204:/home/zz/quard-start/Quard-Star/trusted_domain/FreeRTOS-Kernel/stream_buffer.c **** 
1205:/home/zz/quard-start/Quard-Star/trusted_domain/FreeRTOS-Kernel/stream_buffer.c ****         /* If the total number of wanted bytes is greater than the number
1206:/home/zz/quard-start/Quard-Star/trusted_domain/FreeRTOS-Kernel/stream_buffer.c ****          * that could be read in the first read... */
1207:/home/zz/quard-start/Quard-Star/trusted_domain/FreeRTOS-Kernel/stream_buffer.c ****         if( xCount > xFirstLength )
1208:/home/zz/quard-start/Quard-Star/trusted_domain/FreeRTOS-Kernel/stream_buffer.c ****         {
1209:/home/zz/quard-start/Quard-Star/trusted_domain/FreeRTOS-Kernel/stream_buffer.c ****             /*...then read the remaining bytes from the start of the buffer. */
1210:/home/zz/quard-start/Quard-Star/trusted_domain/FreeRTOS-Kernel/stream_buffer.c ****             configASSERT( xCount <= xMaxCount );
1211:/home/zz/quard-start/Quard-Star/trusted_domain/FreeRTOS-Kernel/stream_buffer.c ****             ( void ) memcpy( ( void * ) &( pucData[ xFirstLength ] ), ( void * ) ( pxStreamBuffer->
1212:/home/zz/quard-start/Quard-Star/trusted_domain/FreeRTOS-Kernel/stream_buffer.c ****         }
1213:/home/zz/quard-start/Quard-Star/trusted_domain/FreeRTOS-Kernel/stream_buffer.c ****         else
1214:/home/zz/quard-start/Quard-Star/trusted_domain/FreeRTOS-Kernel/stream_buffer.c ****         {
1215:/home/zz/quard-start/Quard-Star/trusted_domain/FreeRTOS-Kernel/stream_buffer.c ****             mtCOVERAGE_TEST_MARKER();
1216:/home/zz/quard-start/Quard-Star/trusted_domain/FreeRTOS-Kernel/stream_buffer.c ****         }
1217:/home/zz/quard-start/Quard-Star/trusted_domain/FreeRTOS-Kernel/stream_buffer.c **** 
1218:/home/zz/quard-start/Quard-Star/trusted_domain/FreeRTOS-Kernel/stream_buffer.c ****         /* Move the tail pointer to effectively remove the data read from
1219:/home/zz/quard-start/Quard-Star/trusted_domain/FreeRTOS-Kernel/stream_buffer.c ****          * the buffer. */
1220:/home/zz/quard-start/Quard-Star/trusted_domain/FreeRTOS-Kernel/stream_buffer.c ****         xNextTail += xCount;
1221:/home/zz/quard-start/Quard-Star/trusted_domain/FreeRTOS-Kernel/stream_buffer.c **** 
1222:/home/zz/quard-start/Quard-Star/trusted_domain/FreeRTOS-Kernel/stream_buffer.c ****         if( xNextTail >= pxStreamBuffer->xLength )
1223:/home/zz/quard-start/Quard-Star/trusted_domain/FreeRTOS-Kernel/stream_buffer.c ****         {
1224:/home/zz/quard-start/Quard-Star/trusted_domain/FreeRTOS-Kernel/stream_buffer.c ****             xNextTail -= pxStreamBuffer->xLength;
1225:/home/zz/quard-start/Quard-Star/trusted_domain/FreeRTOS-Kernel/stream_buffer.c ****         }
1226:/home/zz/quard-start/Quard-Star/trusted_domain/FreeRTOS-Kernel/stream_buffer.c **** 
1227:/home/zz/quard-start/Quard-Star/trusted_domain/FreeRTOS-Kernel/stream_buffer.c ****         pxStreamBuffer->xTail = xNextTail;
1228:/home/zz/quard-start/Quard-Star/trusted_domain/FreeRTOS-Kernel/stream_buffer.c ****     }
1229:/home/zz/quard-start/Quard-Star/trusted_domain/FreeRTOS-Kernel/stream_buffer.c ****     else
1230:/home/zz/quard-start/Quard-Star/trusted_domain/FreeRTOS-Kernel/stream_buffer.c ****     {
1231:/home/zz/quard-start/Quard-Star/trusted_domain/FreeRTOS-Kernel/stream_buffer.c ****         mtCOVERAGE_TEST_MARKER();
1232:/home/zz/quard-start/Quard-Star/trusted_domain/FreeRTOS-Kernel/stream_buffer.c ****     }
1233:/home/zz/quard-start/Quard-Star/trusted_domain/FreeRTOS-Kernel/stream_buffer.c **** 
1234:/home/zz/quard-start/Quard-Star/trusted_domain/FreeRTOS-Kernel/stream_buffer.c ****     return xCount;
1235:/home/zz/quard-start/Quard-Star/trusted_domain/FreeRTOS-Kernel/stream_buffer.c **** }
1236:/home/zz/quard-start/Quard-Star/trusted_domain/FreeRTOS-Kernel/stream_buffer.c **** /*-----------------------------------------------------------*/
1237:/home/zz/quard-start/Quard-Star/trusted_domain/FreeRTOS-Kernel/stream_buffer.c **** 
1238:/home/zz/quard-start/Quard-Star/trusted_domain/FreeRTOS-Kernel/stream_buffer.c **** static size_t prvBytesInBuffer( const StreamBuffer_t * const pxStreamBuffer )
1239:/home/zz/quard-start/Quard-Star/trusted_domain/FreeRTOS-Kernel/stream_buffer.c **** {
  15              		.loc 1 1239 1
  16              		.cfi_startproc
GAS LISTING /tmp/ccHKNjJ2.s 			page 23


  17              	.LVL0:
1240:/home/zz/quard-start/Quard-Star/trusted_domain/FreeRTOS-Kernel/stream_buffer.c **** /* Returns the distance between xTail and xHead. */
1241:/home/zz/quard-start/Quard-Star/trusted_domain/FreeRTOS-Kernel/stream_buffer.c ****     size_t xCount;
  18              		.loc 1 1241 5
1242:/home/zz/quard-start/Quard-Star/trusted_domain/FreeRTOS-Kernel/stream_buffer.c **** 
1243:/home/zz/quard-start/Quard-Star/trusted_domain/FreeRTOS-Kernel/stream_buffer.c ****     xCount = pxStreamBuffer->xLength + pxStreamBuffer->xHead;
  19              		.loc 1 1243 5
  20              		.loc 1 1243 28 is_stmt 0
  21 0000 03370501 		ld	a4,16(a0)
  22              		.loc 1 1243 54
  23 0004 83378500 		ld	a5,8(a0)
  24              		.loc 1 1243 12
  25 0008 B307F700 		add	a5,a4,a5
  26              	.LVL1:
1244:/home/zz/quard-start/Quard-Star/trusted_domain/FreeRTOS-Kernel/stream_buffer.c ****     xCount -= pxStreamBuffer->xTail;
  27              		.loc 1 1244 5 is_stmt 1
  28              		.loc 1 1244 29 is_stmt 0
  29 000c 83360500 		ld	a3,0(a0)
  30              		.loc 1 1244 12
  31 0010 3385D740 		sub	a0,a5,a3
  32              	.LVL2:
1245:/home/zz/quard-start/Quard-Star/trusted_domain/FreeRTOS-Kernel/stream_buffer.c **** 
1246:/home/zz/quard-start/Quard-Star/trusted_domain/FreeRTOS-Kernel/stream_buffer.c ****     if( xCount >= pxStreamBuffer->xLength )
  33              		.loc 1 1246 5 is_stmt 1
  34              		.loc 1 1246 7 is_stmt 0
  35 0014 6364E500 		bgtu	a4,a0,.L1
1247:/home/zz/quard-start/Quard-Star/trusted_domain/FreeRTOS-Kernel/stream_buffer.c ****     {
1248:/home/zz/quard-start/Quard-Star/trusted_domain/FreeRTOS-Kernel/stream_buffer.c ****         xCount -= pxStreamBuffer->xLength;
  36              		.loc 1 1248 9 is_stmt 1
  37              		.loc 1 1248 16 is_stmt 0
  38 0018 3305E540 		sub	a0,a0,a4
  39              	.LVL3:
1249:/home/zz/quard-start/Quard-Star/trusted_domain/FreeRTOS-Kernel/stream_buffer.c ****     }
1250:/home/zz/quard-start/Quard-Star/trusted_domain/FreeRTOS-Kernel/stream_buffer.c ****     else
1251:/home/zz/quard-start/Quard-Star/trusted_domain/FreeRTOS-Kernel/stream_buffer.c ****     {
1252:/home/zz/quard-start/Quard-Star/trusted_domain/FreeRTOS-Kernel/stream_buffer.c ****         mtCOVERAGE_TEST_MARKER();
  40              		.loc 1 1252 33 is_stmt 1
1253:/home/zz/quard-start/Quard-Star/trusted_domain/FreeRTOS-Kernel/stream_buffer.c ****     }
1254:/home/zz/quard-start/Quard-Star/trusted_domain/FreeRTOS-Kernel/stream_buffer.c **** 
1255:/home/zz/quard-start/Quard-Star/trusted_domain/FreeRTOS-Kernel/stream_buffer.c ****     return xCount;
  41              		.loc 1 1255 5
  42              	.L1:
1256:/home/zz/quard-start/Quard-Star/trusted_domain/FreeRTOS-Kernel/stream_buffer.c **** }
  43              		.loc 1 1256 1 is_stmt 0
  44 001c 67800000 		ret
  45              		.cfi_endproc
  46              	.LFE21:
  48              		.section	.text.prvInitialiseNewStreamBuffer,"ax",@progbits
  49              		.align	2
  51              	prvInitialiseNewStreamBuffer:
  52              	.LFB22:
1257:/home/zz/quard-start/Quard-Star/trusted_domain/FreeRTOS-Kernel/stream_buffer.c **** /*-----------------------------------------------------------*/
1258:/home/zz/quard-start/Quard-Star/trusted_domain/FreeRTOS-Kernel/stream_buffer.c **** 
1259:/home/zz/quard-start/Quard-Star/trusted_domain/FreeRTOS-Kernel/stream_buffer.c **** static void prvInitialiseNewStreamBuffer( StreamBuffer_t * const pxStreamBuffer,
1260:/home/zz/quard-start/Quard-Star/trusted_domain/FreeRTOS-Kernel/stream_buffer.c ****                                           uint8_t * const pucBuffer,
1261:/home/zz/quard-start/Quard-Star/trusted_domain/FreeRTOS-Kernel/stream_buffer.c ****                                           size_t xBufferSizeBytes,
1262:/home/zz/quard-start/Quard-Star/trusted_domain/FreeRTOS-Kernel/stream_buffer.c ****                                           size_t xTriggerLevelBytes,
GAS LISTING /tmp/ccHKNjJ2.s 			page 24


1263:/home/zz/quard-start/Quard-Star/trusted_domain/FreeRTOS-Kernel/stream_buffer.c ****                                           uint8_t ucFlags )
1264:/home/zz/quard-start/Quard-Star/trusted_domain/FreeRTOS-Kernel/stream_buffer.c **** {
  53              		.loc 1 1264 1 is_stmt 1
  54              		.cfi_startproc
  55              	.LVL4:
  56 0000 130101FD 		addi	sp,sp,-48
  57              	.LCFI0:
  58              		.cfi_def_cfa_offset 48
  59 0004 23341102 		sd	ra,40(sp)
  60 0008 23308102 		sd	s0,32(sp)
  61 000c 233C9100 		sd	s1,24(sp)
  62 0010 23382101 		sd	s2,16(sp)
  63 0014 23343101 		sd	s3,8(sp)
  64 0018 23304101 		sd	s4,0(sp)
  65              		.cfi_offset 1, -8
  66              		.cfi_offset 8, -16
  67              		.cfi_offset 9, -24
  68              		.cfi_offset 18, -32
  69              		.cfi_offset 19, -40
  70              		.cfi_offset 20, -48
  71 001c 13040500 		mv	s0,a0
  72 0020 138A0500 		mv	s4,a1
  73 0024 93090600 		mv	s3,a2
  74 0028 13890600 		mv	s2,a3
  75 002c 93040700 		mv	s1,a4
1265:/home/zz/quard-start/Quard-Star/trusted_domain/FreeRTOS-Kernel/stream_buffer.c ****     /* Assert here is deliberately writing to the entire buffer to ensure it can
1266:/home/zz/quard-start/Quard-Star/trusted_domain/FreeRTOS-Kernel/stream_buffer.c ****      * be written to without generating exceptions, and is setting the buffer to a
1267:/home/zz/quard-start/Quard-Star/trusted_domain/FreeRTOS-Kernel/stream_buffer.c ****      * known value to assist in development/debugging. */
1268:/home/zz/quard-start/Quard-Star/trusted_domain/FreeRTOS-Kernel/stream_buffer.c ****     #if ( configASSERT_DEFINED == 1 )
1269:/home/zz/quard-start/Quard-Star/trusted_domain/FreeRTOS-Kernel/stream_buffer.c ****         {
1270:/home/zz/quard-start/Quard-Star/trusted_domain/FreeRTOS-Kernel/stream_buffer.c ****             /* The value written just has to be identifiable when looking at the
1271:/home/zz/quard-start/Quard-Star/trusted_domain/FreeRTOS-Kernel/stream_buffer.c ****              * memory.  Don't use 0xA5 as that is the stack fill value and could
1272:/home/zz/quard-start/Quard-Star/trusted_domain/FreeRTOS-Kernel/stream_buffer.c ****              * result in confusion as to what is actually being observed. */
1273:/home/zz/quard-start/Quard-Star/trusted_domain/FreeRTOS-Kernel/stream_buffer.c ****             const BaseType_t xWriteValue = 0x55;
1274:/home/zz/quard-start/Quard-Star/trusted_domain/FreeRTOS-Kernel/stream_buffer.c ****             configASSERT( memset( pucBuffer, ( int ) xWriteValue, xBufferSizeBytes ) == pucBuffer )
1275:/home/zz/quard-start/Quard-Star/trusted_domain/FreeRTOS-Kernel/stream_buffer.c ****         } /*lint !e529 !e438 xWriteValue is only used if configASSERT() is defined. */
1276:/home/zz/quard-start/Quard-Star/trusted_domain/FreeRTOS-Kernel/stream_buffer.c ****     #endif
1277:/home/zz/quard-start/Quard-Star/trusted_domain/FreeRTOS-Kernel/stream_buffer.c **** 
1278:/home/zz/quard-start/Quard-Star/trusted_domain/FreeRTOS-Kernel/stream_buffer.c ****     ( void ) memset( ( void * ) pxStreamBuffer, 0x00, sizeof( StreamBuffer_t ) ); /*lint !e9087 mem
  76              		.loc 1 1278 5
  77              		.loc 1 1278 14 is_stmt 0
  78 0030 13068004 		li	a2,72
  79              	.LVL5:
  80 0034 93050000 		li	a1,0
  81              	.LVL6:
  82 0038 97000000 		call	memset
  82      E7800000 
  83              	.LVL7:
1279:/home/zz/quard-start/Quard-Star/trusted_domain/FreeRTOS-Kernel/stream_buffer.c ****     pxStreamBuffer->pucBuffer = pucBuffer;
  84              		.loc 1 1279 5 is_stmt 1
  85              		.loc 1 1279 31 is_stmt 0
  86 0040 23384403 		sd	s4,48(s0)
1280:/home/zz/quard-start/Quard-Star/trusted_domain/FreeRTOS-Kernel/stream_buffer.c ****     pxStreamBuffer->xLength = xBufferSizeBytes;
  87              		.loc 1 1280 5 is_stmt 1
  88              		.loc 1 1280 29 is_stmt 0
  89 0044 23383401 		sd	s3,16(s0)
1281:/home/zz/quard-start/Quard-Star/trusted_domain/FreeRTOS-Kernel/stream_buffer.c ****     pxStreamBuffer->xTriggerLevelBytes = xTriggerLevelBytes;
GAS LISTING /tmp/ccHKNjJ2.s 			page 25


  90              		.loc 1 1281 5 is_stmt 1
  91              		.loc 1 1281 40 is_stmt 0
  92 0048 233C2401 		sd	s2,24(s0)
1282:/home/zz/quard-start/Quard-Star/trusted_domain/FreeRTOS-Kernel/stream_buffer.c ****     pxStreamBuffer->ucFlags = ucFlags;
  93              		.loc 1 1282 5 is_stmt 1
  94              		.loc 1 1282 29 is_stmt 0
  95 004c 230C9402 		sb	s1,56(s0)
1283:/home/zz/quard-start/Quard-Star/trusted_domain/FreeRTOS-Kernel/stream_buffer.c **** }
  96              		.loc 1 1283 1
  97 0050 83308102 		ld	ra,40(sp)
  98              		.cfi_restore 1
  99 0054 03340102 		ld	s0,32(sp)
 100              		.cfi_restore 8
 101              	.LVL8:
 102 0058 83348101 		ld	s1,24(sp)
 103              		.cfi_restore 9
 104 005c 03390101 		ld	s2,16(sp)
 105              		.cfi_restore 18
 106              	.LVL9:
 107 0060 83398100 		ld	s3,8(sp)
 108              		.cfi_restore 19
 109              	.LVL10:
 110 0064 033A0100 		ld	s4,0(sp)
 111              		.cfi_restore 20
 112              	.LVL11:
 113 0068 13010103 		addi	sp,sp,48
 114              	.LCFI1:
 115              		.cfi_def_cfa_offset 0
 116 006c 67800000 		jr	ra
 117              		.cfi_endproc
 118              	.LFE22:
 120              		.section	.text.prvWriteBytesToBuffer,"ax",@progbits
 121              		.align	2
 123              	prvWriteBytesToBuffer:
 124              	.LFB19:
1134:/home/zz/quard-start/Quard-Star/trusted_domain/FreeRTOS-Kernel/stream_buffer.c ****     size_t xNextHead, xFirstLength;
 125              		.loc 1 1134 1 is_stmt 1
 126              		.cfi_startproc
 127              	.LVL12:
 128 0000 130101FD 		addi	sp,sp,-48
 129              	.LCFI2:
 130              		.cfi_def_cfa_offset 48
 131 0004 23341102 		sd	ra,40(sp)
 132 0008 23308102 		sd	s0,32(sp)
 133 000c 233C9100 		sd	s1,24(sp)
 134 0010 23382101 		sd	s2,16(sp)
 135 0014 23343101 		sd	s3,8(sp)
 136 0018 23304101 		sd	s4,0(sp)
 137              		.cfi_offset 1, -8
 138              		.cfi_offset 8, -16
 139              		.cfi_offset 9, -24
 140              		.cfi_offset 18, -32
 141              		.cfi_offset 19, -40
 142              		.cfi_offset 20, -48
 143 001c 13040500 		mv	s0,a0
 144 0020 138A0500 		mv	s4,a1
 145 0024 13090600 		mv	s2,a2
GAS LISTING /tmp/ccHKNjJ2.s 			page 26


1135:/home/zz/quard-start/Quard-Star/trusted_domain/FreeRTOS-Kernel/stream_buffer.c **** 
 146              		.loc 1 1135 5
1137:/home/zz/quard-start/Quard-Star/trusted_domain/FreeRTOS-Kernel/stream_buffer.c **** 
 147              		.loc 1 1137 42
1139:/home/zz/quard-start/Quard-Star/trusted_domain/FreeRTOS-Kernel/stream_buffer.c **** 
 148              		.loc 1 1139 5
1139:/home/zz/quard-start/Quard-Star/trusted_domain/FreeRTOS-Kernel/stream_buffer.c **** 
 149              		.loc 1 1139 15 is_stmt 0
 150 0028 83348500 		ld	s1,8(a0)
 151              	.LVL13:
1144:/home/zz/quard-start/Quard-Star/trusted_domain/FreeRTOS-Kernel/stream_buffer.c **** 
 152              		.loc 1 1144 5 is_stmt 1
1144:/home/zz/quard-start/Quard-Star/trusted_domain/FreeRTOS-Kernel/stream_buffer.c **** 
 153              		.loc 1 1144 20 is_stmt 0
 154 002c 83390501 		ld	s3,16(a0)
 155 0030 B3899940 		sub	s3,s3,s1
1144:/home/zz/quard-start/Quard-Star/trusted_domain/FreeRTOS-Kernel/stream_buffer.c **** 
 156              		.loc 1 1144 18
 157 0034 63743601 		bleu	s3,a2,.L6
 158 0038 93090600 		mv	s3,a2
 159              	.L6:
 160              	.LVL14:
1147:/home/zz/quard-start/Quard-Star/trusted_domain/FreeRTOS-Kernel/stream_buffer.c ****     ( void ) memcpy( ( void * ) ( &( pxStreamBuffer->pucBuffer[ xNextHead ] ) ), ( const void * ) p
 161              		.loc 1 1147 76 is_stmt 1
1148:/home/zz/quard-start/Quard-Star/trusted_domain/FreeRTOS-Kernel/stream_buffer.c **** 
 162              		.loc 1 1148 5
1148:/home/zz/quard-start/Quard-Star/trusted_domain/FreeRTOS-Kernel/stream_buffer.c **** 
 163              		.loc 1 1148 52 is_stmt 0
 164 003c 03350403 		ld	a0,48(s0)
 165              	.LVL15:
1148:/home/zz/quard-start/Quard-Star/trusted_domain/FreeRTOS-Kernel/stream_buffer.c **** 
 166              		.loc 1 1148 14
 167 0040 13860900 		mv	a2,s3
 168              	.LVL16:
 169 0044 93050A00 		mv	a1,s4
 170              	.LVL17:
 171 0048 33059500 		add	a0,a0,s1
 172 004c 97000000 		call	memcpy
 172      E7800000 
 173              	.LVL18:
1152:/home/zz/quard-start/Quard-Star/trusted_domain/FreeRTOS-Kernel/stream_buffer.c ****     {
 174              		.loc 1 1152 5 is_stmt 1
1152:/home/zz/quard-start/Quard-Star/trusted_domain/FreeRTOS-Kernel/stream_buffer.c ****     {
 175              		.loc 1 1152 7 is_stmt 0
 176 0054 63EE2903 		bgtu	s2,s3,.L10
 177              	.L7:
1160:/home/zz/quard-start/Quard-Star/trusted_domain/FreeRTOS-Kernel/stream_buffer.c ****     }
 178              		.loc 1 1160 33 is_stmt 1
1163:/home/zz/quard-start/Quard-Star/trusted_domain/FreeRTOS-Kernel/stream_buffer.c **** 
 179              		.loc 1 1163 5
1163:/home/zz/quard-start/Quard-Star/trusted_domain/FreeRTOS-Kernel/stream_buffer.c **** 
 180              		.loc 1 1163 15 is_stmt 0
 181 0058 B3842401 		add	s1,s1,s2
 182              	.LVL19:
1165:/home/zz/quard-start/Quard-Star/trusted_domain/FreeRTOS-Kernel/stream_buffer.c ****     {
 183              		.loc 1 1165 5 is_stmt 1
1165:/home/zz/quard-start/Quard-Star/trusted_domain/FreeRTOS-Kernel/stream_buffer.c ****     {
GAS LISTING /tmp/ccHKNjJ2.s 			page 27


 184              		.loc 1 1165 36 is_stmt 0
 185 005c 83370401 		ld	a5,16(s0)
1165:/home/zz/quard-start/Quard-Star/trusted_domain/FreeRTOS-Kernel/stream_buffer.c ****     {
 186              		.loc 1 1165 7
 187 0060 63E4F400 		bgtu	a5,s1,.L8
1167:/home/zz/quard-start/Quard-Star/trusted_domain/FreeRTOS-Kernel/stream_buffer.c ****     }
 188              		.loc 1 1167 9 is_stmt 1
1167:/home/zz/quard-start/Quard-Star/trusted_domain/FreeRTOS-Kernel/stream_buffer.c ****     }
 189              		.loc 1 1167 19 is_stmt 0
 190 0064 B384F440 		sub	s1,s1,a5
 191              	.LVL20:
 192              	.L8:
1171:/home/zz/quard-start/Quard-Star/trusted_domain/FreeRTOS-Kernel/stream_buffer.c ****     }
 193              		.loc 1 1171 33 is_stmt 1
1174:/home/zz/quard-start/Quard-Star/trusted_domain/FreeRTOS-Kernel/stream_buffer.c **** 
 194              		.loc 1 1174 5
1174:/home/zz/quard-start/Quard-Star/trusted_domain/FreeRTOS-Kernel/stream_buffer.c **** 
 195              		.loc 1 1174 27 is_stmt 0
 196 0068 23349400 		sd	s1,8(s0)
1176:/home/zz/quard-start/Quard-Star/trusted_domain/FreeRTOS-Kernel/stream_buffer.c **** }
 197              		.loc 1 1176 5 is_stmt 1
1177:/home/zz/quard-start/Quard-Star/trusted_domain/FreeRTOS-Kernel/stream_buffer.c **** /*-----------------------------------------------------------*/
 198              		.loc 1 1177 1 is_stmt 0
 199 006c 13050900 		mv	a0,s2
 200 0070 83308102 		ld	ra,40(sp)
 201              		.cfi_remember_state
 202              		.cfi_restore 1
 203 0074 03340102 		ld	s0,32(sp)
 204              		.cfi_restore 8
 205              	.LVL21:
 206 0078 83348101 		ld	s1,24(sp)
 207              		.cfi_restore 9
 208              	.LVL22:
 209 007c 03390101 		ld	s2,16(sp)
 210              		.cfi_restore 18
 211              	.LVL23:
 212 0080 83398100 		ld	s3,8(sp)
 213              		.cfi_restore 19
 214              	.LVL24:
 215 0084 033A0100 		ld	s4,0(sp)
 216              		.cfi_restore 20
 217              	.LVL25:
 218 0088 13010103 		addi	sp,sp,48
 219              	.LCFI3:
 220              		.cfi_def_cfa_offset 0
 221 008c 67800000 		jr	ra
 222              	.LVL26:
 223              	.L10:
 224              	.LCFI4:
 225              		.cfi_restore_state
1155:/home/zz/quard-start/Quard-Star/trusted_domain/FreeRTOS-Kernel/stream_buffer.c ****         ( void ) memcpy( ( void * ) pxStreamBuffer->pucBuffer, ( const void * ) &( pucData[ xFirstL
 226              		.loc 1 1155 77 is_stmt 1
1156:/home/zz/quard-start/Quard-Star/trusted_domain/FreeRTOS-Kernel/stream_buffer.c ****     }
 227              		.loc 1 1156 9
1156:/home/zz/quard-start/Quard-Star/trusted_domain/FreeRTOS-Kernel/stream_buffer.c ****     }
 228              		.loc 1 1156 18 is_stmt 0
 229 0090 33063941 		sub	a2,s2,s3
GAS LISTING /tmp/ccHKNjJ2.s 			page 28


 230 0094 B3053A01 		add	a1,s4,s3
 231 0098 03350403 		ld	a0,48(s0)
 232 009c 97000000 		call	memcpy
 232      E7800000 
 233              	.LVL27:
 234 00a4 6FF05FFB 		j	.L7
 235              		.cfi_endproc
 236              	.LFE19:
 238              		.section	.text.prvWriteMessageToBuffer,"ax",@progbits
 239              		.align	2
 241              	prvWriteMessageToBuffer:
 242              	.LFB10:
 705:/home/zz/quard-start/Quard-Star/trusted_domain/FreeRTOS-Kernel/stream_buffer.c ****     BaseType_t xShouldWrite;
 243              		.loc 1 705 1 is_stmt 1
 244              		.cfi_startproc
 245              	.LVL28:
 246 0000 130101FD 		addi	sp,sp,-48
 247              	.LCFI5:
 248              		.cfi_def_cfa_offset 48
 249 0004 23341102 		sd	ra,40(sp)
 250 0008 23308102 		sd	s0,32(sp)
 251 000c 233C9100 		sd	s1,24(sp)
 252              		.cfi_offset 1, -8
 253              		.cfi_offset 8, -16
 254              		.cfi_offset 9, -24
 255 0010 13040500 		mv	s0,a0
 256 0014 2334C100 		sd	a2,8(sp)
 257 0018 13850600 		mv	a0,a3
 258              	.LVL29:
 706:/home/zz/quard-start/Quard-Star/trusted_domain/FreeRTOS-Kernel/stream_buffer.c ****     size_t xReturn;
 259              		.loc 1 706 5
 707:/home/zz/quard-start/Quard-Star/trusted_domain/FreeRTOS-Kernel/stream_buffer.c **** 
 260              		.loc 1 707 5
 709:/home/zz/quard-start/Quard-Star/trusted_domain/FreeRTOS-Kernel/stream_buffer.c ****     {
 261              		.loc 1 709 5
 709:/home/zz/quard-start/Quard-Star/trusted_domain/FreeRTOS-Kernel/stream_buffer.c ****     {
 262              		.loc 1 709 7 is_stmt 0
 263 001c 638C0602 		beq	a3,zero,.L12
 264 0020 93840500 		mv	s1,a1
 715:/home/zz/quard-start/Quard-Star/trusted_domain/FreeRTOS-Kernel/stream_buffer.c ****     {
 265              		.loc 1 715 10 is_stmt 1
 715:/home/zz/quard-start/Quard-Star/trusted_domain/FreeRTOS-Kernel/stream_buffer.c ****     {
 266              		.loc 1 715 30 is_stmt 0
 267 0024 83478403 		lbu	a5,56(s0)
 715:/home/zz/quard-start/Quard-Star/trusted_domain/FreeRTOS-Kernel/stream_buffer.c ****     {
 268              		.loc 1 715 12
 269 0028 93F71700 		andi	a5,a5,1
 270 002c 639E0702 		bne	a5,zero,.L13
 720:/home/zz/quard-start/Quard-Star/trusted_domain/FreeRTOS-Kernel/stream_buffer.c ****         xDataLengthBytes = configMIN( xDataLengthBytes, xSpace );
 271              		.loc 1 720 9 is_stmt 1
 272              	.LVL30:
 721:/home/zz/quard-start/Quard-Star/trusted_domain/FreeRTOS-Kernel/stream_buffer.c ****     }
 273              		.loc 1 721 9
 721:/home/zz/quard-start/Quard-Star/trusted_domain/FreeRTOS-Kernel/stream_buffer.c ****     }
 274              		.loc 1 721 28 is_stmt 0
 275 0030 93070600 		mv	a5,a2
 276 0034 63F4C600 		bleu	a2,a3,.L14
GAS LISTING /tmp/ccHKNjJ2.s 			page 29


 277 0038 93870600 		mv	a5,a3
 278              	.LVL31:
 279              	.L14:
 721:/home/zz/quard-start/Quard-Star/trusted_domain/FreeRTOS-Kernel/stream_buffer.c ****     }
 280              		.loc 1 721 26
 281 003c 2334F100 		sd	a5,8(sp)
 738:/home/zz/quard-start/Quard-Star/trusted_domain/FreeRTOS-Kernel/stream_buffer.c ****     {
 282              		.loc 1 738 5 is_stmt 1
 283              	.LVL32:
 284              	.L15:
 741:/home/zz/quard-start/Quard-Star/trusted_domain/FreeRTOS-Kernel/stream_buffer.c ****     }
 285              		.loc 1 741 9
 741:/home/zz/quard-start/Quard-Star/trusted_domain/FreeRTOS-Kernel/stream_buffer.c ****     }
 286              		.loc 1 741 19 is_stmt 0
 287 0040 03368100 		ld	a2,8(sp)
 288 0044 93850400 		mv	a1,s1
 289 0048 13050400 		mv	a0,s0
 290 004c 97000000 		call	prvWriteBytesToBuffer
 290      E7800000 
 291              	.LVL33:
 292              	.L12:
 748:/home/zz/quard-start/Quard-Star/trusted_domain/FreeRTOS-Kernel/stream_buffer.c **** }
 293              		.loc 1 748 5 is_stmt 1
 749:/home/zz/quard-start/Quard-Star/trusted_domain/FreeRTOS-Kernel/stream_buffer.c **** /*-----------------------------------------------------------*/
 294              		.loc 1 749 1 is_stmt 0
 295 0054 83308102 		ld	ra,40(sp)
 296              		.cfi_remember_state
 297              		.cfi_restore 1
 298 0058 03340102 		ld	s0,32(sp)
 299              		.cfi_restore 8
 300              	.LVL34:
 301 005c 83348101 		ld	s1,24(sp)
 302              		.cfi_restore 9
 303 0060 13010103 		addi	sp,sp,48
 304              	.LCFI6:
 305              		.cfi_def_cfa_offset 0
 306 0064 67800000 		jr	ra
 307              	.LVL35:
 308              	.L13:
 309              	.LCFI7:
 310              		.cfi_restore_state
 723:/home/zz/quard-start/Quard-Star/trusted_domain/FreeRTOS-Kernel/stream_buffer.c ****     {
 311              		.loc 1 723 10 is_stmt 1
 723:/home/zz/quard-start/Quard-Star/trusted_domain/FreeRTOS-Kernel/stream_buffer.c ****     {
 312              		.loc 1 723 12 is_stmt 0
 313 0068 63F6E600 		bgeu	a3,a4,.L18
 745:/home/zz/quard-start/Quard-Star/trusted_domain/FreeRTOS-Kernel/stream_buffer.c ****     }
 314              		.loc 1 745 17
 315 006c 13050000 		li	a0,0
 316              	.LVL36:
 317 0070 6FF05FFE 		j	.L12
 318              	.LVL37:
 319              	.L18:
 729:/home/zz/quard-start/Quard-Star/trusted_domain/FreeRTOS-Kernel/stream_buffer.c ****         ( void ) prvWriteBytesToBuffer( pxStreamBuffer, ( const uint8_t * ) &( xDataLengthBytes ), 
 320              		.loc 1 729 9 is_stmt 1
 730:/home/zz/quard-start/Quard-Star/trusted_domain/FreeRTOS-Kernel/stream_buffer.c ****     }
 321              		.loc 1 730 9
GAS LISTING /tmp/ccHKNjJ2.s 			page 30


 730:/home/zz/quard-start/Quard-Star/trusted_domain/FreeRTOS-Kernel/stream_buffer.c ****     }
 322              		.loc 1 730 18 is_stmt 0
 323 0074 13068000 		li	a2,8
 324              	.LVL38:
 325 0078 93058100 		addi	a1,sp,8
 326              	.LVL39:
 327 007c 13050400 		mv	a0,s0
 328              	.LVL40:
 329 0080 97000000 		call	prvWriteBytesToBuffer
 329      E7800000 
 330              	.LVL41:
 738:/home/zz/quard-start/Quard-Star/trusted_domain/FreeRTOS-Kernel/stream_buffer.c ****     {
 331              		.loc 1 738 5 is_stmt 1
 332 0088 6FF09FFB 		j	.L15
 333              		.cfi_endproc
 334              	.LFE10:
 336              		.section	.text.prvReadBytesFromBuffer,"ax",@progbits
 337              		.align	2
 339              	prvReadBytesFromBuffer:
 340              	.LFB20:
1184:/home/zz/quard-start/Quard-Star/trusted_domain/FreeRTOS-Kernel/stream_buffer.c ****     size_t xCount, xFirstLength, xNextTail;
 341              		.loc 1 1184 1
 342              		.cfi_startproc
 343              	.LVL42:
 344 0000 130101FD 		addi	sp,sp,-48
 345              	.LCFI8:
 346              		.cfi_def_cfa_offset 48
 347 0004 23341102 		sd	ra,40(sp)
 348 0008 23308102 		sd	s0,32(sp)
 349 000c 233C9100 		sd	s1,24(sp)
 350 0010 23382101 		sd	s2,16(sp)
 351 0014 23343101 		sd	s3,8(sp)
 352 0018 23304101 		sd	s4,0(sp)
 353              		.cfi_offset 1, -8
 354              		.cfi_offset 8, -16
 355              		.cfi_offset 9, -24
 356              		.cfi_offset 18, -32
 357              		.cfi_offset 19, -40
 358              		.cfi_offset 20, -48
 359 001c 93040500 		mv	s1,a0
 360 0020 13890500 		mv	s2,a1
1185:/home/zz/quard-start/Quard-Star/trusted_domain/FreeRTOS-Kernel/stream_buffer.c **** 
 361              		.loc 1 1185 5
1188:/home/zz/quard-start/Quard-Star/trusted_domain/FreeRTOS-Kernel/stream_buffer.c **** 
 362              		.loc 1 1188 5
1188:/home/zz/quard-start/Quard-Star/trusted_domain/FreeRTOS-Kernel/stream_buffer.c **** 
 363              		.loc 1 1188 12 is_stmt 0
 364 0024 13040600 		mv	s0,a2
 365 0028 63F4C600 		bleu	a2,a3,.L20
 366 002c 13840600 		mv	s0,a3
 367              	.L20:
 368              	.LVL43:
1190:/home/zz/quard-start/Quard-Star/trusted_domain/FreeRTOS-Kernel/stream_buffer.c ****     {
 369              		.loc 1 1190 5 is_stmt 1
1190:/home/zz/quard-start/Quard-Star/trusted_domain/FreeRTOS-Kernel/stream_buffer.c ****     {
 370              		.loc 1 1190 7 is_stmt 0
 371 0030 63140402 		bne	s0,zero,.L26
GAS LISTING /tmp/ccHKNjJ2.s 			page 31


 372              	.LVL44:
 373              	.L19:
1235:/home/zz/quard-start/Quard-Star/trusted_domain/FreeRTOS-Kernel/stream_buffer.c **** /*-----------------------------------------------------------*/
 374              		.loc 1 1235 1
 375 0034 13050400 		mv	a0,s0
 376 0038 83308102 		ld	ra,40(sp)
 377              		.cfi_remember_state
 378              		.cfi_restore 1
 379 003c 03340102 		ld	s0,32(sp)
 380              		.cfi_restore 8
 381              	.LVL45:
 382 0040 83348101 		ld	s1,24(sp)
 383              		.cfi_restore 9
 384              	.LVL46:
 385 0044 03390101 		ld	s2,16(sp)
 386              		.cfi_restore 18
 387              	.LVL47:
 388 0048 83398100 		ld	s3,8(sp)
 389              		.cfi_restore 19
 390 004c 033A0100 		ld	s4,0(sp)
 391              		.cfi_restore 20
 392 0050 13010103 		addi	sp,sp,48
 393              	.LCFI9:
 394              		.cfi_def_cfa_offset 0
 395 0054 67800000 		jr	ra
 396              	.LVL48:
 397              	.L26:
 398              	.LCFI10:
 399              		.cfi_restore_state
1192:/home/zz/quard-start/Quard-Star/trusted_domain/FreeRTOS-Kernel/stream_buffer.c **** 
 400              		.loc 1 1192 9 is_stmt 1
1192:/home/zz/quard-start/Quard-Star/trusted_domain/FreeRTOS-Kernel/stream_buffer.c **** 
 401              		.loc 1 1192 19 is_stmt 0
 402 0058 83B90400 		ld	s3,0(s1)
 403              	.LVL49:
1197:/home/zz/quard-start/Quard-Star/trusted_domain/FreeRTOS-Kernel/stream_buffer.c **** 
 404              		.loc 1 1197 9 is_stmt 1
1197:/home/zz/quard-start/Quard-Star/trusted_domain/FreeRTOS-Kernel/stream_buffer.c **** 
 405              		.loc 1 1197 24 is_stmt 0
 406 005c 03BA0401 		ld	s4,16(s1)
 407 0060 330A3A41 		sub	s4,s4,s3
1197:/home/zz/quard-start/Quard-Star/trusted_domain/FreeRTOS-Kernel/stream_buffer.c **** 
 408              		.loc 1 1197 22
 409 0064 63744401 		bleu	s4,s0,.L22
 410 0068 130A0400 		mv	s4,s0
 411              	.L22:
 412              	.LVL50:
1201:/home/zz/quard-start/Quard-Star/trusted_domain/FreeRTOS-Kernel/stream_buffer.c ****         configASSERT( ( xNextTail + xFirstLength ) <= pxStreamBuffer->xLength );
 413              		.loc 1 1201 50 is_stmt 1
1202:/home/zz/quard-start/Quard-Star/trusted_domain/FreeRTOS-Kernel/stream_buffer.c ****         ( void ) memcpy( ( void * ) pucData, ( const void * ) &( pxStreamBuffer->pucBuffer[ xNextTa
 414              		.loc 1 1202 80
1203:/home/zz/quard-start/Quard-Star/trusted_domain/FreeRTOS-Kernel/stream_buffer.c **** 
 415              		.loc 1 1203 9
1203:/home/zz/quard-start/Quard-Star/trusted_domain/FreeRTOS-Kernel/stream_buffer.c **** 
 416              		.loc 1 1203 80 is_stmt 0
 417 006c 83B50403 		ld	a1,48(s1)
 418              	.LVL51:
GAS LISTING /tmp/ccHKNjJ2.s 			page 32


1203:/home/zz/quard-start/Quard-Star/trusted_domain/FreeRTOS-Kernel/stream_buffer.c **** 
 419              		.loc 1 1203 18
 420 0070 13060A00 		mv	a2,s4
 421              	.LVL52:
 422 0074 B3853501 		add	a1,a1,s3
 423 0078 13050900 		mv	a0,s2
 424 007c 97000000 		call	memcpy
 424      E7800000 
 425              	.LVL53:
1207:/home/zz/quard-start/Quard-Star/trusted_domain/FreeRTOS-Kernel/stream_buffer.c ****         {
 426              		.loc 1 1207 9 is_stmt 1
1207:/home/zz/quard-start/Quard-Star/trusted_domain/FreeRTOS-Kernel/stream_buffer.c ****         {
 427              		.loc 1 1207 11 is_stmt 0
 428 0084 636E8A00 		bgtu	s0,s4,.L27
 429              	.L23:
1215:/home/zz/quard-start/Quard-Star/trusted_domain/FreeRTOS-Kernel/stream_buffer.c ****         }
 430              		.loc 1 1215 37 is_stmt 1
1220:/home/zz/quard-start/Quard-Star/trusted_domain/FreeRTOS-Kernel/stream_buffer.c **** 
 431              		.loc 1 1220 9
1220:/home/zz/quard-start/Quard-Star/trusted_domain/FreeRTOS-Kernel/stream_buffer.c **** 
 432              		.loc 1 1220 19 is_stmt 0
 433 0088 B3093401 		add	s3,s0,s3
 434              	.LVL54:
1222:/home/zz/quard-start/Quard-Star/trusted_domain/FreeRTOS-Kernel/stream_buffer.c ****         {
 435              		.loc 1 1222 9 is_stmt 1
1222:/home/zz/quard-start/Quard-Star/trusted_domain/FreeRTOS-Kernel/stream_buffer.c ****         {
 436              		.loc 1 1222 40 is_stmt 0
 437 008c 83B70401 		ld	a5,16(s1)
1222:/home/zz/quard-start/Quard-Star/trusted_domain/FreeRTOS-Kernel/stream_buffer.c ****         {
 438              		.loc 1 1222 11
 439 0090 63E4F900 		bgtu	a5,s3,.L24
1224:/home/zz/quard-start/Quard-Star/trusted_domain/FreeRTOS-Kernel/stream_buffer.c ****         }
 440              		.loc 1 1224 13 is_stmt 1
1224:/home/zz/quard-start/Quard-Star/trusted_domain/FreeRTOS-Kernel/stream_buffer.c ****         }
 441              		.loc 1 1224 23 is_stmt 0
 442 0094 B389F940 		sub	s3,s3,a5
 443              	.LVL55:
 444              	.L24:
1227:/home/zz/quard-start/Quard-Star/trusted_domain/FreeRTOS-Kernel/stream_buffer.c ****     }
 445              		.loc 1 1227 9 is_stmt 1
1227:/home/zz/quard-start/Quard-Star/trusted_domain/FreeRTOS-Kernel/stream_buffer.c ****     }
 446              		.loc 1 1227 31 is_stmt 0
 447 0098 23B03401 		sd	s3,0(s1)
1231:/home/zz/quard-start/Quard-Star/trusted_domain/FreeRTOS-Kernel/stream_buffer.c ****     }
 448              		.loc 1 1231 33 is_stmt 1
1234:/home/zz/quard-start/Quard-Star/trusted_domain/FreeRTOS-Kernel/stream_buffer.c **** }
 449              		.loc 1 1234 5
1234:/home/zz/quard-start/Quard-Star/trusted_domain/FreeRTOS-Kernel/stream_buffer.c **** }
 450              		.loc 1 1234 12 is_stmt 0
 451 009c 6FF09FF9 		j	.L19
 452              	.L27:
1210:/home/zz/quard-start/Quard-Star/trusted_domain/FreeRTOS-Kernel/stream_buffer.c ****             ( void ) memcpy( ( void * ) &( pucData[ xFirstLength ] ), ( void * ) ( pxStreamBuffer->
 453              		.loc 1 1210 48 is_stmt 1
1211:/home/zz/quard-start/Quard-Star/trusted_domain/FreeRTOS-Kernel/stream_buffer.c ****         }
 454              		.loc 1 1211 13
1211:/home/zz/quard-start/Quard-Star/trusted_domain/FreeRTOS-Kernel/stream_buffer.c ****         }
 455              		.loc 1 1211 22 is_stmt 0
GAS LISTING /tmp/ccHKNjJ2.s 			page 33


 456 00a0 33064441 		sub	a2,s0,s4
 457 00a4 83B50403 		ld	a1,48(s1)
 458 00a8 33054901 		add	a0,s2,s4
 459 00ac 97000000 		call	memcpy
 459      E7800000 
 460              	.LVL56:
 461 00b4 6FF05FFD 		j	.L23
 462              		.cfi_endproc
 463              	.LFE20:
 465              		.section	.text.prvReadMessageFromBuffer,"ax",@progbits
 466              		.align	2
 468              	prvReadMessageFromBuffer:
 469              	.LFB14:
 963:/home/zz/quard-start/Quard-Star/trusted_domain/FreeRTOS-Kernel/stream_buffer.c ****     size_t xOriginalTail, xReceivedLength, xNextMessageLength;
 470              		.loc 1 963 1 is_stmt 1
 471              		.cfi_startproc
 472              	.LVL57:
 473 0000 130101FB 		addi	sp,sp,-80
 474              	.LCFI11:
 475              		.cfi_def_cfa_offset 80
 476 0004 23341104 		sd	ra,72(sp)
 477 0008 23308104 		sd	s0,64(sp)
 478 000c 233C9102 		sd	s1,56(sp)
 479 0010 23382103 		sd	s2,48(sp)
 480 0014 23343103 		sd	s3,40(sp)
 481 0018 23304103 		sd	s4,32(sp)
 482 001c 233C5101 		sd	s5,24(sp)
 483              		.cfi_offset 1, -8
 484              		.cfi_offset 8, -16
 485              		.cfi_offset 9, -24
 486              		.cfi_offset 18, -32
 487              		.cfi_offset 19, -40
 488              		.cfi_offset 20, -48
 489              		.cfi_offset 21, -56
 490 0020 93040500 		mv	s1,a0
 491 0024 138A0500 		mv	s4,a1
 492 0028 13090600 		mv	s2,a2
 493 002c 13840600 		mv	s0,a3
 964:/home/zz/quard-start/Quard-Star/trusted_domain/FreeRTOS-Kernel/stream_buffer.c ****     configMESSAGE_BUFFER_LENGTH_TYPE xTempNextMessageLength;
 494              		.loc 1 964 5
 965:/home/zz/quard-start/Quard-Star/trusted_domain/FreeRTOS-Kernel/stream_buffer.c **** 
 495              		.loc 1 965 5
 967:/home/zz/quard-start/Quard-Star/trusted_domain/FreeRTOS-Kernel/stream_buffer.c ****     {
 496              		.loc 1 967 5
 967:/home/zz/quard-start/Quard-Star/trusted_domain/FreeRTOS-Kernel/stream_buffer.c ****     {
 497              		.loc 1 967 7 is_stmt 0
 498 0030 63100704 		bne	a4,zero,.L32
 499              	.LVL58:
 500              	.L29:
1004:/home/zz/quard-start/Quard-Star/trusted_domain/FreeRTOS-Kernel/stream_buffer.c **** 
 501              		.loc 1 1004 5 is_stmt 1
1004:/home/zz/quard-start/Quard-Star/trusted_domain/FreeRTOS-Kernel/stream_buffer.c **** 
 502              		.loc 1 1004 23 is_stmt 0
 503 0034 93060400 		mv	a3,s0
 504 0038 13060900 		mv	a2,s2
 505 003c 93050A00 		mv	a1,s4
 506 0040 13850400 		mv	a0,s1
GAS LISTING /tmp/ccHKNjJ2.s 			page 34


 507 0044 97000000 		call	prvReadBytesFromBuffer
 507      E7800000 
 508              	.LVL59:
1006:/home/zz/quard-start/Quard-Star/trusted_domain/FreeRTOS-Kernel/stream_buffer.c **** }
 509              		.loc 1 1006 5 is_stmt 1
1007:/home/zz/quard-start/Quard-Star/trusted_domain/FreeRTOS-Kernel/stream_buffer.c **** /*-----------------------------------------------------------*/
 510              		.loc 1 1007 1 is_stmt 0
 511 004c 83308104 		ld	ra,72(sp)
 512              		.cfi_remember_state
 513              		.cfi_restore 1
 514 0050 03340104 		ld	s0,64(sp)
 515              		.cfi_restore 8
 516              	.LVL60:
 517 0054 83348103 		ld	s1,56(sp)
 518              		.cfi_restore 9
 519              	.LVL61:
 520 0058 03390103 		ld	s2,48(sp)
 521              		.cfi_restore 18
 522              	.LVL62:
 523 005c 83398102 		ld	s3,40(sp)
 524              		.cfi_restore 19
 525 0060 033A0102 		ld	s4,32(sp)
 526              		.cfi_restore 20
 527              	.LVL63:
 528 0064 833A8101 		ld	s5,24(sp)
 529              		.cfi_restore 21
 530 0068 13010105 		addi	sp,sp,80
 531              	.LCFI12:
 532              		.cfi_def_cfa_offset 0
 533 006c 67800000 		jr	ra
 534              	.LVL64:
 535              	.L32:
 536              	.LCFI13:
 537              		.cfi_restore_state
 538 0070 93090700 		mv	s3,a4
 973:/home/zz/quard-start/Quard-Star/trusted_domain/FreeRTOS-Kernel/stream_buffer.c ****         ( void ) prvReadBytesFromBuffer( pxStreamBuffer, ( uint8_t * ) &xTempNextMessageLength, xBy
 539              		.loc 1 973 9 is_stmt 1
 973:/home/zz/quard-start/Quard-Star/trusted_domain/FreeRTOS-Kernel/stream_buffer.c ****         ( void ) prvReadBytesFromBuffer( pxStreamBuffer, ( uint8_t * ) &xTempNextMessageLength, xBy
 540              		.loc 1 973 23 is_stmt 0
 541 0074 833A0500 		ld	s5,0(a0)
 542              	.LVL65:
 974:/home/zz/quard-start/Quard-Star/trusted_domain/FreeRTOS-Kernel/stream_buffer.c ****         xNextMessageLength = ( size_t ) xTempNextMessageLength;
 543              		.loc 1 974 9 is_stmt 1
 974:/home/zz/quard-start/Quard-Star/trusted_domain/FreeRTOS-Kernel/stream_buffer.c ****         xNextMessageLength = ( size_t ) xTempNextMessageLength;
 544              		.loc 1 974 18 is_stmt 0
 545 0078 13060700 		mv	a2,a4
 546              	.LVL66:
 547 007c 93058100 		addi	a1,sp,8
 548              	.LVL67:
 549 0080 97000000 		call	prvReadBytesFromBuffer
 549      E7800000 
 550              	.LVL68:
 975:/home/zz/quard-start/Quard-Star/trusted_domain/FreeRTOS-Kernel/stream_buffer.c **** 
 551              		.loc 1 975 9 is_stmt 1
 975:/home/zz/quard-start/Quard-Star/trusted_domain/FreeRTOS-Kernel/stream_buffer.c **** 
 552              		.loc 1 975 28 is_stmt 0
 553 0088 83378100 		ld	a5,8(sp)
GAS LISTING /tmp/ccHKNjJ2.s 			page 35


 554              	.LVL69:
 979:/home/zz/quard-start/Quard-Star/trusted_domain/FreeRTOS-Kernel/stream_buffer.c **** 
 555              		.loc 1 979 9 is_stmt 1
 979:/home/zz/quard-start/Quard-Star/trusted_domain/FreeRTOS-Kernel/stream_buffer.c **** 
 556              		.loc 1 979 25 is_stmt 0
 557 008c 33043441 		sub	s0,s0,s3
 558              	.LVL70:
 983:/home/zz/quard-start/Quard-Star/trusted_domain/FreeRTOS-Kernel/stream_buffer.c ****         {
 559              		.loc 1 983 9 is_stmt 1
 983:/home/zz/quard-start/Quard-Star/trusted_domain/FreeRTOS-Kernel/stream_buffer.c ****         {
 560              		.loc 1 983 11 is_stmt 0
 561 0090 6378F900 		bgeu	s2,a5,.L30
 988:/home/zz/quard-start/Quard-Star/trusted_domain/FreeRTOS-Kernel/stream_buffer.c ****             xNextMessageLength = 0;
 562              		.loc 1 988 13 is_stmt 1
 988:/home/zz/quard-start/Quard-Star/trusted_domain/FreeRTOS-Kernel/stream_buffer.c ****             xNextMessageLength = 0;
 563              		.loc 1 988 35 is_stmt 0
 564 0094 23B05401 		sd	s5,0(s1)
 989:/home/zz/quard-start/Quard-Star/trusted_domain/FreeRTOS-Kernel/stream_buffer.c ****         }
 565              		.loc 1 989 13 is_stmt 1
 566              	.LVL71:
 989:/home/zz/quard-start/Quard-Star/trusted_domain/FreeRTOS-Kernel/stream_buffer.c ****         }
 567              		.loc 1 989 32 is_stmt 0
 568 0098 13090000 		li	s2,0
 569              	.LVL72:
 570 009c 6FF09FF9 		j	.L29
 571              	.LVL73:
 572              	.L30:
 975:/home/zz/quard-start/Quard-Star/trusted_domain/FreeRTOS-Kernel/stream_buffer.c **** 
 573              		.loc 1 975 28
 574 00a0 13890700 		mv	s2,a5
 575              	.LVL74:
 576 00a4 6FF01FF9 		j	.L29
 577              		.cfi_endproc
 578              	.LFE14:
 580              		.section	.text.xStreamBufferGenericCreate,"ax",@progbits
 581              		.align	2
 582              		.globl	xStreamBufferGenericCreate
 584              	xStreamBufferGenericCreate:
 585              	.LFB2:
 223:/home/zz/quard-start/Quard-Star/trusted_domain/FreeRTOS-Kernel/stream_buffer.c ****         uint8_t * pucAllocatedMemory;
 586              		.loc 1 223 5 is_stmt 1
 587              		.cfi_startproc
 588              	.LVL75:
 589 0000 130101FD 		addi	sp,sp,-48
 590              	.LCFI14:
 591              		.cfi_def_cfa_offset 48
 592 0004 23341102 		sd	ra,40(sp)
 593 0008 23308102 		sd	s0,32(sp)
 594 000c 233C9100 		sd	s1,24(sp)
 595 0010 23382101 		sd	s2,16(sp)
 596 0014 23343101 		sd	s3,8(sp)
 597              		.cfi_offset 1, -8
 598              		.cfi_offset 8, -16
 599              		.cfi_offset 9, -24
 600              		.cfi_offset 18, -32
 601              		.cfi_offset 19, -40
 602 0018 13840500 		mv	s0,a1
GAS LISTING /tmp/ccHKNjJ2.s 			page 36


 224:/home/zz/quard-start/Quard-Star/trusted_domain/FreeRTOS-Kernel/stream_buffer.c ****         uint8_t ucFlags;
 603              		.loc 1 224 9
 225:/home/zz/quard-start/Quard-Star/trusted_domain/FreeRTOS-Kernel/stream_buffer.c **** 
 604              		.loc 1 225 9
 231:/home/zz/quard-start/Quard-Star/trusted_domain/FreeRTOS-Kernel/stream_buffer.c ****         {
 605              		.loc 1 231 9
 231:/home/zz/quard-start/Quard-Star/trusted_domain/FreeRTOS-Kernel/stream_buffer.c ****         {
 606              		.loc 1 231 11 is_stmt 0
 607 001c 93071000 		li	a5,1
 608 0020 6306F604 		beq	a2,a5,.L41
 240:/home/zz/quard-start/Quard-Star/trusted_domain/FreeRTOS-Kernel/stream_buffer.c ****             configASSERT( xBufferSizeBytes > 0 );
 609              		.loc 1 240 21
 610 0024 13090000 		li	s2,0
 611              	.L34:
 612              	.LVL76:
 241:/home/zz/quard-start/Quard-Star/trusted_domain/FreeRTOS-Kernel/stream_buffer.c ****         }
 613              		.loc 1 241 49 is_stmt 1
 244:/home/zz/quard-start/Quard-Star/trusted_domain/FreeRTOS-Kernel/stream_buffer.c **** 
 614              		.loc 1 244 63
 248:/home/zz/quard-start/Quard-Star/trusted_domain/FreeRTOS-Kernel/stream_buffer.c ****         {
 615              		.loc 1 248 9
 248:/home/zz/quard-start/Quard-Star/trusted_domain/FreeRTOS-Kernel/stream_buffer.c ****         {
 616              		.loc 1 248 11 is_stmt 0
 617 0028 63140400 		bne	s0,zero,.L35
 250:/home/zz/quard-start/Quard-Star/trusted_domain/FreeRTOS-Kernel/stream_buffer.c ****         }
 618              		.loc 1 250 32
 619 002c 13041000 		li	s0,1
 620              	.L35:
 621              	.LVL77:
 261:/home/zz/quard-start/Quard-Star/trusted_domain/FreeRTOS-Kernel/stream_buffer.c ****         {
 622              		.loc 1 261 9 is_stmt 1
 261:/home/zz/quard-start/Quard-Star/trusted_domain/FreeRTOS-Kernel/stream_buffer.c ****         {
 623              		.loc 1 261 11 is_stmt 0
 624 0030 930760FB 		li	a5,-74
 625 0034 63E0A704 		bgtu	a0,a5,.L39
 263:/home/zz/quard-start/Quard-Star/trusted_domain/FreeRTOS-Kernel/stream_buffer.c ****             pucAllocatedMemory = ( uint8_t * ) pvPortMalloc( xBufferSizeBytes + sizeof( StreamBuffe
 626              		.loc 1 263 13 is_stmt 1
 263:/home/zz/quard-start/Quard-Star/trusted_domain/FreeRTOS-Kernel/stream_buffer.c ****             pucAllocatedMemory = ( uint8_t * ) pvPortMalloc( xBufferSizeBytes + sizeof( StreamBuffe
 627              		.loc 1 263 29 is_stmt 0
 628 0038 93091500 		addi	s3,a0,1
 629              	.LVL78:
 264:/home/zz/quard-start/Quard-Star/trusted_domain/FreeRTOS-Kernel/stream_buffer.c ****         }
 630              		.loc 1 264 13 is_stmt 1
 264:/home/zz/quard-start/Quard-Star/trusted_domain/FreeRTOS-Kernel/stream_buffer.c ****         }
 631              		.loc 1 264 48 is_stmt 0
 632 003c 13059504 		addi	a0,a0,73
 633 0040 97000000 		call	pvPortMalloc
 633      E7800000 
 634              	.LVL79:
 635 0048 93040500 		mv	s1,a0
 636              	.LVL80:
 272:/home/zz/quard-start/Quard-Star/trusted_domain/FreeRTOS-Kernel/stream_buffer.c ****         {
 637              		.loc 1 272 9 is_stmt 1
 272:/home/zz/quard-start/Quard-Star/trusted_domain/FreeRTOS-Kernel/stream_buffer.c ****         {
 638              		.loc 1 272 11 is_stmt 0
 639 004c 63060502 		beq	a0,zero,.L33
 274:/home/zz/quard-start/Quard-Star/trusted_domain/FreeRTOS-Kernel/stream_buffer.c ****                                           pucAllocatedMemory + sizeof( StreamBuffer_t ), /* Storage
GAS LISTING /tmp/ccHKNjJ2.s 			page 37


 640              		.loc 1 274 13 is_stmt 1
 641 0050 13070900 		mv	a4,s2
 642 0054 93060400 		mv	a3,s0
 643 0058 13860900 		mv	a2,s3
 644 005c 93058504 		addi	a1,a0,72
 645 0060 97000000 		call	prvInitialiseNewStreamBuffer
 645      E7800000 
 646              	.LVL81:
 280:/home/zz/quard-start/Quard-Star/trusted_domain/FreeRTOS-Kernel/stream_buffer.c ****         }
 647              		.loc 1 280 103
 648 0068 6F000001 		j	.L33
 649              	.LVL82:
 650              	.L41:
 234:/home/zz/quard-start/Quard-Star/trusted_domain/FreeRTOS-Kernel/stream_buffer.c ****             configASSERT( xBufferSizeBytes > sbBYTES_TO_STORE_MESSAGE_LENGTH );
 651              		.loc 1 234 21 is_stmt 0
 652 006c 13091000 		li	s2,1
 653 0070 6FF09FFB 		j	.L34
 654              	.LVL83:
 655              	.L39:
 268:/home/zz/quard-start/Quard-Star/trusted_domain/FreeRTOS-Kernel/stream_buffer.c ****         }
 656              		.loc 1 268 32
 657 0074 93040000 		li	s1,0
 658              	.LVL84:
 284:/home/zz/quard-start/Quard-Star/trusted_domain/FreeRTOS-Kernel/stream_buffer.c ****         }
 659              		.loc 1 284 65 is_stmt 1
 287:/home/zz/quard-start/Quard-Star/trusted_domain/FreeRTOS-Kernel/stream_buffer.c ****     }
 660              		.loc 1 287 9
 661              	.L33:
 288:/home/zz/quard-start/Quard-Star/trusted_domain/FreeRTOS-Kernel/stream_buffer.c **** 
 662              		.loc 1 288 5 is_stmt 0
 663 0078 13850400 		mv	a0,s1
 664 007c 83308102 		ld	ra,40(sp)
 665              		.cfi_restore 1
 666 0080 03340102 		ld	s0,32(sp)
 667              		.cfi_restore 8
 668              	.LVL85:
 669 0084 83348101 		ld	s1,24(sp)
 670              		.cfi_restore 9
 671 0088 03390101 		ld	s2,16(sp)
 672              		.cfi_restore 18
 673              	.LVL86:
 674 008c 83398100 		ld	s3,8(sp)
 675              		.cfi_restore 19
 676 0090 13010103 		addi	sp,sp,48
 677              	.LCFI15:
 678              		.cfi_def_cfa_offset 0
 679 0094 67800000 		jr	ra
 680              		.cfi_endproc
 681              	.LFE2:
 683              		.section	.text.vStreamBufferDelete,"ax",@progbits
 684              		.align	2
 685              		.globl	vStreamBufferDelete
 687              	vStreamBufferDelete:
 688              	.LFB3:
 372:/home/zz/quard-start/Quard-Star/trusted_domain/FreeRTOS-Kernel/stream_buffer.c ****     StreamBuffer_t * pxStreamBuffer = xStreamBuffer;
 689              		.loc 1 372 1 is_stmt 1
 690              		.cfi_startproc
GAS LISTING /tmp/ccHKNjJ2.s 			page 38


 691              	.LVL87:
 692 0000 130101FF 		addi	sp,sp,-16
 693              	.LCFI16:
 694              		.cfi_def_cfa_offset 16
 695 0004 23341100 		sd	ra,8(sp)
 696              		.cfi_offset 1, -8
 373:/home/zz/quard-start/Quard-Star/trusted_domain/FreeRTOS-Kernel/stream_buffer.c **** 
 697              		.loc 1 373 5
 698              	.LVL88:
 375:/home/zz/quard-start/Quard-Star/trusted_domain/FreeRTOS-Kernel/stream_buffer.c **** 
 699              		.loc 1 375 35
 377:/home/zz/quard-start/Quard-Star/trusted_domain/FreeRTOS-Kernel/stream_buffer.c **** 
 700              		.loc 1 377 47
 379:/home/zz/quard-start/Quard-Star/trusted_domain/FreeRTOS-Kernel/stream_buffer.c ****     {
 701              		.loc 1 379 5
 379:/home/zz/quard-start/Quard-Star/trusted_domain/FreeRTOS-Kernel/stream_buffer.c ****     {
 702              		.loc 1 379 25 is_stmt 0
 703 0008 83478503 		lbu	a5,56(a0)
 379:/home/zz/quard-start/Quard-Star/trusted_domain/FreeRTOS-Kernel/stream_buffer.c ****     {
 704              		.loc 1 379 7
 705 000c 93F72700 		andi	a5,a5,2
 706 0010 639C0700 		bne	a5,zero,.L43
 385:/home/zz/quard-start/Quard-Star/trusted_domain/FreeRTOS-Kernel/stream_buffer.c ****             }
 707              		.loc 1 385 17 is_stmt 1
 708 0014 97000000 		call	vPortFree
 708      E7800000 
 709              	.LVL89:
 710              	.L42:
 401:/home/zz/quard-start/Quard-Star/trusted_domain/FreeRTOS-Kernel/stream_buffer.c **** /*-----------------------------------------------------------*/
 711              		.loc 1 401 1 is_stmt 0
 712 001c 83308100 		ld	ra,8(sp)
 713              		.cfi_remember_state
 714              		.cfi_restore 1
 715 0020 13010101 		addi	sp,sp,16
 716              	.LCFI17:
 717              		.cfi_def_cfa_offset 0
 718 0024 67800000 		jr	ra
 719              	.LVL90:
 720              	.L43:
 721              	.LCFI18:
 722              		.cfi_restore_state
 399:/home/zz/quard-start/Quard-Star/trusted_domain/FreeRTOS-Kernel/stream_buffer.c ****     }
 723              		.loc 1 399 9 is_stmt 1
 399:/home/zz/quard-start/Quard-Star/trusted_domain/FreeRTOS-Kernel/stream_buffer.c ****     }
 724              		.loc 1 399 18 is_stmt 0
 725 0028 13068004 		li	a2,72
 726 002c 93050000 		li	a1,0
 727 0030 97000000 		call	memset
 727      E7800000 
 728              	.LVL91:
 401:/home/zz/quard-start/Quard-Star/trusted_domain/FreeRTOS-Kernel/stream_buffer.c **** /*-----------------------------------------------------------*/
 729              		.loc 1 401 1
 730 0038 6FF05FFE 		j	.L42
 731              		.cfi_endproc
 732              	.LFE3:
 734              		.section	.text.xStreamBufferReset,"ax",@progbits
 735              		.align	2
GAS LISTING /tmp/ccHKNjJ2.s 			page 39


 736              		.globl	xStreamBufferReset
 738              	xStreamBufferReset:
 739              	.LFB4:
 405:/home/zz/quard-start/Quard-Star/trusted_domain/FreeRTOS-Kernel/stream_buffer.c ****     StreamBuffer_t * const pxStreamBuffer = xStreamBuffer;
 740              		.loc 1 405 1 is_stmt 1
 741              		.cfi_startproc
 742              	.LVL92:
 743 0000 130101FE 		addi	sp,sp,-32
 744              	.LCFI19:
 745              		.cfi_def_cfa_offset 32
 746 0004 233C1100 		sd	ra,24(sp)
 747 0008 23388100 		sd	s0,16(sp)
 748 000c 23349100 		sd	s1,8(sp)
 749              		.cfi_offset 1, -8
 750              		.cfi_offset 8, -16
 751              		.cfi_offset 9, -24
 752 0010 13040500 		mv	s0,a0
 406:/home/zz/quard-start/Quard-Star/trusted_domain/FreeRTOS-Kernel/stream_buffer.c ****     BaseType_t xReturn = pdFAIL;
 753              		.loc 1 406 5
 754              	.LVL93:
 407:/home/zz/quard-start/Quard-Star/trusted_domain/FreeRTOS-Kernel/stream_buffer.c **** 
 755              		.loc 1 407 5
 410:/home/zz/quard-start/Quard-Star/trusted_domain/FreeRTOS-Kernel/stream_buffer.c ****     #endif
 756              		.loc 1 410 9
 413:/home/zz/quard-start/Quard-Star/trusted_domain/FreeRTOS-Kernel/stream_buffer.c **** 
 757              		.loc 1 413 35
 419:/home/zz/quard-start/Quard-Star/trusted_domain/FreeRTOS-Kernel/stream_buffer.c ****         }
 758              		.loc 1 419 13
 419:/home/zz/quard-start/Quard-Star/trusted_domain/FreeRTOS-Kernel/stream_buffer.c ****         }
 759              		.loc 1 419 34 is_stmt 0
 760 0014 83340504 		ld	s1,64(a0)
 761              	.LVL94:
 424:/home/zz/quard-start/Quard-Star/trusted_domain/FreeRTOS-Kernel/stream_buffer.c ****     {
 762              		.loc 1 424 5 is_stmt 1
 763 0018 97000000 		call	vTaskEnterCritical
 763      E7800000 
 764              	.LVL95:
 426:/home/zz/quard-start/Quard-Star/trusted_domain/FreeRTOS-Kernel/stream_buffer.c ****         {
 765              		.loc 1 426 9
 426:/home/zz/quard-start/Quard-Star/trusted_domain/FreeRTOS-Kernel/stream_buffer.c ****         {
 766              		.loc 1 426 27 is_stmt 0
 767 0020 83370402 		ld	a5,32(s0)
 426:/home/zz/quard-start/Quard-Star/trusted_domain/FreeRTOS-Kernel/stream_buffer.c ****         {
 768              		.loc 1 426 11
 769 0024 63840702 		beq	a5,zero,.L51
 407:/home/zz/quard-start/Quard-Star/trusted_domain/FreeRTOS-Kernel/stream_buffer.c **** 
 770              		.loc 1 407 16
 771 0028 13040000 		li	s0,0
 772              	.LVL96:
 773              	.L47:
 443:/home/zz/quard-start/Quard-Star/trusted_domain/FreeRTOS-Kernel/stream_buffer.c ****             }
 774              		.loc 1 443 58 is_stmt 1
 447:/home/zz/quard-start/Quard-Star/trusted_domain/FreeRTOS-Kernel/stream_buffer.c **** 
 775              		.loc 1 447 5
 776 002c 97000000 		call	vTaskExitCritical
 776      E7800000 
 777              	.LVL97:
GAS LISTING /tmp/ccHKNjJ2.s 			page 40


 449:/home/zz/quard-start/Quard-Star/trusted_domain/FreeRTOS-Kernel/stream_buffer.c **** }
 778              		.loc 1 449 5
 450:/home/zz/quard-start/Quard-Star/trusted_domain/FreeRTOS-Kernel/stream_buffer.c **** /*-----------------------------------------------------------*/
 779              		.loc 1 450 1 is_stmt 0
 780 0034 13050400 		mv	a0,s0
 781 0038 83308101 		ld	ra,24(sp)
 782              		.cfi_remember_state
 783              		.cfi_restore 1
 784 003c 03340101 		ld	s0,16(sp)
 785              		.cfi_restore 8
 786              	.LVL98:
 787 0040 83348100 		ld	s1,8(sp)
 788              		.cfi_restore 9
 789              	.LVL99:
 790 0044 13010102 		addi	sp,sp,32
 791              	.LCFI20:
 792              		.cfi_def_cfa_offset 0
 793 0048 67800000 		jr	ra
 794              	.LVL100:
 795              	.L51:
 796              	.LCFI21:
 797              		.cfi_restore_state
 428:/home/zz/quard-start/Quard-Star/trusted_domain/FreeRTOS-Kernel/stream_buffer.c ****             {
 798              		.loc 1 428 13 is_stmt 1
 428:/home/zz/quard-start/Quard-Star/trusted_domain/FreeRTOS-Kernel/stream_buffer.c ****             {
 799              		.loc 1 428 31 is_stmt 0
 800 004c 83378402 		ld	a5,40(s0)
 428:/home/zz/quard-start/Quard-Star/trusted_domain/FreeRTOS-Kernel/stream_buffer.c ****             {
 801              		.loc 1 428 15
 802 0050 63860700 		beq	a5,zero,.L52
 407:/home/zz/quard-start/Quard-Star/trusted_domain/FreeRTOS-Kernel/stream_buffer.c **** 
 803              		.loc 1 407 16
 804 0054 13040000 		li	s0,0
 805              	.LVL101:
 806 0058 6FF05FFD 		j	.L47
 807              	.LVL102:
 808              	.L52:
 430:/home/zz/quard-start/Quard-Star/trusted_domain/FreeRTOS-Kernel/stream_buffer.c ****                                               pxStreamBuffer->pucBuffer,
 809              		.loc 1 430 17 is_stmt 1
 810 005c 03478403 		lbu	a4,56(s0)
 811 0060 83368401 		ld	a3,24(s0)
 812 0064 03360401 		ld	a2,16(s0)
 813 0068 83350403 		ld	a1,48(s0)
 814 006c 13050400 		mv	a0,s0
 815 0070 97000000 		call	prvInitialiseNewStreamBuffer
 815      E7800000 
 816              	.LVL103:
 435:/home/zz/quard-start/Quard-Star/trusted_domain/FreeRTOS-Kernel/stream_buffer.c **** 
 817              		.loc 1 435 17
 439:/home/zz/quard-start/Quard-Star/trusted_domain/FreeRTOS-Kernel/stream_buffer.c ****                     }
 818              		.loc 1 439 25
 439:/home/zz/quard-start/Quard-Star/trusted_domain/FreeRTOS-Kernel/stream_buffer.c ****                     }
 819              		.loc 1 439 62 is_stmt 0
 820 0078 23309404 		sd	s1,64(s0)
 435:/home/zz/quard-start/Quard-Star/trusted_domain/FreeRTOS-Kernel/stream_buffer.c **** 
 821              		.loc 1 435 25
 822 007c 13041000 		li	s0,1
GAS LISTING /tmp/ccHKNjJ2.s 			page 41


 823              	.LVL104:
 824 0080 6FF0DFFA 		j	.L47
 825              		.cfi_endproc
 826              	.LFE4:
 828              		.section	.text.xStreamBufferSetTriggerLevel,"ax",@progbits
 829              		.align	2
 830              		.globl	xStreamBufferSetTriggerLevel
 832              	xStreamBufferSetTriggerLevel:
 833              	.LFB5:
 455:/home/zz/quard-start/Quard-Star/trusted_domain/FreeRTOS-Kernel/stream_buffer.c ****     StreamBuffer_t * const pxStreamBuffer = xStreamBuffer;
 834              		.loc 1 455 1 is_stmt 1
 835              		.cfi_startproc
 836              	.LVL105:
 456:/home/zz/quard-start/Quard-Star/trusted_domain/FreeRTOS-Kernel/stream_buffer.c ****     BaseType_t xReturn;
 837              		.loc 1 456 5
 457:/home/zz/quard-start/Quard-Star/trusted_domain/FreeRTOS-Kernel/stream_buffer.c **** 
 838              		.loc 1 457 5
 459:/home/zz/quard-start/Quard-Star/trusted_domain/FreeRTOS-Kernel/stream_buffer.c **** 
 839              		.loc 1 459 35
 462:/home/zz/quard-start/Quard-Star/trusted_domain/FreeRTOS-Kernel/stream_buffer.c ****     {
 840              		.loc 1 462 5
 462:/home/zz/quard-start/Quard-Star/trusted_domain/FreeRTOS-Kernel/stream_buffer.c ****     {
 841              		.loc 1 462 7 is_stmt 0
 842 0000 63940500 		bne	a1,zero,.L54
 464:/home/zz/quard-start/Quard-Star/trusted_domain/FreeRTOS-Kernel/stream_buffer.c ****     }
 843              		.loc 1 464 23
 844 0004 93051000 		li	a1,1
 845              	.LVL106:
 846              	.L54:
 469:/home/zz/quard-start/Quard-Star/trusted_domain/FreeRTOS-Kernel/stream_buffer.c ****     {
 847              		.loc 1 469 5 is_stmt 1
 469:/home/zz/quard-start/Quard-Star/trusted_domain/FreeRTOS-Kernel/stream_buffer.c ****     {
 848              		.loc 1 469 40 is_stmt 0
 849 0008 83370501 		ld	a5,16(a0)
 469:/home/zz/quard-start/Quard-Star/trusted_domain/FreeRTOS-Kernel/stream_buffer.c ****     {
 850              		.loc 1 469 7
 851 000c 63E8B700 		bltu	a5,a1,.L57
 471:/home/zz/quard-start/Quard-Star/trusted_domain/FreeRTOS-Kernel/stream_buffer.c ****         xReturn = pdPASS;
 852              		.loc 1 471 9 is_stmt 1
 471:/home/zz/quard-start/Quard-Star/trusted_domain/FreeRTOS-Kernel/stream_buffer.c ****         xReturn = pdPASS;
 853              		.loc 1 471 44 is_stmt 0
 854 0010 233CB500 		sd	a1,24(a0)
 472:/home/zz/quard-start/Quard-Star/trusted_domain/FreeRTOS-Kernel/stream_buffer.c ****     }
 855              		.loc 1 472 9 is_stmt 1
 856              	.LVL107:
 472:/home/zz/quard-start/Quard-Star/trusted_domain/FreeRTOS-Kernel/stream_buffer.c ****     }
 857              		.loc 1 472 17 is_stmt 0
 858 0014 13051000 		li	a0,1
 859              	.LVL108:
 860 0018 67800000 		ret
 861              	.LVL109:
 862              	.L57:
 476:/home/zz/quard-start/Quard-Star/trusted_domain/FreeRTOS-Kernel/stream_buffer.c ****     }
 863              		.loc 1 476 17
 864 001c 13050000 		li	a0,0
 865              	.LVL110:
 479:/home/zz/quard-start/Quard-Star/trusted_domain/FreeRTOS-Kernel/stream_buffer.c **** }
GAS LISTING /tmp/ccHKNjJ2.s 			page 42


 866              		.loc 1 479 5 is_stmt 1
 480:/home/zz/quard-start/Quard-Star/trusted_domain/FreeRTOS-Kernel/stream_buffer.c **** /*-----------------------------------------------------------*/
 867              		.loc 1 480 1 is_stmt 0
 868 0020 67800000 		ret
 869              		.cfi_endproc
 870              	.LFE5:
 872              		.section	.text.xStreamBufferSpacesAvailable,"ax",@progbits
 873              		.align	2
 874              		.globl	xStreamBufferSpacesAvailable
 876              	xStreamBufferSpacesAvailable:
 877              	.LFB6:
 484:/home/zz/quard-start/Quard-Star/trusted_domain/FreeRTOS-Kernel/stream_buffer.c ****     const StreamBuffer_t * const pxStreamBuffer = xStreamBuffer;
 878              		.loc 1 484 1 is_stmt 1
 879              		.cfi_startproc
 880              	.LVL111:
 485:/home/zz/quard-start/Quard-Star/trusted_domain/FreeRTOS-Kernel/stream_buffer.c ****     size_t xSpace;
 881              		.loc 1 485 5
 486:/home/zz/quard-start/Quard-Star/trusted_domain/FreeRTOS-Kernel/stream_buffer.c **** 
 882              		.loc 1 486 5
 488:/home/zz/quard-start/Quard-Star/trusted_domain/FreeRTOS-Kernel/stream_buffer.c **** 
 883              		.loc 1 488 35
 490:/home/zz/quard-start/Quard-Star/trusted_domain/FreeRTOS-Kernel/stream_buffer.c ****     xSpace -= pxStreamBuffer->xHead;
 884              		.loc 1 490 5
 490:/home/zz/quard-start/Quard-Star/trusted_domain/FreeRTOS-Kernel/stream_buffer.c ****     xSpace -= pxStreamBuffer->xHead;
 885              		.loc 1 490 28 is_stmt 0
 886 0000 03370501 		ld	a4,16(a0)
 490:/home/zz/quard-start/Quard-Star/trusted_domain/FreeRTOS-Kernel/stream_buffer.c ****     xSpace -= pxStreamBuffer->xHead;
 887              		.loc 1 490 54
 888 0004 83370500 		ld	a5,0(a0)
 490:/home/zz/quard-start/Quard-Star/trusted_domain/FreeRTOS-Kernel/stream_buffer.c ****     xSpace -= pxStreamBuffer->xHead;
 889              		.loc 1 490 12
 890 0008 B307F700 		add	a5,a4,a5
 891              	.LVL112:
 491:/home/zz/quard-start/Quard-Star/trusted_domain/FreeRTOS-Kernel/stream_buffer.c ****     xSpace -= ( size_t ) 1;
 892              		.loc 1 491 5 is_stmt 1
 491:/home/zz/quard-start/Quard-Star/trusted_domain/FreeRTOS-Kernel/stream_buffer.c ****     xSpace -= ( size_t ) 1;
 893              		.loc 1 491 29 is_stmt 0
 894 000c 83368500 		ld	a3,8(a0)
 491:/home/zz/quard-start/Quard-Star/trusted_domain/FreeRTOS-Kernel/stream_buffer.c ****     xSpace -= ( size_t ) 1;
 895              		.loc 1 491 12
 896 0010 3385D740 		sub	a0,a5,a3
 897              	.LVL113:
 492:/home/zz/quard-start/Quard-Star/trusted_domain/FreeRTOS-Kernel/stream_buffer.c **** 
 898              		.loc 1 492 5 is_stmt 1
 492:/home/zz/quard-start/Quard-Star/trusted_domain/FreeRTOS-Kernel/stream_buffer.c **** 
 899              		.loc 1 492 12 is_stmt 0
 900 0014 1305F5FF 		addi	a0,a0,-1
 901              	.LVL114:
 494:/home/zz/quard-start/Quard-Star/trusted_domain/FreeRTOS-Kernel/stream_buffer.c ****     {
 902              		.loc 1 494 5 is_stmt 1
 494:/home/zz/quard-start/Quard-Star/trusted_domain/FreeRTOS-Kernel/stream_buffer.c ****     {
 903              		.loc 1 494 7 is_stmt 0
 904 0018 6364E500 		bgtu	a4,a0,.L58
 496:/home/zz/quard-start/Quard-Star/trusted_domain/FreeRTOS-Kernel/stream_buffer.c ****     }
 905              		.loc 1 496 9 is_stmt 1
 496:/home/zz/quard-start/Quard-Star/trusted_domain/FreeRTOS-Kernel/stream_buffer.c ****     }
 906              		.loc 1 496 16 is_stmt 0
GAS LISTING /tmp/ccHKNjJ2.s 			page 43


 907 001c 3305E540 		sub	a0,a0,a4
 908              	.LVL115:
 500:/home/zz/quard-start/Quard-Star/trusted_domain/FreeRTOS-Kernel/stream_buffer.c ****     }
 909              		.loc 1 500 33 is_stmt 1
 503:/home/zz/quard-start/Quard-Star/trusted_domain/FreeRTOS-Kernel/stream_buffer.c **** }
 910              		.loc 1 503 5
 911              	.L58:
 504:/home/zz/quard-start/Quard-Star/trusted_domain/FreeRTOS-Kernel/stream_buffer.c **** /*-----------------------------------------------------------*/
 912              		.loc 1 504 1 is_stmt 0
 913 0020 67800000 		ret
 914              		.cfi_endproc
 915              	.LFE6:
 917              		.section	.text.xStreamBufferBytesAvailable,"ax",@progbits
 918              		.align	2
 919              		.globl	xStreamBufferBytesAvailable
 921              	xStreamBufferBytesAvailable:
 922              	.LFB7:
 508:/home/zz/quard-start/Quard-Star/trusted_domain/FreeRTOS-Kernel/stream_buffer.c ****     const StreamBuffer_t * const pxStreamBuffer = xStreamBuffer;
 923              		.loc 1 508 1 is_stmt 1
 924              		.cfi_startproc
 925              	.LVL116:
 926 0000 130101FF 		addi	sp,sp,-16
 927              	.LCFI22:
 928              		.cfi_def_cfa_offset 16
 929 0004 23341100 		sd	ra,8(sp)
 930              		.cfi_offset 1, -8
 509:/home/zz/quard-start/Quard-Star/trusted_domain/FreeRTOS-Kernel/stream_buffer.c ****     size_t xReturn;
 931              		.loc 1 509 5
 932              	.LVL117:
 510:/home/zz/quard-start/Quard-Star/trusted_domain/FreeRTOS-Kernel/stream_buffer.c **** 
 933              		.loc 1 510 5
 512:/home/zz/quard-start/Quard-Star/trusted_domain/FreeRTOS-Kernel/stream_buffer.c **** 
 934              		.loc 1 512 35
 514:/home/zz/quard-start/Quard-Star/trusted_domain/FreeRTOS-Kernel/stream_buffer.c ****     return xReturn;
 935              		.loc 1 514 5
 514:/home/zz/quard-start/Quard-Star/trusted_domain/FreeRTOS-Kernel/stream_buffer.c ****     return xReturn;
 936              		.loc 1 514 15 is_stmt 0
 937 0008 97000000 		call	prvBytesInBuffer
 937      E7800000 
 938              	.LVL118:
 515:/home/zz/quard-start/Quard-Star/trusted_domain/FreeRTOS-Kernel/stream_buffer.c **** }
 939              		.loc 1 515 5 is_stmt 1
 516:/home/zz/quard-start/Quard-Star/trusted_domain/FreeRTOS-Kernel/stream_buffer.c **** /*-----------------------------------------------------------*/
 940              		.loc 1 516 1 is_stmt 0
 941 0010 83308100 		ld	ra,8(sp)
 942              		.cfi_restore 1
 943 0014 13010101 		addi	sp,sp,16
 944              	.LCFI23:
 945              		.cfi_def_cfa_offset 0
 946 0018 67800000 		jr	ra
 947              		.cfi_endproc
 948              	.LFE7:
 950              		.section	.text.xStreamBufferSend,"ax",@progbits
 951              		.align	2
 952              		.globl	xStreamBufferSend
 954              	xStreamBufferSend:
 955              	.LFB8:
GAS LISTING /tmp/ccHKNjJ2.s 			page 44


 523:/home/zz/quard-start/Quard-Star/trusted_domain/FreeRTOS-Kernel/stream_buffer.c ****     StreamBuffer_t * const pxStreamBuffer = xStreamBuffer;
 956              		.loc 1 523 1 is_stmt 1
 957              		.cfi_startproc
 958              	.LVL119:
 959 0000 130101FB 		addi	sp,sp,-80
 960              	.LCFI24:
 961              		.cfi_def_cfa_offset 80
 962 0004 23341104 		sd	ra,72(sp)
 963 0008 23308104 		sd	s0,64(sp)
 964 000c 233C9102 		sd	s1,56(sp)
 965 0010 23382103 		sd	s2,48(sp)
 966 0014 23343103 		sd	s3,40(sp)
 967 0018 23304103 		sd	s4,32(sp)
 968              		.cfi_offset 1, -8
 969              		.cfi_offset 8, -16
 970              		.cfi_offset 9, -24
 971              		.cfi_offset 18, -32
 972              		.cfi_offset 19, -40
 973              		.cfi_offset 20, -48
 974 001c 93040500 		mv	s1,a0
 975 0020 138A0500 		mv	s4,a1
 976 0024 93090600 		mv	s3,a2
 977 0028 2334D100 		sd	a3,8(sp)
 524:/home/zz/quard-start/Quard-Star/trusted_domain/FreeRTOS-Kernel/stream_buffer.c ****     size_t xReturn, xSpace = 0;
 978              		.loc 1 524 5
 979              	.LVL120:
 525:/home/zz/quard-start/Quard-Star/trusted_domain/FreeRTOS-Kernel/stream_buffer.c ****     size_t xRequiredSpace = xDataLengthBytes;
 980              		.loc 1 525 5
 526:/home/zz/quard-start/Quard-Star/trusted_domain/FreeRTOS-Kernel/stream_buffer.c ****     TimeOut_t xTimeOut;
 981              		.loc 1 526 5
 527:/home/zz/quard-start/Quard-Star/trusted_domain/FreeRTOS-Kernel/stream_buffer.c **** 
 982              		.loc 1 527 5
 531:/home/zz/quard-start/Quard-Star/trusted_domain/FreeRTOS-Kernel/stream_buffer.c **** 
 983              		.loc 1 531 5
 531:/home/zz/quard-start/Quard-Star/trusted_domain/FreeRTOS-Kernel/stream_buffer.c **** 
 984              		.loc 1 531 52 is_stmt 0
 985 002c 83370501 		ld	a5,16(a0)
 531:/home/zz/quard-start/Quard-Star/trusted_domain/FreeRTOS-Kernel/stream_buffer.c **** 
 986              		.loc 1 531 18
 987 0030 9387F7FF 		addi	a5,a5,-1
 988              	.LVL121:
 533:/home/zz/quard-start/Quard-Star/trusted_domain/FreeRTOS-Kernel/stream_buffer.c ****     configASSERT( pxStreamBuffer );
 989              		.loc 1 533 29 is_stmt 1
 534:/home/zz/quard-start/Quard-Star/trusted_domain/FreeRTOS-Kernel/stream_buffer.c **** 
 990              		.loc 1 534 35
 540:/home/zz/quard-start/Quard-Star/trusted_domain/FreeRTOS-Kernel/stream_buffer.c ****     {
 991              		.loc 1 540 5
 540:/home/zz/quard-start/Quard-Star/trusted_domain/FreeRTOS-Kernel/stream_buffer.c ****     {
 992              		.loc 1 540 25 is_stmt 0
 993 0034 03478503 		lbu	a4,56(a0)
 540:/home/zz/quard-start/Quard-Star/trusted_domain/FreeRTOS-Kernel/stream_buffer.c ****     {
 994              		.loc 1 540 7
 995 0038 13771700 		andi	a4,a4,1
 996 003c 630E0708 		beq	a4,zero,.L63
 542:/home/zz/quard-start/Quard-Star/trusted_domain/FreeRTOS-Kernel/stream_buffer.c **** 
 997              		.loc 1 542 9 is_stmt 1
 542:/home/zz/quard-start/Quard-Star/trusted_domain/FreeRTOS-Kernel/stream_buffer.c **** 
GAS LISTING /tmp/ccHKNjJ2.s 			page 45


 998              		.loc 1 542 24 is_stmt 0
 999 0040 13098600 		addi	s2,a2,8
 1000              	.LVL122:
 545:/home/zz/quard-start/Quard-Star/trusted_domain/FreeRTOS-Kernel/stream_buffer.c **** 
 1001              		.loc 1 545 58 is_stmt 1
 549:/home/zz/quard-start/Quard-Star/trusted_domain/FreeRTOS-Kernel/stream_buffer.c ****         {
 1002              		.loc 1 549 9
 549:/home/zz/quard-start/Quard-Star/trusted_domain/FreeRTOS-Kernel/stream_buffer.c ****         {
 1003              		.loc 1 549 11 is_stmt 0
 1004 0044 63F42701 		bgeu	a5,s2,.L64
 553:/home/zz/quard-start/Quard-Star/trusted_domain/FreeRTOS-Kernel/stream_buffer.c ****         }
 1005              		.loc 1 553 13 is_stmt 1
 553:/home/zz/quard-start/Quard-Star/trusted_domain/FreeRTOS-Kernel/stream_buffer.c ****         }
 1006              		.loc 1 553 26 is_stmt 0
 1007 0048 23340100 		sd	zero,8(sp)
 1008              	.LVL123:
 1009              	.L64:
 571:/home/zz/quard-start/Quard-Star/trusted_domain/FreeRTOS-Kernel/stream_buffer.c ****         }
 1010              		.loc 1 571 37 is_stmt 1
 575:/home/zz/quard-start/Quard-Star/trusted_domain/FreeRTOS-Kernel/stream_buffer.c ****     {
 1011              		.loc 1 575 5
 575:/home/zz/quard-start/Quard-Star/trusted_domain/FreeRTOS-Kernel/stream_buffer.c ****     {
 1012              		.loc 1 575 22 is_stmt 0
 1013 004c 83378100 		ld	a5,8(sp)
 1014              	.LVL124:
 575:/home/zz/quard-start/Quard-Star/trusted_domain/FreeRTOS-Kernel/stream_buffer.c ****     {
 1015              		.loc 1 575 7
 1016 0050 6384070A 		beq	a5,zero,.L65
 577:/home/zz/quard-start/Quard-Star/trusted_domain/FreeRTOS-Kernel/stream_buffer.c **** 
 1017              		.loc 1 577 9 is_stmt 1
 1018 0054 13050101 		addi	a0,sp,16
 1019              	.LVL125:
 1020 0058 97000000 		call	vTaskSetTimeOutState
 1020      E7800000 
 1021              	.LVL126:
 1022              	.L67:
 579:/home/zz/quard-start/Quard-Star/trusted_domain/FreeRTOS-Kernel/stream_buffer.c ****         {
 1023              		.loc 1 579 9
 583:/home/zz/quard-start/Quard-Star/trusted_domain/FreeRTOS-Kernel/stream_buffer.c ****             {
 1024              		.loc 1 583 13
 1025 0060 97000000 		call	vTaskEnterCritical
 1025      E7800000 
 1026              	.LVL127:
 585:/home/zz/quard-start/Quard-Star/trusted_domain/FreeRTOS-Kernel/stream_buffer.c **** 
 1027              		.loc 1 585 17
 585:/home/zz/quard-start/Quard-Star/trusted_domain/FreeRTOS-Kernel/stream_buffer.c **** 
 1028              		.loc 1 585 26 is_stmt 0
 1029 0068 13850400 		mv	a0,s1
 1030 006c 97000000 		call	xStreamBufferSpacesAvailable
 1030      E7800000 
 1031              	.LVL128:
 1032 0074 13040500 		mv	s0,a0
 1033              	.LVL129:
 587:/home/zz/quard-start/Quard-Star/trusted_domain/FreeRTOS-Kernel/stream_buffer.c ****                 {
 1034              		.loc 1 587 17 is_stmt 1
 587:/home/zz/quard-start/Quard-Star/trusted_domain/FreeRTOS-Kernel/stream_buffer.c ****                 {
 1035              		.loc 1 587 19 is_stmt 0
GAS LISTING /tmp/ccHKNjJ2.s 			page 46


 1036 0078 637A2507 		bleu	s2,a0,.L66
 590:/home/zz/quard-start/Quard-Star/trusted_domain/FreeRTOS-Kernel/stream_buffer.c **** 
 1037              		.loc 1 590 21 is_stmt 1
 590:/home/zz/quard-start/Quard-Star/trusted_domain/FreeRTOS-Kernel/stream_buffer.c **** 
 1038              		.loc 1 590 30 is_stmt 0
 1039 007c 93050000 		li	a1,0
 1040 0080 13050000 		li	a0,0
 1041 0084 97000000 		call	xTaskGenericNotifyStateClear
 1041      E7800000 
 1042              	.LVL130:
 593:/home/zz/quard-start/Quard-Star/trusted_domain/FreeRTOS-Kernel/stream_buffer.c ****                     pxStreamBuffer->xTaskWaitingToSend = xTaskGetCurrentTaskHandle();
 1043              		.loc 1 593 79 is_stmt 1
 594:/home/zz/quard-start/Quard-Star/trusted_domain/FreeRTOS-Kernel/stream_buffer.c ****                 }
 1044              		.loc 1 594 21
 594:/home/zz/quard-start/Quard-Star/trusted_domain/FreeRTOS-Kernel/stream_buffer.c ****                 }
 1045              		.loc 1 594 58 is_stmt 0
 1046 008c 97000000 		call	xTaskGetCurrentTaskHandle
 1046      E7800000 
 1047              	.LVL131:
 594:/home/zz/quard-start/Quard-Star/trusted_domain/FreeRTOS-Kernel/stream_buffer.c ****                 }
 1048              		.loc 1 594 56
 1049 0094 23B4A402 		sd	a0,40(s1)
 602:/home/zz/quard-start/Quard-Star/trusted_domain/FreeRTOS-Kernel/stream_buffer.c **** 
 1050              		.loc 1 602 13 is_stmt 1
 1051 0098 97000000 		call	vTaskExitCritical
 1051      E7800000 
 1052              	.LVL132:
 604:/home/zz/quard-start/Quard-Star/trusted_domain/FreeRTOS-Kernel/stream_buffer.c ****             ( void ) xTaskNotifyWait( ( uint32_t ) 0, ( uint32_t ) 0, NULL, xTicksToWait );
 1053              		.loc 1 604 65
 605:/home/zz/quard-start/Quard-Star/trusted_domain/FreeRTOS-Kernel/stream_buffer.c ****             pxStreamBuffer->xTaskWaitingToSend = NULL;
 1054              		.loc 1 605 13
 605:/home/zz/quard-start/Quard-Star/trusted_domain/FreeRTOS-Kernel/stream_buffer.c ****             pxStreamBuffer->xTaskWaitingToSend = NULL;
 1055              		.loc 1 605 22 is_stmt 0
 1056 00a0 03378100 		ld	a4,8(sp)
 1057 00a4 93060000 		li	a3,0
 1058 00a8 13060000 		li	a2,0
 1059 00ac 93050000 		li	a1,0
 1060 00b0 13050000 		li	a0,0
 1061 00b4 97000000 		call	xTaskGenericNotifyWait
 1061      E7800000 
 1062              	.LVL133:
 606:/home/zz/quard-start/Quard-Star/trusted_domain/FreeRTOS-Kernel/stream_buffer.c ****         } while( xTaskCheckForTimeOut( &xTimeOut, &xTicksToWait ) == pdFALSE );
 1063              		.loc 1 606 13 is_stmt 1
 606:/home/zz/quard-start/Quard-Star/trusted_domain/FreeRTOS-Kernel/stream_buffer.c ****         } while( xTaskCheckForTimeOut( &xTimeOut, &xTicksToWait ) == pdFALSE );
 1064              		.loc 1 606 48 is_stmt 0
 1065 00bc 23B40402 		sd	zero,40(s1)
 607:/home/zz/quard-start/Quard-Star/trusted_domain/FreeRTOS-Kernel/stream_buffer.c ****     }
 1066              		.loc 1 607 67 is_stmt 1
 607:/home/zz/quard-start/Quard-Star/trusted_domain/FreeRTOS-Kernel/stream_buffer.c ****     }
 1067              		.loc 1 607 18 is_stmt 0
 1068 00c0 93058100 		addi	a1,sp,8
 1069 00c4 13050101 		addi	a0,sp,16
 1070 00c8 97000000 		call	xTaskCheckForTimeOut
 1070      E7800000 
 1071              	.LVL134:
 607:/home/zz/quard-start/Quard-Star/trusted_domain/FreeRTOS-Kernel/stream_buffer.c ****     }
 1072              		.loc 1 607 67
GAS LISTING /tmp/ccHKNjJ2.s 			page 47


 1073 00d0 E30805F8 		beq	a0,zero,.L67
 1074 00d4 6F000002 		j	.L68
 1075              	.LVL135:
 1076              	.L63:
 565:/home/zz/quard-start/Quard-Star/trusted_domain/FreeRTOS-Kernel/stream_buffer.c ****         {
 1077              		.loc 1 565 9 is_stmt 1
 565:/home/zz/quard-start/Quard-Star/trusted_domain/FreeRTOS-Kernel/stream_buffer.c ****         {
 1078              		.loc 1 565 11 is_stmt 0
 1079 00d8 63E6C700 		bgtu	a2,a5,.L72
 526:/home/zz/quard-start/Quard-Star/trusted_domain/FreeRTOS-Kernel/stream_buffer.c ****     TimeOut_t xTimeOut;
 1080              		.loc 1 526 12
 1081 00dc 13090600 		mv	s2,a2
 1082 00e0 6FF0DFF6 		j	.L64
 1083              	.L72:
 567:/home/zz/quard-start/Quard-Star/trusted_domain/FreeRTOS-Kernel/stream_buffer.c ****         }
 1084              		.loc 1 567 28
 1085 00e4 13890700 		mv	s2,a5
 1086 00e8 6FF05FF6 		j	.L64
 1087              	.LVL136:
 1088              	.L66:
 598:/home/zz/quard-start/Quard-Star/trusted_domain/FreeRTOS-Kernel/stream_buffer.c ****                     break;
 1089              		.loc 1 598 21 is_stmt 1
 1090 00ec 97000000 		call	vTaskExitCritical
 1090      E7800000 
 1091              	.LVL137:
 599:/home/zz/quard-start/Quard-Star/trusted_domain/FreeRTOS-Kernel/stream_buffer.c ****                 }
 1092              		.loc 1 599 21
 1093              	.L68:
 611:/home/zz/quard-start/Quard-Star/trusted_domain/FreeRTOS-Kernel/stream_buffer.c ****     }
 1094              		.loc 1 611 33
 614:/home/zz/quard-start/Quard-Star/trusted_domain/FreeRTOS-Kernel/stream_buffer.c ****     {
 1095              		.loc 1 614 5
 614:/home/zz/quard-start/Quard-Star/trusted_domain/FreeRTOS-Kernel/stream_buffer.c ****     {
 1096              		.loc 1 614 7 is_stmt 0
 1097 00f4 631A0400 		bne	s0,zero,.L69
 1098              	.LVL138:
 1099              	.L65:
 616:/home/zz/quard-start/Quard-Star/trusted_domain/FreeRTOS-Kernel/stream_buffer.c ****     }
 1100              		.loc 1 616 9 is_stmt 1
 616:/home/zz/quard-start/Quard-Star/trusted_domain/FreeRTOS-Kernel/stream_buffer.c ****     }
 1101              		.loc 1 616 18 is_stmt 0
 1102 00f8 13850400 		mv	a0,s1
 1103 00fc 97000000 		call	xStreamBufferSpacesAvailable
 1103      E7800000 
 1104              	.LVL139:
 1105 0104 13040500 		mv	s0,a0
 1106              	.LVL140:
 1107              	.L69:
 620:/home/zz/quard-start/Quard-Star/trusted_domain/FreeRTOS-Kernel/stream_buffer.c ****     }
 1108              		.loc 1 620 33 is_stmt 1
 623:/home/zz/quard-start/Quard-Star/trusted_domain/FreeRTOS-Kernel/stream_buffer.c **** 
 1109              		.loc 1 623 5
 623:/home/zz/quard-start/Quard-Star/trusted_domain/FreeRTOS-Kernel/stream_buffer.c **** 
 1110              		.loc 1 623 15 is_stmt 0
 1111 0108 13070900 		mv	a4,s2
 1112 010c 93060400 		mv	a3,s0
 1113 0110 13860900 		mv	a2,s3
GAS LISTING /tmp/ccHKNjJ2.s 			page 48


 1114 0114 93050A00 		mv	a1,s4
 1115 0118 13850400 		mv	a0,s1
 1116 011c 97000000 		call	prvWriteMessageToBuffer
 1116      E7800000 
 1117              	.LVL141:
 1118 0124 13040500 		mv	s0,a0
 1119              	.LVL142:
 625:/home/zz/quard-start/Quard-Star/trusted_domain/FreeRTOS-Kernel/stream_buffer.c ****     {
 1120              		.loc 1 625 5 is_stmt 1
 625:/home/zz/quard-start/Quard-Star/trusted_domain/FreeRTOS-Kernel/stream_buffer.c ****     {
 1121              		.loc 1 625 7 is_stmt 0
 1122 0128 63140502 		bne	a0,zero,.L74
 1123              	.L62:
 646:/home/zz/quard-start/Quard-Star/trusted_domain/FreeRTOS-Kernel/stream_buffer.c **** /*-----------------------------------------------------------*/
 1124              		.loc 1 646 1
 1125 012c 13050400 		mv	a0,s0
 1126 0130 83308104 		ld	ra,72(sp)
 1127              		.cfi_remember_state
 1128              		.cfi_restore 1
 1129 0134 03340104 		ld	s0,64(sp)
 1130              		.cfi_restore 8
 1131              	.LVL143:
 1132 0138 83348103 		ld	s1,56(sp)
 1133              		.cfi_restore 9
 1134              	.LVL144:
 1135 013c 03390103 		ld	s2,48(sp)
 1136              		.cfi_restore 18
 1137              	.LVL145:
 1138 0140 83398102 		ld	s3,40(sp)
 1139              		.cfi_restore 19
 1140              	.LVL146:
 1141 0144 033A0102 		ld	s4,32(sp)
 1142              		.cfi_restore 20
 1143              	.LVL147:
 1144 0148 13010105 		addi	sp,sp,80
 1145              	.LCFI25:
 1146              		.cfi_def_cfa_offset 0
 1147 014c 67800000 		jr	ra
 1148              	.LVL148:
 1149              	.L74:
 1150              	.LCFI26:
 1151              		.cfi_restore_state
 627:/home/zz/quard-start/Quard-Star/trusted_domain/FreeRTOS-Kernel/stream_buffer.c **** 
 1152              		.loc 1 627 58 is_stmt 1
 630:/home/zz/quard-start/Quard-Star/trusted_domain/FreeRTOS-Kernel/stream_buffer.c ****         {
 1153              		.loc 1 630 9
 630:/home/zz/quard-start/Quard-Star/trusted_domain/FreeRTOS-Kernel/stream_buffer.c ****         {
 1154              		.loc 1 630 13 is_stmt 0
 1155 0150 13850400 		mv	a0,s1
 1156 0154 97000000 		call	prvBytesInBuffer
 1156      E7800000 
 1157              	.LVL149:
 630:/home/zz/quard-start/Quard-Star/trusted_domain/FreeRTOS-Kernel/stream_buffer.c ****         {
 1158              		.loc 1 630 65
 1159 015c 83B78401 		ld	a5,24(s1)
 630:/home/zz/quard-start/Quard-Star/trusted_domain/FreeRTOS-Kernel/stream_buffer.c ****         {
 1160              		.loc 1 630 11
GAS LISTING /tmp/ccHKNjJ2.s 			page 49


 1161 0160 E366F5FC 		bltu	a0,a5,.L62
 632:/home/zz/quard-start/Quard-Star/trusted_domain/FreeRTOS-Kernel/stream_buffer.c ****         }
 1162              		.loc 1 632 13 is_stmt 1
 1163 0164 97000000 		call	vTaskSuspendAll
 1163      E7800000 
 1164              	.LVL150:
 632:/home/zz/quard-start/Quard-Star/trusted_domain/FreeRTOS-Kernel/stream_buffer.c ****         }
 1165              		.loc 1 632 13
 1166 016c 83B70402 		ld	a5,32(s1)
 1167 0170 63820702 		beq	a5,zero,.L71
 632:/home/zz/quard-start/Quard-Star/trusted_domain/FreeRTOS-Kernel/stream_buffer.c ****         }
 1168              		.loc 1 632 13 discriminator 1
 1169 0174 03B50402 		ld	a0,32(s1)
 1170 0178 13070000 		li	a4,0
 1171 017c 93060000 		li	a3,0
 1172 0180 13060000 		li	a2,0
 1173 0184 93050000 		li	a1,0
 1174 0188 97000000 		call	xTaskGenericNotify
 1174      E7800000 
 1175              	.LVL151:
 632:/home/zz/quard-start/Quard-Star/trusted_domain/FreeRTOS-Kernel/stream_buffer.c ****         }
 1176              		.loc 1 632 13 discriminator 1
 1177 0190 23B00402 		sd	zero,32(s1)
 1178              	.L71:
 632:/home/zz/quard-start/Quard-Star/trusted_domain/FreeRTOS-Kernel/stream_buffer.c ****         }
 1179              		.loc 1 632 13 discriminator 3
 1180 0194 97000000 		call	xTaskResumeAll
 1180      E7800000 
 1181              	.LVL152:
 632:/home/zz/quard-start/Quard-Star/trusted_domain/FreeRTOS-Kernel/stream_buffer.c ****         }
 1182              		.loc 1 632 47 discriminator 3
 641:/home/zz/quard-start/Quard-Star/trusted_domain/FreeRTOS-Kernel/stream_buffer.c ****         traceSTREAM_BUFFER_SEND_FAILED( xStreamBuffer );
 1183              		.loc 1 641 33 discriminator 3
 642:/home/zz/quard-start/Quard-Star/trusted_domain/FreeRTOS-Kernel/stream_buffer.c ****     }
 1184              		.loc 1 642 56 discriminator 3
 645:/home/zz/quard-start/Quard-Star/trusted_domain/FreeRTOS-Kernel/stream_buffer.c **** }
 1185              		.loc 1 645 5 discriminator 3
 645:/home/zz/quard-start/Quard-Star/trusted_domain/FreeRTOS-Kernel/stream_buffer.c **** }
 1186              		.loc 1 645 12 is_stmt 0 discriminator 3
 1187 019c 6FF01FF9 		j	.L62
 1188              		.cfi_endproc
 1189              	.LFE8:
 1191              		.section	.text.xStreamBufferSendFromISR,"ax",@progbits
 1192              		.align	2
 1193              		.globl	xStreamBufferSendFromISR
 1195              	xStreamBufferSendFromISR:
 1196              	.LFB9:
 653:/home/zz/quard-start/Quard-Star/trusted_domain/FreeRTOS-Kernel/stream_buffer.c ****     StreamBuffer_t * const pxStreamBuffer = xStreamBuffer;
 1197              		.loc 1 653 1 is_stmt 1
 1198              		.cfi_startproc
 1199              	.LVL153:
 1200 0000 130101FD 		addi	sp,sp,-48
 1201              	.LCFI27:
 1202              		.cfi_def_cfa_offset 48
 1203 0004 23341102 		sd	ra,40(sp)
 1204 0008 23308102 		sd	s0,32(sp)
 1205 000c 233C9100 		sd	s1,24(sp)
GAS LISTING /tmp/ccHKNjJ2.s 			page 50


 1206 0010 23382101 		sd	s2,16(sp)
 1207 0014 23343101 		sd	s3,8(sp)
 1208 0018 23304101 		sd	s4,0(sp)
 1209              		.cfi_offset 1, -8
 1210              		.cfi_offset 8, -16
 1211              		.cfi_offset 9, -24
 1212              		.cfi_offset 18, -32
 1213              		.cfi_offset 19, -40
 1214              		.cfi_offset 20, -48
 1215 001c 13040500 		mv	s0,a0
 1216 0020 13890500 		mv	s2,a1
 1217 0024 93040600 		mv	s1,a2
 1218 0028 138A0600 		mv	s4,a3
 654:/home/zz/quard-start/Quard-Star/trusted_domain/FreeRTOS-Kernel/stream_buffer.c ****     size_t xReturn, xSpace;
 1219              		.loc 1 654 5
 1220              	.LVL154:
 655:/home/zz/quard-start/Quard-Star/trusted_domain/FreeRTOS-Kernel/stream_buffer.c ****     size_t xRequiredSpace = xDataLengthBytes;
 1221              		.loc 1 655 5
 656:/home/zz/quard-start/Quard-Star/trusted_domain/FreeRTOS-Kernel/stream_buffer.c **** 
 1222              		.loc 1 656 5
 658:/home/zz/quard-start/Quard-Star/trusted_domain/FreeRTOS-Kernel/stream_buffer.c ****     configASSERT( pxStreamBuffer );
 1223              		.loc 1 658 29
 659:/home/zz/quard-start/Quard-Star/trusted_domain/FreeRTOS-Kernel/stream_buffer.c **** 
 1224              		.loc 1 659 35
 665:/home/zz/quard-start/Quard-Star/trusted_domain/FreeRTOS-Kernel/stream_buffer.c ****     {
 1225              		.loc 1 665 5
 665:/home/zz/quard-start/Quard-Star/trusted_domain/FreeRTOS-Kernel/stream_buffer.c ****     {
 1226              		.loc 1 665 25 is_stmt 0
 1227 002c 03478503 		lbu	a4,56(a0)
 665:/home/zz/quard-start/Quard-Star/trusted_domain/FreeRTOS-Kernel/stream_buffer.c ****     {
 1228              		.loc 1 665 7
 1229 0030 13771700 		andi	a4,a4,1
 1230 0034 630E0704 		beq	a4,zero,.L78
 667:/home/zz/quard-start/Quard-Star/trusted_domain/FreeRTOS-Kernel/stream_buffer.c ****     }
 1231              		.loc 1 667 9 is_stmt 1
 667:/home/zz/quard-start/Quard-Star/trusted_domain/FreeRTOS-Kernel/stream_buffer.c ****     }
 1232              		.loc 1 667 24 is_stmt 0
 1233 0038 93098600 		addi	s3,a2,8
 1234              	.LVL155:
 1235              	.L76:
 671:/home/zz/quard-start/Quard-Star/trusted_domain/FreeRTOS-Kernel/stream_buffer.c ****     }
 1236              		.loc 1 671 33 is_stmt 1
 674:/home/zz/quard-start/Quard-Star/trusted_domain/FreeRTOS-Kernel/stream_buffer.c ****     xReturn = prvWriteMessageToBuffer( pxStreamBuffer, pvTxData, xDataLengthBytes, xSpace, xRequire
 1237              		.loc 1 674 5
 674:/home/zz/quard-start/Quard-Star/trusted_domain/FreeRTOS-Kernel/stream_buffer.c ****     xReturn = prvWriteMessageToBuffer( pxStreamBuffer, pvTxData, xDataLengthBytes, xSpace, xRequire
 1238              		.loc 1 674 14 is_stmt 0
 1239 003c 13050400 		mv	a0,s0
 1240              	.LVL156:
 1241 0040 97000000 		call	xStreamBufferSpacesAvailable
 1241      E7800000 
 1242              	.LVL157:
 675:/home/zz/quard-start/Quard-Star/trusted_domain/FreeRTOS-Kernel/stream_buffer.c **** 
 1243              		.loc 1 675 5 is_stmt 1
 675:/home/zz/quard-start/Quard-Star/trusted_domain/FreeRTOS-Kernel/stream_buffer.c **** 
 1244              		.loc 1 675 15 is_stmt 0
 1245 0048 13870900 		mv	a4,s3
 1246 004c 93060500 		mv	a3,a0
GAS LISTING /tmp/ccHKNjJ2.s 			page 51


 1247 0050 13860400 		mv	a2,s1
 1248 0054 93050900 		mv	a1,s2
 1249 0058 13050400 		mv	a0,s0
 1250              	.LVL158:
 1251 005c 97000000 		call	prvWriteMessageToBuffer
 1251      E7800000 
 1252              	.LVL159:
 1253 0064 93040500 		mv	s1,a0
 1254              	.LVL160:
 677:/home/zz/quard-start/Quard-Star/trusted_domain/FreeRTOS-Kernel/stream_buffer.c ****     {
 1255              		.loc 1 677 5 is_stmt 1
 677:/home/zz/quard-start/Quard-Star/trusted_domain/FreeRTOS-Kernel/stream_buffer.c ****     {
 1256              		.loc 1 677 7 is_stmt 0
 1257 0068 63180502 		bne	a0,zero,.L80
 1258              	.L75:
 697:/home/zz/quard-start/Quard-Star/trusted_domain/FreeRTOS-Kernel/stream_buffer.c **** /*-----------------------------------------------------------*/
 1259              		.loc 1 697 1
 1260 006c 13850400 		mv	a0,s1
 1261 0070 83308102 		ld	ra,40(sp)
 1262              		.cfi_remember_state
 1263              		.cfi_restore 1
 1264 0074 03340102 		ld	s0,32(sp)
 1265              		.cfi_restore 8
 1266              	.LVL161:
 1267 0078 83348101 		ld	s1,24(sp)
 1268              		.cfi_restore 9
 1269              	.LVL162:
 1270 007c 03390101 		ld	s2,16(sp)
 1271              		.cfi_restore 18
 1272              	.LVL163:
 1273 0080 83398100 		ld	s3,8(sp)
 1274              		.cfi_restore 19
 1275              	.LVL164:
 1276 0084 033A0100 		ld	s4,0(sp)
 1277              		.cfi_restore 20
 1278              	.LVL165:
 1279 0088 13010103 		addi	sp,sp,48
 1280              	.LCFI28:
 1281              		.cfi_def_cfa_offset 0
 1282 008c 67800000 		jr	ra
 1283              	.LVL166:
 1284              	.L78:
 1285              	.LCFI29:
 1286              		.cfi_restore_state
 656:/home/zz/quard-start/Quard-Star/trusted_domain/FreeRTOS-Kernel/stream_buffer.c **** 
 1287              		.loc 1 656 12
 1288 0090 93090600 		mv	s3,a2
 1289 0094 6FF09FFA 		j	.L76
 1290              	.LVL167:
 1291              	.L80:
 680:/home/zz/quard-start/Quard-Star/trusted_domain/FreeRTOS-Kernel/stream_buffer.c ****         {
 1292              		.loc 1 680 9 is_stmt 1
 680:/home/zz/quard-start/Quard-Star/trusted_domain/FreeRTOS-Kernel/stream_buffer.c ****         {
 1293              		.loc 1 680 13 is_stmt 0
 1294 0098 13050400 		mv	a0,s0
 1295 009c 97000000 		call	prvBytesInBuffer
 1295      E7800000 
GAS LISTING /tmp/ccHKNjJ2.s 			page 52


 1296              	.LVL168:
 680:/home/zz/quard-start/Quard-Star/trusted_domain/FreeRTOS-Kernel/stream_buffer.c ****         {
 1297              		.loc 1 680 65
 1298 00a4 83378401 		ld	a5,24(s0)
 680:/home/zz/quard-start/Quard-Star/trusted_domain/FreeRTOS-Kernel/stream_buffer.c ****         {
 1299              		.loc 1 680 11
 1300 00a8 E362F5FC 		bltu	a0,a5,.L75
 1301              	.LBB2:
 682:/home/zz/quard-start/Quard-Star/trusted_domain/FreeRTOS-Kernel/stream_buffer.c ****         }
 1302              		.loc 1 682 13 is_stmt 1
 682:/home/zz/quard-start/Quard-Star/trusted_domain/FreeRTOS-Kernel/stream_buffer.c ****         }
 1303              		.loc 1 682 13
 1304              	.LVL169:
 682:/home/zz/quard-start/Quard-Star/trusted_domain/FreeRTOS-Kernel/stream_buffer.c ****         }
 1305              		.loc 1 682 13
 1306 00ac 83370402 		ld	a5,32(s0)
 1307 00b0 E38E07FA 		beq	a5,zero,.L75
 682:/home/zz/quard-start/Quard-Star/trusted_domain/FreeRTOS-Kernel/stream_buffer.c ****         }
 1308              		.loc 1 682 13 discriminator 1
 1309 00b4 03350402 		ld	a0,32(s0)
 1310 00b8 93070A00 		mv	a5,s4
 1311 00bc 13070000 		li	a4,0
 1312 00c0 93060000 		li	a3,0
 1313 00c4 13060000 		li	a2,0
 1314 00c8 93050000 		li	a1,0
 1315 00cc 97000000 		call	xTaskGenericNotifyFromISR
 1315      E7800000 
 1316              	.LVL170:
 682:/home/zz/quard-start/Quard-Star/trusted_domain/FreeRTOS-Kernel/stream_buffer.c ****         }
 1317              		.loc 1 682 13 discriminator 1
 1318 00d4 23300402 		sd	zero,32(s0)
 1319              	.LBE2:
 691:/home/zz/quard-start/Quard-Star/trusted_domain/FreeRTOS-Kernel/stream_buffer.c ****     }
 1320              		.loc 1 691 33 discriminator 1
 694:/home/zz/quard-start/Quard-Star/trusted_domain/FreeRTOS-Kernel/stream_buffer.c **** 
 1321              		.loc 1 694 63 discriminator 1
 696:/home/zz/quard-start/Quard-Star/trusted_domain/FreeRTOS-Kernel/stream_buffer.c **** }
 1322              		.loc 1 696 5 discriminator 1
 696:/home/zz/quard-start/Quard-Star/trusted_domain/FreeRTOS-Kernel/stream_buffer.c **** }
 1323              		.loc 1 696 12 is_stmt 0 discriminator 1
 1324 00d8 6FF05FF9 		j	.L75
 1325              		.cfi_endproc
 1326              	.LFE9:
 1328              		.section	.text.xStreamBufferReceive,"ax",@progbits
 1329              		.align	2
 1330              		.globl	xStreamBufferReceive
 1332              	xStreamBufferReceive:
 1333              	.LFB11:
 756:/home/zz/quard-start/Quard-Star/trusted_domain/FreeRTOS-Kernel/stream_buffer.c ****     StreamBuffer_t * const pxStreamBuffer = xStreamBuffer;
 1334              		.loc 1 756 1 is_stmt 1
 1335              		.cfi_startproc
 1336              	.LVL171:
 1337 0000 130101FC 		addi	sp,sp,-64
 1338              	.LCFI30:
 1339              		.cfi_def_cfa_offset 64
 1340 0004 233C1102 		sd	ra,56(sp)
 1341 0008 23388102 		sd	s0,48(sp)
GAS LISTING /tmp/ccHKNjJ2.s 			page 53


 1342 000c 23349102 		sd	s1,40(sp)
 1343 0010 23302103 		sd	s2,32(sp)
 1344 0014 233C3101 		sd	s3,24(sp)
 1345 0018 23384101 		sd	s4,16(sp)
 1346 001c 23345101 		sd	s5,8(sp)
 1347              		.cfi_offset 1, -8
 1348              		.cfi_offset 8, -16
 1349              		.cfi_offset 9, -24
 1350              		.cfi_offset 18, -32
 1351              		.cfi_offset 19, -40
 1352              		.cfi_offset 20, -48
 1353              		.cfi_offset 21, -56
 1354 0020 13040500 		mv	s0,a0
 1355 0024 93890500 		mv	s3,a1
 1356 0028 930A0600 		mv	s5,a2
 1357 002c 13890600 		mv	s2,a3
 757:/home/zz/quard-start/Quard-Star/trusted_domain/FreeRTOS-Kernel/stream_buffer.c ****     size_t xReceivedLength = 0, xBytesAvailable, xBytesToStoreMessageLength;
 1358              		.loc 1 757 5
 1359              	.LVL172:
 758:/home/zz/quard-start/Quard-Star/trusted_domain/FreeRTOS-Kernel/stream_buffer.c **** 
 1360              		.loc 1 758 5
 760:/home/zz/quard-start/Quard-Star/trusted_domain/FreeRTOS-Kernel/stream_buffer.c ****     configASSERT( pxStreamBuffer );
 1361              		.loc 1 760 29
 761:/home/zz/quard-start/Quard-Star/trusted_domain/FreeRTOS-Kernel/stream_buffer.c **** 
 1362              		.loc 1 761 35
 768:/home/zz/quard-start/Quard-Star/trusted_domain/FreeRTOS-Kernel/stream_buffer.c ****     {
 1363              		.loc 1 768 5
 768:/home/zz/quard-start/Quard-Star/trusted_domain/FreeRTOS-Kernel/stream_buffer.c ****     {
 1364              		.loc 1 768 25 is_stmt 0
 1365 0030 83478503 		lbu	a5,56(a0)
 768:/home/zz/quard-start/Quard-Star/trusted_domain/FreeRTOS-Kernel/stream_buffer.c ****     {
 1366              		.loc 1 768 7
 1367 0034 93F71700 		andi	a5,a5,1
 1368 0038 63840706 		beq	a5,zero,.L88
 770:/home/zz/quard-start/Quard-Star/trusted_domain/FreeRTOS-Kernel/stream_buffer.c ****     }
 1369              		.loc 1 770 36
 1370 003c 130A8000 		li	s4,8
 1371              	.L82:
 1372              	.LVL173:
 777:/home/zz/quard-start/Quard-Star/trusted_domain/FreeRTOS-Kernel/stream_buffer.c ****     {
 1373              		.loc 1 777 5 is_stmt 1
 777:/home/zz/quard-start/Quard-Star/trusted_domain/FreeRTOS-Kernel/stream_buffer.c ****     {
 1374              		.loc 1 777 7 is_stmt 0
 1375 0040 63040908 		beq	s2,zero,.L83
 781:/home/zz/quard-start/Quard-Star/trusted_domain/FreeRTOS-Kernel/stream_buffer.c ****         {
 1376              		.loc 1 781 9 is_stmt 1
 1377 0044 97000000 		call	vTaskEnterCritical
 1377      E7800000 
 1378              	.LVL174:
 783:/home/zz/quard-start/Quard-Star/trusted_domain/FreeRTOS-Kernel/stream_buffer.c **** 
 1379              		.loc 1 783 13
 783:/home/zz/quard-start/Quard-Star/trusted_domain/FreeRTOS-Kernel/stream_buffer.c **** 
 1380              		.loc 1 783 31 is_stmt 0
 1381 004c 13050400 		mv	a0,s0
 1382 0050 97000000 		call	prvBytesInBuffer
 1382      E7800000 
 1383              	.LVL175:
GAS LISTING /tmp/ccHKNjJ2.s 			page 54


 1384 0058 93040500 		mv	s1,a0
 1385              	.LVL176:
 790:/home/zz/quard-start/Quard-Star/trusted_domain/FreeRTOS-Kernel/stream_buffer.c ****             {
 1386              		.loc 1 790 13 is_stmt 1
 790:/home/zz/quard-start/Quard-Star/trusted_domain/FreeRTOS-Kernel/stream_buffer.c ****             {
 1387              		.loc 1 790 15 is_stmt 0
 1388 005c 6376AA04 		bgeu	s4,a0,.L91
 1389              	.L84:
 801:/home/zz/quard-start/Quard-Star/trusted_domain/FreeRTOS-Kernel/stream_buffer.c ****             }
 1390              		.loc 1 801 41 is_stmt 1
 804:/home/zz/quard-start/Quard-Star/trusted_domain/FreeRTOS-Kernel/stream_buffer.c **** 
 1391              		.loc 1 804 9
 1392 0060 97000000 		call	vTaskExitCritical
 1392      E7800000 
 1393              	.LVL177:
 806:/home/zz/quard-start/Quard-Star/trusted_domain/FreeRTOS-Kernel/stream_buffer.c ****         {
 1394              		.loc 1 806 9
 806:/home/zz/quard-start/Quard-Star/trusted_domain/FreeRTOS-Kernel/stream_buffer.c ****         {
 1395              		.loc 1 806 11 is_stmt 0
 1396 0068 63689A06 		bltu	s4,s1,.L85
 809:/home/zz/quard-start/Quard-Star/trusted_domain/FreeRTOS-Kernel/stream_buffer.c ****             ( void ) xTaskNotifyWait( ( uint32_t ) 0, ( uint32_t ) 0, NULL, xTicksToWait );
 1397              		.loc 1 809 68 is_stmt 1
 810:/home/zz/quard-start/Quard-Star/trusted_domain/FreeRTOS-Kernel/stream_buffer.c ****             pxStreamBuffer->xTaskWaitingToReceive = NULL;
 1398              		.loc 1 810 13
 810:/home/zz/quard-start/Quard-Star/trusted_domain/FreeRTOS-Kernel/stream_buffer.c ****             pxStreamBuffer->xTaskWaitingToReceive = NULL;
 1399              		.loc 1 810 22 is_stmt 0
 1400 006c 13070900 		mv	a4,s2
 1401 0070 93060000 		li	a3,0
 1402 0074 13060000 		li	a2,0
 1403 0078 93050000 		li	a1,0
 1404 007c 13050000 		li	a0,0
 1405 0080 97000000 		call	xTaskGenericNotifyWait
 1405      E7800000 
 1406              	.LVL178:
 811:/home/zz/quard-start/Quard-Star/trusted_domain/FreeRTOS-Kernel/stream_buffer.c **** 
 1407              		.loc 1 811 13 is_stmt 1
 811:/home/zz/quard-start/Quard-Star/trusted_domain/FreeRTOS-Kernel/stream_buffer.c **** 
 1408              		.loc 1 811 51 is_stmt 0
 1409 0088 23300402 		sd	zero,32(s0)
 814:/home/zz/quard-start/Quard-Star/trusted_domain/FreeRTOS-Kernel/stream_buffer.c ****         }
 1410              		.loc 1 814 13 is_stmt 1
 814:/home/zz/quard-start/Quard-Star/trusted_domain/FreeRTOS-Kernel/stream_buffer.c ****         }
 1411              		.loc 1 814 31 is_stmt 0
 1412 008c 13050400 		mv	a0,s0
 1413 0090 97000000 		call	prvBytesInBuffer
 1413      E7800000 
 1414              	.LVL179:
 1415 0098 93040500 		mv	s1,a0
 1416              	.LVL180:
 1417 009c 6F00C003 		j	.L85
 1418              	.LVL181:
 1419              	.L88:
 774:/home/zz/quard-start/Quard-Star/trusted_domain/FreeRTOS-Kernel/stream_buffer.c ****     }
 1420              		.loc 1 774 36
 1421 00a0 130A0000 		li	s4,0
 1422 00a4 6FF0DFF9 		j	.L82
 1423              	.LVL182:
GAS LISTING /tmp/ccHKNjJ2.s 			page 55


 1424              	.L91:
 793:/home/zz/quard-start/Quard-Star/trusted_domain/FreeRTOS-Kernel/stream_buffer.c **** 
 1425              		.loc 1 793 17 is_stmt 1
 793:/home/zz/quard-start/Quard-Star/trusted_domain/FreeRTOS-Kernel/stream_buffer.c **** 
 1426              		.loc 1 793 26 is_stmt 0
 1427 00a8 93050000 		li	a1,0
 1428 00ac 13050000 		li	a0,0
 1429 00b0 97000000 		call	xTaskGenericNotifyStateClear
 1429      E7800000 
 1430              	.LVL183:
 796:/home/zz/quard-start/Quard-Star/trusted_domain/FreeRTOS-Kernel/stream_buffer.c ****                 pxStreamBuffer->xTaskWaitingToReceive = xTaskGetCurrentTaskHandle();
 1431              		.loc 1 796 78 is_stmt 1
 797:/home/zz/quard-start/Quard-Star/trusted_domain/FreeRTOS-Kernel/stream_buffer.c ****             }
 1432              		.loc 1 797 17
 797:/home/zz/quard-start/Quard-Star/trusted_domain/FreeRTOS-Kernel/stream_buffer.c ****             }
 1433              		.loc 1 797 57 is_stmt 0
 1434 00b8 97000000 		call	xTaskGetCurrentTaskHandle
 1434      E7800000 
 1435              	.LVL184:
 797:/home/zz/quard-start/Quard-Star/trusted_domain/FreeRTOS-Kernel/stream_buffer.c ****             }
 1436              		.loc 1 797 55
 1437 00c0 2330A402 		sd	a0,32(s0)
 1438 00c4 6FF0DFF9 		j	.L84
 1439              	.LVL185:
 1440              	.L83:
 823:/home/zz/quard-start/Quard-Star/trusted_domain/FreeRTOS-Kernel/stream_buffer.c ****     }
 1441              		.loc 1 823 9 is_stmt 1
 823:/home/zz/quard-start/Quard-Star/trusted_domain/FreeRTOS-Kernel/stream_buffer.c ****     }
 1442              		.loc 1 823 27 is_stmt 0
 1443 00c8 13050400 		mv	a0,s0
 1444 00cc 97000000 		call	prvBytesInBuffer
 1444      E7800000 
 1445              	.LVL186:
 1446 00d4 93040500 		mv	s1,a0
 1447              	.LVL187:
 1448              	.L85:
 831:/home/zz/quard-start/Quard-Star/trusted_domain/FreeRTOS-Kernel/stream_buffer.c ****     {
 1449              		.loc 1 831 5 is_stmt 1
 831:/home/zz/quard-start/Quard-Star/trusted_domain/FreeRTOS-Kernel/stream_buffer.c ****     {
 1450              		.loc 1 831 7 is_stmt 0
 1451 00d8 63689A02 		bgtu	s1,s4,.L92
 758:/home/zz/quard-start/Quard-Star/trusted_domain/FreeRTOS-Kernel/stream_buffer.c **** 
 1452              		.loc 1 758 12
 1453 00dc 93040000 		li	s1,0
 1454              	.LVL188:
 848:/home/zz/quard-start/Quard-Star/trusted_domain/FreeRTOS-Kernel/stream_buffer.c ****         mtCOVERAGE_TEST_MARKER();
 1455              		.loc 1 848 59 is_stmt 1
 849:/home/zz/quard-start/Quard-Star/trusted_domain/FreeRTOS-Kernel/stream_buffer.c ****     }
 1456              		.loc 1 849 33
 852:/home/zz/quard-start/Quard-Star/trusted_domain/FreeRTOS-Kernel/stream_buffer.c **** }
 1457              		.loc 1 852 5
 1458              	.L81:
 853:/home/zz/quard-start/Quard-Star/trusted_domain/FreeRTOS-Kernel/stream_buffer.c **** /*-----------------------------------------------------------*/
 1459              		.loc 1 853 1 is_stmt 0
 1460 00e0 13850400 		mv	a0,s1
 1461 00e4 83308103 		ld	ra,56(sp)
 1462              		.cfi_remember_state
GAS LISTING /tmp/ccHKNjJ2.s 			page 56


 1463              		.cfi_restore 1
 1464 00e8 03340103 		ld	s0,48(sp)
 1465              		.cfi_restore 8
 1466              	.LVL189:
 1467 00ec 83348102 		ld	s1,40(sp)
 1468              		.cfi_restore 9
 1469 00f0 03390102 		ld	s2,32(sp)
 1470              		.cfi_restore 18
 1471              	.LVL190:
 1472 00f4 83398101 		ld	s3,24(sp)
 1473              		.cfi_restore 19
 1474              	.LVL191:
 1475 00f8 033A0101 		ld	s4,16(sp)
 1476              		.cfi_restore 20
 1477              	.LVL192:
 1478 00fc 833A8100 		ld	s5,8(sp)
 1479              		.cfi_restore 21
 1480              	.LVL193:
 1481 0100 13010104 		addi	sp,sp,64
 1482              	.LCFI31:
 1483              		.cfi_def_cfa_offset 0
 1484 0104 67800000 		jr	ra
 1485              	.LVL194:
 1486              	.L92:
 1487              	.LCFI32:
 1488              		.cfi_restore_state
 833:/home/zz/quard-start/Quard-Star/trusted_domain/FreeRTOS-Kernel/stream_buffer.c **** 
 1489              		.loc 1 833 9 is_stmt 1
 833:/home/zz/quard-start/Quard-Star/trusted_domain/FreeRTOS-Kernel/stream_buffer.c **** 
 1490              		.loc 1 833 27 is_stmt 0
 1491 0108 13070A00 		mv	a4,s4
 1492 010c 93860400 		mv	a3,s1
 1493 0110 13860A00 		mv	a2,s5
 1494 0114 93850900 		mv	a1,s3
 1495 0118 13050400 		mv	a0,s0
 1496 011c 97000000 		call	prvReadMessageFromBuffer
 1496      E7800000 
 1497              	.LVL195:
 1498 0124 93040500 		mv	s1,a0
 1499              	.LVL196:
 836:/home/zz/quard-start/Quard-Star/trusted_domain/FreeRTOS-Kernel/stream_buffer.c ****         {
 1500              		.loc 1 836 9 is_stmt 1
 836:/home/zz/quard-start/Quard-Star/trusted_domain/FreeRTOS-Kernel/stream_buffer.c ****         {
 1501              		.loc 1 836 11 is_stmt 0
 1502 0128 E30C05FA 		beq	a0,zero,.L81
 838:/home/zz/quard-start/Quard-Star/trusted_domain/FreeRTOS-Kernel/stream_buffer.c ****             sbRECEIVE_COMPLETED( pxStreamBuffer );
 1503              		.loc 1 838 73 is_stmt 1
 839:/home/zz/quard-start/Quard-Star/trusted_domain/FreeRTOS-Kernel/stream_buffer.c ****         }
 1504              		.loc 1 839 13
 1505 012c 97000000 		call	vTaskSuspendAll
 1505      E7800000 
 1506              	.LVL197:
 839:/home/zz/quard-start/Quard-Star/trusted_domain/FreeRTOS-Kernel/stream_buffer.c ****         }
 1507              		.loc 1 839 13
 1508 0134 83378402 		ld	a5,40(s0)
 1509 0138 63820702 		beq	a5,zero,.L87
 839:/home/zz/quard-start/Quard-Star/trusted_domain/FreeRTOS-Kernel/stream_buffer.c ****         }
GAS LISTING /tmp/ccHKNjJ2.s 			page 57


 1510              		.loc 1 839 13 discriminator 1
 1511 013c 03358402 		ld	a0,40(s0)
 1512 0140 13070000 		li	a4,0
 1513 0144 93060000 		li	a3,0
 1514 0148 13060000 		li	a2,0
 1515 014c 93050000 		li	a1,0
 1516 0150 97000000 		call	xTaskGenericNotify
 1516      E7800000 
 1517              	.LVL198:
 839:/home/zz/quard-start/Quard-Star/trusted_domain/FreeRTOS-Kernel/stream_buffer.c ****         }
 1518              		.loc 1 839 13 discriminator 1
 1519 0158 23340402 		sd	zero,40(s0)
 1520              	.L87:
 839:/home/zz/quard-start/Quard-Star/trusted_domain/FreeRTOS-Kernel/stream_buffer.c ****         }
 1521              		.loc 1 839 13 discriminator 3
 1522 015c 97000000 		call	xTaskResumeAll
 1522      E7800000 
 1523              	.LVL199:
 839:/home/zz/quard-start/Quard-Star/trusted_domain/FreeRTOS-Kernel/stream_buffer.c ****         }
 1524              		.loc 1 839 50 discriminator 3
 1525 0164 6FF0DFF7 		j	.L81
 1526              		.cfi_endproc
 1527              	.LFE11:
 1529              		.section	.text.xStreamBufferNextMessageLengthBytes,"ax",@progbits
 1530              		.align	2
 1531              		.globl	xStreamBufferNextMessageLengthBytes
 1533              	xStreamBufferNextMessageLengthBytes:
 1534              	.LFB12:
 857:/home/zz/quard-start/Quard-Star/trusted_domain/FreeRTOS-Kernel/stream_buffer.c ****     StreamBuffer_t * const pxStreamBuffer = xStreamBuffer;
 1535              		.loc 1 857 1
 1536              		.cfi_startproc
 1537              	.LVL200:
 858:/home/zz/quard-start/Quard-Star/trusted_domain/FreeRTOS-Kernel/stream_buffer.c ****     size_t xReturn, xBytesAvailable, xOriginalTail;
 1538              		.loc 1 858 5
 859:/home/zz/quard-start/Quard-Star/trusted_domain/FreeRTOS-Kernel/stream_buffer.c ****     configMESSAGE_BUFFER_LENGTH_TYPE xTempReturn;
 1539              		.loc 1 859 5
 860:/home/zz/quard-start/Quard-Star/trusted_domain/FreeRTOS-Kernel/stream_buffer.c **** 
 1540              		.loc 1 860 5
 862:/home/zz/quard-start/Quard-Star/trusted_domain/FreeRTOS-Kernel/stream_buffer.c **** 
 1541              		.loc 1 862 35
 865:/home/zz/quard-start/Quard-Star/trusted_domain/FreeRTOS-Kernel/stream_buffer.c ****     {
 1542              		.loc 1 865 5
 865:/home/zz/quard-start/Quard-Star/trusted_domain/FreeRTOS-Kernel/stream_buffer.c ****     {
 1543              		.loc 1 865 25 is_stmt 0
 1544 0000 83478503 		lbu	a5,56(a0)
 865:/home/zz/quard-start/Quard-Star/trusted_domain/FreeRTOS-Kernel/stream_buffer.c ****     {
 1545              		.loc 1 865 7
 1546 0004 93F71700 		andi	a5,a5,1
 1547 0008 63960700 		bne	a5,zero,.L101
 894:/home/zz/quard-start/Quard-Star/trusted_domain/FreeRTOS-Kernel/stream_buffer.c ****     }
 1548              		.loc 1 894 17
 1549 000c 13050000 		li	a0,0
 1550              	.LVL201:
 898:/home/zz/quard-start/Quard-Star/trusted_domain/FreeRTOS-Kernel/stream_buffer.c **** /*-----------------------------------------------------------*/
 1551              		.loc 1 898 1
 1552 0010 67800000 		ret
 1553              	.LVL202:
GAS LISTING /tmp/ccHKNjJ2.s 			page 58


 1554              	.L101:
 857:/home/zz/quard-start/Quard-Star/trusted_domain/FreeRTOS-Kernel/stream_buffer.c ****     StreamBuffer_t * const pxStreamBuffer = xStreamBuffer;
 1555              		.loc 1 857 1
 1556 0014 130101FD 		addi	sp,sp,-48
 1557              	.LCFI33:
 1558              		.cfi_def_cfa_offset 48
 1559 0018 23341102 		sd	ra,40(sp)
 1560 001c 23308102 		sd	s0,32(sp)
 1561 0020 233C9100 		sd	s1,24(sp)
 1562              		.cfi_offset 1, -8
 1563              		.cfi_offset 8, -16
 1564              		.cfi_offset 9, -24
 1565 0024 13040500 		mv	s0,a0
 867:/home/zz/quard-start/Quard-Star/trusted_domain/FreeRTOS-Kernel/stream_buffer.c **** 
 1566              		.loc 1 867 9 is_stmt 1
 867:/home/zz/quard-start/Quard-Star/trusted_domain/FreeRTOS-Kernel/stream_buffer.c **** 
 1567              		.loc 1 867 27 is_stmt 0
 1568 0028 97000000 		call	prvBytesInBuffer
 1568      E7800000 
 1569              	.LVL203:
 869:/home/zz/quard-start/Quard-Star/trusted_domain/FreeRTOS-Kernel/stream_buffer.c ****         {
 1570              		.loc 1 869 9 is_stmt 1
 869:/home/zz/quard-start/Quard-Star/trusted_domain/FreeRTOS-Kernel/stream_buffer.c ****         {
 1571              		.loc 1 869 11 is_stmt 0
 1572 0030 93078000 		li	a5,8
 1573 0034 63EEA700 		bgtu	a0,a5,.L102
 889:/home/zz/quard-start/Quard-Star/trusted_domain/FreeRTOS-Kernel/stream_buffer.c ****         }
 1574              		.loc 1 889 21
 1575 0038 13050000 		li	a0,0
 1576              	.LVL204:
 897:/home/zz/quard-start/Quard-Star/trusted_domain/FreeRTOS-Kernel/stream_buffer.c **** }
 1577              		.loc 1 897 5 is_stmt 1
 1578              	.L93:
 898:/home/zz/quard-start/Quard-Star/trusted_domain/FreeRTOS-Kernel/stream_buffer.c **** /*-----------------------------------------------------------*/
 1579              		.loc 1 898 1 is_stmt 0
 1580 003c 83308102 		ld	ra,40(sp)
 1581              		.cfi_remember_state
 1582              		.cfi_restore 1
 1583 0040 03340102 		ld	s0,32(sp)
 1584              		.cfi_restore 8
 1585              	.LVL205:
 1586 0044 83348101 		ld	s1,24(sp)
 1587              		.cfi_restore 9
 1588 0048 13010103 		addi	sp,sp,48
 1589              	.LCFI34:
 1590              		.cfi_def_cfa_offset 0
 1591 004c 67800000 		jr	ra
 1592              	.LVL206:
 1593              	.L102:
 1594              	.LCFI35:
 1595              		.cfi_restore_state
 877:/home/zz/quard-start/Quard-Star/trusted_domain/FreeRTOS-Kernel/stream_buffer.c ****             ( void ) prvReadBytesFromBuffer( pxStreamBuffer, ( uint8_t * ) &xTempReturn, sbBYTES_TO
 1596              		.loc 1 877 13 is_stmt 1
 877:/home/zz/quard-start/Quard-Star/trusted_domain/FreeRTOS-Kernel/stream_buffer.c ****             ( void ) prvReadBytesFromBuffer( pxStreamBuffer, ( uint8_t * ) &xTempReturn, sbBYTES_TO
 1597              		.loc 1 877 27 is_stmt 0
 1598 0050 83340400 		ld	s1,0(s0)
 1599              	.LVL207:
GAS LISTING /tmp/ccHKNjJ2.s 			page 59


 878:/home/zz/quard-start/Quard-Star/trusted_domain/FreeRTOS-Kernel/stream_buffer.c ****             xReturn = ( size_t ) xTempReturn;
 1600              		.loc 1 878 13 is_stmt 1
 878:/home/zz/quard-start/Quard-Star/trusted_domain/FreeRTOS-Kernel/stream_buffer.c ****             xReturn = ( size_t ) xTempReturn;
 1601              		.loc 1 878 22 is_stmt 0
 1602 0054 93060500 		mv	a3,a0
 1603 0058 13068000 		li	a2,8
 1604 005c 93058100 		addi	a1,sp,8
 1605 0060 13050400 		mv	a0,s0
 1606              	.LVL208:
 1607 0064 97000000 		call	prvReadBytesFromBuffer
 1607      E7800000 
 1608              	.LVL209:
 879:/home/zz/quard-start/Quard-Star/trusted_domain/FreeRTOS-Kernel/stream_buffer.c ****             pxStreamBuffer->xTail = xOriginalTail;
 1609              		.loc 1 879 13 is_stmt 1
 879:/home/zz/quard-start/Quard-Star/trusted_domain/FreeRTOS-Kernel/stream_buffer.c ****             pxStreamBuffer->xTail = xOriginalTail;
 1610              		.loc 1 879 21 is_stmt 0
 1611 006c 03358100 		ld	a0,8(sp)
 1612              	.LVL210:
 880:/home/zz/quard-start/Quard-Star/trusted_domain/FreeRTOS-Kernel/stream_buffer.c ****         }
 1613              		.loc 1 880 13 is_stmt 1
 880:/home/zz/quard-start/Quard-Star/trusted_domain/FreeRTOS-Kernel/stream_buffer.c ****         }
 1614              		.loc 1 880 35 is_stmt 0
 1615 0070 23309400 		sd	s1,0(s0)
 1616 0074 6FF09FFC 		j	.L93
 1617              		.cfi_endproc
 1618              	.LFE12:
 1620              		.section	.text.xStreamBufferReceiveFromISR,"ax",@progbits
 1621              		.align	2
 1622              		.globl	xStreamBufferReceiveFromISR
 1624              	xStreamBufferReceiveFromISR:
 1625              	.LFB13:
 905:/home/zz/quard-start/Quard-Star/trusted_domain/FreeRTOS-Kernel/stream_buffer.c ****     StreamBuffer_t * const pxStreamBuffer = xStreamBuffer;
 1626              		.loc 1 905 1 is_stmt 1
 1627              		.cfi_startproc
 1628              	.LVL211:
 1629 0000 130101FD 		addi	sp,sp,-48
 1630              	.LCFI36:
 1631              		.cfi_def_cfa_offset 48
 1632 0004 23341102 		sd	ra,40(sp)
 1633 0008 23308102 		sd	s0,32(sp)
 1634 000c 233C9100 		sd	s1,24(sp)
 1635 0010 23382101 		sd	s2,16(sp)
 1636 0014 23343101 		sd	s3,8(sp)
 1637 0018 23304101 		sd	s4,0(sp)
 1638              		.cfi_offset 1, -8
 1639              		.cfi_offset 8, -16
 1640              		.cfi_offset 9, -24
 1641              		.cfi_offset 18, -32
 1642              		.cfi_offset 19, -40
 1643              		.cfi_offset 20, -48
 1644 001c 13040500 		mv	s0,a0
 1645 0020 93840500 		mv	s1,a1
 1646 0024 13090600 		mv	s2,a2
 1647 0028 138A0600 		mv	s4,a3
 906:/home/zz/quard-start/Quard-Star/trusted_domain/FreeRTOS-Kernel/stream_buffer.c ****     size_t xReceivedLength = 0, xBytesAvailable, xBytesToStoreMessageLength;
 1648              		.loc 1 906 5
 1649              	.LVL212:
GAS LISTING /tmp/ccHKNjJ2.s 			page 60


 907:/home/zz/quard-start/Quard-Star/trusted_domain/FreeRTOS-Kernel/stream_buffer.c **** 
 1650              		.loc 1 907 5
 909:/home/zz/quard-start/Quard-Star/trusted_domain/FreeRTOS-Kernel/stream_buffer.c ****     configASSERT( pxStreamBuffer );
 1651              		.loc 1 909 29
 910:/home/zz/quard-start/Quard-Star/trusted_domain/FreeRTOS-Kernel/stream_buffer.c **** 
 1652              		.loc 1 910 35
 917:/home/zz/quard-start/Quard-Star/trusted_domain/FreeRTOS-Kernel/stream_buffer.c ****     {
 1653              		.loc 1 917 5
 917:/home/zz/quard-start/Quard-Star/trusted_domain/FreeRTOS-Kernel/stream_buffer.c ****     {
 1654              		.loc 1 917 25 is_stmt 0
 1655 002c 03478503 		lbu	a4,56(a0)
 917:/home/zz/quard-start/Quard-Star/trusted_domain/FreeRTOS-Kernel/stream_buffer.c ****     {
 1656              		.loc 1 917 7
 1657 0030 13771700 		andi	a4,a4,1
 1658 0034 63000704 		beq	a4,zero,.L106
 919:/home/zz/quard-start/Quard-Star/trusted_domain/FreeRTOS-Kernel/stream_buffer.c ****     }
 1659              		.loc 1 919 36
 1660 0038 93098000 		li	s3,8
 1661              	.L104:
 1662              	.LVL213:
 926:/home/zz/quard-start/Quard-Star/trusted_domain/FreeRTOS-Kernel/stream_buffer.c **** 
 1663              		.loc 1 926 5 is_stmt 1
 926:/home/zz/quard-start/Quard-Star/trusted_domain/FreeRTOS-Kernel/stream_buffer.c **** 
 1664              		.loc 1 926 23 is_stmt 0
 1665 003c 13050400 		mv	a0,s0
 1666              	.LVL214:
 1667 0040 97000000 		call	prvBytesInBuffer
 1667      E7800000 
 1668              	.LVL215:
 933:/home/zz/quard-start/Quard-Star/trusted_domain/FreeRTOS-Kernel/stream_buffer.c ****     {
 1669              		.loc 1 933 5 is_stmt 1
 933:/home/zz/quard-start/Quard-Star/trusted_domain/FreeRTOS-Kernel/stream_buffer.c ****     {
 1670              		.loc 1 933 7 is_stmt 0
 1671 0048 63EAA902 		bltu	s3,a0,.L109
 907:/home/zz/quard-start/Quard-Star/trusted_domain/FreeRTOS-Kernel/stream_buffer.c **** 
 1672              		.loc 1 907 12
 1673 004c 93040000 		li	s1,0
 1674              	.LVL216:
 949:/home/zz/quard-start/Quard-Star/trusted_domain/FreeRTOS-Kernel/stream_buffer.c ****     }
 1675              		.loc 1 949 33 is_stmt 1
 952:/home/zz/quard-start/Quard-Star/trusted_domain/FreeRTOS-Kernel/stream_buffer.c **** 
 1676              		.loc 1 952 74
 954:/home/zz/quard-start/Quard-Star/trusted_domain/FreeRTOS-Kernel/stream_buffer.c **** }
 1677              		.loc 1 954 5
 1678              	.L103:
 955:/home/zz/quard-start/Quard-Star/trusted_domain/FreeRTOS-Kernel/stream_buffer.c **** /*-----------------------------------------------------------*/
 1679              		.loc 1 955 1 is_stmt 0
 1680 0050 13850400 		mv	a0,s1
 1681 0054 83308102 		ld	ra,40(sp)
 1682              		.cfi_remember_state
 1683              		.cfi_restore 1
 1684 0058 03340102 		ld	s0,32(sp)
 1685              		.cfi_restore 8
 1686              	.LVL217:
 1687 005c 83348101 		ld	s1,24(sp)
 1688              		.cfi_restore 9
 1689 0060 03390101 		ld	s2,16(sp)
GAS LISTING /tmp/ccHKNjJ2.s 			page 61


 1690              		.cfi_restore 18
 1691              	.LVL218:
 1692 0064 83398100 		ld	s3,8(sp)
 1693              		.cfi_restore 19
 1694              	.LVL219:
 1695 0068 033A0100 		ld	s4,0(sp)
 1696              		.cfi_restore 20
 1697              	.LVL220:
 1698 006c 13010103 		addi	sp,sp,48
 1699              	.LCFI37:
 1700              		.cfi_def_cfa_offset 0
 1701 0070 67800000 		jr	ra
 1702              	.LVL221:
 1703              	.L106:
 1704              	.LCFI38:
 1705              		.cfi_restore_state
 923:/home/zz/quard-start/Quard-Star/trusted_domain/FreeRTOS-Kernel/stream_buffer.c ****     }
 1706              		.loc 1 923 36
 1707 0074 93090000 		li	s3,0
 1708 0078 6FF05FFC 		j	.L104
 1709              	.LVL222:
 1710              	.L109:
 935:/home/zz/quard-start/Quard-Star/trusted_domain/FreeRTOS-Kernel/stream_buffer.c **** 
 1711              		.loc 1 935 9 is_stmt 1
 935:/home/zz/quard-start/Quard-Star/trusted_domain/FreeRTOS-Kernel/stream_buffer.c **** 
 1712              		.loc 1 935 27 is_stmt 0
 1713 007c 13870900 		mv	a4,s3
 1714 0080 93060500 		mv	a3,a0
 1715 0084 13060900 		mv	a2,s2
 1716 0088 93850400 		mv	a1,s1
 1717 008c 13050400 		mv	a0,s0
 1718              	.LVL223:
 1719 0090 97000000 		call	prvReadMessageFromBuffer
 1719      E7800000 
 1720              	.LVL224:
 1721 0098 93040500 		mv	s1,a0
 1722              	.LVL225:
 938:/home/zz/quard-start/Quard-Star/trusted_domain/FreeRTOS-Kernel/stream_buffer.c ****         {
 1723              		.loc 1 938 9 is_stmt 1
 938:/home/zz/quard-start/Quard-Star/trusted_domain/FreeRTOS-Kernel/stream_buffer.c ****         {
 1724              		.loc 1 938 11 is_stmt 0
 1725 009c E30A05FA 		beq	a0,zero,.L103
 1726              	.LBB3:
 940:/home/zz/quard-start/Quard-Star/trusted_domain/FreeRTOS-Kernel/stream_buffer.c ****         }
 1727              		.loc 1 940 13 is_stmt 1
 940:/home/zz/quard-start/Quard-Star/trusted_domain/FreeRTOS-Kernel/stream_buffer.c ****         }
 1728              		.loc 1 940 13
 1729              	.LVL226:
 940:/home/zz/quard-start/Quard-Star/trusted_domain/FreeRTOS-Kernel/stream_buffer.c ****         }
 1730              		.loc 1 940 13
 1731 00a0 83378402 		ld	a5,40(s0)
 1732 00a4 E38607FA 		beq	a5,zero,.L103
 940:/home/zz/quard-start/Quard-Star/trusted_domain/FreeRTOS-Kernel/stream_buffer.c ****         }
 1733              		.loc 1 940 13 discriminator 1
 1734 00a8 03358402 		ld	a0,40(s0)
 1735 00ac 93070A00 		mv	a5,s4
 1736 00b0 13070000 		li	a4,0
GAS LISTING /tmp/ccHKNjJ2.s 			page 62


 1737 00b4 93060000 		li	a3,0
 1738 00b8 13060000 		li	a2,0
 1739 00bc 93050000 		li	a1,0
 1740 00c0 97000000 		call	xTaskGenericNotifyFromISR
 1740      E7800000 
 1741              	.LVL227:
 940:/home/zz/quard-start/Quard-Star/trusted_domain/FreeRTOS-Kernel/stream_buffer.c ****         }
 1742              		.loc 1 940 13 discriminator 1
 1743 00c8 23340402 		sd	zero,40(s0)
 1744 00cc 6FF05FF8 		j	.L103
 1745              	.LBE3:
 1746              		.cfi_endproc
 1747              	.LFE13:
 1749              		.section	.text.xStreamBufferIsEmpty,"ax",@progbits
 1750              		.align	2
 1751              		.globl	xStreamBufferIsEmpty
 1753              	xStreamBufferIsEmpty:
 1754              	.LFB15:
1011:/home/zz/quard-start/Quard-Star/trusted_domain/FreeRTOS-Kernel/stream_buffer.c ****     const StreamBuffer_t * const pxStreamBuffer = xStreamBuffer;
 1755              		.loc 1 1011 1
 1756              		.cfi_startproc
 1757              	.LVL228:
1012:/home/zz/quard-start/Quard-Star/trusted_domain/FreeRTOS-Kernel/stream_buffer.c ****     BaseType_t xReturn;
 1758              		.loc 1 1012 5
1013:/home/zz/quard-start/Quard-Star/trusted_domain/FreeRTOS-Kernel/stream_buffer.c ****     size_t xTail;
 1759              		.loc 1 1013 5
1014:/home/zz/quard-start/Quard-Star/trusted_domain/FreeRTOS-Kernel/stream_buffer.c **** 
 1760              		.loc 1 1014 5
1016:/home/zz/quard-start/Quard-Star/trusted_domain/FreeRTOS-Kernel/stream_buffer.c **** 
 1761              		.loc 1 1016 35
1019:/home/zz/quard-start/Quard-Star/trusted_domain/FreeRTOS-Kernel/stream_buffer.c **** 
 1762              		.loc 1 1019 5
1019:/home/zz/quard-start/Quard-Star/trusted_domain/FreeRTOS-Kernel/stream_buffer.c **** 
 1763              		.loc 1 1019 11 is_stmt 0
 1764 0000 83370500 		ld	a5,0(a0)
 1765              	.LVL229:
1021:/home/zz/quard-start/Quard-Star/trusted_domain/FreeRTOS-Kernel/stream_buffer.c ****     {
 1766              		.loc 1 1021 5 is_stmt 1
1021:/home/zz/quard-start/Quard-Star/trusted_domain/FreeRTOS-Kernel/stream_buffer.c ****     {
 1767              		.loc 1 1021 23 is_stmt 0
 1768 0004 03378500 		ld	a4,8(a0)
1021:/home/zz/quard-start/Quard-Star/trusted_domain/FreeRTOS-Kernel/stream_buffer.c ****     {
 1769              		.loc 1 1021 7
 1770 0008 6306F700 		beq	a4,a5,.L113
1027:/home/zz/quard-start/Quard-Star/trusted_domain/FreeRTOS-Kernel/stream_buffer.c ****     }
 1771              		.loc 1 1027 17
 1772 000c 13050000 		li	a0,0
 1773              	.LVL230:
1030:/home/zz/quard-start/Quard-Star/trusted_domain/FreeRTOS-Kernel/stream_buffer.c **** }
 1774              		.loc 1 1030 5 is_stmt 1
1031:/home/zz/quard-start/Quard-Star/trusted_domain/FreeRTOS-Kernel/stream_buffer.c **** /*-----------------------------------------------------------*/
 1775              		.loc 1 1031 1 is_stmt 0
 1776 0010 67800000 		ret
 1777              	.LVL231:
 1778              	.L113:
1023:/home/zz/quard-start/Quard-Star/trusted_domain/FreeRTOS-Kernel/stream_buffer.c ****     }
 1779              		.loc 1 1023 17
GAS LISTING /tmp/ccHKNjJ2.s 			page 63


 1780 0014 13051000 		li	a0,1
 1781              	.LVL232:
 1782 0018 67800000 		ret
 1783              		.cfi_endproc
 1784              	.LFE15:
 1786              		.section	.text.xStreamBufferIsFull,"ax",@progbits
 1787              		.align	2
 1788              		.globl	xStreamBufferIsFull
 1790              	xStreamBufferIsFull:
 1791              	.LFB16:
1035:/home/zz/quard-start/Quard-Star/trusted_domain/FreeRTOS-Kernel/stream_buffer.c ****     BaseType_t xReturn;
 1792              		.loc 1 1035 1 is_stmt 1
 1793              		.cfi_startproc
 1794              	.LVL233:
 1795 0000 130101FF 		addi	sp,sp,-16
 1796              	.LCFI39:
 1797              		.cfi_def_cfa_offset 16
 1798 0004 23341100 		sd	ra,8(sp)
 1799 0008 23308100 		sd	s0,0(sp)
 1800              		.cfi_offset 1, -8
 1801              		.cfi_offset 8, -16
1036:/home/zz/quard-start/Quard-Star/trusted_domain/FreeRTOS-Kernel/stream_buffer.c ****     size_t xBytesToStoreMessageLength;
 1802              		.loc 1 1036 5
1037:/home/zz/quard-start/Quard-Star/trusted_domain/FreeRTOS-Kernel/stream_buffer.c ****     const StreamBuffer_t * const pxStreamBuffer = xStreamBuffer;
 1803              		.loc 1 1037 5
1038:/home/zz/quard-start/Quard-Star/trusted_domain/FreeRTOS-Kernel/stream_buffer.c **** 
 1804              		.loc 1 1038 5
 1805              	.LVL234:
1040:/home/zz/quard-start/Quard-Star/trusted_domain/FreeRTOS-Kernel/stream_buffer.c **** 
 1806              		.loc 1 1040 35
1046:/home/zz/quard-start/Quard-Star/trusted_domain/FreeRTOS-Kernel/stream_buffer.c ****     {
 1807              		.loc 1 1046 5
1046:/home/zz/quard-start/Quard-Star/trusted_domain/FreeRTOS-Kernel/stream_buffer.c ****     {
 1808              		.loc 1 1046 25 is_stmt 0
 1809 000c 83478503 		lbu	a5,56(a0)
1046:/home/zz/quard-start/Quard-Star/trusted_domain/FreeRTOS-Kernel/stream_buffer.c ****     {
 1810              		.loc 1 1046 7
 1811 0010 93F71700 		andi	a5,a5,1
 1812 0014 63840702 		beq	a5,zero,.L117
1048:/home/zz/quard-start/Quard-Star/trusted_domain/FreeRTOS-Kernel/stream_buffer.c ****     }
 1813              		.loc 1 1048 36
 1814 0018 13048000 		li	s0,8
 1815              	.L115:
 1816              	.LVL235:
1056:/home/zz/quard-start/Quard-Star/trusted_domain/FreeRTOS-Kernel/stream_buffer.c ****     {
 1817              		.loc 1 1056 5 is_stmt 1
1056:/home/zz/quard-start/Quard-Star/trusted_domain/FreeRTOS-Kernel/stream_buffer.c ****     {
 1818              		.loc 1 1056 9 is_stmt 0
 1819 001c 97000000 		call	xStreamBufferSpacesAvailable
 1819      E7800000 
 1820              	.LVL236:
1056:/home/zz/quard-start/Quard-Star/trusted_domain/FreeRTOS-Kernel/stream_buffer.c ****     {
 1821              		.loc 1 1056 7
 1822 0024 6360A402 		bgtu	a0,s0,.L118
1058:/home/zz/quard-start/Quard-Star/trusted_domain/FreeRTOS-Kernel/stream_buffer.c ****     }
 1823              		.loc 1 1058 17
 1824 0028 13051000 		li	a0,1
GAS LISTING /tmp/ccHKNjJ2.s 			page 64


 1825              	.L114:
1066:/home/zz/quard-start/Quard-Star/trusted_domain/FreeRTOS-Kernel/stream_buffer.c **** /*-----------------------------------------------------------*/
 1826              		.loc 1 1066 1
 1827 002c 83308100 		ld	ra,8(sp)
 1828              		.cfi_remember_state
 1829              		.cfi_restore 1
 1830 0030 03340100 		ld	s0,0(sp)
 1831              		.cfi_restore 8
 1832              	.LVL237:
 1833 0034 13010101 		addi	sp,sp,16
 1834              	.LCFI40:
 1835              		.cfi_def_cfa_offset 0
 1836 0038 67800000 		jr	ra
 1837              	.LVL238:
 1838              	.L117:
 1839              	.LCFI41:
 1840              		.cfi_restore_state
1052:/home/zz/quard-start/Quard-Star/trusted_domain/FreeRTOS-Kernel/stream_buffer.c ****     }
 1841              		.loc 1 1052 36
 1842 003c 13040000 		li	s0,0
 1843 0040 6FF0DFFD 		j	.L115
 1844              	.LVL239:
 1845              	.L118:
1062:/home/zz/quard-start/Quard-Star/trusted_domain/FreeRTOS-Kernel/stream_buffer.c ****     }
 1846              		.loc 1 1062 17
 1847 0044 13050000 		li	a0,0
 1848              	.LVL240:
1065:/home/zz/quard-start/Quard-Star/trusted_domain/FreeRTOS-Kernel/stream_buffer.c **** }
 1849              		.loc 1 1065 5 is_stmt 1
1065:/home/zz/quard-start/Quard-Star/trusted_domain/FreeRTOS-Kernel/stream_buffer.c **** }
 1850              		.loc 1 1065 12 is_stmt 0
 1851 0048 6FF05FFE 		j	.L114
 1852              		.cfi_endproc
 1853              	.LFE16:
 1855              		.section	.text.xStreamBufferSendCompletedFromISR,"ax",@progbits
 1856              		.align	2
 1857              		.globl	xStreamBufferSendCompletedFromISR
 1859              	xStreamBufferSendCompletedFromISR:
 1860              	.LFB17:
1071:/home/zz/quard-start/Quard-Star/trusted_domain/FreeRTOS-Kernel/stream_buffer.c ****     StreamBuffer_t * const pxStreamBuffer = xStreamBuffer;
 1861              		.loc 1 1071 1 is_stmt 1
 1862              		.cfi_startproc
 1863              	.LVL241:
1072:/home/zz/quard-start/Quard-Star/trusted_domain/FreeRTOS-Kernel/stream_buffer.c ****     BaseType_t xReturn;
 1864              		.loc 1 1072 5
1073:/home/zz/quard-start/Quard-Star/trusted_domain/FreeRTOS-Kernel/stream_buffer.c ****     UBaseType_t uxSavedInterruptStatus;
 1865              		.loc 1 1073 5
1074:/home/zz/quard-start/Quard-Star/trusted_domain/FreeRTOS-Kernel/stream_buffer.c **** 
 1866              		.loc 1 1074 5
1076:/home/zz/quard-start/Quard-Star/trusted_domain/FreeRTOS-Kernel/stream_buffer.c **** 
 1867              		.loc 1 1076 35
1078:/home/zz/quard-start/Quard-Star/trusted_domain/FreeRTOS-Kernel/stream_buffer.c ****     {
 1868              		.loc 1 1078 5
1080:/home/zz/quard-start/Quard-Star/trusted_domain/FreeRTOS-Kernel/stream_buffer.c ****         {
 1869              		.loc 1 1080 9
1080:/home/zz/quard-start/Quard-Star/trusted_domain/FreeRTOS-Kernel/stream_buffer.c ****         {
 1870              		.loc 1 1080 31 is_stmt 0
GAS LISTING /tmp/ccHKNjJ2.s 			page 65


 1871 0000 03370502 		ld	a4,32(a0)
1080:/home/zz/quard-start/Quard-Star/trusted_domain/FreeRTOS-Kernel/stream_buffer.c ****         {
 1872              		.loc 1 1080 11
 1873 0004 63060704 		beq	a4,zero,.L122
1071:/home/zz/quard-start/Quard-Star/trusted_domain/FreeRTOS-Kernel/stream_buffer.c ****     StreamBuffer_t * const pxStreamBuffer = xStreamBuffer;
 1874              		.loc 1 1071 1
 1875 0008 130101FF 		addi	sp,sp,-16
 1876              	.LCFI42:
 1877              		.cfi_def_cfa_offset 16
 1878 000c 23341100 		sd	ra,8(sp)
 1879 0010 23308100 		sd	s0,0(sp)
 1880              		.cfi_offset 1, -8
 1881              		.cfi_offset 8, -16
 1882 0014 13040500 		mv	s0,a0
 1883 0018 93870500 		mv	a5,a1
1082:/home/zz/quard-start/Quard-Star/trusted_domain/FreeRTOS-Kernel/stream_buffer.c ****                                          ( uint32_t ) 0,
 1884              		.loc 1 1082 13 is_stmt 1
1082:/home/zz/quard-start/Quard-Star/trusted_domain/FreeRTOS-Kernel/stream_buffer.c ****                                          ( uint32_t ) 0,
 1885              		.loc 1 1082 22 is_stmt 0
 1886 001c 03350502 		ld	a0,32(a0)
 1887              	.LVL242:
 1888 0020 13070000 		li	a4,0
 1889 0024 93060000 		li	a3,0
 1890 0028 13060000 		li	a2,0
 1891 002c 93050000 		li	a1,0
 1892              	.LVL243:
 1893 0030 97000000 		call	xTaskGenericNotifyFromISR
 1893      E7800000 
 1894              	.LVL244:
1086:/home/zz/quard-start/Quard-Star/trusted_domain/FreeRTOS-Kernel/stream_buffer.c ****             xReturn = pdTRUE;
 1895              		.loc 1 1086 13 is_stmt 1
1086:/home/zz/quard-start/Quard-Star/trusted_domain/FreeRTOS-Kernel/stream_buffer.c ****             xReturn = pdTRUE;
 1896              		.loc 1 1086 55 is_stmt 0
 1897 0038 23300402 		sd	zero,32(s0)
1087:/home/zz/quard-start/Quard-Star/trusted_domain/FreeRTOS-Kernel/stream_buffer.c ****         }
 1898              		.loc 1 1087 13 is_stmt 1
 1899              	.LVL245:
1087:/home/zz/quard-start/Quard-Star/trusted_domain/FreeRTOS-Kernel/stream_buffer.c ****         }
 1900              		.loc 1 1087 21 is_stmt 0
 1901 003c 13051000 		li	a0,1
1097:/home/zz/quard-start/Quard-Star/trusted_domain/FreeRTOS-Kernel/stream_buffer.c **** /*-----------------------------------------------------------*/
 1902              		.loc 1 1097 1
 1903 0040 83308100 		ld	ra,8(sp)
 1904              		.cfi_restore 1
 1905 0044 03340100 		ld	s0,0(sp)
 1906              		.cfi_restore 8
 1907              	.LVL246:
 1908 0048 13010101 		addi	sp,sp,16
 1909              	.LCFI43:
 1910              		.cfi_def_cfa_offset 0
 1911 004c 67800000 		jr	ra
 1912              	.LVL247:
 1913              	.L122:
1091:/home/zz/quard-start/Quard-Star/trusted_domain/FreeRTOS-Kernel/stream_buffer.c ****         }
 1914              		.loc 1 1091 21
 1915 0050 13050000 		li	a0,0
 1916              	.LVL248:
GAS LISTING /tmp/ccHKNjJ2.s 			page 66


1094:/home/zz/quard-start/Quard-Star/trusted_domain/FreeRTOS-Kernel/stream_buffer.c **** 
 1917              		.loc 1 1094 5 is_stmt 1
1096:/home/zz/quard-start/Quard-Star/trusted_domain/FreeRTOS-Kernel/stream_buffer.c **** }
 1918              		.loc 1 1096 5
1097:/home/zz/quard-start/Quard-Star/trusted_domain/FreeRTOS-Kernel/stream_buffer.c **** /*-----------------------------------------------------------*/
 1919              		.loc 1 1097 1 is_stmt 0
 1920 0054 67800000 		ret
 1921              		.cfi_endproc
 1922              	.LFE17:
 1924              		.section	.text.xStreamBufferReceiveCompletedFromISR,"ax",@progbits
 1925              		.align	2
 1926              		.globl	xStreamBufferReceiveCompletedFromISR
 1928              	xStreamBufferReceiveCompletedFromISR:
 1929              	.LFB18:
1102:/home/zz/quard-start/Quard-Star/trusted_domain/FreeRTOS-Kernel/stream_buffer.c ****     StreamBuffer_t * const pxStreamBuffer = xStreamBuffer;
 1930              		.loc 1 1102 1 is_stmt 1
 1931              		.cfi_startproc
 1932              	.LVL249:
1103:/home/zz/quard-start/Quard-Star/trusted_domain/FreeRTOS-Kernel/stream_buffer.c ****     BaseType_t xReturn;
 1933              		.loc 1 1103 5
1104:/home/zz/quard-start/Quard-Star/trusted_domain/FreeRTOS-Kernel/stream_buffer.c ****     UBaseType_t uxSavedInterruptStatus;
 1934              		.loc 1 1104 5
1105:/home/zz/quard-start/Quard-Star/trusted_domain/FreeRTOS-Kernel/stream_buffer.c **** 
 1935              		.loc 1 1105 5
1107:/home/zz/quard-start/Quard-Star/trusted_domain/FreeRTOS-Kernel/stream_buffer.c **** 
 1936              		.loc 1 1107 35
1109:/home/zz/quard-start/Quard-Star/trusted_domain/FreeRTOS-Kernel/stream_buffer.c ****     {
 1937              		.loc 1 1109 5
1111:/home/zz/quard-start/Quard-Star/trusted_domain/FreeRTOS-Kernel/stream_buffer.c ****         {
 1938              		.loc 1 1111 9
1111:/home/zz/quard-start/Quard-Star/trusted_domain/FreeRTOS-Kernel/stream_buffer.c ****         {
 1939              		.loc 1 1111 31 is_stmt 0
 1940 0000 03378502 		ld	a4,40(a0)
1111:/home/zz/quard-start/Quard-Star/trusted_domain/FreeRTOS-Kernel/stream_buffer.c ****         {
 1941              		.loc 1 1111 11
 1942 0004 63060704 		beq	a4,zero,.L129
1102:/home/zz/quard-start/Quard-Star/trusted_domain/FreeRTOS-Kernel/stream_buffer.c ****     StreamBuffer_t * const pxStreamBuffer = xStreamBuffer;
 1943              		.loc 1 1102 1
 1944 0008 130101FF 		addi	sp,sp,-16
 1945              	.LCFI44:
 1946              		.cfi_def_cfa_offset 16
 1947 000c 23341100 		sd	ra,8(sp)
 1948 0010 23308100 		sd	s0,0(sp)
 1949              		.cfi_offset 1, -8
 1950              		.cfi_offset 8, -16
 1951 0014 13040500 		mv	s0,a0
 1952 0018 93870500 		mv	a5,a1
1113:/home/zz/quard-start/Quard-Star/trusted_domain/FreeRTOS-Kernel/stream_buffer.c ****                                          ( uint32_t ) 0,
 1953              		.loc 1 1113 13 is_stmt 1
1113:/home/zz/quard-start/Quard-Star/trusted_domain/FreeRTOS-Kernel/stream_buffer.c ****                                          ( uint32_t ) 0,
 1954              		.loc 1 1113 22 is_stmt 0
 1955 001c 03358502 		ld	a0,40(a0)
 1956              	.LVL250:
 1957 0020 13070000 		li	a4,0
 1958 0024 93060000 		li	a3,0
 1959 0028 13060000 		li	a2,0
 1960 002c 93050000 		li	a1,0
GAS LISTING /tmp/ccHKNjJ2.s 			page 67


 1961              	.LVL251:
 1962 0030 97000000 		call	xTaskGenericNotifyFromISR
 1962      E7800000 
 1963              	.LVL252:
1117:/home/zz/quard-start/Quard-Star/trusted_domain/FreeRTOS-Kernel/stream_buffer.c ****             xReturn = pdTRUE;
 1964              		.loc 1 1117 13 is_stmt 1
1117:/home/zz/quard-start/Quard-Star/trusted_domain/FreeRTOS-Kernel/stream_buffer.c ****             xReturn = pdTRUE;
 1965              		.loc 1 1117 52 is_stmt 0
 1966 0038 23340402 		sd	zero,40(s0)
1118:/home/zz/quard-start/Quard-Star/trusted_domain/FreeRTOS-Kernel/stream_buffer.c ****         }
 1967              		.loc 1 1118 13 is_stmt 1
 1968              	.LVL253:
1118:/home/zz/quard-start/Quard-Star/trusted_domain/FreeRTOS-Kernel/stream_buffer.c ****         }
 1969              		.loc 1 1118 21 is_stmt 0
 1970 003c 13051000 		li	a0,1
1128:/home/zz/quard-start/Quard-Star/trusted_domain/FreeRTOS-Kernel/stream_buffer.c **** /*-----------------------------------------------------------*/
 1971              		.loc 1 1128 1
 1972 0040 83308100 		ld	ra,8(sp)
 1973              		.cfi_restore 1
 1974 0044 03340100 		ld	s0,0(sp)
 1975              		.cfi_restore 8
 1976              	.LVL254:
 1977 0048 13010101 		addi	sp,sp,16
 1978              	.LCFI45:
 1979              		.cfi_def_cfa_offset 0
 1980 004c 67800000 		jr	ra
 1981              	.LVL255:
 1982              	.L129:
1122:/home/zz/quard-start/Quard-Star/trusted_domain/FreeRTOS-Kernel/stream_buffer.c ****         }
 1983              		.loc 1 1122 21
 1984 0050 13050000 		li	a0,0
 1985              	.LVL256:
1125:/home/zz/quard-start/Quard-Star/trusted_domain/FreeRTOS-Kernel/stream_buffer.c **** 
 1986              		.loc 1 1125 5 is_stmt 1
1127:/home/zz/quard-start/Quard-Star/trusted_domain/FreeRTOS-Kernel/stream_buffer.c **** }
 1987              		.loc 1 1127 5
1128:/home/zz/quard-start/Quard-Star/trusted_domain/FreeRTOS-Kernel/stream_buffer.c **** /*-----------------------------------------------------------*/
 1988              		.loc 1 1128 1 is_stmt 0
 1989 0054 67800000 		ret
 1990              		.cfi_endproc
 1991              	.LFE18:
 1993              		.section	.text.uxStreamBufferGetStreamBufferNumber,"ax",@progbits
 1994              		.align	2
 1995              		.globl	uxStreamBufferGetStreamBufferNumber
 1997              	uxStreamBufferGetStreamBufferNumber:
 1998              	.LFB23:
1284:/home/zz/quard-start/Quard-Star/trusted_domain/FreeRTOS-Kernel/stream_buffer.c **** 
1285:/home/zz/quard-start/Quard-Star/trusted_domain/FreeRTOS-Kernel/stream_buffer.c **** #if ( configUSE_TRACE_FACILITY == 1 )
1286:/home/zz/quard-start/Quard-Star/trusted_domain/FreeRTOS-Kernel/stream_buffer.c **** 
1287:/home/zz/quard-start/Quard-Star/trusted_domain/FreeRTOS-Kernel/stream_buffer.c ****     UBaseType_t uxStreamBufferGetStreamBufferNumber( StreamBufferHandle_t xStreamBuffer )
1288:/home/zz/quard-start/Quard-Star/trusted_domain/FreeRTOS-Kernel/stream_buffer.c ****     {
 1999              		.loc 1 1288 5 is_stmt 1
 2000              		.cfi_startproc
 2001              	.LVL257:
1289:/home/zz/quard-start/Quard-Star/trusted_domain/FreeRTOS-Kernel/stream_buffer.c ****         return xStreamBuffer->uxStreamBufferNumber;
 2002              		.loc 1 1289 9
1290:/home/zz/quard-start/Quard-Star/trusted_domain/FreeRTOS-Kernel/stream_buffer.c ****     }
GAS LISTING /tmp/ccHKNjJ2.s 			page 68


 2003              		.loc 1 1290 5 is_stmt 0
 2004 0000 03350504 		ld	a0,64(a0)
 2005              	.LVL258:
 2006 0004 67800000 		ret
 2007              		.cfi_endproc
 2008              	.LFE23:
 2010              		.section	.text.vStreamBufferSetStreamBufferNumber,"ax",@progbits
 2011              		.align	2
 2012              		.globl	vStreamBufferSetStreamBufferNumber
 2014              	vStreamBufferSetStreamBufferNumber:
 2015              	.LFB24:
1291:/home/zz/quard-start/Quard-Star/trusted_domain/FreeRTOS-Kernel/stream_buffer.c **** 
1292:/home/zz/quard-start/Quard-Star/trusted_domain/FreeRTOS-Kernel/stream_buffer.c **** #endif /* configUSE_TRACE_FACILITY */
1293:/home/zz/quard-start/Quard-Star/trusted_domain/FreeRTOS-Kernel/stream_buffer.c **** /*-----------------------------------------------------------*/
1294:/home/zz/quard-start/Quard-Star/trusted_domain/FreeRTOS-Kernel/stream_buffer.c **** 
1295:/home/zz/quard-start/Quard-Star/trusted_domain/FreeRTOS-Kernel/stream_buffer.c **** #if ( configUSE_TRACE_FACILITY == 1 )
1296:/home/zz/quard-start/Quard-Star/trusted_domain/FreeRTOS-Kernel/stream_buffer.c **** 
1297:/home/zz/quard-start/Quard-Star/trusted_domain/FreeRTOS-Kernel/stream_buffer.c ****     void vStreamBufferSetStreamBufferNumber( StreamBufferHandle_t xStreamBuffer,
1298:/home/zz/quard-start/Quard-Star/trusted_domain/FreeRTOS-Kernel/stream_buffer.c ****                                              UBaseType_t uxStreamBufferNumber )
1299:/home/zz/quard-start/Quard-Star/trusted_domain/FreeRTOS-Kernel/stream_buffer.c ****     {
 2016              		.loc 1 1299 5 is_stmt 1
 2017              		.cfi_startproc
 2018              	.LVL259:
1300:/home/zz/quard-start/Quard-Star/trusted_domain/FreeRTOS-Kernel/stream_buffer.c ****         xStreamBuffer->uxStreamBufferNumber = uxStreamBufferNumber;
 2019              		.loc 1 1300 9
 2020              		.loc 1 1300 45 is_stmt 0
 2021 0000 2330B504 		sd	a1,64(a0)
1301:/home/zz/quard-start/Quard-Star/trusted_domain/FreeRTOS-Kernel/stream_buffer.c ****     }
 2022              		.loc 1 1301 5
 2023 0004 67800000 		ret
 2024              		.cfi_endproc
 2025              	.LFE24:
 2027              		.section	.text.ucStreamBufferGetStreamBufferType,"ax",@progbits
 2028              		.align	2
 2029              		.globl	ucStreamBufferGetStreamBufferType
 2031              	ucStreamBufferGetStreamBufferType:
 2032              	.LFB25:
1302:/home/zz/quard-start/Quard-Star/trusted_domain/FreeRTOS-Kernel/stream_buffer.c **** 
1303:/home/zz/quard-start/Quard-Star/trusted_domain/FreeRTOS-Kernel/stream_buffer.c **** #endif /* configUSE_TRACE_FACILITY */
1304:/home/zz/quard-start/Quard-Star/trusted_domain/FreeRTOS-Kernel/stream_buffer.c **** /*-----------------------------------------------------------*/
1305:/home/zz/quard-start/Quard-Star/trusted_domain/FreeRTOS-Kernel/stream_buffer.c **** 
1306:/home/zz/quard-start/Quard-Star/trusted_domain/FreeRTOS-Kernel/stream_buffer.c **** #if ( configUSE_TRACE_FACILITY == 1 )
1307:/home/zz/quard-start/Quard-Star/trusted_domain/FreeRTOS-Kernel/stream_buffer.c **** 
1308:/home/zz/quard-start/Quard-Star/trusted_domain/FreeRTOS-Kernel/stream_buffer.c ****     uint8_t ucStreamBufferGetStreamBufferType( StreamBufferHandle_t xStreamBuffer )
1309:/home/zz/quard-start/Quard-Star/trusted_domain/FreeRTOS-Kernel/stream_buffer.c ****     {
 2033              		.loc 1 1309 5 is_stmt 1
 2034              		.cfi_startproc
 2035              	.LVL260:
1310:/home/zz/quard-start/Quard-Star/trusted_domain/FreeRTOS-Kernel/stream_buffer.c ****         return( xStreamBuffer->ucFlags & sbFLAGS_IS_MESSAGE_BUFFER );
 2036              		.loc 1 1310 9
 2037              		.loc 1 1310 30 is_stmt 0
 2038 0000 03458503 		lbu	a0,56(a0)
 2039              	.LVL261:
1311:/home/zz/quard-start/Quard-Star/trusted_domain/FreeRTOS-Kernel/stream_buffer.c ****     }
 2040              		.loc 1 1311 5
 2041 0004 13751500 		andi	a0,a0,1
 2042 0008 67800000 		ret
GAS LISTING /tmp/ccHKNjJ2.s 			page 69


 2043              		.cfi_endproc
 2044              	.LFE25:
 2046              		.text
 2047              	.Letext0:
 2048              		.file 2 "/home/zz/riscv/riscv/riscv64-unknown-elf/include/machine/_default_types.h"
 2049              		.file 3 "/home/zz/riscv/riscv/riscv64-unknown-elf/include/sys/_stdint.h"
 2050              		.file 4 "/home/zz/riscv/riscv/lib/gcc/riscv64-unknown-elf/12.2.0/include/stddef.h"
 2051              		.file 5 "/home/zz/quard-start/Quard-Star/trusted_domain/FreeRTOS-Kernel/portable/GCC/RISC-V/portma
 2052              		.file 6 "/home/zz/quard-start/Quard-Star/trusted_domain/FreeRTOS-Kernel/include/task.h"
 2053              		.file 7 "/home/zz/quard-start/Quard-Star/trusted_domain/FreeRTOS-Kernel/include/stream_buffer.h"
 2054              		.file 8 "/home/zz/riscv/riscv/riscv64-unknown-elf/include/string.h"
 2055              		.file 9 "/home/zz/quard-start/Quard-Star/trusted_domain/FreeRTOS-Kernel/include/portable.h"
 2056              		.file 10 "<built-in>"
GAS LISTING /tmp/ccHKNjJ2.s 			page 70


DEFINED SYMBOLS
                            *ABS*:0000000000000000 stream_buffer.c
     /tmp/ccHKNjJ2.s:13     .text.prvBytesInBuffer:0000000000000000 prvBytesInBuffer
     /tmp/ccHKNjJ2.s:16     .text.prvBytesInBuffer:0000000000000000 .L0 
     /tmp/ccHKNjJ2.s:18     .text.prvBytesInBuffer:0000000000000000 .L0 
     /tmp/ccHKNjJ2.s:19     .text.prvBytesInBuffer:0000000000000000 .L0 
     /tmp/ccHKNjJ2.s:20     .text.prvBytesInBuffer:0000000000000000 .L0 
     /tmp/ccHKNjJ2.s:21     .text.prvBytesInBuffer:0000000000000000 $xrv64i2p1_m2p0_a2p1_f2p2_d2p2_zicsr2p0_zmmul1p0
     /tmp/ccHKNjJ2.s:21     .text.prvBytesInBuffer:0000000000000000 .L0 
     /tmp/ccHKNjJ2.s:23     .text.prvBytesInBuffer:0000000000000004 .L0 
     /tmp/ccHKNjJ2.s:25     .text.prvBytesInBuffer:0000000000000008 .L0 
     /tmp/ccHKNjJ2.s:28     .text.prvBytesInBuffer:000000000000000c .L0 
     /tmp/ccHKNjJ2.s:29     .text.prvBytesInBuffer:000000000000000c .L0 
     /tmp/ccHKNjJ2.s:31     .text.prvBytesInBuffer:0000000000000010 .L0 
     /tmp/ccHKNjJ2.s:34     .text.prvBytesInBuffer:0000000000000014 .L0 
     /tmp/ccHKNjJ2.s:35     .text.prvBytesInBuffer:0000000000000014 .L0 
     /tmp/ccHKNjJ2.s:37     .text.prvBytesInBuffer:0000000000000018 .L0 
     /tmp/ccHKNjJ2.s:38     .text.prvBytesInBuffer:0000000000000018 .L0 
     /tmp/ccHKNjJ2.s:41     .text.prvBytesInBuffer:000000000000001c .L0 
     /tmp/ccHKNjJ2.s:43     .text.prvBytesInBuffer:000000000000001c .L0 
     /tmp/ccHKNjJ2.s:44     .text.prvBytesInBuffer:000000000000001c .L0 
     /tmp/ccHKNjJ2.s:45     .text.prvBytesInBuffer:0000000000000020 .L0 
     /tmp/ccHKNjJ2.s:51     .text.prvInitialiseNewStreamBuffer:0000000000000000 prvInitialiseNewStreamBuffer
     /tmp/ccHKNjJ2.s:54     .text.prvInitialiseNewStreamBuffer:0000000000000000 .L0 
     /tmp/ccHKNjJ2.s:56     .text.prvInitialiseNewStreamBuffer:0000000000000000 $xrv64i2p1_m2p0_a2p1_f2p2_d2p2_zicsr2p0_zmmul1p0
     /tmp/ccHKNjJ2.s:56     .text.prvInitialiseNewStreamBuffer:0000000000000000 .L0 
     /tmp/ccHKNjJ2.s:58     .text.prvInitialiseNewStreamBuffer:0000000000000004 .L0 
     /tmp/ccHKNjJ2.s:65     .text.prvInitialiseNewStreamBuffer:000000000000001c .L0 
     /tmp/ccHKNjJ2.s:66     .text.prvInitialiseNewStreamBuffer:000000000000001c .L0 
     /tmp/ccHKNjJ2.s:67     .text.prvInitialiseNewStreamBuffer:000000000000001c .L0 
     /tmp/ccHKNjJ2.s:68     .text.prvInitialiseNewStreamBuffer:000000000000001c .L0 
     /tmp/ccHKNjJ2.s:69     .text.prvInitialiseNewStreamBuffer:000000000000001c .L0 
     /tmp/ccHKNjJ2.s:70     .text.prvInitialiseNewStreamBuffer:000000000000001c .L0 
     /tmp/ccHKNjJ2.s:77     .text.prvInitialiseNewStreamBuffer:0000000000000030 .L0 
     /tmp/ccHKNjJ2.s:78     .text.prvInitialiseNewStreamBuffer:0000000000000030 .L0 
     /tmp/ccHKNjJ2.s:85     .text.prvInitialiseNewStreamBuffer:0000000000000040 .L0 
     /tmp/ccHKNjJ2.s:86     .text.prvInitialiseNewStreamBuffer:0000000000000040 .L0 
     /tmp/ccHKNjJ2.s:88     .text.prvInitialiseNewStreamBuffer:0000000000000044 .L0 
     /tmp/ccHKNjJ2.s:89     .text.prvInitialiseNewStreamBuffer:0000000000000044 .L0 
     /tmp/ccHKNjJ2.s:91     .text.prvInitialiseNewStreamBuffer:0000000000000048 .L0 
     /tmp/ccHKNjJ2.s:92     .text.prvInitialiseNewStreamBuffer:0000000000000048 .L0 
     /tmp/ccHKNjJ2.s:94     .text.prvInitialiseNewStreamBuffer:000000000000004c .L0 
     /tmp/ccHKNjJ2.s:95     .text.prvInitialiseNewStreamBuffer:000000000000004c .L0 
     /tmp/ccHKNjJ2.s:97     .text.prvInitialiseNewStreamBuffer:0000000000000050 .L0 
     /tmp/ccHKNjJ2.s:98     .text.prvInitialiseNewStreamBuffer:0000000000000054 .L0 
     /tmp/ccHKNjJ2.s:100    .text.prvInitialiseNewStreamBuffer:0000000000000058 .L0 
     /tmp/ccHKNjJ2.s:103    .text.prvInitialiseNewStreamBuffer:000000000000005c .L0 
     /tmp/ccHKNjJ2.s:105    .text.prvInitialiseNewStreamBuffer:0000000000000060 .L0 
     /tmp/ccHKNjJ2.s:108    .text.prvInitialiseNewStreamBuffer:0000000000000064 .L0 
     /tmp/ccHKNjJ2.s:111    .text.prvInitialiseNewStreamBuffer:0000000000000068 .L0 
     /tmp/ccHKNjJ2.s:115    .text.prvInitialiseNewStreamBuffer:000000000000006c .L0 
     /tmp/ccHKNjJ2.s:117    .text.prvInitialiseNewStreamBuffer:0000000000000070 .L0 
     /tmp/ccHKNjJ2.s:123    .text.prvWriteBytesToBuffer:0000000000000000 prvWriteBytesToBuffer
     /tmp/ccHKNjJ2.s:126    .text.prvWriteBytesToBuffer:0000000000000000 .L0 
     /tmp/ccHKNjJ2.s:128    .text.prvWriteBytesToBuffer:0000000000000000 $xrv64i2p1_m2p0_a2p1_f2p2_d2p2_zicsr2p0_zmmul1p0
     /tmp/ccHKNjJ2.s:128    .text.prvWriteBytesToBuffer:0000000000000000 .L0 
     /tmp/ccHKNjJ2.s:130    .text.prvWriteBytesToBuffer:0000000000000004 .L0 
GAS LISTING /tmp/ccHKNjJ2.s 			page 71


     /tmp/ccHKNjJ2.s:137    .text.prvWriteBytesToBuffer:000000000000001c .L0 
     /tmp/ccHKNjJ2.s:138    .text.prvWriteBytesToBuffer:000000000000001c .L0 
     /tmp/ccHKNjJ2.s:139    .text.prvWriteBytesToBuffer:000000000000001c .L0 
     /tmp/ccHKNjJ2.s:140    .text.prvWriteBytesToBuffer:000000000000001c .L0 
     /tmp/ccHKNjJ2.s:141    .text.prvWriteBytesToBuffer:000000000000001c .L0 
     /tmp/ccHKNjJ2.s:142    .text.prvWriteBytesToBuffer:000000000000001c .L0 
     /tmp/ccHKNjJ2.s:147    .text.prvWriteBytesToBuffer:0000000000000028 .L0 
     /tmp/ccHKNjJ2.s:148    .text.prvWriteBytesToBuffer:0000000000000028 .L0 
     /tmp/ccHKNjJ2.s:149    .text.prvWriteBytesToBuffer:0000000000000028 .L0 
     /tmp/ccHKNjJ2.s:150    .text.prvWriteBytesToBuffer:0000000000000028 .L0 
     /tmp/ccHKNjJ2.s:153    .text.prvWriteBytesToBuffer:000000000000002c .L0 
     /tmp/ccHKNjJ2.s:154    .text.prvWriteBytesToBuffer:000000000000002c .L0 
     /tmp/ccHKNjJ2.s:157    .text.prvWriteBytesToBuffer:0000000000000034 .L0 
     /tmp/ccHKNjJ2.s:162    .text.prvWriteBytesToBuffer:000000000000003c .L0 
     /tmp/ccHKNjJ2.s:163    .text.prvWriteBytesToBuffer:000000000000003c .L0 
     /tmp/ccHKNjJ2.s:164    .text.prvWriteBytesToBuffer:000000000000003c .L0 
     /tmp/ccHKNjJ2.s:167    .text.prvWriteBytesToBuffer:0000000000000040 .L0 
     /tmp/ccHKNjJ2.s:175    .text.prvWriteBytesToBuffer:0000000000000054 .L0 
     /tmp/ccHKNjJ2.s:176    .text.prvWriteBytesToBuffer:0000000000000054 .L0 
     /tmp/ccHKNjJ2.s:179    .text.prvWriteBytesToBuffer:0000000000000058 .L0 
     /tmp/ccHKNjJ2.s:180    .text.prvWriteBytesToBuffer:0000000000000058 .L0 
     /tmp/ccHKNjJ2.s:181    .text.prvWriteBytesToBuffer:0000000000000058 .L0 
     /tmp/ccHKNjJ2.s:184    .text.prvWriteBytesToBuffer:000000000000005c .L0 
     /tmp/ccHKNjJ2.s:185    .text.prvWriteBytesToBuffer:000000000000005c .L0 
     /tmp/ccHKNjJ2.s:187    .text.prvWriteBytesToBuffer:0000000000000060 .L0 
     /tmp/ccHKNjJ2.s:189    .text.prvWriteBytesToBuffer:0000000000000064 .L0 
     /tmp/ccHKNjJ2.s:190    .text.prvWriteBytesToBuffer:0000000000000064 .L0 
     /tmp/ccHKNjJ2.s:194    .text.prvWriteBytesToBuffer:0000000000000068 .L0 
     /tmp/ccHKNjJ2.s:195    .text.prvWriteBytesToBuffer:0000000000000068 .L0 
     /tmp/ccHKNjJ2.s:196    .text.prvWriteBytesToBuffer:0000000000000068 .L0 
     /tmp/ccHKNjJ2.s:198    .text.prvWriteBytesToBuffer:000000000000006c .L0 
     /tmp/ccHKNjJ2.s:199    .text.prvWriteBytesToBuffer:000000000000006c .L0 
     /tmp/ccHKNjJ2.s:201    .text.prvWriteBytesToBuffer:0000000000000074 .L0 
     /tmp/ccHKNjJ2.s:202    .text.prvWriteBytesToBuffer:0000000000000074 .L0 
     /tmp/ccHKNjJ2.s:204    .text.prvWriteBytesToBuffer:0000000000000078 .L0 
     /tmp/ccHKNjJ2.s:207    .text.prvWriteBytesToBuffer:000000000000007c .L0 
     /tmp/ccHKNjJ2.s:210    .text.prvWriteBytesToBuffer:0000000000000080 .L0 
     /tmp/ccHKNjJ2.s:213    .text.prvWriteBytesToBuffer:0000000000000084 .L0 
     /tmp/ccHKNjJ2.s:216    .text.prvWriteBytesToBuffer:0000000000000088 .L0 
     /tmp/ccHKNjJ2.s:220    .text.prvWriteBytesToBuffer:000000000000008c .L0 
     /tmp/ccHKNjJ2.s:225    .text.prvWriteBytesToBuffer:0000000000000090 .L0 
     /tmp/ccHKNjJ2.s:227    .text.prvWriteBytesToBuffer:0000000000000090 .L0 
     /tmp/ccHKNjJ2.s:228    .text.prvWriteBytesToBuffer:0000000000000090 .L0 
     /tmp/ccHKNjJ2.s:229    .text.prvWriteBytesToBuffer:0000000000000090 .L0 
     /tmp/ccHKNjJ2.s:235    .text.prvWriteBytesToBuffer:00000000000000a8 .L0 
     /tmp/ccHKNjJ2.s:241    .text.prvWriteMessageToBuffer:0000000000000000 prvWriteMessageToBuffer
     /tmp/ccHKNjJ2.s:244    .text.prvWriteMessageToBuffer:0000000000000000 .L0 
     /tmp/ccHKNjJ2.s:246    .text.prvWriteMessageToBuffer:0000000000000000 $xrv64i2p1_m2p0_a2p1_f2p2_d2p2_zicsr2p0_zmmul1p0
     /tmp/ccHKNjJ2.s:246    .text.prvWriteMessageToBuffer:0000000000000000 .L0 
     /tmp/ccHKNjJ2.s:248    .text.prvWriteMessageToBuffer:0000000000000004 .L0 
     /tmp/ccHKNjJ2.s:252    .text.prvWriteMessageToBuffer:0000000000000010 .L0 
     /tmp/ccHKNjJ2.s:253    .text.prvWriteMessageToBuffer:0000000000000010 .L0 
     /tmp/ccHKNjJ2.s:254    .text.prvWriteMessageToBuffer:0000000000000010 .L0 
     /tmp/ccHKNjJ2.s:260    .text.prvWriteMessageToBuffer:000000000000001c .L0 
     /tmp/ccHKNjJ2.s:261    .text.prvWriteMessageToBuffer:000000000000001c .L0 
     /tmp/ccHKNjJ2.s:262    .text.prvWriteMessageToBuffer:000000000000001c .L0 
     /tmp/ccHKNjJ2.s:263    .text.prvWriteMessageToBuffer:000000000000001c .L0 
GAS LISTING /tmp/ccHKNjJ2.s 			page 72


     /tmp/ccHKNjJ2.s:266    .text.prvWriteMessageToBuffer:0000000000000024 .L0 
     /tmp/ccHKNjJ2.s:267    .text.prvWriteMessageToBuffer:0000000000000024 .L0 
     /tmp/ccHKNjJ2.s:269    .text.prvWriteMessageToBuffer:0000000000000028 .L0 
     /tmp/ccHKNjJ2.s:273    .text.prvWriteMessageToBuffer:0000000000000030 .L0 
     /tmp/ccHKNjJ2.s:274    .text.prvWriteMessageToBuffer:0000000000000030 .L0 
     /tmp/ccHKNjJ2.s:275    .text.prvWriteMessageToBuffer:0000000000000030 .L0 
     /tmp/ccHKNjJ2.s:281    .text.prvWriteMessageToBuffer:000000000000003c .L0 
     /tmp/ccHKNjJ2.s:285    .text.prvWriteMessageToBuffer:0000000000000040 .L0 
     /tmp/ccHKNjJ2.s:286    .text.prvWriteMessageToBuffer:0000000000000040 .L0 
     /tmp/ccHKNjJ2.s:287    .text.prvWriteMessageToBuffer:0000000000000040 .L0 
     /tmp/ccHKNjJ2.s:294    .text.prvWriteMessageToBuffer:0000000000000054 .L0 
     /tmp/ccHKNjJ2.s:295    .text.prvWriteMessageToBuffer:0000000000000054 .L0 
     /tmp/ccHKNjJ2.s:296    .text.prvWriteMessageToBuffer:0000000000000058 .L0 
     /tmp/ccHKNjJ2.s:297    .text.prvWriteMessageToBuffer:0000000000000058 .L0 
     /tmp/ccHKNjJ2.s:299    .text.prvWriteMessageToBuffer:000000000000005c .L0 
     /tmp/ccHKNjJ2.s:302    .text.prvWriteMessageToBuffer:0000000000000060 .L0 
     /tmp/ccHKNjJ2.s:305    .text.prvWriteMessageToBuffer:0000000000000064 .L0 
     /tmp/ccHKNjJ2.s:310    .text.prvWriteMessageToBuffer:0000000000000068 .L0 
     /tmp/ccHKNjJ2.s:312    .text.prvWriteMessageToBuffer:0000000000000068 .L0 
     /tmp/ccHKNjJ2.s:313    .text.prvWriteMessageToBuffer:0000000000000068 .L0 
     /tmp/ccHKNjJ2.s:315    .text.prvWriteMessageToBuffer:000000000000006c .L0 
     /tmp/ccHKNjJ2.s:321    .text.prvWriteMessageToBuffer:0000000000000074 .L0 
     /tmp/ccHKNjJ2.s:322    .text.prvWriteMessageToBuffer:0000000000000074 .L0 
     /tmp/ccHKNjJ2.s:323    .text.prvWriteMessageToBuffer:0000000000000074 .L0 
     /tmp/ccHKNjJ2.s:332    .text.prvWriteMessageToBuffer:0000000000000088 .L0 
     /tmp/ccHKNjJ2.s:333    .text.prvWriteMessageToBuffer:000000000000008c .L0 
     /tmp/ccHKNjJ2.s:339    .text.prvReadBytesFromBuffer:0000000000000000 prvReadBytesFromBuffer
     /tmp/ccHKNjJ2.s:342    .text.prvReadBytesFromBuffer:0000000000000000 .L0 
     /tmp/ccHKNjJ2.s:344    .text.prvReadBytesFromBuffer:0000000000000000 $xrv64i2p1_m2p0_a2p1_f2p2_d2p2_zicsr2p0_zmmul1p0
     /tmp/ccHKNjJ2.s:344    .text.prvReadBytesFromBuffer:0000000000000000 .L0 
     /tmp/ccHKNjJ2.s:346    .text.prvReadBytesFromBuffer:0000000000000004 .L0 
     /tmp/ccHKNjJ2.s:353    .text.prvReadBytesFromBuffer:000000000000001c .L0 
     /tmp/ccHKNjJ2.s:354    .text.prvReadBytesFromBuffer:000000000000001c .L0 
     /tmp/ccHKNjJ2.s:355    .text.prvReadBytesFromBuffer:000000000000001c .L0 
     /tmp/ccHKNjJ2.s:356    .text.prvReadBytesFromBuffer:000000000000001c .L0 
     /tmp/ccHKNjJ2.s:357    .text.prvReadBytesFromBuffer:000000000000001c .L0 
     /tmp/ccHKNjJ2.s:358    .text.prvReadBytesFromBuffer:000000000000001c .L0 
     /tmp/ccHKNjJ2.s:362    .text.prvReadBytesFromBuffer:0000000000000024 .L0 
     /tmp/ccHKNjJ2.s:363    .text.prvReadBytesFromBuffer:0000000000000024 .L0 
     /tmp/ccHKNjJ2.s:364    .text.prvReadBytesFromBuffer:0000000000000024 .L0 
     /tmp/ccHKNjJ2.s:370    .text.prvReadBytesFromBuffer:0000000000000030 .L0 
     /tmp/ccHKNjJ2.s:371    .text.prvReadBytesFromBuffer:0000000000000030 .L0 
     /tmp/ccHKNjJ2.s:375    .text.prvReadBytesFromBuffer:0000000000000034 .L0 
     /tmp/ccHKNjJ2.s:377    .text.prvReadBytesFromBuffer:000000000000003c .L0 
     /tmp/ccHKNjJ2.s:378    .text.prvReadBytesFromBuffer:000000000000003c .L0 
     /tmp/ccHKNjJ2.s:380    .text.prvReadBytesFromBuffer:0000000000000040 .L0 
     /tmp/ccHKNjJ2.s:383    .text.prvReadBytesFromBuffer:0000000000000044 .L0 
     /tmp/ccHKNjJ2.s:386    .text.prvReadBytesFromBuffer:0000000000000048 .L0 
     /tmp/ccHKNjJ2.s:389    .text.prvReadBytesFromBuffer:000000000000004c .L0 
     /tmp/ccHKNjJ2.s:391    .text.prvReadBytesFromBuffer:0000000000000050 .L0 
     /tmp/ccHKNjJ2.s:394    .text.prvReadBytesFromBuffer:0000000000000054 .L0 
     /tmp/ccHKNjJ2.s:399    .text.prvReadBytesFromBuffer:0000000000000058 .L0 
     /tmp/ccHKNjJ2.s:401    .text.prvReadBytesFromBuffer:0000000000000058 .L0 
     /tmp/ccHKNjJ2.s:402    .text.prvReadBytesFromBuffer:0000000000000058 .L0 
     /tmp/ccHKNjJ2.s:405    .text.prvReadBytesFromBuffer:000000000000005c .L0 
     /tmp/ccHKNjJ2.s:406    .text.prvReadBytesFromBuffer:000000000000005c .L0 
     /tmp/ccHKNjJ2.s:409    .text.prvReadBytesFromBuffer:0000000000000064 .L0 
GAS LISTING /tmp/ccHKNjJ2.s 			page 73


     /tmp/ccHKNjJ2.s:414    .text.prvReadBytesFromBuffer:000000000000006c .L0 
     /tmp/ccHKNjJ2.s:415    .text.prvReadBytesFromBuffer:000000000000006c .L0 
     /tmp/ccHKNjJ2.s:416    .text.prvReadBytesFromBuffer:000000000000006c .L0 
     /tmp/ccHKNjJ2.s:417    .text.prvReadBytesFromBuffer:000000000000006c .L0 
     /tmp/ccHKNjJ2.s:420    .text.prvReadBytesFromBuffer:0000000000000070 .L0 
     /tmp/ccHKNjJ2.s:427    .text.prvReadBytesFromBuffer:0000000000000084 .L0 
     /tmp/ccHKNjJ2.s:428    .text.prvReadBytesFromBuffer:0000000000000084 .L0 
     /tmp/ccHKNjJ2.s:431    .text.prvReadBytesFromBuffer:0000000000000088 .L0 
     /tmp/ccHKNjJ2.s:432    .text.prvReadBytesFromBuffer:0000000000000088 .L0 
     /tmp/ccHKNjJ2.s:433    .text.prvReadBytesFromBuffer:0000000000000088 .L0 
     /tmp/ccHKNjJ2.s:436    .text.prvReadBytesFromBuffer:000000000000008c .L0 
     /tmp/ccHKNjJ2.s:437    .text.prvReadBytesFromBuffer:000000000000008c .L0 
     /tmp/ccHKNjJ2.s:439    .text.prvReadBytesFromBuffer:0000000000000090 .L0 
     /tmp/ccHKNjJ2.s:441    .text.prvReadBytesFromBuffer:0000000000000094 .L0 
     /tmp/ccHKNjJ2.s:442    .text.prvReadBytesFromBuffer:0000000000000094 .L0 
     /tmp/ccHKNjJ2.s:446    .text.prvReadBytesFromBuffer:0000000000000098 .L0 
     /tmp/ccHKNjJ2.s:447    .text.prvReadBytesFromBuffer:0000000000000098 .L0 
     /tmp/ccHKNjJ2.s:449    .text.prvReadBytesFromBuffer:000000000000009c .L0 
     /tmp/ccHKNjJ2.s:450    .text.prvReadBytesFromBuffer:000000000000009c .L0 
     /tmp/ccHKNjJ2.s:451    .text.prvReadBytesFromBuffer:000000000000009c .L0 
     /tmp/ccHKNjJ2.s:454    .text.prvReadBytesFromBuffer:00000000000000a0 .L0 
     /tmp/ccHKNjJ2.s:455    .text.prvReadBytesFromBuffer:00000000000000a0 .L0 
     /tmp/ccHKNjJ2.s:456    .text.prvReadBytesFromBuffer:00000000000000a0 .L0 
     /tmp/ccHKNjJ2.s:462    .text.prvReadBytesFromBuffer:00000000000000b8 .L0 
     /tmp/ccHKNjJ2.s:468    .text.prvReadMessageFromBuffer:0000000000000000 prvReadMessageFromBuffer
     /tmp/ccHKNjJ2.s:471    .text.prvReadMessageFromBuffer:0000000000000000 .L0 
     /tmp/ccHKNjJ2.s:473    .text.prvReadMessageFromBuffer:0000000000000000 $xrv64i2p1_m2p0_a2p1_f2p2_d2p2_zicsr2p0_zmmul1p0
     /tmp/ccHKNjJ2.s:473    .text.prvReadMessageFromBuffer:0000000000000000 .L0 
     /tmp/ccHKNjJ2.s:475    .text.prvReadMessageFromBuffer:0000000000000004 .L0 
     /tmp/ccHKNjJ2.s:483    .text.prvReadMessageFromBuffer:0000000000000020 .L0 
     /tmp/ccHKNjJ2.s:484    .text.prvReadMessageFromBuffer:0000000000000020 .L0 
     /tmp/ccHKNjJ2.s:485    .text.prvReadMessageFromBuffer:0000000000000020 .L0 
     /tmp/ccHKNjJ2.s:486    .text.prvReadMessageFromBuffer:0000000000000020 .L0 
     /tmp/ccHKNjJ2.s:487    .text.prvReadMessageFromBuffer:0000000000000020 .L0 
     /tmp/ccHKNjJ2.s:488    .text.prvReadMessageFromBuffer:0000000000000020 .L0 
     /tmp/ccHKNjJ2.s:489    .text.prvReadMessageFromBuffer:0000000000000020 .L0 
     /tmp/ccHKNjJ2.s:495    .text.prvReadMessageFromBuffer:0000000000000030 .L0 
     /tmp/ccHKNjJ2.s:496    .text.prvReadMessageFromBuffer:0000000000000030 .L0 
     /tmp/ccHKNjJ2.s:497    .text.prvReadMessageFromBuffer:0000000000000030 .L0 
     /tmp/ccHKNjJ2.s:498    .text.prvReadMessageFromBuffer:0000000000000030 .L0 
     /tmp/ccHKNjJ2.s:502    .text.prvReadMessageFromBuffer:0000000000000034 .L0 
     /tmp/ccHKNjJ2.s:503    .text.prvReadMessageFromBuffer:0000000000000034 .L0 
     /tmp/ccHKNjJ2.s:510    .text.prvReadMessageFromBuffer:000000000000004c .L0 
     /tmp/ccHKNjJ2.s:511    .text.prvReadMessageFromBuffer:000000000000004c .L0 
     /tmp/ccHKNjJ2.s:512    .text.prvReadMessageFromBuffer:0000000000000050 .L0 
     /tmp/ccHKNjJ2.s:513    .text.prvReadMessageFromBuffer:0000000000000050 .L0 
     /tmp/ccHKNjJ2.s:515    .text.prvReadMessageFromBuffer:0000000000000054 .L0 
     /tmp/ccHKNjJ2.s:518    .text.prvReadMessageFromBuffer:0000000000000058 .L0 
     /tmp/ccHKNjJ2.s:521    .text.prvReadMessageFromBuffer:000000000000005c .L0 
     /tmp/ccHKNjJ2.s:524    .text.prvReadMessageFromBuffer:0000000000000060 .L0 
     /tmp/ccHKNjJ2.s:526    .text.prvReadMessageFromBuffer:0000000000000064 .L0 
     /tmp/ccHKNjJ2.s:529    .text.prvReadMessageFromBuffer:0000000000000068 .L0 
     /tmp/ccHKNjJ2.s:532    .text.prvReadMessageFromBuffer:000000000000006c .L0 
     /tmp/ccHKNjJ2.s:537    .text.prvReadMessageFromBuffer:0000000000000070 .L0 
     /tmp/ccHKNjJ2.s:540    .text.prvReadMessageFromBuffer:0000000000000074 .L0 
     /tmp/ccHKNjJ2.s:541    .text.prvReadMessageFromBuffer:0000000000000074 .L0 
     /tmp/ccHKNjJ2.s:544    .text.prvReadMessageFromBuffer:0000000000000078 .L0 
GAS LISTING /tmp/ccHKNjJ2.s 			page 74


     /tmp/ccHKNjJ2.s:545    .text.prvReadMessageFromBuffer:0000000000000078 .L0 
     /tmp/ccHKNjJ2.s:552    .text.prvReadMessageFromBuffer:0000000000000088 .L0 
     /tmp/ccHKNjJ2.s:553    .text.prvReadMessageFromBuffer:0000000000000088 .L0 
     /tmp/ccHKNjJ2.s:556    .text.prvReadMessageFromBuffer:000000000000008c .L0 
     /tmp/ccHKNjJ2.s:557    .text.prvReadMessageFromBuffer:000000000000008c .L0 
     /tmp/ccHKNjJ2.s:560    .text.prvReadMessageFromBuffer:0000000000000090 .L0 
     /tmp/ccHKNjJ2.s:561    .text.prvReadMessageFromBuffer:0000000000000090 .L0 
     /tmp/ccHKNjJ2.s:563    .text.prvReadMessageFromBuffer:0000000000000094 .L0 
     /tmp/ccHKNjJ2.s:564    .text.prvReadMessageFromBuffer:0000000000000094 .L0 
     /tmp/ccHKNjJ2.s:567    .text.prvReadMessageFromBuffer:0000000000000098 .L0 
     /tmp/ccHKNjJ2.s:568    .text.prvReadMessageFromBuffer:0000000000000098 .L0 
     /tmp/ccHKNjJ2.s:574    .text.prvReadMessageFromBuffer:00000000000000a0 .L0 
     /tmp/ccHKNjJ2.s:577    .text.prvReadMessageFromBuffer:00000000000000a8 .L0 
     /tmp/ccHKNjJ2.s:584    .text.xStreamBufferGenericCreate:0000000000000000 xStreamBufferGenericCreate
     /tmp/ccHKNjJ2.s:587    .text.xStreamBufferGenericCreate:0000000000000000 .L0 
     /tmp/ccHKNjJ2.s:589    .text.xStreamBufferGenericCreate:0000000000000000 $xrv64i2p1_m2p0_a2p1_f2p2_d2p2_zicsr2p0_zmmul1p0
     /tmp/ccHKNjJ2.s:589    .text.xStreamBufferGenericCreate:0000000000000000 .L0 
     /tmp/ccHKNjJ2.s:591    .text.xStreamBufferGenericCreate:0000000000000004 .L0 
     /tmp/ccHKNjJ2.s:597    .text.xStreamBufferGenericCreate:0000000000000018 .L0 
     /tmp/ccHKNjJ2.s:598    .text.xStreamBufferGenericCreate:0000000000000018 .L0 
     /tmp/ccHKNjJ2.s:599    .text.xStreamBufferGenericCreate:0000000000000018 .L0 
     /tmp/ccHKNjJ2.s:600    .text.xStreamBufferGenericCreate:0000000000000018 .L0 
     /tmp/ccHKNjJ2.s:601    .text.xStreamBufferGenericCreate:0000000000000018 .L0 
     /tmp/ccHKNjJ2.s:604    .text.xStreamBufferGenericCreate:000000000000001c .L0 
     /tmp/ccHKNjJ2.s:605    .text.xStreamBufferGenericCreate:000000000000001c .L0 
     /tmp/ccHKNjJ2.s:606    .text.xStreamBufferGenericCreate:000000000000001c .L0 
     /tmp/ccHKNjJ2.s:607    .text.xStreamBufferGenericCreate:000000000000001c .L0 
     /tmp/ccHKNjJ2.s:610    .text.xStreamBufferGenericCreate:0000000000000024 .L0 
     /tmp/ccHKNjJ2.s:614    .text.xStreamBufferGenericCreate:0000000000000028 .L0 
     /tmp/ccHKNjJ2.s:615    .text.xStreamBufferGenericCreate:0000000000000028 .L0 
     /tmp/ccHKNjJ2.s:616    .text.xStreamBufferGenericCreate:0000000000000028 .L0 
     /tmp/ccHKNjJ2.s:617    .text.xStreamBufferGenericCreate:0000000000000028 .L0 
     /tmp/ccHKNjJ2.s:619    .text.xStreamBufferGenericCreate:000000000000002c .L0 
     /tmp/ccHKNjJ2.s:623    .text.xStreamBufferGenericCreate:0000000000000030 .L0 
     /tmp/ccHKNjJ2.s:624    .text.xStreamBufferGenericCreate:0000000000000030 .L0 
     /tmp/ccHKNjJ2.s:627    .text.xStreamBufferGenericCreate:0000000000000038 .L0 
     /tmp/ccHKNjJ2.s:628    .text.xStreamBufferGenericCreate:0000000000000038 .L0 
     /tmp/ccHKNjJ2.s:631    .text.xStreamBufferGenericCreate:000000000000003c .L0 
     /tmp/ccHKNjJ2.s:632    .text.xStreamBufferGenericCreate:000000000000003c .L0 
     /tmp/ccHKNjJ2.s:638    .text.xStreamBufferGenericCreate:000000000000004c .L0 
     /tmp/ccHKNjJ2.s:639    .text.xStreamBufferGenericCreate:000000000000004c .L0 
     /tmp/ccHKNjJ2.s:641    .text.xStreamBufferGenericCreate:0000000000000050 .L0 
     /tmp/ccHKNjJ2.s:648    .text.xStreamBufferGenericCreate:0000000000000068 .L0 
     /tmp/ccHKNjJ2.s:652    .text.xStreamBufferGenericCreate:000000000000006c .L0 
     /tmp/ccHKNjJ2.s:657    .text.xStreamBufferGenericCreate:0000000000000074 .L0 
     /tmp/ccHKNjJ2.s:660    .text.xStreamBufferGenericCreate:0000000000000078 .L0 
     /tmp/ccHKNjJ2.s:662    .text.xStreamBufferGenericCreate:0000000000000078 .L0 
     /tmp/ccHKNjJ2.s:663    .text.xStreamBufferGenericCreate:0000000000000078 .L0 
     /tmp/ccHKNjJ2.s:665    .text.xStreamBufferGenericCreate:0000000000000080 .L0 
     /tmp/ccHKNjJ2.s:667    .text.xStreamBufferGenericCreate:0000000000000084 .L0 
     /tmp/ccHKNjJ2.s:670    .text.xStreamBufferGenericCreate:0000000000000088 .L0 
     /tmp/ccHKNjJ2.s:672    .text.xStreamBufferGenericCreate:000000000000008c .L0 
     /tmp/ccHKNjJ2.s:675    .text.xStreamBufferGenericCreate:0000000000000090 .L0 
     /tmp/ccHKNjJ2.s:678    .text.xStreamBufferGenericCreate:0000000000000094 .L0 
     /tmp/ccHKNjJ2.s:680    .text.xStreamBufferGenericCreate:0000000000000098 .L0 
     /tmp/ccHKNjJ2.s:687    .text.vStreamBufferDelete:0000000000000000 vStreamBufferDelete
     /tmp/ccHKNjJ2.s:690    .text.vStreamBufferDelete:0000000000000000 .L0 
GAS LISTING /tmp/ccHKNjJ2.s 			page 75


     /tmp/ccHKNjJ2.s:692    .text.vStreamBufferDelete:0000000000000000 $xrv64i2p1_m2p0_a2p1_f2p2_d2p2_zicsr2p0_zmmul1p0
     /tmp/ccHKNjJ2.s:692    .text.vStreamBufferDelete:0000000000000000 .L0 
     /tmp/ccHKNjJ2.s:694    .text.vStreamBufferDelete:0000000000000004 .L0 
     /tmp/ccHKNjJ2.s:696    .text.vStreamBufferDelete:0000000000000008 .L0 
     /tmp/ccHKNjJ2.s:699    .text.vStreamBufferDelete:0000000000000008 .L0 
     /tmp/ccHKNjJ2.s:700    .text.vStreamBufferDelete:0000000000000008 .L0 
     /tmp/ccHKNjJ2.s:701    .text.vStreamBufferDelete:0000000000000008 .L0 
     /tmp/ccHKNjJ2.s:702    .text.vStreamBufferDelete:0000000000000008 .L0 
     /tmp/ccHKNjJ2.s:703    .text.vStreamBufferDelete:0000000000000008 .L0 
     /tmp/ccHKNjJ2.s:705    .text.vStreamBufferDelete:000000000000000c .L0 
     /tmp/ccHKNjJ2.s:708    .text.vStreamBufferDelete:0000000000000014 .L0 
     /tmp/ccHKNjJ2.s:712    .text.vStreamBufferDelete:000000000000001c .L0 
     /tmp/ccHKNjJ2.s:713    .text.vStreamBufferDelete:0000000000000020 .L0 
     /tmp/ccHKNjJ2.s:714    .text.vStreamBufferDelete:0000000000000020 .L0 
     /tmp/ccHKNjJ2.s:717    .text.vStreamBufferDelete:0000000000000024 .L0 
     /tmp/ccHKNjJ2.s:722    .text.vStreamBufferDelete:0000000000000028 .L0 
     /tmp/ccHKNjJ2.s:724    .text.vStreamBufferDelete:0000000000000028 .L0 
     /tmp/ccHKNjJ2.s:725    .text.vStreamBufferDelete:0000000000000028 .L0 
     /tmp/ccHKNjJ2.s:730    .text.vStreamBufferDelete:0000000000000038 .L0 
     /tmp/ccHKNjJ2.s:731    .text.vStreamBufferDelete:000000000000003c .L0 
     /tmp/ccHKNjJ2.s:738    .text.xStreamBufferReset:0000000000000000 xStreamBufferReset
     /tmp/ccHKNjJ2.s:741    .text.xStreamBufferReset:0000000000000000 .L0 
     /tmp/ccHKNjJ2.s:743    .text.xStreamBufferReset:0000000000000000 $xrv64i2p1_m2p0_a2p1_f2p2_d2p2_zicsr2p0_zmmul1p0
     /tmp/ccHKNjJ2.s:743    .text.xStreamBufferReset:0000000000000000 .L0 
     /tmp/ccHKNjJ2.s:745    .text.xStreamBufferReset:0000000000000004 .L0 
     /tmp/ccHKNjJ2.s:749    .text.xStreamBufferReset:0000000000000010 .L0 
     /tmp/ccHKNjJ2.s:750    .text.xStreamBufferReset:0000000000000010 .L0 
     /tmp/ccHKNjJ2.s:751    .text.xStreamBufferReset:0000000000000010 .L0 
     /tmp/ccHKNjJ2.s:755    .text.xStreamBufferReset:0000000000000014 .L0 
     /tmp/ccHKNjJ2.s:756    .text.xStreamBufferReset:0000000000000014 .L0 
     /tmp/ccHKNjJ2.s:757    .text.xStreamBufferReset:0000000000000014 .L0 
     /tmp/ccHKNjJ2.s:758    .text.xStreamBufferReset:0000000000000014 .L0 
     /tmp/ccHKNjJ2.s:759    .text.xStreamBufferReset:0000000000000014 .L0 
     /tmp/ccHKNjJ2.s:760    .text.xStreamBufferReset:0000000000000014 .L0 
     /tmp/ccHKNjJ2.s:763    .text.xStreamBufferReset:0000000000000018 .L0 
     /tmp/ccHKNjJ2.s:766    .text.xStreamBufferReset:0000000000000020 .L0 
     /tmp/ccHKNjJ2.s:767    .text.xStreamBufferReset:0000000000000020 .L0 
     /tmp/ccHKNjJ2.s:769    .text.xStreamBufferReset:0000000000000024 .L0 
     /tmp/ccHKNjJ2.s:771    .text.xStreamBufferReset:0000000000000028 .L0 
     /tmp/ccHKNjJ2.s:775    .text.xStreamBufferReset:000000000000002c .L0 
     /tmp/ccHKNjJ2.s:776    .text.xStreamBufferReset:000000000000002c .L0 
     /tmp/ccHKNjJ2.s:779    .text.xStreamBufferReset:0000000000000034 .L0 
     /tmp/ccHKNjJ2.s:780    .text.xStreamBufferReset:0000000000000034 .L0 
     /tmp/ccHKNjJ2.s:782    .text.xStreamBufferReset:000000000000003c .L0 
     /tmp/ccHKNjJ2.s:783    .text.xStreamBufferReset:000000000000003c .L0 
     /tmp/ccHKNjJ2.s:785    .text.xStreamBufferReset:0000000000000040 .L0 
     /tmp/ccHKNjJ2.s:788    .text.xStreamBufferReset:0000000000000044 .L0 
     /tmp/ccHKNjJ2.s:792    .text.xStreamBufferReset:0000000000000048 .L0 
     /tmp/ccHKNjJ2.s:797    .text.xStreamBufferReset:000000000000004c .L0 
     /tmp/ccHKNjJ2.s:799    .text.xStreamBufferReset:000000000000004c .L0 
     /tmp/ccHKNjJ2.s:800    .text.xStreamBufferReset:000000000000004c .L0 
     /tmp/ccHKNjJ2.s:802    .text.xStreamBufferReset:0000000000000050 .L0 
     /tmp/ccHKNjJ2.s:804    .text.xStreamBufferReset:0000000000000054 .L0 
     /tmp/ccHKNjJ2.s:810    .text.xStreamBufferReset:000000000000005c .L0 
     /tmp/ccHKNjJ2.s:818    .text.xStreamBufferReset:0000000000000078 .L0 
     /tmp/ccHKNjJ2.s:819    .text.xStreamBufferReset:0000000000000078 .L0 
     /tmp/ccHKNjJ2.s:820    .text.xStreamBufferReset:0000000000000078 .L0 
GAS LISTING /tmp/ccHKNjJ2.s 			page 76


     /tmp/ccHKNjJ2.s:822    .text.xStreamBufferReset:000000000000007c .L0 
     /tmp/ccHKNjJ2.s:825    .text.xStreamBufferReset:0000000000000084 .L0 
     /tmp/ccHKNjJ2.s:832    .text.xStreamBufferSetTriggerLevel:0000000000000000 xStreamBufferSetTriggerLevel
     /tmp/ccHKNjJ2.s:835    .text.xStreamBufferSetTriggerLevel:0000000000000000 .L0 
     /tmp/ccHKNjJ2.s:837    .text.xStreamBufferSetTriggerLevel:0000000000000000 .L0 
     /tmp/ccHKNjJ2.s:838    .text.xStreamBufferSetTriggerLevel:0000000000000000 .L0 
     /tmp/ccHKNjJ2.s:839    .text.xStreamBufferSetTriggerLevel:0000000000000000 .L0 
     /tmp/ccHKNjJ2.s:840    .text.xStreamBufferSetTriggerLevel:0000000000000000 .L0 
     /tmp/ccHKNjJ2.s:841    .text.xStreamBufferSetTriggerLevel:0000000000000000 .L0 
     /tmp/ccHKNjJ2.s:842    .text.xStreamBufferSetTriggerLevel:0000000000000000 $xrv64i2p1_m2p0_a2p1_f2p2_d2p2_zicsr2p0_zmmul1p0
     /tmp/ccHKNjJ2.s:842    .text.xStreamBufferSetTriggerLevel:0000000000000000 .L0 
     /tmp/ccHKNjJ2.s:844    .text.xStreamBufferSetTriggerLevel:0000000000000004 .L0 
     /tmp/ccHKNjJ2.s:848    .text.xStreamBufferSetTriggerLevel:0000000000000008 .L0 
     /tmp/ccHKNjJ2.s:849    .text.xStreamBufferSetTriggerLevel:0000000000000008 .L0 
     /tmp/ccHKNjJ2.s:851    .text.xStreamBufferSetTriggerLevel:000000000000000c .L0 
     /tmp/ccHKNjJ2.s:853    .text.xStreamBufferSetTriggerLevel:0000000000000010 .L0 
     /tmp/ccHKNjJ2.s:854    .text.xStreamBufferSetTriggerLevel:0000000000000010 .L0 
     /tmp/ccHKNjJ2.s:857    .text.xStreamBufferSetTriggerLevel:0000000000000014 .L0 
     /tmp/ccHKNjJ2.s:858    .text.xStreamBufferSetTriggerLevel:0000000000000014 .L0 
     /tmp/ccHKNjJ2.s:864    .text.xStreamBufferSetTriggerLevel:000000000000001c .L0 
     /tmp/ccHKNjJ2.s:867    .text.xStreamBufferSetTriggerLevel:0000000000000020 .L0 
     /tmp/ccHKNjJ2.s:868    .text.xStreamBufferSetTriggerLevel:0000000000000020 .L0 
     /tmp/ccHKNjJ2.s:869    .text.xStreamBufferSetTriggerLevel:0000000000000024 .L0 
     /tmp/ccHKNjJ2.s:876    .text.xStreamBufferSpacesAvailable:0000000000000000 xStreamBufferSpacesAvailable
     /tmp/ccHKNjJ2.s:879    .text.xStreamBufferSpacesAvailable:0000000000000000 .L0 
     /tmp/ccHKNjJ2.s:881    .text.xStreamBufferSpacesAvailable:0000000000000000 .L0 
     /tmp/ccHKNjJ2.s:882    .text.xStreamBufferSpacesAvailable:0000000000000000 .L0 
     /tmp/ccHKNjJ2.s:883    .text.xStreamBufferSpacesAvailable:0000000000000000 .L0 
     /tmp/ccHKNjJ2.s:884    .text.xStreamBufferSpacesAvailable:0000000000000000 .L0 
     /tmp/ccHKNjJ2.s:885    .text.xStreamBufferSpacesAvailable:0000000000000000 .L0 
     /tmp/ccHKNjJ2.s:886    .text.xStreamBufferSpacesAvailable:0000000000000000 $xrv64i2p1_m2p0_a2p1_f2p2_d2p2_zicsr2p0_zmmul1p0
     /tmp/ccHKNjJ2.s:886    .text.xStreamBufferSpacesAvailable:0000000000000000 .L0 
     /tmp/ccHKNjJ2.s:888    .text.xStreamBufferSpacesAvailable:0000000000000004 .L0 
     /tmp/ccHKNjJ2.s:890    .text.xStreamBufferSpacesAvailable:0000000000000008 .L0 
     /tmp/ccHKNjJ2.s:893    .text.xStreamBufferSpacesAvailable:000000000000000c .L0 
     /tmp/ccHKNjJ2.s:894    .text.xStreamBufferSpacesAvailable:000000000000000c .L0 
     /tmp/ccHKNjJ2.s:896    .text.xStreamBufferSpacesAvailable:0000000000000010 .L0 
     /tmp/ccHKNjJ2.s:899    .text.xStreamBufferSpacesAvailable:0000000000000014 .L0 
     /tmp/ccHKNjJ2.s:900    .text.xStreamBufferSpacesAvailable:0000000000000014 .L0 
     /tmp/ccHKNjJ2.s:903    .text.xStreamBufferSpacesAvailable:0000000000000018 .L0 
     /tmp/ccHKNjJ2.s:904    .text.xStreamBufferSpacesAvailable:0000000000000018 .L0 
     /tmp/ccHKNjJ2.s:906    .text.xStreamBufferSpacesAvailable:000000000000001c .L0 
     /tmp/ccHKNjJ2.s:907    .text.xStreamBufferSpacesAvailable:000000000000001c .L0 
     /tmp/ccHKNjJ2.s:910    .text.xStreamBufferSpacesAvailable:0000000000000020 .L0 
     /tmp/ccHKNjJ2.s:912    .text.xStreamBufferSpacesAvailable:0000000000000020 .L0 
     /tmp/ccHKNjJ2.s:913    .text.xStreamBufferSpacesAvailable:0000000000000020 .L0 
     /tmp/ccHKNjJ2.s:914    .text.xStreamBufferSpacesAvailable:0000000000000024 .L0 
     /tmp/ccHKNjJ2.s:921    .text.xStreamBufferBytesAvailable:0000000000000000 xStreamBufferBytesAvailable
     /tmp/ccHKNjJ2.s:924    .text.xStreamBufferBytesAvailable:0000000000000000 .L0 
     /tmp/ccHKNjJ2.s:926    .text.xStreamBufferBytesAvailable:0000000000000000 $xrv64i2p1_m2p0_a2p1_f2p2_d2p2_zicsr2p0_zmmul1p0
     /tmp/ccHKNjJ2.s:926    .text.xStreamBufferBytesAvailable:0000000000000000 .L0 
     /tmp/ccHKNjJ2.s:928    .text.xStreamBufferBytesAvailable:0000000000000004 .L0 
     /tmp/ccHKNjJ2.s:930    .text.xStreamBufferBytesAvailable:0000000000000008 .L0 
     /tmp/ccHKNjJ2.s:933    .text.xStreamBufferBytesAvailable:0000000000000008 .L0 
     /tmp/ccHKNjJ2.s:934    .text.xStreamBufferBytesAvailable:0000000000000008 .L0 
     /tmp/ccHKNjJ2.s:935    .text.xStreamBufferBytesAvailable:0000000000000008 .L0 
     /tmp/ccHKNjJ2.s:936    .text.xStreamBufferBytesAvailable:0000000000000008 .L0 
GAS LISTING /tmp/ccHKNjJ2.s 			page 77


     /tmp/ccHKNjJ2.s:937    .text.xStreamBufferBytesAvailable:0000000000000008 .L0 
     /tmp/ccHKNjJ2.s:940    .text.xStreamBufferBytesAvailable:0000000000000010 .L0 
     /tmp/ccHKNjJ2.s:941    .text.xStreamBufferBytesAvailable:0000000000000010 .L0 
     /tmp/ccHKNjJ2.s:942    .text.xStreamBufferBytesAvailable:0000000000000014 .L0 
     /tmp/ccHKNjJ2.s:945    .text.xStreamBufferBytesAvailable:0000000000000018 .L0 
     /tmp/ccHKNjJ2.s:947    .text.xStreamBufferBytesAvailable:000000000000001c .L0 
     /tmp/ccHKNjJ2.s:954    .text.xStreamBufferSend:0000000000000000 xStreamBufferSend
     /tmp/ccHKNjJ2.s:957    .text.xStreamBufferSend:0000000000000000 .L0 
     /tmp/ccHKNjJ2.s:959    .text.xStreamBufferSend:0000000000000000 $xrv64i2p1_m2p0_a2p1_f2p2_d2p2_zicsr2p0_zmmul1p0
     /tmp/ccHKNjJ2.s:959    .text.xStreamBufferSend:0000000000000000 .L0 
     /tmp/ccHKNjJ2.s:961    .text.xStreamBufferSend:0000000000000004 .L0 
     /tmp/ccHKNjJ2.s:968    .text.xStreamBufferSend:000000000000001c .L0 
     /tmp/ccHKNjJ2.s:969    .text.xStreamBufferSend:000000000000001c .L0 
     /tmp/ccHKNjJ2.s:970    .text.xStreamBufferSend:000000000000001c .L0 
     /tmp/ccHKNjJ2.s:971    .text.xStreamBufferSend:000000000000001c .L0 
     /tmp/ccHKNjJ2.s:972    .text.xStreamBufferSend:000000000000001c .L0 
     /tmp/ccHKNjJ2.s:973    .text.xStreamBufferSend:000000000000001c .L0 
     /tmp/ccHKNjJ2.s:980    .text.xStreamBufferSend:000000000000002c .L0 
     /tmp/ccHKNjJ2.s:981    .text.xStreamBufferSend:000000000000002c .L0 
     /tmp/ccHKNjJ2.s:982    .text.xStreamBufferSend:000000000000002c .L0 
     /tmp/ccHKNjJ2.s:983    .text.xStreamBufferSend:000000000000002c .L0 
     /tmp/ccHKNjJ2.s:984    .text.xStreamBufferSend:000000000000002c .L0 
     /tmp/ccHKNjJ2.s:985    .text.xStreamBufferSend:000000000000002c .L0 
     /tmp/ccHKNjJ2.s:987    .text.xStreamBufferSend:0000000000000030 .L0 
     /tmp/ccHKNjJ2.s:990    .text.xStreamBufferSend:0000000000000034 .L0 
     /tmp/ccHKNjJ2.s:991    .text.xStreamBufferSend:0000000000000034 .L0 
     /tmp/ccHKNjJ2.s:992    .text.xStreamBufferSend:0000000000000034 .L0 
     /tmp/ccHKNjJ2.s:993    .text.xStreamBufferSend:0000000000000034 .L0 
     /tmp/ccHKNjJ2.s:995    .text.xStreamBufferSend:0000000000000038 .L0 
     /tmp/ccHKNjJ2.s:998    .text.xStreamBufferSend:0000000000000040 .L0 
     /tmp/ccHKNjJ2.s:999    .text.xStreamBufferSend:0000000000000040 .L0 
     /tmp/ccHKNjJ2.s:1002   .text.xStreamBufferSend:0000000000000044 .L0 
     /tmp/ccHKNjJ2.s:1003   .text.xStreamBufferSend:0000000000000044 .L0 
     /tmp/ccHKNjJ2.s:1004   .text.xStreamBufferSend:0000000000000044 .L0 
     /tmp/ccHKNjJ2.s:1006   .text.xStreamBufferSend:0000000000000048 .L0 
     /tmp/ccHKNjJ2.s:1007   .text.xStreamBufferSend:0000000000000048 .L0 
     /tmp/ccHKNjJ2.s:1011   .text.xStreamBufferSend:000000000000004c .L0 
     /tmp/ccHKNjJ2.s:1012   .text.xStreamBufferSend:000000000000004c .L0 
     /tmp/ccHKNjJ2.s:1013   .text.xStreamBufferSend:000000000000004c .L0 
     /tmp/ccHKNjJ2.s:1016   .text.xStreamBufferSend:0000000000000050 .L0 
     /tmp/ccHKNjJ2.s:1018   .text.xStreamBufferSend:0000000000000054 .L0 
     /tmp/ccHKNjJ2.s:1024   .text.xStreamBufferSend:0000000000000060 .L0 
     /tmp/ccHKNjJ2.s:1025   .text.xStreamBufferSend:0000000000000060 .L0 
     /tmp/ccHKNjJ2.s:1028   .text.xStreamBufferSend:0000000000000068 .L0 
     /tmp/ccHKNjJ2.s:1029   .text.xStreamBufferSend:0000000000000068 .L0 
     /tmp/ccHKNjJ2.s:1035   .text.xStreamBufferSend:0000000000000078 .L0 
     /tmp/ccHKNjJ2.s:1036   .text.xStreamBufferSend:0000000000000078 .L0 
     /tmp/ccHKNjJ2.s:1038   .text.xStreamBufferSend:000000000000007c .L0 
     /tmp/ccHKNjJ2.s:1039   .text.xStreamBufferSend:000000000000007c .L0 
     /tmp/ccHKNjJ2.s:1044   .text.xStreamBufferSend:000000000000008c .L0 
     /tmp/ccHKNjJ2.s:1045   .text.xStreamBufferSend:000000000000008c .L0 
     /tmp/ccHKNjJ2.s:1046   .text.xStreamBufferSend:000000000000008c .L0 
     /tmp/ccHKNjJ2.s:1049   .text.xStreamBufferSend:0000000000000094 .L0 
     /tmp/ccHKNjJ2.s:1051   .text.xStreamBufferSend:0000000000000098 .L0 
     /tmp/ccHKNjJ2.s:1054   .text.xStreamBufferSend:00000000000000a0 .L0 
     /tmp/ccHKNjJ2.s:1055   .text.xStreamBufferSend:00000000000000a0 .L0 
     /tmp/ccHKNjJ2.s:1056   .text.xStreamBufferSend:00000000000000a0 .L0 
GAS LISTING /tmp/ccHKNjJ2.s 			page 78


     /tmp/ccHKNjJ2.s:1064   .text.xStreamBufferSend:00000000000000bc .L0 
     /tmp/ccHKNjJ2.s:1065   .text.xStreamBufferSend:00000000000000bc .L0 
     /tmp/ccHKNjJ2.s:1067   .text.xStreamBufferSend:00000000000000c0 .L0 
     /tmp/ccHKNjJ2.s:1068   .text.xStreamBufferSend:00000000000000c0 .L0 
     /tmp/ccHKNjJ2.s:1073   .text.xStreamBufferSend:00000000000000d0 .L0 
     /tmp/ccHKNjJ2.s:1078   .text.xStreamBufferSend:00000000000000d8 .L0 
     /tmp/ccHKNjJ2.s:1079   .text.xStreamBufferSend:00000000000000d8 .L0 
     /tmp/ccHKNjJ2.s:1081   .text.xStreamBufferSend:00000000000000dc .L0 
     /tmp/ccHKNjJ2.s:1085   .text.xStreamBufferSend:00000000000000e4 .L0 
     /tmp/ccHKNjJ2.s:1090   .text.xStreamBufferSend:00000000000000ec .L0 
     /tmp/ccHKNjJ2.s:1094   .text.xStreamBufferSend:00000000000000f4 .L0 
     /tmp/ccHKNjJ2.s:1095   .text.xStreamBufferSend:00000000000000f4 .L0 
     /tmp/ccHKNjJ2.s:1096   .text.xStreamBufferSend:00000000000000f4 .L0 
     /tmp/ccHKNjJ2.s:1097   .text.xStreamBufferSend:00000000000000f4 .L0 
     /tmp/ccHKNjJ2.s:1101   .text.xStreamBufferSend:00000000000000f8 .L0 
     /tmp/ccHKNjJ2.s:1102   .text.xStreamBufferSend:00000000000000f8 .L0 
     /tmp/ccHKNjJ2.s:1109   .text.xStreamBufferSend:0000000000000108 .L0 
     /tmp/ccHKNjJ2.s:1110   .text.xStreamBufferSend:0000000000000108 .L0 
     /tmp/ccHKNjJ2.s:1111   .text.xStreamBufferSend:0000000000000108 .L0 
     /tmp/ccHKNjJ2.s:1121   .text.xStreamBufferSend:0000000000000128 .L0 
     /tmp/ccHKNjJ2.s:1122   .text.xStreamBufferSend:0000000000000128 .L0 
     /tmp/ccHKNjJ2.s:1125   .text.xStreamBufferSend:000000000000012c .L0 
     /tmp/ccHKNjJ2.s:1127   .text.xStreamBufferSend:0000000000000134 .L0 
     /tmp/ccHKNjJ2.s:1128   .text.xStreamBufferSend:0000000000000134 .L0 
     /tmp/ccHKNjJ2.s:1130   .text.xStreamBufferSend:0000000000000138 .L0 
     /tmp/ccHKNjJ2.s:1133   .text.xStreamBufferSend:000000000000013c .L0 
     /tmp/ccHKNjJ2.s:1136   .text.xStreamBufferSend:0000000000000140 .L0 
     /tmp/ccHKNjJ2.s:1139   .text.xStreamBufferSend:0000000000000144 .L0 
     /tmp/ccHKNjJ2.s:1142   .text.xStreamBufferSend:0000000000000148 .L0 
     /tmp/ccHKNjJ2.s:1146   .text.xStreamBufferSend:000000000000014c .L0 
     /tmp/ccHKNjJ2.s:1151   .text.xStreamBufferSend:0000000000000150 .L0 
     /tmp/ccHKNjJ2.s:1153   .text.xStreamBufferSend:0000000000000150 .L0 
     /tmp/ccHKNjJ2.s:1154   .text.xStreamBufferSend:0000000000000150 .L0 
     /tmp/ccHKNjJ2.s:1155   .text.xStreamBufferSend:0000000000000150 .L0 
     /tmp/ccHKNjJ2.s:1159   .text.xStreamBufferSend:000000000000015c .L0 
     /tmp/ccHKNjJ2.s:1161   .text.xStreamBufferSend:0000000000000160 .L0 
     /tmp/ccHKNjJ2.s:1163   .text.xStreamBufferSend:0000000000000164 .L0 
     /tmp/ccHKNjJ2.s:1166   .text.xStreamBufferSend:000000000000016c .L0 
     /tmp/ccHKNjJ2.s:1169   .text.xStreamBufferSend:0000000000000174 .L0 
     /tmp/ccHKNjJ2.s:1177   .text.xStreamBufferSend:0000000000000190 .L0 
     /tmp/ccHKNjJ2.s:1180   .text.xStreamBufferSend:0000000000000194 .L0 
     /tmp/ccHKNjJ2.s:1183   .text.xStreamBufferSend:000000000000019c .L0 
     /tmp/ccHKNjJ2.s:1184   .text.xStreamBufferSend:000000000000019c .L0 
     /tmp/ccHKNjJ2.s:1185   .text.xStreamBufferSend:000000000000019c .L0 
     /tmp/ccHKNjJ2.s:1186   .text.xStreamBufferSend:000000000000019c .L0 
     /tmp/ccHKNjJ2.s:1187   .text.xStreamBufferSend:000000000000019c .L0 
     /tmp/ccHKNjJ2.s:1188   .text.xStreamBufferSend:00000000000001a0 .L0 
     /tmp/ccHKNjJ2.s:1195   .text.xStreamBufferSendFromISR:0000000000000000 xStreamBufferSendFromISR
     /tmp/ccHKNjJ2.s:1198   .text.xStreamBufferSendFromISR:0000000000000000 .L0 
     /tmp/ccHKNjJ2.s:1200   .text.xStreamBufferSendFromISR:0000000000000000 $xrv64i2p1_m2p0_a2p1_f2p2_d2p2_zicsr2p0_zmmul1p0
     /tmp/ccHKNjJ2.s:1200   .text.xStreamBufferSendFromISR:0000000000000000 .L0 
     /tmp/ccHKNjJ2.s:1202   .text.xStreamBufferSendFromISR:0000000000000004 .L0 
     /tmp/ccHKNjJ2.s:1209   .text.xStreamBufferSendFromISR:000000000000001c .L0 
     /tmp/ccHKNjJ2.s:1210   .text.xStreamBufferSendFromISR:000000000000001c .L0 
     /tmp/ccHKNjJ2.s:1211   .text.xStreamBufferSendFromISR:000000000000001c .L0 
     /tmp/ccHKNjJ2.s:1212   .text.xStreamBufferSendFromISR:000000000000001c .L0 
     /tmp/ccHKNjJ2.s:1213   .text.xStreamBufferSendFromISR:000000000000001c .L0 
GAS LISTING /tmp/ccHKNjJ2.s 			page 79


     /tmp/ccHKNjJ2.s:1214   .text.xStreamBufferSendFromISR:000000000000001c .L0 
     /tmp/ccHKNjJ2.s:1221   .text.xStreamBufferSendFromISR:000000000000002c .L0 
     /tmp/ccHKNjJ2.s:1222   .text.xStreamBufferSendFromISR:000000000000002c .L0 
     /tmp/ccHKNjJ2.s:1223   .text.xStreamBufferSendFromISR:000000000000002c .L0 
     /tmp/ccHKNjJ2.s:1224   .text.xStreamBufferSendFromISR:000000000000002c .L0 
     /tmp/ccHKNjJ2.s:1225   .text.xStreamBufferSendFromISR:000000000000002c .L0 
     /tmp/ccHKNjJ2.s:1226   .text.xStreamBufferSendFromISR:000000000000002c .L0 
     /tmp/ccHKNjJ2.s:1227   .text.xStreamBufferSendFromISR:000000000000002c .L0 
     /tmp/ccHKNjJ2.s:1229   .text.xStreamBufferSendFromISR:0000000000000030 .L0 
     /tmp/ccHKNjJ2.s:1232   .text.xStreamBufferSendFromISR:0000000000000038 .L0 
     /tmp/ccHKNjJ2.s:1233   .text.xStreamBufferSendFromISR:0000000000000038 .L0 
     /tmp/ccHKNjJ2.s:1237   .text.xStreamBufferSendFromISR:000000000000003c .L0 
     /tmp/ccHKNjJ2.s:1238   .text.xStreamBufferSendFromISR:000000000000003c .L0 
     /tmp/ccHKNjJ2.s:1239   .text.xStreamBufferSendFromISR:000000000000003c .L0 
     /tmp/ccHKNjJ2.s:1244   .text.xStreamBufferSendFromISR:0000000000000048 .L0 
     /tmp/ccHKNjJ2.s:1245   .text.xStreamBufferSendFromISR:0000000000000048 .L0 
     /tmp/ccHKNjJ2.s:1256   .text.xStreamBufferSendFromISR:0000000000000068 .L0 
     /tmp/ccHKNjJ2.s:1257   .text.xStreamBufferSendFromISR:0000000000000068 .L0 
     /tmp/ccHKNjJ2.s:1260   .text.xStreamBufferSendFromISR:000000000000006c .L0 
     /tmp/ccHKNjJ2.s:1262   .text.xStreamBufferSendFromISR:0000000000000074 .L0 
     /tmp/ccHKNjJ2.s:1263   .text.xStreamBufferSendFromISR:0000000000000074 .L0 
     /tmp/ccHKNjJ2.s:1265   .text.xStreamBufferSendFromISR:0000000000000078 .L0 
     /tmp/ccHKNjJ2.s:1268   .text.xStreamBufferSendFromISR:000000000000007c .L0 
     /tmp/ccHKNjJ2.s:1271   .text.xStreamBufferSendFromISR:0000000000000080 .L0 
     /tmp/ccHKNjJ2.s:1274   .text.xStreamBufferSendFromISR:0000000000000084 .L0 
     /tmp/ccHKNjJ2.s:1277   .text.xStreamBufferSendFromISR:0000000000000088 .L0 
     /tmp/ccHKNjJ2.s:1281   .text.xStreamBufferSendFromISR:000000000000008c .L0 
     /tmp/ccHKNjJ2.s:1286   .text.xStreamBufferSendFromISR:0000000000000090 .L0 
     /tmp/ccHKNjJ2.s:1288   .text.xStreamBufferSendFromISR:0000000000000090 .L0 
     /tmp/ccHKNjJ2.s:1293   .text.xStreamBufferSendFromISR:0000000000000098 .L0 
     /tmp/ccHKNjJ2.s:1294   .text.xStreamBufferSendFromISR:0000000000000098 .L0 
     /tmp/ccHKNjJ2.s:1298   .text.xStreamBufferSendFromISR:00000000000000a4 .L0 
     /tmp/ccHKNjJ2.s:1300   .text.xStreamBufferSendFromISR:00000000000000a8 .L0 
     /tmp/ccHKNjJ2.s:1303   .text.xStreamBufferSendFromISR:00000000000000ac .L0 
     /tmp/ccHKNjJ2.s:1305   .text.xStreamBufferSendFromISR:00000000000000ac .L0 
     /tmp/ccHKNjJ2.s:1306   .text.xStreamBufferSendFromISR:00000000000000ac .L0 
     /tmp/ccHKNjJ2.s:1309   .text.xStreamBufferSendFromISR:00000000000000b4 .L0 
     /tmp/ccHKNjJ2.s:1318   .text.xStreamBufferSendFromISR:00000000000000d4 .L0 
     /tmp/ccHKNjJ2.s:1321   .text.xStreamBufferSendFromISR:00000000000000d8 .L0 
     /tmp/ccHKNjJ2.s:1322   .text.xStreamBufferSendFromISR:00000000000000d8 .L0 
     /tmp/ccHKNjJ2.s:1323   .text.xStreamBufferSendFromISR:00000000000000d8 .L0 
     /tmp/ccHKNjJ2.s:1324   .text.xStreamBufferSendFromISR:00000000000000d8 .L0 
     /tmp/ccHKNjJ2.s:1325   .text.xStreamBufferSendFromISR:00000000000000dc .L0 
     /tmp/ccHKNjJ2.s:1332   .text.xStreamBufferReceive:0000000000000000 xStreamBufferReceive
     /tmp/ccHKNjJ2.s:1335   .text.xStreamBufferReceive:0000000000000000 .L0 
     /tmp/ccHKNjJ2.s:1337   .text.xStreamBufferReceive:0000000000000000 $xrv64i2p1_m2p0_a2p1_f2p2_d2p2_zicsr2p0_zmmul1p0
     /tmp/ccHKNjJ2.s:1337   .text.xStreamBufferReceive:0000000000000000 .L0 
     /tmp/ccHKNjJ2.s:1339   .text.xStreamBufferReceive:0000000000000004 .L0 
     /tmp/ccHKNjJ2.s:1347   .text.xStreamBufferReceive:0000000000000020 .L0 
     /tmp/ccHKNjJ2.s:1348   .text.xStreamBufferReceive:0000000000000020 .L0 
     /tmp/ccHKNjJ2.s:1349   .text.xStreamBufferReceive:0000000000000020 .L0 
     /tmp/ccHKNjJ2.s:1350   .text.xStreamBufferReceive:0000000000000020 .L0 
     /tmp/ccHKNjJ2.s:1351   .text.xStreamBufferReceive:0000000000000020 .L0 
     /tmp/ccHKNjJ2.s:1352   .text.xStreamBufferReceive:0000000000000020 .L0 
     /tmp/ccHKNjJ2.s:1353   .text.xStreamBufferReceive:0000000000000020 .L0 
     /tmp/ccHKNjJ2.s:1360   .text.xStreamBufferReceive:0000000000000030 .L0 
     /tmp/ccHKNjJ2.s:1361   .text.xStreamBufferReceive:0000000000000030 .L0 
GAS LISTING /tmp/ccHKNjJ2.s 			page 80


     /tmp/ccHKNjJ2.s:1362   .text.xStreamBufferReceive:0000000000000030 .L0 
     /tmp/ccHKNjJ2.s:1363   .text.xStreamBufferReceive:0000000000000030 .L0 
     /tmp/ccHKNjJ2.s:1364   .text.xStreamBufferReceive:0000000000000030 .L0 
     /tmp/ccHKNjJ2.s:1365   .text.xStreamBufferReceive:0000000000000030 .L0 
     /tmp/ccHKNjJ2.s:1367   .text.xStreamBufferReceive:0000000000000034 .L0 
     /tmp/ccHKNjJ2.s:1370   .text.xStreamBufferReceive:000000000000003c .L0 
     /tmp/ccHKNjJ2.s:1374   .text.xStreamBufferReceive:0000000000000040 .L0 
     /tmp/ccHKNjJ2.s:1375   .text.xStreamBufferReceive:0000000000000040 .L0 
     /tmp/ccHKNjJ2.s:1377   .text.xStreamBufferReceive:0000000000000044 .L0 
     /tmp/ccHKNjJ2.s:1380   .text.xStreamBufferReceive:000000000000004c .L0 
     /tmp/ccHKNjJ2.s:1381   .text.xStreamBufferReceive:000000000000004c .L0 
     /tmp/ccHKNjJ2.s:1387   .text.xStreamBufferReceive:000000000000005c .L0 
     /tmp/ccHKNjJ2.s:1388   .text.xStreamBufferReceive:000000000000005c .L0 
     /tmp/ccHKNjJ2.s:1391   .text.xStreamBufferReceive:0000000000000060 .L0 
     /tmp/ccHKNjJ2.s:1392   .text.xStreamBufferReceive:0000000000000060 .L0 
     /tmp/ccHKNjJ2.s:1395   .text.xStreamBufferReceive:0000000000000068 .L0 
     /tmp/ccHKNjJ2.s:1396   .text.xStreamBufferReceive:0000000000000068 .L0 
     /tmp/ccHKNjJ2.s:1398   .text.xStreamBufferReceive:000000000000006c .L0 
     /tmp/ccHKNjJ2.s:1399   .text.xStreamBufferReceive:000000000000006c .L0 
     /tmp/ccHKNjJ2.s:1400   .text.xStreamBufferReceive:000000000000006c .L0 
     /tmp/ccHKNjJ2.s:1408   .text.xStreamBufferReceive:0000000000000088 .L0 
     /tmp/ccHKNjJ2.s:1409   .text.xStreamBufferReceive:0000000000000088 .L0 
     /tmp/ccHKNjJ2.s:1411   .text.xStreamBufferReceive:000000000000008c .L0 
     /tmp/ccHKNjJ2.s:1412   .text.xStreamBufferReceive:000000000000008c .L0 
     /tmp/ccHKNjJ2.s:1421   .text.xStreamBufferReceive:00000000000000a0 .L0 
     /tmp/ccHKNjJ2.s:1426   .text.xStreamBufferReceive:00000000000000a8 .L0 
     /tmp/ccHKNjJ2.s:1427   .text.xStreamBufferReceive:00000000000000a8 .L0 
     /tmp/ccHKNjJ2.s:1432   .text.xStreamBufferReceive:00000000000000b8 .L0 
     /tmp/ccHKNjJ2.s:1433   .text.xStreamBufferReceive:00000000000000b8 .L0 
     /tmp/ccHKNjJ2.s:1434   .text.xStreamBufferReceive:00000000000000b8 .L0 
     /tmp/ccHKNjJ2.s:1437   .text.xStreamBufferReceive:00000000000000c0 .L0 
     /tmp/ccHKNjJ2.s:1442   .text.xStreamBufferReceive:00000000000000c8 .L0 
     /tmp/ccHKNjJ2.s:1443   .text.xStreamBufferReceive:00000000000000c8 .L0 
     /tmp/ccHKNjJ2.s:1450   .text.xStreamBufferReceive:00000000000000d8 .L0 
     /tmp/ccHKNjJ2.s:1451   .text.xStreamBufferReceive:00000000000000d8 .L0 
     /tmp/ccHKNjJ2.s:1453   .text.xStreamBufferReceive:00000000000000dc .L0 
     /tmp/ccHKNjJ2.s:1456   .text.xStreamBufferReceive:00000000000000e0 .L0 
     /tmp/ccHKNjJ2.s:1457   .text.xStreamBufferReceive:00000000000000e0 .L0 
     /tmp/ccHKNjJ2.s:1459   .text.xStreamBufferReceive:00000000000000e0 .L0 
     /tmp/ccHKNjJ2.s:1460   .text.xStreamBufferReceive:00000000000000e0 .L0 
     /tmp/ccHKNjJ2.s:1462   .text.xStreamBufferReceive:00000000000000e8 .L0 
     /tmp/ccHKNjJ2.s:1463   .text.xStreamBufferReceive:00000000000000e8 .L0 
     /tmp/ccHKNjJ2.s:1465   .text.xStreamBufferReceive:00000000000000ec .L0 
     /tmp/ccHKNjJ2.s:1468   .text.xStreamBufferReceive:00000000000000f0 .L0 
     /tmp/ccHKNjJ2.s:1470   .text.xStreamBufferReceive:00000000000000f4 .L0 
     /tmp/ccHKNjJ2.s:1473   .text.xStreamBufferReceive:00000000000000f8 .L0 
     /tmp/ccHKNjJ2.s:1476   .text.xStreamBufferReceive:00000000000000fc .L0 
     /tmp/ccHKNjJ2.s:1479   .text.xStreamBufferReceive:0000000000000100 .L0 
     /tmp/ccHKNjJ2.s:1483   .text.xStreamBufferReceive:0000000000000104 .L0 
     /tmp/ccHKNjJ2.s:1488   .text.xStreamBufferReceive:0000000000000108 .L0 
     /tmp/ccHKNjJ2.s:1490   .text.xStreamBufferReceive:0000000000000108 .L0 
     /tmp/ccHKNjJ2.s:1491   .text.xStreamBufferReceive:0000000000000108 .L0 
     /tmp/ccHKNjJ2.s:1501   .text.xStreamBufferReceive:0000000000000128 .L0 
     /tmp/ccHKNjJ2.s:1502   .text.xStreamBufferReceive:0000000000000128 .L0 
     /tmp/ccHKNjJ2.s:1504   .text.xStreamBufferReceive:000000000000012c .L0 
     /tmp/ccHKNjJ2.s:1505   .text.xStreamBufferReceive:000000000000012c .L0 
     /tmp/ccHKNjJ2.s:1508   .text.xStreamBufferReceive:0000000000000134 .L0 
GAS LISTING /tmp/ccHKNjJ2.s 			page 81


     /tmp/ccHKNjJ2.s:1511   .text.xStreamBufferReceive:000000000000013c .L0 
     /tmp/ccHKNjJ2.s:1519   .text.xStreamBufferReceive:0000000000000158 .L0 
     /tmp/ccHKNjJ2.s:1522   .text.xStreamBufferReceive:000000000000015c .L0 
     /tmp/ccHKNjJ2.s:1525   .text.xStreamBufferReceive:0000000000000164 .L0 
     /tmp/ccHKNjJ2.s:1526   .text.xStreamBufferReceive:0000000000000168 .L0 
     /tmp/ccHKNjJ2.s:1533   .text.xStreamBufferNextMessageLengthBytes:0000000000000000 xStreamBufferNextMessageLengthBytes
     /tmp/ccHKNjJ2.s:1536   .text.xStreamBufferNextMessageLengthBytes:0000000000000000 .L0 
     /tmp/ccHKNjJ2.s:1538   .text.xStreamBufferNextMessageLengthBytes:0000000000000000 .L0 
     /tmp/ccHKNjJ2.s:1539   .text.xStreamBufferNextMessageLengthBytes:0000000000000000 .L0 
     /tmp/ccHKNjJ2.s:1540   .text.xStreamBufferNextMessageLengthBytes:0000000000000000 .L0 
     /tmp/ccHKNjJ2.s:1541   .text.xStreamBufferNextMessageLengthBytes:0000000000000000 .L0 
     /tmp/ccHKNjJ2.s:1542   .text.xStreamBufferNextMessageLengthBytes:0000000000000000 .L0 
     /tmp/ccHKNjJ2.s:1543   .text.xStreamBufferNextMessageLengthBytes:0000000000000000 .L0 
     /tmp/ccHKNjJ2.s:1544   .text.xStreamBufferNextMessageLengthBytes:0000000000000000 $xrv64i2p1_m2p0_a2p1_f2p2_d2p2_zicsr2p0_zmmul1p0
     /tmp/ccHKNjJ2.s:1544   .text.xStreamBufferNextMessageLengthBytes:0000000000000000 .L0 
     /tmp/ccHKNjJ2.s:1546   .text.xStreamBufferNextMessageLengthBytes:0000000000000004 .L0 
     /tmp/ccHKNjJ2.s:1549   .text.xStreamBufferNextMessageLengthBytes:000000000000000c .L0 
     /tmp/ccHKNjJ2.s:1552   .text.xStreamBufferNextMessageLengthBytes:0000000000000010 .L0 
     /tmp/ccHKNjJ2.s:1556   .text.xStreamBufferNextMessageLengthBytes:0000000000000014 .L0 
     /tmp/ccHKNjJ2.s:1558   .text.xStreamBufferNextMessageLengthBytes:0000000000000018 .L0 
     /tmp/ccHKNjJ2.s:1562   .text.xStreamBufferNextMessageLengthBytes:0000000000000024 .L0 
     /tmp/ccHKNjJ2.s:1563   .text.xStreamBufferNextMessageLengthBytes:0000000000000024 .L0 
     /tmp/ccHKNjJ2.s:1564   .text.xStreamBufferNextMessageLengthBytes:0000000000000024 .L0 
     /tmp/ccHKNjJ2.s:1567   .text.xStreamBufferNextMessageLengthBytes:0000000000000028 .L0 
     /tmp/ccHKNjJ2.s:1568   .text.xStreamBufferNextMessageLengthBytes:0000000000000028 .L0 
     /tmp/ccHKNjJ2.s:1571   .text.xStreamBufferNextMessageLengthBytes:0000000000000030 .L0 
     /tmp/ccHKNjJ2.s:1572   .text.xStreamBufferNextMessageLengthBytes:0000000000000030 .L0 
     /tmp/ccHKNjJ2.s:1575   .text.xStreamBufferNextMessageLengthBytes:0000000000000038 .L0 
     /tmp/ccHKNjJ2.s:1579   .text.xStreamBufferNextMessageLengthBytes:000000000000003c .L0 
     /tmp/ccHKNjJ2.s:1580   .text.xStreamBufferNextMessageLengthBytes:000000000000003c .L0 
     /tmp/ccHKNjJ2.s:1581   .text.xStreamBufferNextMessageLengthBytes:0000000000000040 .L0 
     /tmp/ccHKNjJ2.s:1582   .text.xStreamBufferNextMessageLengthBytes:0000000000000040 .L0 
     /tmp/ccHKNjJ2.s:1584   .text.xStreamBufferNextMessageLengthBytes:0000000000000044 .L0 
     /tmp/ccHKNjJ2.s:1587   .text.xStreamBufferNextMessageLengthBytes:0000000000000048 .L0 
     /tmp/ccHKNjJ2.s:1590   .text.xStreamBufferNextMessageLengthBytes:000000000000004c .L0 
     /tmp/ccHKNjJ2.s:1595   .text.xStreamBufferNextMessageLengthBytes:0000000000000050 .L0 
     /tmp/ccHKNjJ2.s:1597   .text.xStreamBufferNextMessageLengthBytes:0000000000000050 .L0 
     /tmp/ccHKNjJ2.s:1598   .text.xStreamBufferNextMessageLengthBytes:0000000000000050 .L0 
     /tmp/ccHKNjJ2.s:1601   .text.xStreamBufferNextMessageLengthBytes:0000000000000054 .L0 
     /tmp/ccHKNjJ2.s:1602   .text.xStreamBufferNextMessageLengthBytes:0000000000000054 .L0 
     /tmp/ccHKNjJ2.s:1610   .text.xStreamBufferNextMessageLengthBytes:000000000000006c .L0 
     /tmp/ccHKNjJ2.s:1611   .text.xStreamBufferNextMessageLengthBytes:000000000000006c .L0 
     /tmp/ccHKNjJ2.s:1614   .text.xStreamBufferNextMessageLengthBytes:0000000000000070 .L0 
     /tmp/ccHKNjJ2.s:1615   .text.xStreamBufferNextMessageLengthBytes:0000000000000070 .L0 
     /tmp/ccHKNjJ2.s:1617   .text.xStreamBufferNextMessageLengthBytes:0000000000000078 .L0 
     /tmp/ccHKNjJ2.s:1624   .text.xStreamBufferReceiveFromISR:0000000000000000 xStreamBufferReceiveFromISR
     /tmp/ccHKNjJ2.s:1627   .text.xStreamBufferReceiveFromISR:0000000000000000 .L0 
     /tmp/ccHKNjJ2.s:1629   .text.xStreamBufferReceiveFromISR:0000000000000000 $xrv64i2p1_m2p0_a2p1_f2p2_d2p2_zicsr2p0_zmmul1p0
     /tmp/ccHKNjJ2.s:1629   .text.xStreamBufferReceiveFromISR:0000000000000000 .L0 
     /tmp/ccHKNjJ2.s:1631   .text.xStreamBufferReceiveFromISR:0000000000000004 .L0 
     /tmp/ccHKNjJ2.s:1638   .text.xStreamBufferReceiveFromISR:000000000000001c .L0 
     /tmp/ccHKNjJ2.s:1639   .text.xStreamBufferReceiveFromISR:000000000000001c .L0 
     /tmp/ccHKNjJ2.s:1640   .text.xStreamBufferReceiveFromISR:000000000000001c .L0 
     /tmp/ccHKNjJ2.s:1641   .text.xStreamBufferReceiveFromISR:000000000000001c .L0 
     /tmp/ccHKNjJ2.s:1642   .text.xStreamBufferReceiveFromISR:000000000000001c .L0 
     /tmp/ccHKNjJ2.s:1643   .text.xStreamBufferReceiveFromISR:000000000000001c .L0 
     /tmp/ccHKNjJ2.s:1650   .text.xStreamBufferReceiveFromISR:000000000000002c .L0 
GAS LISTING /tmp/ccHKNjJ2.s 			page 82


     /tmp/ccHKNjJ2.s:1651   .text.xStreamBufferReceiveFromISR:000000000000002c .L0 
     /tmp/ccHKNjJ2.s:1652   .text.xStreamBufferReceiveFromISR:000000000000002c .L0 
     /tmp/ccHKNjJ2.s:1653   .text.xStreamBufferReceiveFromISR:000000000000002c .L0 
     /tmp/ccHKNjJ2.s:1654   .text.xStreamBufferReceiveFromISR:000000000000002c .L0 
     /tmp/ccHKNjJ2.s:1655   .text.xStreamBufferReceiveFromISR:000000000000002c .L0 
     /tmp/ccHKNjJ2.s:1657   .text.xStreamBufferReceiveFromISR:0000000000000030 .L0 
     /tmp/ccHKNjJ2.s:1660   .text.xStreamBufferReceiveFromISR:0000000000000038 .L0 
     /tmp/ccHKNjJ2.s:1664   .text.xStreamBufferReceiveFromISR:000000000000003c .L0 
     /tmp/ccHKNjJ2.s:1665   .text.xStreamBufferReceiveFromISR:000000000000003c .L0 
     /tmp/ccHKNjJ2.s:1670   .text.xStreamBufferReceiveFromISR:0000000000000048 .L0 
     /tmp/ccHKNjJ2.s:1671   .text.xStreamBufferReceiveFromISR:0000000000000048 .L0 
     /tmp/ccHKNjJ2.s:1673   .text.xStreamBufferReceiveFromISR:000000000000004c .L0 
     /tmp/ccHKNjJ2.s:1676   .text.xStreamBufferReceiveFromISR:0000000000000050 .L0 
     /tmp/ccHKNjJ2.s:1677   .text.xStreamBufferReceiveFromISR:0000000000000050 .L0 
     /tmp/ccHKNjJ2.s:1679   .text.xStreamBufferReceiveFromISR:0000000000000050 .L0 
     /tmp/ccHKNjJ2.s:1680   .text.xStreamBufferReceiveFromISR:0000000000000050 .L0 
     /tmp/ccHKNjJ2.s:1682   .text.xStreamBufferReceiveFromISR:0000000000000058 .L0 
     /tmp/ccHKNjJ2.s:1683   .text.xStreamBufferReceiveFromISR:0000000000000058 .L0 
     /tmp/ccHKNjJ2.s:1685   .text.xStreamBufferReceiveFromISR:000000000000005c .L0 
     /tmp/ccHKNjJ2.s:1688   .text.xStreamBufferReceiveFromISR:0000000000000060 .L0 
     /tmp/ccHKNjJ2.s:1690   .text.xStreamBufferReceiveFromISR:0000000000000064 .L0 
     /tmp/ccHKNjJ2.s:1693   .text.xStreamBufferReceiveFromISR:0000000000000068 .L0 
     /tmp/ccHKNjJ2.s:1696   .text.xStreamBufferReceiveFromISR:000000000000006c .L0 
     /tmp/ccHKNjJ2.s:1700   .text.xStreamBufferReceiveFromISR:0000000000000070 .L0 
     /tmp/ccHKNjJ2.s:1705   .text.xStreamBufferReceiveFromISR:0000000000000074 .L0 
     /tmp/ccHKNjJ2.s:1707   .text.xStreamBufferReceiveFromISR:0000000000000074 .L0 
     /tmp/ccHKNjJ2.s:1712   .text.xStreamBufferReceiveFromISR:000000000000007c .L0 
     /tmp/ccHKNjJ2.s:1713   .text.xStreamBufferReceiveFromISR:000000000000007c .L0 
     /tmp/ccHKNjJ2.s:1724   .text.xStreamBufferReceiveFromISR:000000000000009c .L0 
     /tmp/ccHKNjJ2.s:1725   .text.xStreamBufferReceiveFromISR:000000000000009c .L0 
     /tmp/ccHKNjJ2.s:1728   .text.xStreamBufferReceiveFromISR:00000000000000a0 .L0 
     /tmp/ccHKNjJ2.s:1730   .text.xStreamBufferReceiveFromISR:00000000000000a0 .L0 
     /tmp/ccHKNjJ2.s:1731   .text.xStreamBufferReceiveFromISR:00000000000000a0 .L0 
     /tmp/ccHKNjJ2.s:1734   .text.xStreamBufferReceiveFromISR:00000000000000a8 .L0 
     /tmp/ccHKNjJ2.s:1743   .text.xStreamBufferReceiveFromISR:00000000000000c8 .L0 
     /tmp/ccHKNjJ2.s:1746   .text.xStreamBufferReceiveFromISR:00000000000000d0 .L0 
     /tmp/ccHKNjJ2.s:1753   .text.xStreamBufferIsEmpty:0000000000000000 xStreamBufferIsEmpty
     /tmp/ccHKNjJ2.s:1756   .text.xStreamBufferIsEmpty:0000000000000000 .L0 
     /tmp/ccHKNjJ2.s:1758   .text.xStreamBufferIsEmpty:0000000000000000 .L0 
     /tmp/ccHKNjJ2.s:1759   .text.xStreamBufferIsEmpty:0000000000000000 .L0 
     /tmp/ccHKNjJ2.s:1760   .text.xStreamBufferIsEmpty:0000000000000000 .L0 
     /tmp/ccHKNjJ2.s:1761   .text.xStreamBufferIsEmpty:0000000000000000 .L0 
     /tmp/ccHKNjJ2.s:1762   .text.xStreamBufferIsEmpty:0000000000000000 .L0 
     /tmp/ccHKNjJ2.s:1763   .text.xStreamBufferIsEmpty:0000000000000000 .L0 
     /tmp/ccHKNjJ2.s:1764   .text.xStreamBufferIsEmpty:0000000000000000 $xrv64i2p1_m2p0_a2p1_f2p2_d2p2_zicsr2p0_zmmul1p0
     /tmp/ccHKNjJ2.s:1764   .text.xStreamBufferIsEmpty:0000000000000000 .L0 
     /tmp/ccHKNjJ2.s:1767   .text.xStreamBufferIsEmpty:0000000000000004 .L0 
     /tmp/ccHKNjJ2.s:1768   .text.xStreamBufferIsEmpty:0000000000000004 .L0 
     /tmp/ccHKNjJ2.s:1770   .text.xStreamBufferIsEmpty:0000000000000008 .L0 
     /tmp/ccHKNjJ2.s:1772   .text.xStreamBufferIsEmpty:000000000000000c .L0 
     /tmp/ccHKNjJ2.s:1775   .text.xStreamBufferIsEmpty:0000000000000010 .L0 
     /tmp/ccHKNjJ2.s:1776   .text.xStreamBufferIsEmpty:0000000000000010 .L0 
     /tmp/ccHKNjJ2.s:1780   .text.xStreamBufferIsEmpty:0000000000000014 .L0 
     /tmp/ccHKNjJ2.s:1783   .text.xStreamBufferIsEmpty:000000000000001c .L0 
     /tmp/ccHKNjJ2.s:1790   .text.xStreamBufferIsFull:0000000000000000 xStreamBufferIsFull
     /tmp/ccHKNjJ2.s:1793   .text.xStreamBufferIsFull:0000000000000000 .L0 
     /tmp/ccHKNjJ2.s:1795   .text.xStreamBufferIsFull:0000000000000000 $xrv64i2p1_m2p0_a2p1_f2p2_d2p2_zicsr2p0_zmmul1p0
GAS LISTING /tmp/ccHKNjJ2.s 			page 83


     /tmp/ccHKNjJ2.s:1795   .text.xStreamBufferIsFull:0000000000000000 .L0 
     /tmp/ccHKNjJ2.s:1797   .text.xStreamBufferIsFull:0000000000000004 .L0 
     /tmp/ccHKNjJ2.s:1800   .text.xStreamBufferIsFull:000000000000000c .L0 
     /tmp/ccHKNjJ2.s:1801   .text.xStreamBufferIsFull:000000000000000c .L0 
     /tmp/ccHKNjJ2.s:1803   .text.xStreamBufferIsFull:000000000000000c .L0 
     /tmp/ccHKNjJ2.s:1804   .text.xStreamBufferIsFull:000000000000000c .L0 
     /tmp/ccHKNjJ2.s:1806   .text.xStreamBufferIsFull:000000000000000c .L0 
     /tmp/ccHKNjJ2.s:1807   .text.xStreamBufferIsFull:000000000000000c .L0 
     /tmp/ccHKNjJ2.s:1808   .text.xStreamBufferIsFull:000000000000000c .L0 
     /tmp/ccHKNjJ2.s:1809   .text.xStreamBufferIsFull:000000000000000c .L0 
     /tmp/ccHKNjJ2.s:1811   .text.xStreamBufferIsFull:0000000000000010 .L0 
     /tmp/ccHKNjJ2.s:1814   .text.xStreamBufferIsFull:0000000000000018 .L0 
     /tmp/ccHKNjJ2.s:1818   .text.xStreamBufferIsFull:000000000000001c .L0 
     /tmp/ccHKNjJ2.s:1819   .text.xStreamBufferIsFull:000000000000001c .L0 
     /tmp/ccHKNjJ2.s:1822   .text.xStreamBufferIsFull:0000000000000024 .L0 
     /tmp/ccHKNjJ2.s:1824   .text.xStreamBufferIsFull:0000000000000028 .L0 
     /tmp/ccHKNjJ2.s:1827   .text.xStreamBufferIsFull:000000000000002c .L0 
     /tmp/ccHKNjJ2.s:1828   .text.xStreamBufferIsFull:0000000000000030 .L0 
     /tmp/ccHKNjJ2.s:1829   .text.xStreamBufferIsFull:0000000000000030 .L0 
     /tmp/ccHKNjJ2.s:1831   .text.xStreamBufferIsFull:0000000000000034 .L0 
     /tmp/ccHKNjJ2.s:1835   .text.xStreamBufferIsFull:0000000000000038 .L0 
     /tmp/ccHKNjJ2.s:1840   .text.xStreamBufferIsFull:000000000000003c .L0 
     /tmp/ccHKNjJ2.s:1842   .text.xStreamBufferIsFull:000000000000003c .L0 
     /tmp/ccHKNjJ2.s:1847   .text.xStreamBufferIsFull:0000000000000044 .L0 
     /tmp/ccHKNjJ2.s:1850   .text.xStreamBufferIsFull:0000000000000048 .L0 
     /tmp/ccHKNjJ2.s:1851   .text.xStreamBufferIsFull:0000000000000048 .L0 
     /tmp/ccHKNjJ2.s:1852   .text.xStreamBufferIsFull:000000000000004c .L0 
     /tmp/ccHKNjJ2.s:1859   .text.xStreamBufferSendCompletedFromISR:0000000000000000 xStreamBufferSendCompletedFromISR
     /tmp/ccHKNjJ2.s:1862   .text.xStreamBufferSendCompletedFromISR:0000000000000000 .L0 
     /tmp/ccHKNjJ2.s:1864   .text.xStreamBufferSendCompletedFromISR:0000000000000000 .L0 
     /tmp/ccHKNjJ2.s:1865   .text.xStreamBufferSendCompletedFromISR:0000000000000000 .L0 
     /tmp/ccHKNjJ2.s:1866   .text.xStreamBufferSendCompletedFromISR:0000000000000000 .L0 
     /tmp/ccHKNjJ2.s:1867   .text.xStreamBufferSendCompletedFromISR:0000000000000000 .L0 
     /tmp/ccHKNjJ2.s:1868   .text.xStreamBufferSendCompletedFromISR:0000000000000000 .L0 
     /tmp/ccHKNjJ2.s:1869   .text.xStreamBufferSendCompletedFromISR:0000000000000000 .L0 
     /tmp/ccHKNjJ2.s:1870   .text.xStreamBufferSendCompletedFromISR:0000000000000000 .L0 
     /tmp/ccHKNjJ2.s:1871   .text.xStreamBufferSendCompletedFromISR:0000000000000000 $xrv64i2p1_m2p0_a2p1_f2p2_d2p2_zicsr2p0_zmmul1p0
     /tmp/ccHKNjJ2.s:1871   .text.xStreamBufferSendCompletedFromISR:0000000000000000 .L0 
     /tmp/ccHKNjJ2.s:1873   .text.xStreamBufferSendCompletedFromISR:0000000000000004 .L0 
     /tmp/ccHKNjJ2.s:1875   .text.xStreamBufferSendCompletedFromISR:0000000000000008 .L0 
     /tmp/ccHKNjJ2.s:1877   .text.xStreamBufferSendCompletedFromISR:000000000000000c .L0 
     /tmp/ccHKNjJ2.s:1880   .text.xStreamBufferSendCompletedFromISR:0000000000000014 .L0 
     /tmp/ccHKNjJ2.s:1881   .text.xStreamBufferSendCompletedFromISR:0000000000000014 .L0 
     /tmp/ccHKNjJ2.s:1885   .text.xStreamBufferSendCompletedFromISR:000000000000001c .L0 
     /tmp/ccHKNjJ2.s:1886   .text.xStreamBufferSendCompletedFromISR:000000000000001c .L0 
     /tmp/ccHKNjJ2.s:1896   .text.xStreamBufferSendCompletedFromISR:0000000000000038 .L0 
     /tmp/ccHKNjJ2.s:1897   .text.xStreamBufferSendCompletedFromISR:0000000000000038 .L0 
     /tmp/ccHKNjJ2.s:1900   .text.xStreamBufferSendCompletedFromISR:000000000000003c .L0 
     /tmp/ccHKNjJ2.s:1901   .text.xStreamBufferSendCompletedFromISR:000000000000003c .L0 
     /tmp/ccHKNjJ2.s:1903   .text.xStreamBufferSendCompletedFromISR:0000000000000040 .L0 
     /tmp/ccHKNjJ2.s:1904   .text.xStreamBufferSendCompletedFromISR:0000000000000044 .L0 
     /tmp/ccHKNjJ2.s:1906   .text.xStreamBufferSendCompletedFromISR:0000000000000048 .L0 
     /tmp/ccHKNjJ2.s:1910   .text.xStreamBufferSendCompletedFromISR:000000000000004c .L0 
     /tmp/ccHKNjJ2.s:1915   .text.xStreamBufferSendCompletedFromISR:0000000000000050 .L0 
     /tmp/ccHKNjJ2.s:1918   .text.xStreamBufferSendCompletedFromISR:0000000000000054 .L0 
     /tmp/ccHKNjJ2.s:1919   .text.xStreamBufferSendCompletedFromISR:0000000000000054 .L0 
     /tmp/ccHKNjJ2.s:1920   .text.xStreamBufferSendCompletedFromISR:0000000000000054 .L0 
GAS LISTING /tmp/ccHKNjJ2.s 			page 84


     /tmp/ccHKNjJ2.s:1921   .text.xStreamBufferSendCompletedFromISR:0000000000000058 .L0 
     /tmp/ccHKNjJ2.s:1928   .text.xStreamBufferReceiveCompletedFromISR:0000000000000000 xStreamBufferReceiveCompletedFromISR
     /tmp/ccHKNjJ2.s:1931   .text.xStreamBufferReceiveCompletedFromISR:0000000000000000 .L0 
     /tmp/ccHKNjJ2.s:1933   .text.xStreamBufferReceiveCompletedFromISR:0000000000000000 .L0 
     /tmp/ccHKNjJ2.s:1934   .text.xStreamBufferReceiveCompletedFromISR:0000000000000000 .L0 
     /tmp/ccHKNjJ2.s:1935   .text.xStreamBufferReceiveCompletedFromISR:0000000000000000 .L0 
     /tmp/ccHKNjJ2.s:1936   .text.xStreamBufferReceiveCompletedFromISR:0000000000000000 .L0 
     /tmp/ccHKNjJ2.s:1937   .text.xStreamBufferReceiveCompletedFromISR:0000000000000000 .L0 
     /tmp/ccHKNjJ2.s:1938   .text.xStreamBufferReceiveCompletedFromISR:0000000000000000 .L0 
     /tmp/ccHKNjJ2.s:1939   .text.xStreamBufferReceiveCompletedFromISR:0000000000000000 .L0 
     /tmp/ccHKNjJ2.s:1940   .text.xStreamBufferReceiveCompletedFromISR:0000000000000000 $xrv64i2p1_m2p0_a2p1_f2p2_d2p2_zicsr2p0_zmmul1p0
     /tmp/ccHKNjJ2.s:1940   .text.xStreamBufferReceiveCompletedFromISR:0000000000000000 .L0 
     /tmp/ccHKNjJ2.s:1942   .text.xStreamBufferReceiveCompletedFromISR:0000000000000004 .L0 
     /tmp/ccHKNjJ2.s:1944   .text.xStreamBufferReceiveCompletedFromISR:0000000000000008 .L0 
     /tmp/ccHKNjJ2.s:1946   .text.xStreamBufferReceiveCompletedFromISR:000000000000000c .L0 
     /tmp/ccHKNjJ2.s:1949   .text.xStreamBufferReceiveCompletedFromISR:0000000000000014 .L0 
     /tmp/ccHKNjJ2.s:1950   .text.xStreamBufferReceiveCompletedFromISR:0000000000000014 .L0 
     /tmp/ccHKNjJ2.s:1954   .text.xStreamBufferReceiveCompletedFromISR:000000000000001c .L0 
     /tmp/ccHKNjJ2.s:1955   .text.xStreamBufferReceiveCompletedFromISR:000000000000001c .L0 
     /tmp/ccHKNjJ2.s:1965   .text.xStreamBufferReceiveCompletedFromISR:0000000000000038 .L0 
     /tmp/ccHKNjJ2.s:1966   .text.xStreamBufferReceiveCompletedFromISR:0000000000000038 .L0 
     /tmp/ccHKNjJ2.s:1969   .text.xStreamBufferReceiveCompletedFromISR:000000000000003c .L0 
     /tmp/ccHKNjJ2.s:1970   .text.xStreamBufferReceiveCompletedFromISR:000000000000003c .L0 
     /tmp/ccHKNjJ2.s:1972   .text.xStreamBufferReceiveCompletedFromISR:0000000000000040 .L0 
     /tmp/ccHKNjJ2.s:1973   .text.xStreamBufferReceiveCompletedFromISR:0000000000000044 .L0 
     /tmp/ccHKNjJ2.s:1975   .text.xStreamBufferReceiveCompletedFromISR:0000000000000048 .L0 
     /tmp/ccHKNjJ2.s:1979   .text.xStreamBufferReceiveCompletedFromISR:000000000000004c .L0 
     /tmp/ccHKNjJ2.s:1984   .text.xStreamBufferReceiveCompletedFromISR:0000000000000050 .L0 
     /tmp/ccHKNjJ2.s:1987   .text.xStreamBufferReceiveCompletedFromISR:0000000000000054 .L0 
     /tmp/ccHKNjJ2.s:1988   .text.xStreamBufferReceiveCompletedFromISR:0000000000000054 .L0 
     /tmp/ccHKNjJ2.s:1989   .text.xStreamBufferReceiveCompletedFromISR:0000000000000054 .L0 
     /tmp/ccHKNjJ2.s:1990   .text.xStreamBufferReceiveCompletedFromISR:0000000000000058 .L0 
     /tmp/ccHKNjJ2.s:1997   .text.uxStreamBufferGetStreamBufferNumber:0000000000000000 uxStreamBufferGetStreamBufferNumber
     /tmp/ccHKNjJ2.s:2000   .text.uxStreamBufferGetStreamBufferNumber:0000000000000000 .L0 
     /tmp/ccHKNjJ2.s:2002   .text.uxStreamBufferGetStreamBufferNumber:0000000000000000 .L0 
     /tmp/ccHKNjJ2.s:2003   .text.uxStreamBufferGetStreamBufferNumber:0000000000000000 .L0 
     /tmp/ccHKNjJ2.s:2004   .text.uxStreamBufferGetStreamBufferNumber:0000000000000000 $xrv64i2p1_m2p0_a2p1_f2p2_d2p2_zicsr2p0_zmmul1p0
     /tmp/ccHKNjJ2.s:2004   .text.uxStreamBufferGetStreamBufferNumber:0000000000000000 .L0 
     /tmp/ccHKNjJ2.s:2007   .text.uxStreamBufferGetStreamBufferNumber:0000000000000008 .L0 
     /tmp/ccHKNjJ2.s:2014   .text.vStreamBufferSetStreamBufferNumber:0000000000000000 vStreamBufferSetStreamBufferNumber
     /tmp/ccHKNjJ2.s:2017   .text.vStreamBufferSetStreamBufferNumber:0000000000000000 .L0 
     /tmp/ccHKNjJ2.s:2019   .text.vStreamBufferSetStreamBufferNumber:0000000000000000 .L0 
     /tmp/ccHKNjJ2.s:2020   .text.vStreamBufferSetStreamBufferNumber:0000000000000000 .L0 
     /tmp/ccHKNjJ2.s:2021   .text.vStreamBufferSetStreamBufferNumber:0000000000000000 $xrv64i2p1_m2p0_a2p1_f2p2_d2p2_zicsr2p0_zmmul1p0
     /tmp/ccHKNjJ2.s:2021   .text.vStreamBufferSetStreamBufferNumber:0000000000000000 .L0 
     /tmp/ccHKNjJ2.s:2023   .text.vStreamBufferSetStreamBufferNumber:0000000000000004 .L0 
     /tmp/ccHKNjJ2.s:2024   .text.vStreamBufferSetStreamBufferNumber:0000000000000008 .L0 
     /tmp/ccHKNjJ2.s:2031   .text.ucStreamBufferGetStreamBufferType:0000000000000000 ucStreamBufferGetStreamBufferType
     /tmp/ccHKNjJ2.s:2034   .text.ucStreamBufferGetStreamBufferType:0000000000000000 .L0 
     /tmp/ccHKNjJ2.s:2036   .text.ucStreamBufferGetStreamBufferType:0000000000000000 .L0 
     /tmp/ccHKNjJ2.s:2037   .text.ucStreamBufferGetStreamBufferType:0000000000000000 .L0 
     /tmp/ccHKNjJ2.s:2038   .text.ucStreamBufferGetStreamBufferType:0000000000000000 $xrv64i2p1_m2p0_a2p1_f2p2_d2p2_zicsr2p0_zmmul1p0
     /tmp/ccHKNjJ2.s:2038   .text.ucStreamBufferGetStreamBufferType:0000000000000000 .L0 
     /tmp/ccHKNjJ2.s:2041   .text.ucStreamBufferGetStreamBufferType:0000000000000004 .L0 
     /tmp/ccHKNjJ2.s:2043   .text.ucStreamBufferGetStreamBufferType:000000000000000c .L0 
     /tmp/ccHKNjJ2.s:48     .text.prvBytesInBuffer:0000000000000020 .L0 
     /tmp/ccHKNjJ2.s:120    .text.prvInitialiseNewStreamBuffer:0000000000000070 .L0 
GAS LISTING /tmp/ccHKNjJ2.s 			page 85


     /tmp/ccHKNjJ2.s:238    .text.prvWriteBytesToBuffer:00000000000000a8 .L0 
     /tmp/ccHKNjJ2.s:336    .text.prvWriteMessageToBuffer:000000000000008c .L0 
     /tmp/ccHKNjJ2.s:465    .text.prvReadBytesFromBuffer:00000000000000b8 .L0 
     /tmp/ccHKNjJ2.s:580    .text.prvReadMessageFromBuffer:00000000000000a8 .L0 
     /tmp/ccHKNjJ2.s:683    .text.xStreamBufferGenericCreate:0000000000000098 .L0 
     /tmp/ccHKNjJ2.s:734    .text.vStreamBufferDelete:000000000000003c .L0 
     /tmp/ccHKNjJ2.s:828    .text.xStreamBufferReset:0000000000000084 .L0 
     /tmp/ccHKNjJ2.s:872    .text.xStreamBufferSetTriggerLevel:0000000000000024 .L0 
     /tmp/ccHKNjJ2.s:917    .text.xStreamBufferSpacesAvailable:0000000000000024 .L0 
     /tmp/ccHKNjJ2.s:950    .text.xStreamBufferBytesAvailable:000000000000001c .L0 
     /tmp/ccHKNjJ2.s:1191   .text.xStreamBufferSend:00000000000001a0 .L0 
     /tmp/ccHKNjJ2.s:1328   .text.xStreamBufferSendFromISR:00000000000000dc .L0 
     /tmp/ccHKNjJ2.s:1529   .text.xStreamBufferReceive:0000000000000168 .L0 
     /tmp/ccHKNjJ2.s:1620   .text.xStreamBufferNextMessageLengthBytes:0000000000000078 .L0 
     /tmp/ccHKNjJ2.s:1749   .text.xStreamBufferReceiveFromISR:00000000000000d0 .L0 
     /tmp/ccHKNjJ2.s:1786   .text.xStreamBufferIsEmpty:000000000000001c .L0 
     /tmp/ccHKNjJ2.s:1855   .text.xStreamBufferIsFull:000000000000004c .L0 
     /tmp/ccHKNjJ2.s:1924   .text.xStreamBufferSendCompletedFromISR:0000000000000058 .L0 
     /tmp/ccHKNjJ2.s:1993   .text.xStreamBufferReceiveCompletedFromISR:0000000000000058 .L0 
     /tmp/ccHKNjJ2.s:2010   .text.uxStreamBufferGetStreamBufferNumber:0000000000000008 .L0 
     /tmp/ccHKNjJ2.s:2027   .text.vStreamBufferSetStreamBufferNumber:0000000000000008 .L0 
     /tmp/ccHKNjJ2.s:2046   .text.ucStreamBufferGetStreamBufferType:000000000000000c .L0 
                     .debug_frame:0000000000000000 .L0 
     /tmp/ccHKNjJ2.s:42     .text.prvBytesInBuffer:000000000000001c .L1
     /tmp/ccHKNjJ2.s:159    .text.prvWriteBytesToBuffer:000000000000003c .L6
     /tmp/ccHKNjJ2.s:223    .text.prvWriteBytesToBuffer:0000000000000090 .L10
     /tmp/ccHKNjJ2.s:192    .text.prvWriteBytesToBuffer:0000000000000068 .L8
     /tmp/ccHKNjJ2.s:177    .text.prvWriteBytesToBuffer:0000000000000058 .L7
     /tmp/ccHKNjJ2.s:292    .text.prvWriteMessageToBuffer:0000000000000054 .L12
     /tmp/ccHKNjJ2.s:308    .text.prvWriteMessageToBuffer:0000000000000068 .L13
     /tmp/ccHKNjJ2.s:279    .text.prvWriteMessageToBuffer:000000000000003c .L14
     /tmp/ccHKNjJ2.s:319    .text.prvWriteMessageToBuffer:0000000000000074 .L18
     /tmp/ccHKNjJ2.s:284    .text.prvWriteMessageToBuffer:0000000000000040 .L15
     /tmp/ccHKNjJ2.s:367    .text.prvReadBytesFromBuffer:0000000000000030 .L20
     /tmp/ccHKNjJ2.s:397    .text.prvReadBytesFromBuffer:0000000000000058 .L26
     /tmp/ccHKNjJ2.s:411    .text.prvReadBytesFromBuffer:000000000000006c .L22
     /tmp/ccHKNjJ2.s:452    .text.prvReadBytesFromBuffer:00000000000000a0 .L27
     /tmp/ccHKNjJ2.s:444    .text.prvReadBytesFromBuffer:0000000000000098 .L24
     /tmp/ccHKNjJ2.s:373    .text.prvReadBytesFromBuffer:0000000000000034 .L19
     /tmp/ccHKNjJ2.s:429    .text.prvReadBytesFromBuffer:0000000000000088 .L23
     /tmp/ccHKNjJ2.s:535    .text.prvReadMessageFromBuffer:0000000000000070 .L32
     /tmp/ccHKNjJ2.s:572    .text.prvReadMessageFromBuffer:00000000000000a0 .L30
     /tmp/ccHKNjJ2.s:500    .text.prvReadMessageFromBuffer:0000000000000034 .L29
     /tmp/ccHKNjJ2.s:650    .text.xStreamBufferGenericCreate:000000000000006c .L41
     /tmp/ccHKNjJ2.s:620    .text.xStreamBufferGenericCreate:0000000000000030 .L35
     /tmp/ccHKNjJ2.s:655    .text.xStreamBufferGenericCreate:0000000000000074 .L39
     /tmp/ccHKNjJ2.s:661    .text.xStreamBufferGenericCreate:0000000000000078 .L33
     /tmp/ccHKNjJ2.s:611    .text.xStreamBufferGenericCreate:0000000000000028 .L34
     /tmp/ccHKNjJ2.s:720    .text.vStreamBufferDelete:0000000000000028 .L43
     /tmp/ccHKNjJ2.s:710    .text.vStreamBufferDelete:000000000000001c .L42
     /tmp/ccHKNjJ2.s:795    .text.xStreamBufferReset:000000000000004c .L51
     /tmp/ccHKNjJ2.s:808    .text.xStreamBufferReset:000000000000005c .L52
     /tmp/ccHKNjJ2.s:773    .text.xStreamBufferReset:000000000000002c .L47
     /tmp/ccHKNjJ2.s:846    .text.xStreamBufferSetTriggerLevel:0000000000000008 .L54
     /tmp/ccHKNjJ2.s:862    .text.xStreamBufferSetTriggerLevel:000000000000001c .L57
     /tmp/ccHKNjJ2.s:911    .text.xStreamBufferSpacesAvailable:0000000000000020 .L58
     /tmp/ccHKNjJ2.s:1076   .text.xStreamBufferSend:00000000000000d8 .L63
GAS LISTING /tmp/ccHKNjJ2.s 			page 86


     /tmp/ccHKNjJ2.s:1009   .text.xStreamBufferSend:000000000000004c .L64
     /tmp/ccHKNjJ2.s:1099   .text.xStreamBufferSend:00000000000000f8 .L65
     /tmp/ccHKNjJ2.s:1088   .text.xStreamBufferSend:00000000000000ec .L66
     /tmp/ccHKNjJ2.s:1022   .text.xStreamBufferSend:0000000000000060 .L67
     /tmp/ccHKNjJ2.s:1093   .text.xStreamBufferSend:00000000000000f4 .L68
     /tmp/ccHKNjJ2.s:1083   .text.xStreamBufferSend:00000000000000e4 .L72
     /tmp/ccHKNjJ2.s:1107   .text.xStreamBufferSend:0000000000000108 .L69
     /tmp/ccHKNjJ2.s:1149   .text.xStreamBufferSend:0000000000000150 .L74
     /tmp/ccHKNjJ2.s:1123   .text.xStreamBufferSend:000000000000012c .L62
     /tmp/ccHKNjJ2.s:1178   .text.xStreamBufferSend:0000000000000194 .L71
     /tmp/ccHKNjJ2.s:1284   .text.xStreamBufferSendFromISR:0000000000000090 .L78
     /tmp/ccHKNjJ2.s:1291   .text.xStreamBufferSendFromISR:0000000000000098 .L80
     /tmp/ccHKNjJ2.s:1235   .text.xStreamBufferSendFromISR:000000000000003c .L76
     /tmp/ccHKNjJ2.s:1258   .text.xStreamBufferSendFromISR:000000000000006c .L75
     /tmp/ccHKNjJ2.s:1419   .text.xStreamBufferReceive:00000000000000a0 .L88
     /tmp/ccHKNjJ2.s:1440   .text.xStreamBufferReceive:00000000000000c8 .L83
     /tmp/ccHKNjJ2.s:1424   .text.xStreamBufferReceive:00000000000000a8 .L91
     /tmp/ccHKNjJ2.s:1448   .text.xStreamBufferReceive:00000000000000d8 .L85
     /tmp/ccHKNjJ2.s:1371   .text.xStreamBufferReceive:0000000000000040 .L82
     /tmp/ccHKNjJ2.s:1389   .text.xStreamBufferReceive:0000000000000060 .L84
     /tmp/ccHKNjJ2.s:1486   .text.xStreamBufferReceive:0000000000000108 .L92
     /tmp/ccHKNjJ2.s:1458   .text.xStreamBufferReceive:00000000000000e0 .L81
     /tmp/ccHKNjJ2.s:1520   .text.xStreamBufferReceive:000000000000015c .L87
     /tmp/ccHKNjJ2.s:1554   .text.xStreamBufferNextMessageLengthBytes:0000000000000014 .L101
     /tmp/ccHKNjJ2.s:1593   .text.xStreamBufferNextMessageLengthBytes:0000000000000050 .L102
     /tmp/ccHKNjJ2.s:1578   .text.xStreamBufferNextMessageLengthBytes:000000000000003c .L93
     /tmp/ccHKNjJ2.s:1703   .text.xStreamBufferReceiveFromISR:0000000000000074 .L106
     /tmp/ccHKNjJ2.s:1710   .text.xStreamBufferReceiveFromISR:000000000000007c .L109
     /tmp/ccHKNjJ2.s:1661   .text.xStreamBufferReceiveFromISR:000000000000003c .L104
     /tmp/ccHKNjJ2.s:1678   .text.xStreamBufferReceiveFromISR:0000000000000050 .L103
     /tmp/ccHKNjJ2.s:1778   .text.xStreamBufferIsEmpty:0000000000000014 .L113
     /tmp/ccHKNjJ2.s:1838   .text.xStreamBufferIsFull:000000000000003c .L117
     /tmp/ccHKNjJ2.s:1845   .text.xStreamBufferIsFull:0000000000000044 .L118
     /tmp/ccHKNjJ2.s:1815   .text.xStreamBufferIsFull:000000000000001c .L115
     /tmp/ccHKNjJ2.s:1825   .text.xStreamBufferIsFull:000000000000002c .L114
     /tmp/ccHKNjJ2.s:1913   .text.xStreamBufferSendCompletedFromISR:0000000000000050 .L122
     /tmp/ccHKNjJ2.s:1982   .text.xStreamBufferReceiveCompletedFromISR:0000000000000050 .L129
     /tmp/ccHKNjJ2.s:4711   .debug_abbrev:0000000000000000 .Ldebug_abbrev0
     /tmp/ccHKNjJ2.s:8178   .debug_str:000000000000022f .LASF118
     /tmp/ccHKNjJ2.s:8226   .debug_str:00000000000004ab .LASF119
     /tmp/ccHKNjJ2.s:8186   .debug_str:000000000000032c .LASF120
     /tmp/ccHKNjJ2.s:8052   .debug_ranges:0000000000000000 .Ldebug_ranges0
     /tmp/ccHKNjJ2.s:8104   .debug_line:0000000000000000 .Ldebug_line0
     /tmp/ccHKNjJ2.s:8244   .debug_str:000000000000057b .LASF0
     /tmp/ccHKNjJ2.s:8348   .debug_str:000000000000091d .LASF4
     /tmp/ccHKNjJ2.s:8232   .debug_str:000000000000050e .LASF1
     /tmp/ccHKNjJ2.s:8130   .debug_str:00000000000000b3 .LASF2
     /tmp/ccHKNjJ2.s:8270   .debug_str:0000000000000640 .LASF3
     /tmp/ccHKNjJ2.s:8148   .debug_str:0000000000000157 .LASF5
     /tmp/ccHKNjJ2.s:8256   .debug_str:00000000000005e2 .LASF6
     /tmp/ccHKNjJ2.s:8204   .debug_str:00000000000003e9 .LASF7
     /tmp/ccHKNjJ2.s:8202   .debug_str:00000000000003e0 .LASF8
     /tmp/ccHKNjJ2.s:8116   .debug_str:0000000000000042 .LASF9
     /tmp/ccHKNjJ2.s:8260   .debug_str:00000000000005fa .LASF10
     /tmp/ccHKNjJ2.s:8314   .debug_str:0000000000000806 .LASF11
     /tmp/ccHKNjJ2.s:8252   .debug_str:00000000000005c0 .LASF12
     /tmp/ccHKNjJ2.s:8158   .debug_str:00000000000001aa .LASF13
GAS LISTING /tmp/ccHKNjJ2.s 			page 87


     /tmp/ccHKNjJ2.s:8246   .debug_str:0000000000000587 .LASF14
     /tmp/ccHKNjJ2.s:8132   .debug_str:00000000000000bd .LASF15
     /tmp/ccHKNjJ2.s:8190   .debug_str:000000000000037d .LASF16
     /tmp/ccHKNjJ2.s:8228   .debug_str:00000000000004fa .LASF17
     /tmp/ccHKNjJ2.s:8274   .debug_str:000000000000065d .LASF18
     /tmp/ccHKNjJ2.s:8248   .debug_str:0000000000000590 .LASF19
     /tmp/ccHKNjJ2.s:8258   .debug_str:00000000000005ef .LASF20
     /tmp/ccHKNjJ2.s:8296   .debug_str:0000000000000733 .LASF21
     /tmp/ccHKNjJ2.s:8266   .debug_str:0000000000000626 .LASF22
     /tmp/ccHKNjJ2.s:8138   .debug_str:00000000000000f8 .LASF23
     /tmp/ccHKNjJ2.s:8210   .debug_str:0000000000000416 .LASF121
     /tmp/ccHKNjJ2.s:8110   .debug_str:0000000000000020 .LASF24
     /tmp/ccHKNjJ2.s:8182   .debug_str:0000000000000315 .LASF25
     /tmp/ccHKNjJ2.s:8346   .debug_str:0000000000000912 .LASF26
     /tmp/ccHKNjJ2.s:8276   .debug_str:0000000000000662 .LASF27
     /tmp/ccHKNjJ2.s:8308   .debug_str:00000000000007c4 .LASF28
     /tmp/ccHKNjJ2.s:8318   .debug_str:0000000000000825 .LASF29
     /tmp/ccHKNjJ2.s:8122   .debug_str:0000000000000078 .LASF34
     /tmp/ccHKNjJ2.s:8238   .debug_str:000000000000053d .LASF30
     /tmp/ccHKNjJ2.s:8234   .debug_str:000000000000051c .LASF31
     /tmp/ccHKNjJ2.s:8128   .debug_str:00000000000000a9 .LASF32
     /tmp/ccHKNjJ2.s:8312   .debug_str:00000000000007f1 .LASF33
     /tmp/ccHKNjJ2.s:8126   .debug_str:0000000000000097 .LASF35
     /tmp/ccHKNjJ2.s:8300   .debug_str:0000000000000755 .LASF36
     /tmp/ccHKNjJ2.s:8326   .debug_str:0000000000000860 .LASF37
     /tmp/ccHKNjJ2.s:8230   .debug_str:0000000000000506 .LASF38
     /tmp/ccHKNjJ2.s:8286   .debug_str:00000000000006c7 .LASF39
     /tmp/ccHKNjJ2.s:8180   .debug_str:00000000000002ff .LASF40
     /tmp/ccHKNjJ2.s:8310   .debug_str:00000000000007de .LASF41
     /tmp/ccHKNjJ2.s:8152   .debug_str:0000000000000173 .LASF42
     /tmp/ccHKNjJ2.s:8262   .debug_str:000000000000060c .LASF43
     /tmp/ccHKNjJ2.s:8282   .debug_str:00000000000006a1 .LASF44
     /tmp/ccHKNjJ2.s:8350   .debug_str:0000000000000927 .LASF45
     /tmp/ccHKNjJ2.s:8154   .debug_str:000000000000017d .LASF46
     /tmp/ccHKNjJ2.s:8170   .debug_str:00000000000001fb .LASF47
     /tmp/ccHKNjJ2.s:8268   .debug_str:0000000000000631 .LASF51
     /tmp/ccHKNjJ2.s:8172   .debug_str:0000000000000202 .LASF48
     /tmp/ccHKNjJ2.s:8344   .debug_str:0000000000000902 .LASF54
     /tmp/ccHKNjJ2.s:8216   .debug_str:000000000000043e .LASF49
     /tmp/ccHKNjJ2.s:8118   .debug_str:000000000000004d .LASF50
     /tmp/ccHKNjJ2.s:8334   .debug_str:00000000000008ae .LASF52
     /tmp/ccHKNjJ2.s:8134   .debug_str:00000000000000c4 .LASF53
     /tmp/ccHKNjJ2.s:8168   .debug_str:00000000000001e6 .LASF57
     /tmp/ccHKNjJ2.s:8222   .debug_str:0000000000000481 .LASF55
     /tmp/ccHKNjJ2.s:8156   .debug_str:0000000000000197 .LASF56
     /tmp/ccHKNjJ2.s:8272   .debug_str:0000000000000653 .LASF58
     /tmp/ccHKNjJ2.s:8196   .debug_str:00000000000003b6 .LASF59
     /tmp/ccHKNjJ2.s:8342   .debug_str:00000000000008f5 .LASF60
     /tmp/ccHKNjJ2.s:8188   .debug_str:000000000000035b .LASF62
     /tmp/ccHKNjJ2.s:2032   .text.ucStreamBufferGetStreamBufferType:0000000000000000 .LFB25
     /tmp/ccHKNjJ2.s:2044   .text.ucStreamBufferGetStreamBufferType:000000000000000c .LFE25
     /tmp/ccHKNjJ2.s:8184   .debug_str:000000000000031e .LASF61
     /tmp/ccHKNjJ2.s:5438   .debug_loc:0000000000000000 .LLST120
     /tmp/ccHKNjJ2.s:8306   .debug_str:00000000000007a1 .LASF111
     /tmp/ccHKNjJ2.s:2015   .text.vStreamBufferSetStreamBufferNumber:0000000000000000 .LFB24
     /tmp/ccHKNjJ2.s:2025   .text.vStreamBufferSetStreamBufferNumber:0000000000000008 .LFE24
     /tmp/ccHKNjJ2.s:8292   .debug_str:00000000000006f4 .LASF63
GAS LISTING /tmp/ccHKNjJ2.s 			page 88


     /tmp/ccHKNjJ2.s:1998   .text.uxStreamBufferGetStreamBufferNumber:0000000000000000 .LFB23
     /tmp/ccHKNjJ2.s:2008   .text.uxStreamBufferGetStreamBufferNumber:0000000000000008 .LFE23
     /tmp/ccHKNjJ2.s:5452   .debug_loc:0000000000000039 .LLST119
     /tmp/ccHKNjJ2.s:8332   .debug_str:0000000000000891 .LASF122
     /tmp/ccHKNjJ2.s:52     .text.prvInitialiseNewStreamBuffer:0000000000000000 .LFB22
     /tmp/ccHKNjJ2.s:118    .text.prvInitialiseNewStreamBuffer:0000000000000070 .LFE22
     /tmp/ccHKNjJ2.s:5466   .debug_loc:0000000000000072 .LLST2
     /tmp/ccHKNjJ2.s:8200   .debug_str:00000000000003d1 .LASF64
     /tmp/ccHKNjJ2.s:5484   .debug_loc:00000000000000be .LLST3
     /tmp/ccHKNjJ2.s:5502   .debug_loc:000000000000010a .LLST4
     /tmp/ccHKNjJ2.s:8236   .debug_str:000000000000052c .LASF65
     /tmp/ccHKNjJ2.s:5521   .debug_loc:0000000000000157 .LLST5
     /tmp/ccHKNjJ2.s:5540   .debug_loc:00000000000001a4 .LLST6
     /tmp/ccHKNjJ2.s:5559   .debug_loc:00000000000001f1 .LLST7
     /tmp/ccHKNjJ2.s:83     .text.prvInitialiseNewStreamBuffer:0000000000000040 .LVL7
     /tmp/ccHKNjJ2.s:8284   .debug_str:00000000000006b6 .LASF66
     /tmp/ccHKNjJ2.s:14     .text.prvBytesInBuffer:0000000000000000 .LFB21
     /tmp/ccHKNjJ2.s:46     .text.prvBytesInBuffer:0000000000000020 .LFE21
     /tmp/ccHKNjJ2.s:5573   .debug_loc:000000000000022a .LLST0
     /tmp/ccHKNjJ2.s:8114   .debug_str:000000000000003b .LASF71
     /tmp/ccHKNjJ2.s:5587   .debug_loc:0000000000000263 .LLST1
     /tmp/ccHKNjJ2.s:8136   .debug_str:00000000000000e1 .LASF67
     /tmp/ccHKNjJ2.s:340    .text.prvReadBytesFromBuffer:0000000000000000 .LFB20
     /tmp/ccHKNjJ2.s:463    .text.prvReadBytesFromBuffer:00000000000000b8 .LFE20
     /tmp/ccHKNjJ2.s:5598   .debug_loc:0000000000000299 .LLST22
     /tmp/ccHKNjJ2.s:5621   .debug_loc:00000000000002f9 .LLST23
     /tmp/ccHKNjJ2.s:8336   .debug_str:00000000000008c8 .LASF68
     /tmp/ccHKNjJ2.s:5643   .debug_loc:0000000000000358 .LLST24
     /tmp/ccHKNjJ2.s:8176   .debug_str:0000000000000225 .LASF69
     /tmp/ccHKNjJ2.s:5669   .debug_loc:00000000000003ca .LLST25
     /tmp/ccHKNjJ2.s:8142   .debug_str:000000000000012a .LASF70
     /tmp/ccHKNjJ2.s:5694   .debug_loc:000000000000042c .LLST26
     /tmp/ccHKNjJ2.s:5719   .debug_loc:000000000000048e .LLST27
     /tmp/ccHKNjJ2.s:8160   .debug_str:00000000000001b2 .LASF72
     /tmp/ccHKNjJ2.s:8324   .debug_str:0000000000000856 .LASF73
     /tmp/ccHKNjJ2.s:425    .text.prvReadBytesFromBuffer:0000000000000084 .LVL53
     /tmp/ccHKNjJ2.s:460    .text.prvReadBytesFromBuffer:00000000000000b4 .LVL56
     /tmp/ccHKNjJ2.s:8298   .debug_str:000000000000073f .LASF74
     /tmp/ccHKNjJ2.s:124    .text.prvWriteBytesToBuffer:0000000000000000 .LFB19
     /tmp/ccHKNjJ2.s:236    .text.prvWriteBytesToBuffer:00000000000000a8 .LFE19
     /tmp/ccHKNjJ2.s:5734   .debug_loc:00000000000004d7 .LLST8
     /tmp/ccHKNjJ2.s:5757   .debug_loc:0000000000000537 .LLST9
     /tmp/ccHKNjJ2.s:5779   .debug_loc:0000000000000596 .LLST10
     /tmp/ccHKNjJ2.s:5801   .debug_loc:00000000000005f5 .LLST11
     /tmp/ccHKNjJ2.s:8146   .debug_str:000000000000014d .LASF75
     /tmp/ccHKNjJ2.s:5820   .debug_loc:0000000000000651 .LLST12
     /tmp/ccHKNjJ2.s:5839   .debug_loc:000000000000069e .LLST13
     /tmp/ccHKNjJ2.s:173    .text.prvWriteBytesToBuffer:0000000000000054 .LVL18
     /tmp/ccHKNjJ2.s:233    .text.prvWriteBytesToBuffer:00000000000000a4 .LVL27
     /tmp/ccHKNjJ2.s:8140   .debug_str:0000000000000105 .LASF76
     /tmp/ccHKNjJ2.s:1929   .text.xStreamBufferReceiveCompletedFromISR:0000000000000000 .LFB18
     /tmp/ccHKNjJ2.s:1991   .text.xStreamBufferReceiveCompletedFromISR:0000000000000058 .LFE18
     /tmp/ccHKNjJ2.s:5850   .debug_loc:00000000000006d4 .LLST114
     /tmp/ccHKNjJ2.s:5868   .debug_loc:0000000000000720 .LLST115
     /tmp/ccHKNjJ2.s:8322   .debug_str:000000000000083c .LASF77
     /tmp/ccHKNjJ2.s:5897   .debug_loc:0000000000000795 .LLST116
     /tmp/ccHKNjJ2.s:5919   .debug_loc:00000000000007f4 .LLST117
GAS LISTING /tmp/ccHKNjJ2.s 			page 89


     /tmp/ccHKNjJ2.s:8214   .debug_str:0000000000000436 .LASF78
     /tmp/ccHKNjJ2.s:5948   .debug_loc:0000000000000869 .LLST118
     /tmp/ccHKNjJ2.s:8316   .debug_str:000000000000080e .LASF79
     /tmp/ccHKNjJ2.s:1963   .text.xStreamBufferReceiveCompletedFromISR:0000000000000038 .LVL252
     /tmp/ccHKNjJ2.s:8302   .debug_str:000000000000075b .LASF80
     /tmp/ccHKNjJ2.s:1860   .text.xStreamBufferSendCompletedFromISR:0000000000000000 .LFB17
     /tmp/ccHKNjJ2.s:1922   .text.xStreamBufferSendCompletedFromISR:0000000000000058 .LFE17
     /tmp/ccHKNjJ2.s:5961   .debug_loc:00000000000008a1 .LLST109
     /tmp/ccHKNjJ2.s:5979   .debug_loc:00000000000008ed .LLST110
     /tmp/ccHKNjJ2.s:6008   .debug_loc:0000000000000962 .LLST111
     /tmp/ccHKNjJ2.s:6030   .debug_loc:00000000000009c1 .LLST112
     /tmp/ccHKNjJ2.s:6059   .debug_loc:0000000000000a36 .LLST113
     /tmp/ccHKNjJ2.s:1894   .text.xStreamBufferSendCompletedFromISR:0000000000000038 .LVL244
     /tmp/ccHKNjJ2.s:8198   .debug_str:00000000000003bd .LASF81
     /tmp/ccHKNjJ2.s:1791   .text.xStreamBufferIsFull:0000000000000000 .LFB16
     /tmp/ccHKNjJ2.s:1853   .text.xStreamBufferIsFull:000000000000004c .LFE16
     /tmp/ccHKNjJ2.s:6072   .debug_loc:0000000000000a6e .LLST105
     /tmp/ccHKNjJ2.s:6095   .debug_loc:0000000000000ace .LLST106
     /tmp/ccHKNjJ2.s:8294   .debug_str:0000000000000718 .LASF82
     /tmp/ccHKNjJ2.s:6120   .debug_loc:0000000000000b30 .LLST107
     /tmp/ccHKNjJ2.s:6131   .debug_loc:0000000000000b66 .LLST108
     /tmp/ccHKNjJ2.s:1820   .text.xStreamBufferIsFull:0000000000000024 .LVL236
     /tmp/ccHKNjJ2.s:8208   .debug_str:0000000000000401 .LASF83
     /tmp/ccHKNjJ2.s:1754   .text.xStreamBufferIsEmpty:0000000000000000 .LFB15
     /tmp/ccHKNjJ2.s:1784   .text.xStreamBufferIsEmpty:000000000000001c .LFE15
     /tmp/ccHKNjJ2.s:6156   .debug_loc:0000000000000bc8 .LLST102
     /tmp/ccHKNjJ2.s:6181   .debug_loc:0000000000000c2a .LLST103
     /tmp/ccHKNjJ2.s:6206   .debug_loc:0000000000000c8c .LLST104
     /tmp/ccHKNjJ2.s:8250   .debug_str:00000000000005a7 .LASF84
     /tmp/ccHKNjJ2.s:469    .text.prvReadMessageFromBuffer:0000000000000000 .LFB14
     /tmp/ccHKNjJ2.s:578    .text.prvReadMessageFromBuffer:00000000000000a8 .LFE14
     /tmp/ccHKNjJ2.s:6214   .debug_loc:0000000000000cb0 .LLST28
     /tmp/ccHKNjJ2.s:6237   .debug_loc:0000000000000d12 .LLST29
     /tmp/ccHKNjJ2.s:8320   .debug_str:0000000000000833 .LASF85
     /tmp/ccHKNjJ2.s:6259   .debug_loc:0000000000000d71 .LLST30
     /tmp/ccHKNjJ2.s:8108   .debug_str:000000000000000d .LASF86
     /tmp/ccHKNjJ2.s:6285   .debug_loc:0000000000000de3 .LLST31
     /tmp/ccHKNjJ2.s:6325   .debug_loc:0000000000000e81 .LLST32
     /tmp/ccHKNjJ2.s:6340   .debug_loc:0000000000000eca .LLST33
     /tmp/ccHKNjJ2.s:8330   .debug_str:0000000000000883 .LASF87
     /tmp/ccHKNjJ2.s:8174   .debug_str:0000000000000215 .LASF88
     /tmp/ccHKNjJ2.s:6362   .debug_loc:0000000000000f29 .LLST34
     /tmp/ccHKNjJ2.s:8144   .debug_str:000000000000013a .LASF89
     /tmp/ccHKNjJ2.s:6369   .debug_loc:0000000000000f4c .LLST35
     /tmp/ccHKNjJ2.s:8280   .debug_str:000000000000068a .LASF90
     /tmp/ccHKNjJ2.s:508    .text.prvReadMessageFromBuffer:000000000000004c .LVL59
     /tmp/ccHKNjJ2.s:550    .text.prvReadMessageFromBuffer:0000000000000088 .LVL68
     /tmp/ccHKNjJ2.s:8194   .debug_str:000000000000039a .LASF91
     /tmp/ccHKNjJ2.s:1625   .text.xStreamBufferReceiveFromISR:0000000000000000 .LFB13
     /tmp/ccHKNjJ2.s:1747   .text.xStreamBufferReceiveFromISR:00000000000000d0 .LFE13
     /tmp/ccHKNjJ2.s:6389   .debug_loc:0000000000000fa9 .LLST93
     /tmp/ccHKNjJ2.s:6412   .debug_loc:0000000000001009 .LLST94
     /tmp/ccHKNjJ2.s:6434   .debug_loc:0000000000001068 .LLST95
     /tmp/ccHKNjJ2.s:6463   .debug_loc:00000000000010dd .LLST96
     /tmp/ccHKNjJ2.s:6489   .debug_loc:000000000000114f .LLST97
     /tmp/ccHKNjJ2.s:6515   .debug_loc:00000000000011c1 .LLST98
     /tmp/ccHKNjJ2.s:6537   .debug_loc:0000000000001220 .LLST99
GAS LISTING /tmp/ccHKNjJ2.s 			page 90


     /tmp/ccHKNjJ2.s:6554   .debug_loc:000000000000126b .LLST100
     /tmp/ccHKNjJ2.s:6569   .debug_loc:00000000000012b4 .LLST101
     /tmp/ccHKNjJ2.s:1726   .text.xStreamBufferReceiveFromISR:00000000000000a0 .LBB3
     /tmp/ccHKNjJ2.s:1745   .text.xStreamBufferReceiveFromISR:00000000000000d0 .LBE3
     /tmp/ccHKNjJ2.s:1741   .text.xStreamBufferReceiveFromISR:00000000000000c8 .LVL227
     /tmp/ccHKNjJ2.s:1668   .text.xStreamBufferReceiveFromISR:0000000000000048 .LVL215
     /tmp/ccHKNjJ2.s:1720   .text.xStreamBufferReceiveFromISR:0000000000000098 .LVL224
     /tmp/ccHKNjJ2.s:8304   .debug_str:000000000000077d .LASF92
     /tmp/ccHKNjJ2.s:1534   .text.xStreamBufferNextMessageLengthBytes:0000000000000000 .LFB12
     /tmp/ccHKNjJ2.s:1618   .text.xStreamBufferNextMessageLengthBytes:0000000000000078 .LFE12
     /tmp/ccHKNjJ2.s:6580   .debug_loc:00000000000012ea .LLST88
     /tmp/ccHKNjJ2.s:6603   .debug_loc:000000000000134a .LLST89
     /tmp/ccHKNjJ2.s:6636   .debug_loc:00000000000013d2 .LLST90
     /tmp/ccHKNjJ2.s:6669   .debug_loc:000000000000145a .LLST91
     /tmp/ccHKNjJ2.s:6676   .debug_loc:000000000000147d .LLST92
     /tmp/ccHKNjJ2.s:8212   .debug_str:000000000000042a .LASF93
     /tmp/ccHKNjJ2.s:1569   .text.xStreamBufferNextMessageLengthBytes:0000000000000030 .LVL203
     /tmp/ccHKNjJ2.s:1608   .text.xStreamBufferNextMessageLengthBytes:000000000000006c .LVL209
     /tmp/ccHKNjJ2.s:8124   .debug_str:0000000000000082 .LASF94
     /tmp/ccHKNjJ2.s:1333   .text.xStreamBufferReceive:0000000000000000 .LFB11
     /tmp/ccHKNjJ2.s:1527   .text.xStreamBufferReceive:0000000000000168 .LFE11
     /tmp/ccHKNjJ2.s:6691   .debug_loc:00000000000014c6 .LLST79
     /tmp/ccHKNjJ2.s:6714   .debug_loc:0000000000001528 .LLST80
     /tmp/ccHKNjJ2.s:6736   .debug_loc:0000000000001587 .LLST81
     /tmp/ccHKNjJ2.s:6774   .debug_loc:0000000000001632 .LLST82
     /tmp/ccHKNjJ2.s:8162   .debug_str:00000000000001bf .LASF95
     /tmp/ccHKNjJ2.s:6812   .debug_loc:00000000000016dd .LLST83
     /tmp/ccHKNjJ2.s:6850   .debug_loc:0000000000001788 .LLST84
     /tmp/ccHKNjJ2.s:6872   .debug_loc:00000000000017e7 .LLST85
     /tmp/ccHKNjJ2.s:6889   .debug_loc:0000000000001832 .LLST86
     /tmp/ccHKNjJ2.s:6908   .debug_loc:000000000000188e .LLST87
     /tmp/ccHKNjJ2.s:1378   .text.xStreamBufferReceive:000000000000004c .LVL174
     /tmp/ccHKNjJ2.s:1383   .text.xStreamBufferReceive:0000000000000058 .LVL175
     /tmp/ccHKNjJ2.s:1393   .text.xStreamBufferReceive:0000000000000068 .LVL177
     /tmp/ccHKNjJ2.s:1406   .text.xStreamBufferReceive:0000000000000088 .LVL178
     /tmp/ccHKNjJ2.s:1414   .text.xStreamBufferReceive:0000000000000098 .LVL179
     /tmp/ccHKNjJ2.s:1430   .text.xStreamBufferReceive:00000000000000b8 .LVL183
     /tmp/ccHKNjJ2.s:1435   .text.xStreamBufferReceive:00000000000000c0 .LVL184
     /tmp/ccHKNjJ2.s:1445   .text.xStreamBufferReceive:00000000000000d4 .LVL186
     /tmp/ccHKNjJ2.s:1497   .text.xStreamBufferReceive:0000000000000124 .LVL195
     /tmp/ccHKNjJ2.s:1506   .text.xStreamBufferReceive:0000000000000134 .LVL197
     /tmp/ccHKNjJ2.s:1517   .text.xStreamBufferReceive:0000000000000158 .LVL198
     /tmp/ccHKNjJ2.s:1523   .text.xStreamBufferReceive:0000000000000164 .LVL199
     /tmp/ccHKNjJ2.s:8224   .debug_str:0000000000000493 .LASF96
     /tmp/ccHKNjJ2.s:242    .text.prvWriteMessageToBuffer:0000000000000000 .LFB10
     /tmp/ccHKNjJ2.s:334    .text.prvWriteMessageToBuffer:000000000000008c .LFE10
     /tmp/ccHKNjJ2.s:6923   .debug_loc:00000000000018d7 .LLST14
     /tmp/ccHKNjJ2.s:6946   .debug_loc:0000000000001937 .LLST15
     /tmp/ccHKNjJ2.s:8340   .debug_str:00000000000008ec .LASF97
     /tmp/ccHKNjJ2.s:6968   .debug_loc:0000000000001996 .LLST16
     /tmp/ccHKNjJ2.s:8150   .debug_str:0000000000000162 .LASF98
     /tmp/ccHKNjJ2.s:6990   .debug_loc:00000000000019f5 .LLST17
     /tmp/ccHKNjJ2.s:8288   .debug_str:00000000000006da .LASF99
     /tmp/ccHKNjJ2.s:7011   .debug_loc:0000000000001a53 .LLST18
     /tmp/ccHKNjJ2.s:8192   .debug_str:000000000000038b .LASF100
     /tmp/ccHKNjJ2.s:7052   .debug_loc:0000000000001b01 .LLST19
     /tmp/ccHKNjJ2.s:8106   .debug_str:0000000000000000 .LASF101
GAS LISTING /tmp/ccHKNjJ2.s 			page 91


     /tmp/ccHKNjJ2.s:7077   .debug_loc:0000000000001b63 .LLST20
     /tmp/ccHKNjJ2.s:7090   .debug_loc:0000000000001b9b .LLST21
     /tmp/ccHKNjJ2.s:291    .text.prvWriteMessageToBuffer:0000000000000054 .LVL33
     /tmp/ccHKNjJ2.s:330    .text.prvWriteMessageToBuffer:0000000000000088 .LVL41
     /tmp/ccHKNjJ2.s:8254   .debug_str:00000000000005c9 .LASF102
     /tmp/ccHKNjJ2.s:1196   .text.xStreamBufferSendFromISR:0000000000000000 .LFB9
     /tmp/ccHKNjJ2.s:1326   .text.xStreamBufferSendFromISR:00000000000000dc .LFE9
     /tmp/ccHKNjJ2.s:7097   .debug_loc:0000000000001bbe .LLST70
     /tmp/ccHKNjJ2.s:7120   .debug_loc:0000000000001c1e .LLST71
     /tmp/ccHKNjJ2.s:7142   .debug_loc:0000000000001c7d .LLST72
     /tmp/ccHKNjJ2.s:7168   .debug_loc:0000000000001cef .LLST73
     /tmp/ccHKNjJ2.s:7197   .debug_loc:0000000000001d64 .LLST74
     /tmp/ccHKNjJ2.s:7223   .debug_loc:0000000000001dd6 .LLST75
     /tmp/ccHKNjJ2.s:7245   .debug_loc:0000000000001e35 .LLST76
     /tmp/ccHKNjJ2.s:7260   .debug_loc:0000000000001e7e .LLST77
     /tmp/ccHKNjJ2.s:7271   .debug_loc:0000000000001eb4 .LLST78
     /tmp/ccHKNjJ2.s:1301   .text.xStreamBufferSendFromISR:00000000000000ac .LBB2
     /tmp/ccHKNjJ2.s:1319   .text.xStreamBufferSendFromISR:00000000000000d8 .LBE2
     /tmp/ccHKNjJ2.s:1316   .text.xStreamBufferSendFromISR:00000000000000d4 .LVL170
     /tmp/ccHKNjJ2.s:1242   .text.xStreamBufferSendFromISR:0000000000000048 .LVL157
     /tmp/ccHKNjJ2.s:1252   .text.xStreamBufferSendFromISR:0000000000000064 .LVL159
     /tmp/ccHKNjJ2.s:1296   .text.xStreamBufferSendFromISR:00000000000000a4 .LVL168
     /tmp/ccHKNjJ2.s:8264   .debug_str:0000000000000614 .LASF103
     /tmp/ccHKNjJ2.s:955    .text.xStreamBufferSend:0000000000000000 .LFB8
     /tmp/ccHKNjJ2.s:1189   .text.xStreamBufferSend:00000000000001a0 .LFE8
     /tmp/ccHKNjJ2.s:7290   .debug_loc:0000000000001f10 .LLST60
     /tmp/ccHKNjJ2.s:7313   .debug_loc:0000000000001f72 .LLST61
     /tmp/ccHKNjJ2.s:7335   .debug_loc:0000000000001fd1 .LLST62
     /tmp/ccHKNjJ2.s:7365   .debug_loc:0000000000002056 .LLST63
     /tmp/ccHKNjJ2.s:7395   .debug_loc:00000000000020db .LLST64
     /tmp/ccHKNjJ2.s:7420   .debug_loc:000000000000213d .LLST65
     /tmp/ccHKNjJ2.s:7442   .debug_loc:000000000000219c .LLST66
     /tmp/ccHKNjJ2.s:7457   .debug_loc:00000000000021e5 .LLST67
     /tmp/ccHKNjJ2.s:7482   .debug_loc:0000000000002256 .LLST68
     /tmp/ccHKNjJ2.s:8166   .debug_str:00000000000001dd .LASF104
     /tmp/ccHKNjJ2.s:8242   .debug_str:0000000000000569 .LASF105
     /tmp/ccHKNjJ2.s:7505   .debug_loc:00000000000022c5 .LLST69
     /tmp/ccHKNjJ2.s:1021   .text.xStreamBufferSend:0000000000000060 .LVL126
     /tmp/ccHKNjJ2.s:1026   .text.xStreamBufferSend:0000000000000068 .LVL127
     /tmp/ccHKNjJ2.s:1031   .text.xStreamBufferSend:0000000000000074 .LVL128
     /tmp/ccHKNjJ2.s:1042   .text.xStreamBufferSend:000000000000008c .LVL130
     /tmp/ccHKNjJ2.s:1047   .text.xStreamBufferSend:0000000000000094 .LVL131
     /tmp/ccHKNjJ2.s:1052   .text.xStreamBufferSend:00000000000000a0 .LVL132
     /tmp/ccHKNjJ2.s:1062   .text.xStreamBufferSend:00000000000000bc .LVL133
     /tmp/ccHKNjJ2.s:1071   .text.xStreamBufferSend:00000000000000d0 .LVL134
     /tmp/ccHKNjJ2.s:1091   .text.xStreamBufferSend:00000000000000f4 .LVL137
     /tmp/ccHKNjJ2.s:1104   .text.xStreamBufferSend:0000000000000104 .LVL139
     /tmp/ccHKNjJ2.s:1117   .text.xStreamBufferSend:0000000000000124 .LVL141
     /tmp/ccHKNjJ2.s:1157   .text.xStreamBufferSend:000000000000015c .LVL149
     /tmp/ccHKNjJ2.s:1164   .text.xStreamBufferSend:000000000000016c .LVL150
     /tmp/ccHKNjJ2.s:1175   .text.xStreamBufferSend:0000000000000190 .LVL151
     /tmp/ccHKNjJ2.s:1181   .text.xStreamBufferSend:000000000000019c .LVL152
     /tmp/ccHKNjJ2.s:8338   .debug_str:00000000000008d0 .LASF106
     /tmp/ccHKNjJ2.s:922    .text.xStreamBufferBytesAvailable:0000000000000000 .LFB7
     /tmp/ccHKNjJ2.s:948    .text.xStreamBufferBytesAvailable:000000000000001c .LFE7
     /tmp/ccHKNjJ2.s:7534   .debug_loc:000000000000232b .LLST57
     /tmp/ccHKNjJ2.s:7552   .debug_loc:0000000000002377 .LLST58
GAS LISTING /tmp/ccHKNjJ2.s 			page 92


     /tmp/ccHKNjJ2.s:7566   .debug_loc:00000000000023b0 .LLST59
     /tmp/ccHKNjJ2.s:938    .text.xStreamBufferBytesAvailable:0000000000000010 .LVL118
     /tmp/ccHKNjJ2.s:8328   .debug_str:0000000000000866 .LASF107
     /tmp/ccHKNjJ2.s:877    .text.xStreamBufferSpacesAvailable:0000000000000000 .LFB6
     /tmp/ccHKNjJ2.s:915    .text.xStreamBufferSpacesAvailable:0000000000000024 .LFE6
     /tmp/ccHKNjJ2.s:7580   .debug_loc:00000000000023e9 .LLST54
     /tmp/ccHKNjJ2.s:7594   .debug_loc:0000000000002422 .LLST55
     /tmp/ccHKNjJ2.s:7608   .debug_loc:000000000000245b .LLST56
     /tmp/ccHKNjJ2.s:8240   .debug_str:000000000000054c .LASF108
     /tmp/ccHKNjJ2.s:833    .text.xStreamBufferSetTriggerLevel:0000000000000000 .LFB5
     /tmp/ccHKNjJ2.s:870    .text.xStreamBufferSetTriggerLevel:0000000000000024 .LFE5
     /tmp/ccHKNjJ2.s:7619   .debug_loc:0000000000002491 .LLST50
     /tmp/ccHKNjJ2.s:8206   .debug_str:00000000000003f3 .LASF109
     /tmp/ccHKNjJ2.s:7644   .debug_loc:00000000000024f3 .LLST51
     /tmp/ccHKNjJ2.s:7655   .debug_loc:0000000000002529 .LLST52
     /tmp/ccHKNjJ2.s:7680   .debug_loc:000000000000258b .LLST53
     /tmp/ccHKNjJ2.s:8290   .debug_str:00000000000006e1 .LASF110
     /tmp/ccHKNjJ2.s:739    .text.xStreamBufferReset:0000000000000000 .LFB4
     /tmp/ccHKNjJ2.s:826    .text.xStreamBufferReset:0000000000000084 .LFE4
     /tmp/ccHKNjJ2.s:7693   .debug_loc:00000000000025c3 .LLST45
     /tmp/ccHKNjJ2.s:7716   .debug_loc:0000000000002623 .LLST46
     /tmp/ccHKNjJ2.s:7756   .debug_loc:00000000000026c1 .LLST47
     /tmp/ccHKNjJ2.s:7796   .debug_loc:000000000000275f .LLST48
     /tmp/ccHKNjJ2.s:7822   .debug_loc:00000000000027d1 .LLST49
     /tmp/ccHKNjJ2.s:764    .text.xStreamBufferReset:0000000000000020 .LVL95
     /tmp/ccHKNjJ2.s:777    .text.xStreamBufferReset:0000000000000034 .LVL97
     /tmp/ccHKNjJ2.s:816    .text.xStreamBufferReset:0000000000000078 .LVL103
     /tmp/ccHKNjJ2.s:8120   .debug_str:0000000000000064 .LASF112
     /tmp/ccHKNjJ2.s:688    .text.vStreamBufferDelete:0000000000000000 .LFB3
     /tmp/ccHKNjJ2.s:732    .text.vStreamBufferDelete:000000000000003c .LFE3
     /tmp/ccHKNjJ2.s:7833   .debug_loc:0000000000002807 .LLST42
     /tmp/ccHKNjJ2.s:7856   .debug_loc:0000000000002867 .LLST43
     /tmp/ccHKNjJ2.s:7881   .debug_loc:00000000000028c9 .LLST44
     /tmp/ccHKNjJ2.s:709    .text.vStreamBufferDelete:000000000000001c .LVL89
     /tmp/ccHKNjJ2.s:728    .text.vStreamBufferDelete:0000000000000038 .LVL91
     /tmp/ccHKNjJ2.s:8220   .debug_str:0000000000000466 .LASF113
     /tmp/ccHKNjJ2.s:585    .text.xStreamBufferGenericCreate:0000000000000000 .LFB2
     /tmp/ccHKNjJ2.s:681    .text.xStreamBufferGenericCreate:0000000000000098 .LFE2
     /tmp/ccHKNjJ2.s:7906   .debug_loc:000000000000292b .LLST36
     /tmp/ccHKNjJ2.s:7924   .debug_loc:0000000000002977 .LLST37
     /tmp/ccHKNjJ2.s:7939   .debug_loc:00000000000029c0 .LLST38
     /tmp/ccHKNjJ2.s:8278   .debug_str:0000000000000679 .LASF114
     /tmp/ccHKNjJ2.s:7950   .debug_loc:00000000000029f6 .LLST39
     /tmp/ccHKNjJ2.s:8218   .debug_str:0000000000000453 .LASF115
     /tmp/ccHKNjJ2.s:7975   .debug_loc:0000000000002a58 .LLST40
     /tmp/ccHKNjJ2.s:7982   .debug_loc:0000000000002a7b .LLST41
     /tmp/ccHKNjJ2.s:634    .text.xStreamBufferGenericCreate:0000000000000048 .LVL79
     /tmp/ccHKNjJ2.s:646    .text.xStreamBufferGenericCreate:0000000000000068 .LVL81
     /tmp/ccHKNjJ2.s:8164   .debug_str:00000000000001cc .LASF116
     /tmp/ccHKNjJ2.s:8112   .debug_str:000000000000002a .LASF117
     /tmp/ccHKNjJ2.s:2035   .text.ucStreamBufferGetStreamBufferType:0000000000000000 .LVL260
     /tmp/ccHKNjJ2.s:2039   .text.ucStreamBufferGetStreamBufferType:0000000000000004 .LVL261
     /tmp/ccHKNjJ2.s:2001   .text.uxStreamBufferGetStreamBufferNumber:0000000000000000 .LVL257
     /tmp/ccHKNjJ2.s:2005   .text.uxStreamBufferGetStreamBufferNumber:0000000000000004 .LVL258
     /tmp/ccHKNjJ2.s:57     .text.prvInitialiseNewStreamBuffer:0000000000000004 .LCFI0
     /tmp/ccHKNjJ2.s:114    .text.prvInitialiseNewStreamBuffer:000000000000006c .LCFI1
     /tmp/ccHKNjJ2.s:55     .text.prvInitialiseNewStreamBuffer:0000000000000000 .LVL4
GAS LISTING /tmp/ccHKNjJ2.s 			page 93


     /tmp/ccHKNjJ2.s:101    .text.prvInitialiseNewStreamBuffer:0000000000000058 .LVL8
     /tmp/ccHKNjJ2.s:81     .text.prvInitialiseNewStreamBuffer:0000000000000038 .LVL6
     /tmp/ccHKNjJ2.s:112    .text.prvInitialiseNewStreamBuffer:0000000000000068 .LVL11
     /tmp/ccHKNjJ2.s:79     .text.prvInitialiseNewStreamBuffer:0000000000000034 .LVL5
     /tmp/ccHKNjJ2.s:109    .text.prvInitialiseNewStreamBuffer:0000000000000064 .LVL10
     /tmp/ccHKNjJ2.s:106    .text.prvInitialiseNewStreamBuffer:0000000000000060 .LVL9
     /tmp/ccHKNjJ2.s:17     .text.prvBytesInBuffer:0000000000000000 .LVL0
     /tmp/ccHKNjJ2.s:32     .text.prvBytesInBuffer:0000000000000014 .LVL2
     /tmp/ccHKNjJ2.s:26     .text.prvBytesInBuffer:000000000000000c .LVL1
     /tmp/ccHKNjJ2.s:345    .text.prvReadBytesFromBuffer:0000000000000004 .LCFI8
     /tmp/ccHKNjJ2.s:393    .text.prvReadBytesFromBuffer:0000000000000054 .LCFI9
     /tmp/ccHKNjJ2.s:398    .text.prvReadBytesFromBuffer:0000000000000058 .LCFI10
     /tmp/ccHKNjJ2.s:343    .text.prvReadBytesFromBuffer:0000000000000000 .LVL42
     /tmp/ccHKNjJ2.s:372    .text.prvReadBytesFromBuffer:0000000000000034 .LVL44
     /tmp/ccHKNjJ2.s:384    .text.prvReadBytesFromBuffer:0000000000000044 .LVL46
     /tmp/ccHKNjJ2.s:396    .text.prvReadBytesFromBuffer:0000000000000058 .LVL48
     /tmp/ccHKNjJ2.s:387    .text.prvReadBytesFromBuffer:0000000000000048 .LVL47
     /tmp/ccHKNjJ2.s:418    .text.prvReadBytesFromBuffer:0000000000000070 .LVL51
     /tmp/ccHKNjJ2.s:421    .text.prvReadBytesFromBuffer:0000000000000074 .LVL52
     /tmp/ccHKNjJ2.s:368    .text.prvReadBytesFromBuffer:0000000000000030 .LVL43
     /tmp/ccHKNjJ2.s:381    .text.prvReadBytesFromBuffer:0000000000000040 .LVL45
     /tmp/ccHKNjJ2.s:129    .text.prvWriteBytesToBuffer:0000000000000004 .LCFI2
     /tmp/ccHKNjJ2.s:219    .text.prvWriteBytesToBuffer:000000000000008c .LCFI3
     /tmp/ccHKNjJ2.s:224    .text.prvWriteBytesToBuffer:0000000000000090 .LCFI4
     /tmp/ccHKNjJ2.s:127    .text.prvWriteBytesToBuffer:0000000000000000 .LVL12
     /tmp/ccHKNjJ2.s:165    .text.prvWriteBytesToBuffer:0000000000000040 .LVL15
     /tmp/ccHKNjJ2.s:205    .text.prvWriteBytesToBuffer:0000000000000078 .LVL21
     /tmp/ccHKNjJ2.s:222    .text.prvWriteBytesToBuffer:0000000000000090 .LVL26
     /tmp/ccHKNjJ2.s:170    .text.prvWriteBytesToBuffer:0000000000000048 .LVL17
     /tmp/ccHKNjJ2.s:217    .text.prvWriteBytesToBuffer:0000000000000088 .LVL25
     /tmp/ccHKNjJ2.s:168    .text.prvWriteBytesToBuffer:0000000000000044 .LVL16
     /tmp/ccHKNjJ2.s:211    .text.prvWriteBytesToBuffer:0000000000000080 .LVL23
     /tmp/ccHKNjJ2.s:151    .text.prvWriteBytesToBuffer:000000000000002c .LVL13
     /tmp/ccHKNjJ2.s:208    .text.prvWriteBytesToBuffer:000000000000007c .LVL22
     /tmp/ccHKNjJ2.s:160    .text.prvWriteBytesToBuffer:000000000000003c .LVL14
     /tmp/ccHKNjJ2.s:214    .text.prvWriteBytesToBuffer:0000000000000084 .LVL24
     /tmp/ccHKNjJ2.s:1945   .text.xStreamBufferReceiveCompletedFromISR:000000000000000c .LCFI44
     /tmp/ccHKNjJ2.s:1978   .text.xStreamBufferReceiveCompletedFromISR:000000000000004c .LCFI45
     /tmp/ccHKNjJ2.s:1932   .text.xStreamBufferReceiveCompletedFromISR:0000000000000000 .LVL249
     /tmp/ccHKNjJ2.s:1956   .text.xStreamBufferReceiveCompletedFromISR:0000000000000020 .LVL250
     /tmp/ccHKNjJ2.s:1976   .text.xStreamBufferReceiveCompletedFromISR:0000000000000048 .LVL254
     /tmp/ccHKNjJ2.s:1981   .text.xStreamBufferReceiveCompletedFromISR:0000000000000050 .LVL255
     /tmp/ccHKNjJ2.s:1985   .text.xStreamBufferReceiveCompletedFromISR:0000000000000054 .LVL256
     /tmp/ccHKNjJ2.s:1961   .text.xStreamBufferReceiveCompletedFromISR:0000000000000030 .LVL251
     /tmp/ccHKNjJ2.s:1968   .text.xStreamBufferReceiveCompletedFromISR:000000000000003c .LVL253
     /tmp/ccHKNjJ2.s:1876   .text.xStreamBufferSendCompletedFromISR:000000000000000c .LCFI42
     /tmp/ccHKNjJ2.s:1909   .text.xStreamBufferSendCompletedFromISR:000000000000004c .LCFI43
     /tmp/ccHKNjJ2.s:1863   .text.xStreamBufferSendCompletedFromISR:0000000000000000 .LVL241
     /tmp/ccHKNjJ2.s:1887   .text.xStreamBufferSendCompletedFromISR:0000000000000020 .LVL242
     /tmp/ccHKNjJ2.s:1907   .text.xStreamBufferSendCompletedFromISR:0000000000000048 .LVL246
     /tmp/ccHKNjJ2.s:1912   .text.xStreamBufferSendCompletedFromISR:0000000000000050 .LVL247
     /tmp/ccHKNjJ2.s:1916   .text.xStreamBufferSendCompletedFromISR:0000000000000054 .LVL248
     /tmp/ccHKNjJ2.s:1892   .text.xStreamBufferSendCompletedFromISR:0000000000000030 .LVL243
     /tmp/ccHKNjJ2.s:1899   .text.xStreamBufferSendCompletedFromISR:000000000000003c .LVL245
     /tmp/ccHKNjJ2.s:1796   .text.xStreamBufferIsFull:0000000000000004 .LCFI39
     /tmp/ccHKNjJ2.s:1834   .text.xStreamBufferIsFull:0000000000000038 .LCFI40
     /tmp/ccHKNjJ2.s:1839   .text.xStreamBufferIsFull:000000000000003c .LCFI41
GAS LISTING /tmp/ccHKNjJ2.s 			page 94


     /tmp/ccHKNjJ2.s:1794   .text.xStreamBufferIsFull:0000000000000000 .LVL233
     /tmp/ccHKNjJ2.s:1837   .text.xStreamBufferIsFull:000000000000003c .LVL238
     /tmp/ccHKNjJ2.s:1844   .text.xStreamBufferIsFull:0000000000000044 .LVL239
     /tmp/ccHKNjJ2.s:1816   .text.xStreamBufferIsFull:000000000000001c .LVL235
     /tmp/ccHKNjJ2.s:1832   .text.xStreamBufferIsFull:0000000000000034 .LVL237
     /tmp/ccHKNjJ2.s:1805   .text.xStreamBufferIsFull:000000000000000c .LVL234
     /tmp/ccHKNjJ2.s:1757   .text.xStreamBufferIsEmpty:0000000000000000 .LVL228
     /tmp/ccHKNjJ2.s:1773   .text.xStreamBufferIsEmpty:0000000000000010 .LVL230
     /tmp/ccHKNjJ2.s:1777   .text.xStreamBufferIsEmpty:0000000000000014 .LVL231
     /tmp/ccHKNjJ2.s:1781   .text.xStreamBufferIsEmpty:0000000000000018 .LVL232
     /tmp/ccHKNjJ2.s:474    .text.prvReadMessageFromBuffer:0000000000000004 .LCFI11
     /tmp/ccHKNjJ2.s:531    .text.prvReadMessageFromBuffer:000000000000006c .LCFI12
     /tmp/ccHKNjJ2.s:536    .text.prvReadMessageFromBuffer:0000000000000070 .LCFI13
     /tmp/ccHKNjJ2.s:472    .text.prvReadMessageFromBuffer:0000000000000000 .LVL57
     /tmp/ccHKNjJ2.s:499    .text.prvReadMessageFromBuffer:0000000000000034 .LVL58
     /tmp/ccHKNjJ2.s:519    .text.prvReadMessageFromBuffer:0000000000000058 .LVL61
     /tmp/ccHKNjJ2.s:534    .text.prvReadMessageFromBuffer:0000000000000070 .LVL64
     /tmp/ccHKNjJ2.s:527    .text.prvReadMessageFromBuffer:0000000000000064 .LVL63
     /tmp/ccHKNjJ2.s:548    .text.prvReadMessageFromBuffer:0000000000000080 .LVL67
     /tmp/ccHKNjJ2.s:546    .text.prvReadMessageFromBuffer:000000000000007c .LVL66
     /tmp/ccHKNjJ2.s:569    .text.prvReadMessageFromBuffer:000000000000009c .LVL72
     /tmp/ccHKNjJ2.s:571    .text.prvReadMessageFromBuffer:00000000000000a0 .LVL73
     /tmp/ccHKNjJ2.s:575    .text.prvReadMessageFromBuffer:00000000000000a4 .LVL74
     /tmp/ccHKNjJ2.s:516    .text.prvReadMessageFromBuffer:0000000000000054 .LVL60
     /tmp/ccHKNjJ2.s:522    .text.prvReadMessageFromBuffer:000000000000005c .LVL62
     /tmp/ccHKNjJ2.s:554    .text.prvReadMessageFromBuffer:000000000000008c .LVL69
     /tmp/ccHKNjJ2.s:566    .text.prvReadMessageFromBuffer:0000000000000098 .LVL71
     /tmp/ccHKNjJ2.s:1630   .text.xStreamBufferReceiveFromISR:0000000000000004 .LCFI36
     /tmp/ccHKNjJ2.s:1699   .text.xStreamBufferReceiveFromISR:0000000000000070 .LCFI37
     /tmp/ccHKNjJ2.s:1704   .text.xStreamBufferReceiveFromISR:0000000000000074 .LCFI38
     /tmp/ccHKNjJ2.s:1628   .text.xStreamBufferReceiveFromISR:0000000000000000 .LVL211
     /tmp/ccHKNjJ2.s:1666   .text.xStreamBufferReceiveFromISR:0000000000000040 .LVL214
     /tmp/ccHKNjJ2.s:1686   .text.xStreamBufferReceiveFromISR:000000000000005c .LVL217
     /tmp/ccHKNjJ2.s:1702   .text.xStreamBufferReceiveFromISR:0000000000000074 .LVL221
     /tmp/ccHKNjJ2.s:1674   .text.xStreamBufferReceiveFromISR:0000000000000050 .LVL216
     /tmp/ccHKNjJ2.s:1722   .text.xStreamBufferReceiveFromISR:000000000000009c .LVL225
     /tmp/ccHKNjJ2.s:1691   .text.xStreamBufferReceiveFromISR:0000000000000064 .LVL218
     /tmp/ccHKNjJ2.s:1709   .text.xStreamBufferReceiveFromISR:000000000000007c .LVL222
     /tmp/ccHKNjJ2.s:1697   .text.xStreamBufferReceiveFromISR:000000000000006c .LVL220
     /tmp/ccHKNjJ2.s:1649   .text.xStreamBufferReceiveFromISR:000000000000002c .LVL212
     /tmp/ccHKNjJ2.s:1718   .text.xStreamBufferReceiveFromISR:0000000000000090 .LVL223
     /tmp/ccHKNjJ2.s:1662   .text.xStreamBufferReceiveFromISR:000000000000003c .LVL213
     /tmp/ccHKNjJ2.s:1694   .text.xStreamBufferReceiveFromISR:0000000000000068 .LVL219
     /tmp/ccHKNjJ2.s:1557   .text.xStreamBufferNextMessageLengthBytes:0000000000000018 .LCFI33
     /tmp/ccHKNjJ2.s:1589   .text.xStreamBufferNextMessageLengthBytes:000000000000004c .LCFI34
     /tmp/ccHKNjJ2.s:1594   .text.xStreamBufferNextMessageLengthBytes:0000000000000050 .LCFI35
     /tmp/ccHKNjJ2.s:1537   .text.xStreamBufferNextMessageLengthBytes:0000000000000000 .LVL200
     /tmp/ccHKNjJ2.s:1550   .text.xStreamBufferNextMessageLengthBytes:0000000000000010 .LVL201
     /tmp/ccHKNjJ2.s:1553   .text.xStreamBufferNextMessageLengthBytes:0000000000000014 .LVL202
     /tmp/ccHKNjJ2.s:1585   .text.xStreamBufferNextMessageLengthBytes:0000000000000044 .LVL205
     /tmp/ccHKNjJ2.s:1592   .text.xStreamBufferNextMessageLengthBytes:0000000000000050 .LVL206
     /tmp/ccHKNjJ2.s:1612   .text.xStreamBufferNextMessageLengthBytes:0000000000000070 .LVL210
     /tmp/ccHKNjJ2.s:1576   .text.xStreamBufferNextMessageLengthBytes:000000000000003c .LVL204
     /tmp/ccHKNjJ2.s:1606   .text.xStreamBufferNextMessageLengthBytes:0000000000000064 .LVL208
     /tmp/ccHKNjJ2.s:1338   .text.xStreamBufferReceive:0000000000000004 .LCFI30
     /tmp/ccHKNjJ2.s:1482   .text.xStreamBufferReceive:0000000000000104 .LCFI31
     /tmp/ccHKNjJ2.s:1487   .text.xStreamBufferReceive:0000000000000108 .LCFI32
GAS LISTING /tmp/ccHKNjJ2.s 			page 95


     /tmp/ccHKNjJ2.s:1336   .text.xStreamBufferReceive:0000000000000000 .LVL171
     /tmp/ccHKNjJ2.s:1466   .text.xStreamBufferReceive:00000000000000ec .LVL189
     /tmp/ccHKNjJ2.s:1485   .text.xStreamBufferReceive:0000000000000108 .LVL194
     /tmp/ccHKNjJ2.s:1418   .text.xStreamBufferReceive:00000000000000a0 .LVL181
     /tmp/ccHKNjJ2.s:1423   .text.xStreamBufferReceive:00000000000000a8 .LVL182
     /tmp/ccHKNjJ2.s:1439   .text.xStreamBufferReceive:00000000000000c8 .LVL185
     /tmp/ccHKNjJ2.s:1474   .text.xStreamBufferReceive:00000000000000f8 .LVL191
     /tmp/ccHKNjJ2.s:1480   .text.xStreamBufferReceive:0000000000000100 .LVL193
     /tmp/ccHKNjJ2.s:1471   .text.xStreamBufferReceive:00000000000000f4 .LVL190
     /tmp/ccHKNjJ2.s:1359   .text.xStreamBufferReceive:0000000000000030 .LVL172
     /tmp/ccHKNjJ2.s:1454   .text.xStreamBufferReceive:00000000000000e0 .LVL188
     /tmp/ccHKNjJ2.s:1499   .text.xStreamBufferReceive:0000000000000128 .LVL196
     /tmp/ccHKNjJ2.s:1385   .text.xStreamBufferReceive:000000000000005c .LVL176
     /tmp/ccHKNjJ2.s:1447   .text.xStreamBufferReceive:00000000000000d8 .LVL187
     /tmp/ccHKNjJ2.s:1372   .text.xStreamBufferReceive:0000000000000040 .LVL173
     /tmp/ccHKNjJ2.s:1477   .text.xStreamBufferReceive:00000000000000fc .LVL192
     /tmp/ccHKNjJ2.s:247    .text.prvWriteMessageToBuffer:0000000000000004 .LCFI5
     /tmp/ccHKNjJ2.s:304    .text.prvWriteMessageToBuffer:0000000000000064 .LCFI6
     /tmp/ccHKNjJ2.s:309    .text.prvWriteMessageToBuffer:0000000000000068 .LCFI7
     /tmp/ccHKNjJ2.s:245    .text.prvWriteMessageToBuffer:0000000000000000 .LVL28
     /tmp/ccHKNjJ2.s:258    .text.prvWriteMessageToBuffer:000000000000001c .LVL29
     /tmp/ccHKNjJ2.s:300    .text.prvWriteMessageToBuffer:000000000000005c .LVL34
     /tmp/ccHKNjJ2.s:307    .text.prvWriteMessageToBuffer:0000000000000068 .LVL35
     /tmp/ccHKNjJ2.s:283    .text.prvWriteMessageToBuffer:0000000000000040 .LVL32
     /tmp/ccHKNjJ2.s:324    .text.prvWriteMessageToBuffer:0000000000000078 .LVL38
     /tmp/ccHKNjJ2.s:326    .text.prvWriteMessageToBuffer:000000000000007c .LVL39
     /tmp/ccHKNjJ2.s:278    .text.prvWriteMessageToBuffer:000000000000003c .LVL31
     /tmp/ccHKNjJ2.s:316    .text.prvWriteMessageToBuffer:0000000000000070 .LVL36
     /tmp/ccHKNjJ2.s:318    .text.prvWriteMessageToBuffer:0000000000000074 .LVL37
     /tmp/ccHKNjJ2.s:328    .text.prvWriteMessageToBuffer:0000000000000080 .LVL40
     /tmp/ccHKNjJ2.s:272    .text.prvWriteMessageToBuffer:0000000000000030 .LVL30
     /tmp/ccHKNjJ2.s:1201   .text.xStreamBufferSendFromISR:0000000000000004 .LCFI27
     /tmp/ccHKNjJ2.s:1280   .text.xStreamBufferSendFromISR:000000000000008c .LCFI28
     /tmp/ccHKNjJ2.s:1285   .text.xStreamBufferSendFromISR:0000000000000090 .LCFI29
     /tmp/ccHKNjJ2.s:1199   .text.xStreamBufferSendFromISR:0000000000000000 .LVL153
     /tmp/ccHKNjJ2.s:1240   .text.xStreamBufferSendFromISR:0000000000000040 .LVL156
     /tmp/ccHKNjJ2.s:1266   .text.xStreamBufferSendFromISR:0000000000000078 .LVL161
     /tmp/ccHKNjJ2.s:1283   .text.xStreamBufferSendFromISR:0000000000000090 .LVL166
     /tmp/ccHKNjJ2.s:1272   .text.xStreamBufferSendFromISR:0000000000000080 .LVL163
     /tmp/ccHKNjJ2.s:1290   .text.xStreamBufferSendFromISR:0000000000000098 .LVL167
     /tmp/ccHKNjJ2.s:1254   .text.xStreamBufferSendFromISR:0000000000000068 .LVL160
     /tmp/ccHKNjJ2.s:1278   .text.xStreamBufferSendFromISR:0000000000000088 .LVL165
     /tmp/ccHKNjJ2.s:1220   .text.xStreamBufferSendFromISR:000000000000002c .LVL154
     /tmp/ccHKNjJ2.s:1269   .text.xStreamBufferSendFromISR:000000000000007c .LVL162
     /tmp/ccHKNjJ2.s:1250   .text.xStreamBufferSendFromISR:000000000000005c .LVL158
     /tmp/ccHKNjJ2.s:1234   .text.xStreamBufferSendFromISR:000000000000003c .LVL155
     /tmp/ccHKNjJ2.s:1275   .text.xStreamBufferSendFromISR:0000000000000084 .LVL164
     /tmp/ccHKNjJ2.s:960    .text.xStreamBufferSend:0000000000000004 .LCFI24
     /tmp/ccHKNjJ2.s:1145   .text.xStreamBufferSend:000000000000014c .LCFI25
     /tmp/ccHKNjJ2.s:1150   .text.xStreamBufferSend:0000000000000150 .LCFI26
     /tmp/ccHKNjJ2.s:958    .text.xStreamBufferSend:0000000000000000 .LVL119
     /tmp/ccHKNjJ2.s:1019   .text.xStreamBufferSend:0000000000000058 .LVL125
     /tmp/ccHKNjJ2.s:1134   .text.xStreamBufferSend:000000000000013c .LVL144
     /tmp/ccHKNjJ2.s:1148   .text.xStreamBufferSend:0000000000000150 .LVL148
     /tmp/ccHKNjJ2.s:1075   .text.xStreamBufferSend:00000000000000d8 .LVL135
     /tmp/ccHKNjJ2.s:1087   .text.xStreamBufferSend:00000000000000ec .LVL136
     /tmp/ccHKNjJ2.s:1143   .text.xStreamBufferSend:0000000000000148 .LVL147
GAS LISTING /tmp/ccHKNjJ2.s 			page 96


     /tmp/ccHKNjJ2.s:1140   .text.xStreamBufferSend:0000000000000144 .LVL146
     /tmp/ccHKNjJ2.s:979    .text.xStreamBufferSend:000000000000002c .LVL120
     /tmp/ccHKNjJ2.s:1119   .text.xStreamBufferSend:0000000000000128 .LVL142
     /tmp/ccHKNjJ2.s:1131   .text.xStreamBufferSend:0000000000000138 .LVL143
     /tmp/ccHKNjJ2.s:1033   .text.xStreamBufferSend:0000000000000078 .LVL129
     /tmp/ccHKNjJ2.s:1098   .text.xStreamBufferSend:00000000000000f8 .LVL138
     /tmp/ccHKNjJ2.s:1106   .text.xStreamBufferSend:0000000000000108 .LVL140
     /tmp/ccHKNjJ2.s:1000   .text.xStreamBufferSend:0000000000000044 .LVL122
     /tmp/ccHKNjJ2.s:1137   .text.xStreamBufferSend:0000000000000140 .LVL145
     /tmp/ccHKNjJ2.s:988    .text.xStreamBufferSend:0000000000000034 .LVL121
     /tmp/ccHKNjJ2.s:1014   .text.xStreamBufferSend:0000000000000050 .LVL124
     /tmp/ccHKNjJ2.s:927    .text.xStreamBufferBytesAvailable:0000000000000004 .LCFI22
     /tmp/ccHKNjJ2.s:944    .text.xStreamBufferBytesAvailable:0000000000000018 .LCFI23
     /tmp/ccHKNjJ2.s:925    .text.xStreamBufferBytesAvailable:0000000000000000 .LVL116
     /tmp/ccHKNjJ2.s:932    .text.xStreamBufferBytesAvailable:0000000000000008 .LVL117
     /tmp/ccHKNjJ2.s:880    .text.xStreamBufferSpacesAvailable:0000000000000000 .LVL111
     /tmp/ccHKNjJ2.s:897    .text.xStreamBufferSpacesAvailable:0000000000000014 .LVL113
     /tmp/ccHKNjJ2.s:891    .text.xStreamBufferSpacesAvailable:000000000000000c .LVL112
     /tmp/ccHKNjJ2.s:836    .text.xStreamBufferSetTriggerLevel:0000000000000000 .LVL105
     /tmp/ccHKNjJ2.s:859    .text.xStreamBufferSetTriggerLevel:0000000000000018 .LVL108
     /tmp/ccHKNjJ2.s:861    .text.xStreamBufferSetTriggerLevel:000000000000001c .LVL109
     /tmp/ccHKNjJ2.s:865    .text.xStreamBufferSetTriggerLevel:0000000000000020 .LVL110
     /tmp/ccHKNjJ2.s:845    .text.xStreamBufferSetTriggerLevel:0000000000000008 .LVL106
     /tmp/ccHKNjJ2.s:856    .text.xStreamBufferSetTriggerLevel:0000000000000014 .LVL107
     /tmp/ccHKNjJ2.s:744    .text.xStreamBufferReset:0000000000000004 .LCFI19
     /tmp/ccHKNjJ2.s:791    .text.xStreamBufferReset:0000000000000048 .LCFI20
     /tmp/ccHKNjJ2.s:796    .text.xStreamBufferReset:000000000000004c .LCFI21
     /tmp/ccHKNjJ2.s:742    .text.xStreamBufferReset:0000000000000000 .LVL92
     /tmp/ccHKNjJ2.s:772    .text.xStreamBufferReset:000000000000002c .LVL96
     /tmp/ccHKNjJ2.s:794    .text.xStreamBufferReset:000000000000004c .LVL100
     /tmp/ccHKNjJ2.s:805    .text.xStreamBufferReset:0000000000000058 .LVL101
     /tmp/ccHKNjJ2.s:807    .text.xStreamBufferReset:000000000000005c .LVL102
     /tmp/ccHKNjJ2.s:823    .text.xStreamBufferReset:0000000000000080 .LVL104
     /tmp/ccHKNjJ2.s:754    .text.xStreamBufferReset:0000000000000014 .LVL93
     /tmp/ccHKNjJ2.s:786    .text.xStreamBufferReset:0000000000000040 .LVL98
     /tmp/ccHKNjJ2.s:761    .text.xStreamBufferReset:0000000000000018 .LVL94
     /tmp/ccHKNjJ2.s:789    .text.xStreamBufferReset:0000000000000044 .LVL99
     /tmp/ccHKNjJ2.s:693    .text.vStreamBufferDelete:0000000000000004 .LCFI16
     /tmp/ccHKNjJ2.s:716    .text.vStreamBufferDelete:0000000000000024 .LCFI17
     /tmp/ccHKNjJ2.s:721    .text.vStreamBufferDelete:0000000000000028 .LCFI18
     /tmp/ccHKNjJ2.s:691    .text.vStreamBufferDelete:0000000000000000 .LVL87
     /tmp/ccHKNjJ2.s:719    .text.vStreamBufferDelete:0000000000000028 .LVL90
     /tmp/ccHKNjJ2.s:698    .text.vStreamBufferDelete:0000000000000008 .LVL88
     /tmp/ccHKNjJ2.s:590    .text.xStreamBufferGenericCreate:0000000000000004 .LCFI14
     /tmp/ccHKNjJ2.s:677    .text.xStreamBufferGenericCreate:0000000000000094 .LCFI15
     /tmp/ccHKNjJ2.s:588    .text.xStreamBufferGenericCreate:0000000000000000 .LVL75
     /tmp/ccHKNjJ2.s:629    .text.xStreamBufferGenericCreate:000000000000003c .LVL78
     /tmp/ccHKNjJ2.s:649    .text.xStreamBufferGenericCreate:000000000000006c .LVL82
     /tmp/ccHKNjJ2.s:658    .text.xStreamBufferGenericCreate:0000000000000078 .LVL84
     /tmp/ccHKNjJ2.s:621    .text.xStreamBufferGenericCreate:0000000000000030 .LVL77
     /tmp/ccHKNjJ2.s:668    .text.xStreamBufferGenericCreate:0000000000000084 .LVL85
     /tmp/ccHKNjJ2.s:636    .text.xStreamBufferGenericCreate:000000000000004c .LVL80
     /tmp/ccHKNjJ2.s:612    .text.xStreamBufferGenericCreate:0000000000000028 .LVL76
     /tmp/ccHKNjJ2.s:654    .text.xStreamBufferGenericCreate:0000000000000074 .LVL83
     /tmp/ccHKNjJ2.s:673    .text.xStreamBufferGenericCreate:000000000000008c .LVL86
     /tmp/ccHKNjJ2.s:2058   .debug_info:0000000000000000 .Ldebug_info0

GAS LISTING /tmp/ccHKNjJ2.s 			page 97


UNDEFINED SYMBOLS
memset
memcpy
pvPortMalloc
vPortFree
vTaskEnterCritical
vTaskExitCritical
vTaskSetTimeOutState
xTaskGenericNotifyStateClear
xTaskGetCurrentTaskHandle
xTaskGenericNotifyWait
xTaskCheckForTimeOut
vTaskSuspendAll
xTaskGenericNotify
xTaskResumeAll
xTaskGenericNotifyFromISR
