GAS LISTING /tmp/ccRebiBI.s 			page 1


   1              		.file	"timers.c"
   2              		.option nopic
   3              		.attribute arch, "rv64i2p1_m2p0_a2p1_f2p2_d2p2_zicsr2p0"
   4              		.attribute unaligned_access, 0
   5              		.attribute stack_align, 16
   6              		.text
   7              	.Ltext0:
   8              		.cfi_sections	.debug_frame
   9              		.file 1 "/home/zz/quard-start/Quard-Star/trusted_domain/FreeRTOS-Kernel/timers.c"
  10              		.section	.text.prvGetNextExpireTime,"ax",@progbits
  11              		.align	2
  13              	prvGetNextExpireTime:
  14              	.LFB14:
   1:/home/zz/quard-start/Quard-Star/trusted_domain/FreeRTOS-Kernel/timers.c **** /*
   2:/home/zz/quard-start/Quard-Star/trusted_domain/FreeRTOS-Kernel/timers.c ****  * FreeRTOS Kernel V10.4.3 LTS Patch 3
   3:/home/zz/quard-start/Quard-Star/trusted_domain/FreeRTOS-Kernel/timers.c ****  * Copyright (C) 2020 Amazon.com, Inc. or its affiliates.  All Rights Reserved.
   4:/home/zz/quard-start/Quard-Star/trusted_domain/FreeRTOS-Kernel/timers.c ****  *
   5:/home/zz/quard-start/Quard-Star/trusted_domain/FreeRTOS-Kernel/timers.c ****  * Permission is hereby granted, free of charge, to any person obtaining a copy of
   6:/home/zz/quard-start/Quard-Star/trusted_domain/FreeRTOS-Kernel/timers.c ****  * this software and associated documentation files (the "Software"), to deal in
   7:/home/zz/quard-start/Quard-Star/trusted_domain/FreeRTOS-Kernel/timers.c ****  * the Software without restriction, including without limitation the rights to
   8:/home/zz/quard-start/Quard-Star/trusted_domain/FreeRTOS-Kernel/timers.c ****  * use, copy, modify, merge, publish, distribute, sublicense, and/or sell copies of
   9:/home/zz/quard-start/Quard-Star/trusted_domain/FreeRTOS-Kernel/timers.c ****  * the Software, and to permit persons to whom the Software is furnished to do so,
  10:/home/zz/quard-start/Quard-Star/trusted_domain/FreeRTOS-Kernel/timers.c ****  * subject to the following conditions:
  11:/home/zz/quard-start/Quard-Star/trusted_domain/FreeRTOS-Kernel/timers.c ****  *
  12:/home/zz/quard-start/Quard-Star/trusted_domain/FreeRTOS-Kernel/timers.c ****  * The above copyright notice and this permission notice shall be included in all
  13:/home/zz/quard-start/Quard-Star/trusted_domain/FreeRTOS-Kernel/timers.c ****  * copies or substantial portions of the Software.
  14:/home/zz/quard-start/Quard-Star/trusted_domain/FreeRTOS-Kernel/timers.c ****  *
  15:/home/zz/quard-start/Quard-Star/trusted_domain/FreeRTOS-Kernel/timers.c ****  * THE SOFTWARE IS PROVIDED "AS IS", WITHOUT WARRANTY OF ANY KIND, EXPRESS OR
  16:/home/zz/quard-start/Quard-Star/trusted_domain/FreeRTOS-Kernel/timers.c ****  * IMPLIED, INCLUDING BUT NOT LIMITED TO THE WARRANTIES OF MERCHANTABILITY, FITNESS
  17:/home/zz/quard-start/Quard-Star/trusted_domain/FreeRTOS-Kernel/timers.c ****  * FOR A PARTICULAR PURPOSE AND NONINFRINGEMENT. IN NO EVENT SHALL THE AUTHORS OR
  18:/home/zz/quard-start/Quard-Star/trusted_domain/FreeRTOS-Kernel/timers.c ****  * COPYRIGHT HOLDERS BE LIABLE FOR ANY CLAIM, DAMAGES OR OTHER LIABILITY, WHETHER
  19:/home/zz/quard-start/Quard-Star/trusted_domain/FreeRTOS-Kernel/timers.c ****  * IN AN ACTION OF CONTRACT, TORT OR OTHERWISE, ARISING FROM, OUT OF OR IN
  20:/home/zz/quard-start/Quard-Star/trusted_domain/FreeRTOS-Kernel/timers.c ****  * CONNECTION WITH THE SOFTWARE OR THE USE OR OTHER DEALINGS IN THE SOFTWARE.
  21:/home/zz/quard-start/Quard-Star/trusted_domain/FreeRTOS-Kernel/timers.c ****  *
  22:/home/zz/quard-start/Quard-Star/trusted_domain/FreeRTOS-Kernel/timers.c ****  * https://www.FreeRTOS.org
  23:/home/zz/quard-start/Quard-Star/trusted_domain/FreeRTOS-Kernel/timers.c ****  * https://github.com/FreeRTOS
  24:/home/zz/quard-start/Quard-Star/trusted_domain/FreeRTOS-Kernel/timers.c ****  *
  25:/home/zz/quard-start/Quard-Star/trusted_domain/FreeRTOS-Kernel/timers.c ****  */
  26:/home/zz/quard-start/Quard-Star/trusted_domain/FreeRTOS-Kernel/timers.c **** 
  27:/home/zz/quard-start/Quard-Star/trusted_domain/FreeRTOS-Kernel/timers.c **** /* Standard includes. */
  28:/home/zz/quard-start/Quard-Star/trusted_domain/FreeRTOS-Kernel/timers.c **** #include <stdlib.h>
  29:/home/zz/quard-start/Quard-Star/trusted_domain/FreeRTOS-Kernel/timers.c **** 
  30:/home/zz/quard-start/Quard-Star/trusted_domain/FreeRTOS-Kernel/timers.c **** /* Defining MPU_WRAPPERS_INCLUDED_FROM_API_FILE prevents task.h from redefining
  31:/home/zz/quard-start/Quard-Star/trusted_domain/FreeRTOS-Kernel/timers.c ****  * all the API functions to use the MPU wrappers.  That should only be done when
  32:/home/zz/quard-start/Quard-Star/trusted_domain/FreeRTOS-Kernel/timers.c ****  * task.h is included from an application file. */
  33:/home/zz/quard-start/Quard-Star/trusted_domain/FreeRTOS-Kernel/timers.c **** #define MPU_WRAPPERS_INCLUDED_FROM_API_FILE
  34:/home/zz/quard-start/Quard-Star/trusted_domain/FreeRTOS-Kernel/timers.c **** 
  35:/home/zz/quard-start/Quard-Star/trusted_domain/FreeRTOS-Kernel/timers.c **** #include "FreeRTOS.h"
  36:/home/zz/quard-start/Quard-Star/trusted_domain/FreeRTOS-Kernel/timers.c **** #include "task.h"
  37:/home/zz/quard-start/Quard-Star/trusted_domain/FreeRTOS-Kernel/timers.c **** #include "queue.h"
  38:/home/zz/quard-start/Quard-Star/trusted_domain/FreeRTOS-Kernel/timers.c **** #include "timers.h"
  39:/home/zz/quard-start/Quard-Star/trusted_domain/FreeRTOS-Kernel/timers.c **** 
  40:/home/zz/quard-start/Quard-Star/trusted_domain/FreeRTOS-Kernel/timers.c **** #if ( INCLUDE_xTimerPendFunctionCall == 1 ) && ( configUSE_TIMERS == 0 )
  41:/home/zz/quard-start/Quard-Star/trusted_domain/FreeRTOS-Kernel/timers.c ****     #error configUSE_TIMERS must be set to 1 to make the xTimerPendFunctionCall() function availabl
  42:/home/zz/quard-start/Quard-Star/trusted_domain/FreeRTOS-Kernel/timers.c **** #endif
  43:/home/zz/quard-start/Quard-Star/trusted_domain/FreeRTOS-Kernel/timers.c **** 
  44:/home/zz/quard-start/Quard-Star/trusted_domain/FreeRTOS-Kernel/timers.c **** /* Lint e9021, e961 and e750 are suppressed as a MISRA exception justified
GAS LISTING /tmp/ccRebiBI.s 			page 2


  45:/home/zz/quard-start/Quard-Star/trusted_domain/FreeRTOS-Kernel/timers.c ****  * because the MPU ports require MPU_WRAPPERS_INCLUDED_FROM_API_FILE to be defined
  46:/home/zz/quard-start/Quard-Star/trusted_domain/FreeRTOS-Kernel/timers.c ****  * for the header files above, but not in this file, in order to generate the
  47:/home/zz/quard-start/Quard-Star/trusted_domain/FreeRTOS-Kernel/timers.c ****  * correct privileged Vs unprivileged linkage and placement. */
  48:/home/zz/quard-start/Quard-Star/trusted_domain/FreeRTOS-Kernel/timers.c **** #undef MPU_WRAPPERS_INCLUDED_FROM_API_FILE /*lint !e9021 !e961 !e750. */
  49:/home/zz/quard-start/Quard-Star/trusted_domain/FreeRTOS-Kernel/timers.c **** 
  50:/home/zz/quard-start/Quard-Star/trusted_domain/FreeRTOS-Kernel/timers.c **** 
  51:/home/zz/quard-start/Quard-Star/trusted_domain/FreeRTOS-Kernel/timers.c **** /* This entire source file will be skipped if the application is not configured
  52:/home/zz/quard-start/Quard-Star/trusted_domain/FreeRTOS-Kernel/timers.c ****  * to include software timer functionality.  This #if is closed at the very bottom
  53:/home/zz/quard-start/Quard-Star/trusted_domain/FreeRTOS-Kernel/timers.c ****  * of this file.  If you want to include software timer functionality then ensure
  54:/home/zz/quard-start/Quard-Star/trusted_domain/FreeRTOS-Kernel/timers.c ****  * configUSE_TIMERS is set to 1 in FreeRTOSConfig.h. */
  55:/home/zz/quard-start/Quard-Star/trusted_domain/FreeRTOS-Kernel/timers.c **** #if ( configUSE_TIMERS == 1 )
  56:/home/zz/quard-start/Quard-Star/trusted_domain/FreeRTOS-Kernel/timers.c **** 
  57:/home/zz/quard-start/Quard-Star/trusted_domain/FreeRTOS-Kernel/timers.c **** /* Misc definitions. */
  58:/home/zz/quard-start/Quard-Star/trusted_domain/FreeRTOS-Kernel/timers.c ****     #define tmrNO_DELAY    ( TickType_t ) 0U
  59:/home/zz/quard-start/Quard-Star/trusted_domain/FreeRTOS-Kernel/timers.c **** 
  60:/home/zz/quard-start/Quard-Star/trusted_domain/FreeRTOS-Kernel/timers.c **** /* The name assigned to the timer service task.  This can be overridden by
  61:/home/zz/quard-start/Quard-Star/trusted_domain/FreeRTOS-Kernel/timers.c ****  * defining trmTIMER_SERVICE_TASK_NAME in FreeRTOSConfig.h. */
  62:/home/zz/quard-start/Quard-Star/trusted_domain/FreeRTOS-Kernel/timers.c ****     #ifndef configTIMER_SERVICE_TASK_NAME
  63:/home/zz/quard-start/Quard-Star/trusted_domain/FreeRTOS-Kernel/timers.c ****         #define configTIMER_SERVICE_TASK_NAME    "Tmr Svc"
  64:/home/zz/quard-start/Quard-Star/trusted_domain/FreeRTOS-Kernel/timers.c ****     #endif
  65:/home/zz/quard-start/Quard-Star/trusted_domain/FreeRTOS-Kernel/timers.c **** 
  66:/home/zz/quard-start/Quard-Star/trusted_domain/FreeRTOS-Kernel/timers.c **** /* Bit definitions used in the ucStatus member of a timer structure. */
  67:/home/zz/quard-start/Quard-Star/trusted_domain/FreeRTOS-Kernel/timers.c ****     #define tmrSTATUS_IS_ACTIVE                  ( ( uint8_t ) 0x01 )
  68:/home/zz/quard-start/Quard-Star/trusted_domain/FreeRTOS-Kernel/timers.c ****     #define tmrSTATUS_IS_STATICALLY_ALLOCATED    ( ( uint8_t ) 0x02 )
  69:/home/zz/quard-start/Quard-Star/trusted_domain/FreeRTOS-Kernel/timers.c ****     #define tmrSTATUS_IS_AUTORELOAD              ( ( uint8_t ) 0x04 )
  70:/home/zz/quard-start/Quard-Star/trusted_domain/FreeRTOS-Kernel/timers.c **** 
  71:/home/zz/quard-start/Quard-Star/trusted_domain/FreeRTOS-Kernel/timers.c **** /* The definition of the timers themselves. */
  72:/home/zz/quard-start/Quard-Star/trusted_domain/FreeRTOS-Kernel/timers.c ****     typedef struct tmrTimerControl                  /* The old naming convention is used to prevent
  73:/home/zz/quard-start/Quard-Star/trusted_domain/FreeRTOS-Kernel/timers.c ****     {
  74:/home/zz/quard-start/Quard-Star/trusted_domain/FreeRTOS-Kernel/timers.c ****         const char * pcTimerName;                   /*<< Text name.  This is not used by the kernel
  75:/home/zz/quard-start/Quard-Star/trusted_domain/FreeRTOS-Kernel/timers.c ****         ListItem_t xTimerListItem;                  /*<< Standard linked list item as used by all k
  76:/home/zz/quard-start/Quard-Star/trusted_domain/FreeRTOS-Kernel/timers.c ****         TickType_t xTimerPeriodInTicks;             /*<< How quickly and often the timer expires. *
  77:/home/zz/quard-start/Quard-Star/trusted_domain/FreeRTOS-Kernel/timers.c ****         void * pvTimerID;                           /*<< An ID to identify the timer.  This allows 
  78:/home/zz/quard-start/Quard-Star/trusted_domain/FreeRTOS-Kernel/timers.c ****         TimerCallbackFunction_t pxCallbackFunction; /*<< The function that will be called when the 
  79:/home/zz/quard-start/Quard-Star/trusted_domain/FreeRTOS-Kernel/timers.c ****         #if ( configUSE_TRACE_FACILITY == 1 )
  80:/home/zz/quard-start/Quard-Star/trusted_domain/FreeRTOS-Kernel/timers.c ****             UBaseType_t uxTimerNumber;              /*<< An ID assigned by trace tools such as Free
  81:/home/zz/quard-start/Quard-Star/trusted_domain/FreeRTOS-Kernel/timers.c ****         #endif
  82:/home/zz/quard-start/Quard-Star/trusted_domain/FreeRTOS-Kernel/timers.c ****         uint8_t ucStatus;                           /*<< Holds bits to say if the timer was statica
  83:/home/zz/quard-start/Quard-Star/trusted_domain/FreeRTOS-Kernel/timers.c ****     } xTIMER;
  84:/home/zz/quard-start/Quard-Star/trusted_domain/FreeRTOS-Kernel/timers.c **** 
  85:/home/zz/quard-start/Quard-Star/trusted_domain/FreeRTOS-Kernel/timers.c **** /* The old xTIMER name is maintained above then typedefed to the new Timer_t
  86:/home/zz/quard-start/Quard-Star/trusted_domain/FreeRTOS-Kernel/timers.c ****  * name below to enable the use of older kernel aware debuggers. */
  87:/home/zz/quard-start/Quard-Star/trusted_domain/FreeRTOS-Kernel/timers.c ****     typedef xTIMER Timer_t;
  88:/home/zz/quard-start/Quard-Star/trusted_domain/FreeRTOS-Kernel/timers.c **** 
  89:/home/zz/quard-start/Quard-Star/trusted_domain/FreeRTOS-Kernel/timers.c **** /* The definition of messages that can be sent and received on the timer queue.
  90:/home/zz/quard-start/Quard-Star/trusted_domain/FreeRTOS-Kernel/timers.c ****  * Two types of message can be queued - messages that manipulate a software timer,
  91:/home/zz/quard-start/Quard-Star/trusted_domain/FreeRTOS-Kernel/timers.c ****  * and messages that request the execution of a non-timer related callback.  The
  92:/home/zz/quard-start/Quard-Star/trusted_domain/FreeRTOS-Kernel/timers.c ****  * two message types are defined in two separate structures, xTimerParametersType
  93:/home/zz/quard-start/Quard-Star/trusted_domain/FreeRTOS-Kernel/timers.c ****  * and xCallbackParametersType respectively. */
  94:/home/zz/quard-start/Quard-Star/trusted_domain/FreeRTOS-Kernel/timers.c ****     typedef struct tmrTimerParameters
  95:/home/zz/quard-start/Quard-Star/trusted_domain/FreeRTOS-Kernel/timers.c ****     {
  96:/home/zz/quard-start/Quard-Star/trusted_domain/FreeRTOS-Kernel/timers.c ****         TickType_t xMessageValue; /*<< An optional value used by a subset of commands, for example,
  97:/home/zz/quard-start/Quard-Star/trusted_domain/FreeRTOS-Kernel/timers.c ****         Timer_t * pxTimer;        /*<< The timer to which the command will be applied. */
  98:/home/zz/quard-start/Quard-Star/trusted_domain/FreeRTOS-Kernel/timers.c ****     } TimerParameter_t;
  99:/home/zz/quard-start/Quard-Star/trusted_domain/FreeRTOS-Kernel/timers.c **** 
 100:/home/zz/quard-start/Quard-Star/trusted_domain/FreeRTOS-Kernel/timers.c **** 
 101:/home/zz/quard-start/Quard-Star/trusted_domain/FreeRTOS-Kernel/timers.c ****     typedef struct tmrCallbackParameters
GAS LISTING /tmp/ccRebiBI.s 			page 3


 102:/home/zz/quard-start/Quard-Star/trusted_domain/FreeRTOS-Kernel/timers.c ****     {
 103:/home/zz/quard-start/Quard-Star/trusted_domain/FreeRTOS-Kernel/timers.c ****         PendedFunction_t pxCallbackFunction; /* << The callback function to execute. */
 104:/home/zz/quard-start/Quard-Star/trusted_domain/FreeRTOS-Kernel/timers.c ****         void * pvParameter1;                 /* << The value that will be used as the callback func
 105:/home/zz/quard-start/Quard-Star/trusted_domain/FreeRTOS-Kernel/timers.c ****         uint32_t ulParameter2;               /* << The value that will be used as the callback func
 106:/home/zz/quard-start/Quard-Star/trusted_domain/FreeRTOS-Kernel/timers.c ****     } CallbackParameters_t;
 107:/home/zz/quard-start/Quard-Star/trusted_domain/FreeRTOS-Kernel/timers.c **** 
 108:/home/zz/quard-start/Quard-Star/trusted_domain/FreeRTOS-Kernel/timers.c **** /* The structure that contains the two message types, along with an identifier
 109:/home/zz/quard-start/Quard-Star/trusted_domain/FreeRTOS-Kernel/timers.c ****  * that is used to determine which message type is valid. */
 110:/home/zz/quard-start/Quard-Star/trusted_domain/FreeRTOS-Kernel/timers.c ****     typedef struct tmrTimerQueueMessage
 111:/home/zz/quard-start/Quard-Star/trusted_domain/FreeRTOS-Kernel/timers.c ****     {
 112:/home/zz/quard-start/Quard-Star/trusted_domain/FreeRTOS-Kernel/timers.c ****         BaseType_t xMessageID; /*<< The command being sent to the timer service task. */
 113:/home/zz/quard-start/Quard-Star/trusted_domain/FreeRTOS-Kernel/timers.c ****         union
 114:/home/zz/quard-start/Quard-Star/trusted_domain/FreeRTOS-Kernel/timers.c ****         {
 115:/home/zz/quard-start/Quard-Star/trusted_domain/FreeRTOS-Kernel/timers.c ****             TimerParameter_t xTimerParameters;
 116:/home/zz/quard-start/Quard-Star/trusted_domain/FreeRTOS-Kernel/timers.c **** 
 117:/home/zz/quard-start/Quard-Star/trusted_domain/FreeRTOS-Kernel/timers.c ****             /* Don't include xCallbackParameters if it is not going to be used as
 118:/home/zz/quard-start/Quard-Star/trusted_domain/FreeRTOS-Kernel/timers.c ****              * it makes the structure (and therefore the timer queue) larger. */
 119:/home/zz/quard-start/Quard-Star/trusted_domain/FreeRTOS-Kernel/timers.c ****             #if ( INCLUDE_xTimerPendFunctionCall == 1 )
 120:/home/zz/quard-start/Quard-Star/trusted_domain/FreeRTOS-Kernel/timers.c ****                 CallbackParameters_t xCallbackParameters;
 121:/home/zz/quard-start/Quard-Star/trusted_domain/FreeRTOS-Kernel/timers.c ****             #endif /* INCLUDE_xTimerPendFunctionCall */
 122:/home/zz/quard-start/Quard-Star/trusted_domain/FreeRTOS-Kernel/timers.c ****         } u;
 123:/home/zz/quard-start/Quard-Star/trusted_domain/FreeRTOS-Kernel/timers.c ****     } DaemonTaskMessage_t;
 124:/home/zz/quard-start/Quard-Star/trusted_domain/FreeRTOS-Kernel/timers.c **** 
 125:/home/zz/quard-start/Quard-Star/trusted_domain/FreeRTOS-Kernel/timers.c **** /*lint -save -e956 A manual analysis and inspection has been used to determine
 126:/home/zz/quard-start/Quard-Star/trusted_domain/FreeRTOS-Kernel/timers.c ****  * which static variables must be declared volatile. */
 127:/home/zz/quard-start/Quard-Star/trusted_domain/FreeRTOS-Kernel/timers.c **** 
 128:/home/zz/quard-start/Quard-Star/trusted_domain/FreeRTOS-Kernel/timers.c **** /* The list in which active timers are stored.  Timers are referenced in expire
 129:/home/zz/quard-start/Quard-Star/trusted_domain/FreeRTOS-Kernel/timers.c ****  * time order, with the nearest expiry time at the front of the list.  Only the
 130:/home/zz/quard-start/Quard-Star/trusted_domain/FreeRTOS-Kernel/timers.c ****  * timer service task is allowed to access these lists.
 131:/home/zz/quard-start/Quard-Star/trusted_domain/FreeRTOS-Kernel/timers.c ****  * xActiveTimerList1 and xActiveTimerList2 could be at function scope but that
 132:/home/zz/quard-start/Quard-Star/trusted_domain/FreeRTOS-Kernel/timers.c ****  * breaks some kernel aware debuggers, and debuggers that reply on removing the
 133:/home/zz/quard-start/Quard-Star/trusted_domain/FreeRTOS-Kernel/timers.c ****  * static qualifier. */
 134:/home/zz/quard-start/Quard-Star/trusted_domain/FreeRTOS-Kernel/timers.c ****     PRIVILEGED_DATA static List_t xActiveTimerList1;
 135:/home/zz/quard-start/Quard-Star/trusted_domain/FreeRTOS-Kernel/timers.c ****     PRIVILEGED_DATA static List_t xActiveTimerList2;
 136:/home/zz/quard-start/Quard-Star/trusted_domain/FreeRTOS-Kernel/timers.c ****     PRIVILEGED_DATA static List_t * pxCurrentTimerList;
 137:/home/zz/quard-start/Quard-Star/trusted_domain/FreeRTOS-Kernel/timers.c ****     PRIVILEGED_DATA static List_t * pxOverflowTimerList;
 138:/home/zz/quard-start/Quard-Star/trusted_domain/FreeRTOS-Kernel/timers.c **** 
 139:/home/zz/quard-start/Quard-Star/trusted_domain/FreeRTOS-Kernel/timers.c **** /* A queue that is used to send commands to the timer service task. */
 140:/home/zz/quard-start/Quard-Star/trusted_domain/FreeRTOS-Kernel/timers.c ****     PRIVILEGED_DATA static QueueHandle_t xTimerQueue = NULL;
 141:/home/zz/quard-start/Quard-Star/trusted_domain/FreeRTOS-Kernel/timers.c ****     PRIVILEGED_DATA static TaskHandle_t xTimerTaskHandle = NULL;
 142:/home/zz/quard-start/Quard-Star/trusted_domain/FreeRTOS-Kernel/timers.c **** 
 143:/home/zz/quard-start/Quard-Star/trusted_domain/FreeRTOS-Kernel/timers.c **** /*lint -restore */
 144:/home/zz/quard-start/Quard-Star/trusted_domain/FreeRTOS-Kernel/timers.c **** 
 145:/home/zz/quard-start/Quard-Star/trusted_domain/FreeRTOS-Kernel/timers.c **** /*-----------------------------------------------------------*/
 146:/home/zz/quard-start/Quard-Star/trusted_domain/FreeRTOS-Kernel/timers.c **** 
 147:/home/zz/quard-start/Quard-Star/trusted_domain/FreeRTOS-Kernel/timers.c **** /*
 148:/home/zz/quard-start/Quard-Star/trusted_domain/FreeRTOS-Kernel/timers.c ****  * Initialise the infrastructure used by the timer service task if it has not
 149:/home/zz/quard-start/Quard-Star/trusted_domain/FreeRTOS-Kernel/timers.c ****  * been initialised already.
 150:/home/zz/quard-start/Quard-Star/trusted_domain/FreeRTOS-Kernel/timers.c ****  */
 151:/home/zz/quard-start/Quard-Star/trusted_domain/FreeRTOS-Kernel/timers.c ****     static void prvCheckForValidListAndQueue( void ) PRIVILEGED_FUNCTION;
 152:/home/zz/quard-start/Quard-Star/trusted_domain/FreeRTOS-Kernel/timers.c **** 
 153:/home/zz/quard-start/Quard-Star/trusted_domain/FreeRTOS-Kernel/timers.c **** /*
 154:/home/zz/quard-start/Quard-Star/trusted_domain/FreeRTOS-Kernel/timers.c ****  * The timer service task (daemon).  Timer functionality is controlled by this
 155:/home/zz/quard-start/Quard-Star/trusted_domain/FreeRTOS-Kernel/timers.c ****  * task.  Other tasks communicate with the timer service task using the
 156:/home/zz/quard-start/Quard-Star/trusted_domain/FreeRTOS-Kernel/timers.c ****  * xTimerQueue queue.
 157:/home/zz/quard-start/Quard-Star/trusted_domain/FreeRTOS-Kernel/timers.c ****  */
 158:/home/zz/quard-start/Quard-Star/trusted_domain/FreeRTOS-Kernel/timers.c ****     static portTASK_FUNCTION_PROTO( prvTimerTask, pvParameters ) PRIVILEGED_FUNCTION;
GAS LISTING /tmp/ccRebiBI.s 			page 4


 159:/home/zz/quard-start/Quard-Star/trusted_domain/FreeRTOS-Kernel/timers.c **** 
 160:/home/zz/quard-start/Quard-Star/trusted_domain/FreeRTOS-Kernel/timers.c **** /*
 161:/home/zz/quard-start/Quard-Star/trusted_domain/FreeRTOS-Kernel/timers.c ****  * Called by the timer service task to interpret and process a command it
 162:/home/zz/quard-start/Quard-Star/trusted_domain/FreeRTOS-Kernel/timers.c ****  * received on the timer queue.
 163:/home/zz/quard-start/Quard-Star/trusted_domain/FreeRTOS-Kernel/timers.c ****  */
 164:/home/zz/quard-start/Quard-Star/trusted_domain/FreeRTOS-Kernel/timers.c ****     static void prvProcessReceivedCommands( void ) PRIVILEGED_FUNCTION;
 165:/home/zz/quard-start/Quard-Star/trusted_domain/FreeRTOS-Kernel/timers.c **** 
 166:/home/zz/quard-start/Quard-Star/trusted_domain/FreeRTOS-Kernel/timers.c **** /*
 167:/home/zz/quard-start/Quard-Star/trusted_domain/FreeRTOS-Kernel/timers.c ****  * Insert the timer into either xActiveTimerList1, or xActiveTimerList2,
 168:/home/zz/quard-start/Quard-Star/trusted_domain/FreeRTOS-Kernel/timers.c ****  * depending on if the expire time causes a timer counter overflow.
 169:/home/zz/quard-start/Quard-Star/trusted_domain/FreeRTOS-Kernel/timers.c ****  */
 170:/home/zz/quard-start/Quard-Star/trusted_domain/FreeRTOS-Kernel/timers.c ****     static BaseType_t prvInsertTimerInActiveList( Timer_t * const pxTimer,
 171:/home/zz/quard-start/Quard-Star/trusted_domain/FreeRTOS-Kernel/timers.c ****                                                   const TickType_t xNextExpiryTime,
 172:/home/zz/quard-start/Quard-Star/trusted_domain/FreeRTOS-Kernel/timers.c ****                                                   const TickType_t xTimeNow,
 173:/home/zz/quard-start/Quard-Star/trusted_domain/FreeRTOS-Kernel/timers.c ****                                                   const TickType_t xCommandTime ) PRIVILEGED_FUNCTI
 174:/home/zz/quard-start/Quard-Star/trusted_domain/FreeRTOS-Kernel/timers.c **** 
 175:/home/zz/quard-start/Quard-Star/trusted_domain/FreeRTOS-Kernel/timers.c **** /*
 176:/home/zz/quard-start/Quard-Star/trusted_domain/FreeRTOS-Kernel/timers.c ****  * An active timer has reached its expire time.  Reload the timer if it is an
 177:/home/zz/quard-start/Quard-Star/trusted_domain/FreeRTOS-Kernel/timers.c ****  * auto-reload timer, then call its callback.
 178:/home/zz/quard-start/Quard-Star/trusted_domain/FreeRTOS-Kernel/timers.c ****  */
 179:/home/zz/quard-start/Quard-Star/trusted_domain/FreeRTOS-Kernel/timers.c ****     static void prvProcessExpiredTimer( const TickType_t xNextExpireTime,
 180:/home/zz/quard-start/Quard-Star/trusted_domain/FreeRTOS-Kernel/timers.c ****                                         const TickType_t xTimeNow ) PRIVILEGED_FUNCTION;
 181:/home/zz/quard-start/Quard-Star/trusted_domain/FreeRTOS-Kernel/timers.c **** 
 182:/home/zz/quard-start/Quard-Star/trusted_domain/FreeRTOS-Kernel/timers.c **** /*
 183:/home/zz/quard-start/Quard-Star/trusted_domain/FreeRTOS-Kernel/timers.c ****  * The tick count has overflowed.  Switch the timer lists after ensuring the
 184:/home/zz/quard-start/Quard-Star/trusted_domain/FreeRTOS-Kernel/timers.c ****  * current timer list does not still reference some timers.
 185:/home/zz/quard-start/Quard-Star/trusted_domain/FreeRTOS-Kernel/timers.c ****  */
 186:/home/zz/quard-start/Quard-Star/trusted_domain/FreeRTOS-Kernel/timers.c ****     static void prvSwitchTimerLists( void ) PRIVILEGED_FUNCTION;
 187:/home/zz/quard-start/Quard-Star/trusted_domain/FreeRTOS-Kernel/timers.c **** 
 188:/home/zz/quard-start/Quard-Star/trusted_domain/FreeRTOS-Kernel/timers.c **** /*
 189:/home/zz/quard-start/Quard-Star/trusted_domain/FreeRTOS-Kernel/timers.c ****  * Obtain the current tick count, setting *pxTimerListsWereSwitched to pdTRUE
 190:/home/zz/quard-start/Quard-Star/trusted_domain/FreeRTOS-Kernel/timers.c ****  * if a tick count overflow occurred since prvSampleTimeNow() was last called.
 191:/home/zz/quard-start/Quard-Star/trusted_domain/FreeRTOS-Kernel/timers.c ****  */
 192:/home/zz/quard-start/Quard-Star/trusted_domain/FreeRTOS-Kernel/timers.c ****     static TickType_t prvSampleTimeNow( BaseType_t * const pxTimerListsWereSwitched ) PRIVILEGED_FU
 193:/home/zz/quard-start/Quard-Star/trusted_domain/FreeRTOS-Kernel/timers.c **** 
 194:/home/zz/quard-start/Quard-Star/trusted_domain/FreeRTOS-Kernel/timers.c **** /*
 195:/home/zz/quard-start/Quard-Star/trusted_domain/FreeRTOS-Kernel/timers.c ****  * If the timer list contains any active timers then return the expire time of
 196:/home/zz/quard-start/Quard-Star/trusted_domain/FreeRTOS-Kernel/timers.c ****  * the timer that will expire first and set *pxListWasEmpty to false.  If the
 197:/home/zz/quard-start/Quard-Star/trusted_domain/FreeRTOS-Kernel/timers.c ****  * timer list does not contain any timers then return 0 and set *pxListWasEmpty
 198:/home/zz/quard-start/Quard-Star/trusted_domain/FreeRTOS-Kernel/timers.c ****  * to pdTRUE.
 199:/home/zz/quard-start/Quard-Star/trusted_domain/FreeRTOS-Kernel/timers.c ****  */
 200:/home/zz/quard-start/Quard-Star/trusted_domain/FreeRTOS-Kernel/timers.c ****     static TickType_t prvGetNextExpireTime( BaseType_t * const pxListWasEmpty ) PRIVILEGED_FUNCTION
 201:/home/zz/quard-start/Quard-Star/trusted_domain/FreeRTOS-Kernel/timers.c **** 
 202:/home/zz/quard-start/Quard-Star/trusted_domain/FreeRTOS-Kernel/timers.c **** /*
 203:/home/zz/quard-start/Quard-Star/trusted_domain/FreeRTOS-Kernel/timers.c ****  * If a timer has expired, process it.  Otherwise, block the timer service task
 204:/home/zz/quard-start/Quard-Star/trusted_domain/FreeRTOS-Kernel/timers.c ****  * until either a timer does expire or a command is received.
 205:/home/zz/quard-start/Quard-Star/trusted_domain/FreeRTOS-Kernel/timers.c ****  */
 206:/home/zz/quard-start/Quard-Star/trusted_domain/FreeRTOS-Kernel/timers.c ****     static void prvProcessTimerOrBlockTask( const TickType_t xNextExpireTime,
 207:/home/zz/quard-start/Quard-Star/trusted_domain/FreeRTOS-Kernel/timers.c ****                                             BaseType_t xListWasEmpty ) PRIVILEGED_FUNCTION;
 208:/home/zz/quard-start/Quard-Star/trusted_domain/FreeRTOS-Kernel/timers.c **** 
 209:/home/zz/quard-start/Quard-Star/trusted_domain/FreeRTOS-Kernel/timers.c **** /*
 210:/home/zz/quard-start/Quard-Star/trusted_domain/FreeRTOS-Kernel/timers.c ****  * Called after a Timer_t structure has been allocated either statically or
 211:/home/zz/quard-start/Quard-Star/trusted_domain/FreeRTOS-Kernel/timers.c ****  * dynamically to fill in the structure's members.
 212:/home/zz/quard-start/Quard-Star/trusted_domain/FreeRTOS-Kernel/timers.c ****  */
 213:/home/zz/quard-start/Quard-Star/trusted_domain/FreeRTOS-Kernel/timers.c ****     static void prvInitialiseNewTimer( const char * const pcTimerName, /*lint !e971 Unqualified cha
 214:/home/zz/quard-start/Quard-Star/trusted_domain/FreeRTOS-Kernel/timers.c ****                                        const TickType_t xTimerPeriodInTicks,
 215:/home/zz/quard-start/Quard-Star/trusted_domain/FreeRTOS-Kernel/timers.c ****                                        const UBaseType_t uxAutoReload,
GAS LISTING /tmp/ccRebiBI.s 			page 5


 216:/home/zz/quard-start/Quard-Star/trusted_domain/FreeRTOS-Kernel/timers.c ****                                        void * const pvTimerID,
 217:/home/zz/quard-start/Quard-Star/trusted_domain/FreeRTOS-Kernel/timers.c ****                                        TimerCallbackFunction_t pxCallbackFunction,
 218:/home/zz/quard-start/Quard-Star/trusted_domain/FreeRTOS-Kernel/timers.c ****                                        Timer_t * pxNewTimer ) PRIVILEGED_FUNCTION;
 219:/home/zz/quard-start/Quard-Star/trusted_domain/FreeRTOS-Kernel/timers.c **** /*-----------------------------------------------------------*/
 220:/home/zz/quard-start/Quard-Star/trusted_domain/FreeRTOS-Kernel/timers.c **** 
 221:/home/zz/quard-start/Quard-Star/trusted_domain/FreeRTOS-Kernel/timers.c ****     BaseType_t xTimerCreateTimerTask( void )
 222:/home/zz/quard-start/Quard-Star/trusted_domain/FreeRTOS-Kernel/timers.c ****     {
 223:/home/zz/quard-start/Quard-Star/trusted_domain/FreeRTOS-Kernel/timers.c ****         BaseType_t xReturn = pdFAIL;
 224:/home/zz/quard-start/Quard-Star/trusted_domain/FreeRTOS-Kernel/timers.c **** 
 225:/home/zz/quard-start/Quard-Star/trusted_domain/FreeRTOS-Kernel/timers.c ****         /* This function is called when the scheduler is started if
 226:/home/zz/quard-start/Quard-Star/trusted_domain/FreeRTOS-Kernel/timers.c ****          * configUSE_TIMERS is set to 1.  Check that the infrastructure used by the
 227:/home/zz/quard-start/Quard-Star/trusted_domain/FreeRTOS-Kernel/timers.c ****          * timer service task has been created/initialised.  If timers have already
 228:/home/zz/quard-start/Quard-Star/trusted_domain/FreeRTOS-Kernel/timers.c ****          * been created then the initialisation will already have been performed. */
 229:/home/zz/quard-start/Quard-Star/trusted_domain/FreeRTOS-Kernel/timers.c ****         prvCheckForValidListAndQueue();
 230:/home/zz/quard-start/Quard-Star/trusted_domain/FreeRTOS-Kernel/timers.c **** 
 231:/home/zz/quard-start/Quard-Star/trusted_domain/FreeRTOS-Kernel/timers.c ****         if( xTimerQueue != NULL )
 232:/home/zz/quard-start/Quard-Star/trusted_domain/FreeRTOS-Kernel/timers.c ****         {
 233:/home/zz/quard-start/Quard-Star/trusted_domain/FreeRTOS-Kernel/timers.c ****             #if ( configSUPPORT_STATIC_ALLOCATION == 1 )
 234:/home/zz/quard-start/Quard-Star/trusted_domain/FreeRTOS-Kernel/timers.c ****                 {
 235:/home/zz/quard-start/Quard-Star/trusted_domain/FreeRTOS-Kernel/timers.c ****                     StaticTask_t * pxTimerTaskTCBBuffer = NULL;
 236:/home/zz/quard-start/Quard-Star/trusted_domain/FreeRTOS-Kernel/timers.c ****                     StackType_t * pxTimerTaskStackBuffer = NULL;
 237:/home/zz/quard-start/Quard-Star/trusted_domain/FreeRTOS-Kernel/timers.c ****                     uint32_t ulTimerTaskStackSize;
 238:/home/zz/quard-start/Quard-Star/trusted_domain/FreeRTOS-Kernel/timers.c **** 
 239:/home/zz/quard-start/Quard-Star/trusted_domain/FreeRTOS-Kernel/timers.c ****                     vApplicationGetTimerTaskMemory( &pxTimerTaskTCBBuffer, &pxTimerTaskStackBuffer,
 240:/home/zz/quard-start/Quard-Star/trusted_domain/FreeRTOS-Kernel/timers.c ****                     xTimerTaskHandle = xTaskCreateStatic( prvTimerTask,
 241:/home/zz/quard-start/Quard-Star/trusted_domain/FreeRTOS-Kernel/timers.c ****                                                           configTIMER_SERVICE_TASK_NAME,
 242:/home/zz/quard-start/Quard-Star/trusted_domain/FreeRTOS-Kernel/timers.c ****                                                           ulTimerTaskStackSize,
 243:/home/zz/quard-start/Quard-Star/trusted_domain/FreeRTOS-Kernel/timers.c ****                                                           NULL,
 244:/home/zz/quard-start/Quard-Star/trusted_domain/FreeRTOS-Kernel/timers.c ****                                                           ( ( UBaseType_t ) configTIMER_TASK_PRIORI
 245:/home/zz/quard-start/Quard-Star/trusted_domain/FreeRTOS-Kernel/timers.c ****                                                           pxTimerTaskStackBuffer,
 246:/home/zz/quard-start/Quard-Star/trusted_domain/FreeRTOS-Kernel/timers.c ****                                                           pxTimerTaskTCBBuffer );
 247:/home/zz/quard-start/Quard-Star/trusted_domain/FreeRTOS-Kernel/timers.c **** 
 248:/home/zz/quard-start/Quard-Star/trusted_domain/FreeRTOS-Kernel/timers.c ****                     if( xTimerTaskHandle != NULL )
 249:/home/zz/quard-start/Quard-Star/trusted_domain/FreeRTOS-Kernel/timers.c ****                     {
 250:/home/zz/quard-start/Quard-Star/trusted_domain/FreeRTOS-Kernel/timers.c ****                         xReturn = pdPASS;
 251:/home/zz/quard-start/Quard-Star/trusted_domain/FreeRTOS-Kernel/timers.c ****                     }
 252:/home/zz/quard-start/Quard-Star/trusted_domain/FreeRTOS-Kernel/timers.c ****                 }
 253:/home/zz/quard-start/Quard-Star/trusted_domain/FreeRTOS-Kernel/timers.c ****             #else /* if ( configSUPPORT_STATIC_ALLOCATION == 1 ) */
 254:/home/zz/quard-start/Quard-Star/trusted_domain/FreeRTOS-Kernel/timers.c ****                 {
 255:/home/zz/quard-start/Quard-Star/trusted_domain/FreeRTOS-Kernel/timers.c ****                     xReturn = xTaskCreate( prvTimerTask,
 256:/home/zz/quard-start/Quard-Star/trusted_domain/FreeRTOS-Kernel/timers.c ****                                            configTIMER_SERVICE_TASK_NAME,
 257:/home/zz/quard-start/Quard-Star/trusted_domain/FreeRTOS-Kernel/timers.c ****                                            configTIMER_TASK_STACK_DEPTH,
 258:/home/zz/quard-start/Quard-Star/trusted_domain/FreeRTOS-Kernel/timers.c ****                                            NULL,
 259:/home/zz/quard-start/Quard-Star/trusted_domain/FreeRTOS-Kernel/timers.c ****                                            ( ( UBaseType_t ) configTIMER_TASK_PRIORITY ) | portPRIV
 260:/home/zz/quard-start/Quard-Star/trusted_domain/FreeRTOS-Kernel/timers.c ****                                            &xTimerTaskHandle );
 261:/home/zz/quard-start/Quard-Star/trusted_domain/FreeRTOS-Kernel/timers.c ****                 }
 262:/home/zz/quard-start/Quard-Star/trusted_domain/FreeRTOS-Kernel/timers.c ****             #endif /* configSUPPORT_STATIC_ALLOCATION */
 263:/home/zz/quard-start/Quard-Star/trusted_domain/FreeRTOS-Kernel/timers.c ****         }
 264:/home/zz/quard-start/Quard-Star/trusted_domain/FreeRTOS-Kernel/timers.c ****         else
 265:/home/zz/quard-start/Quard-Star/trusted_domain/FreeRTOS-Kernel/timers.c ****         {
 266:/home/zz/quard-start/Quard-Star/trusted_domain/FreeRTOS-Kernel/timers.c ****             mtCOVERAGE_TEST_MARKER();
 267:/home/zz/quard-start/Quard-Star/trusted_domain/FreeRTOS-Kernel/timers.c ****         }
 268:/home/zz/quard-start/Quard-Star/trusted_domain/FreeRTOS-Kernel/timers.c **** 
 269:/home/zz/quard-start/Quard-Star/trusted_domain/FreeRTOS-Kernel/timers.c ****         configASSERT( xReturn );
 270:/home/zz/quard-start/Quard-Star/trusted_domain/FreeRTOS-Kernel/timers.c ****         return xReturn;
 271:/home/zz/quard-start/Quard-Star/trusted_domain/FreeRTOS-Kernel/timers.c ****     }
 272:/home/zz/quard-start/Quard-Star/trusted_domain/FreeRTOS-Kernel/timers.c **** /*-----------------------------------------------------------*/
GAS LISTING /tmp/ccRebiBI.s 			page 6


 273:/home/zz/quard-start/Quard-Star/trusted_domain/FreeRTOS-Kernel/timers.c **** 
 274:/home/zz/quard-start/Quard-Star/trusted_domain/FreeRTOS-Kernel/timers.c ****     #if ( configSUPPORT_DYNAMIC_ALLOCATION == 1 )
 275:/home/zz/quard-start/Quard-Star/trusted_domain/FreeRTOS-Kernel/timers.c **** 
 276:/home/zz/quard-start/Quard-Star/trusted_domain/FreeRTOS-Kernel/timers.c ****         TimerHandle_t xTimerCreate( const char * const pcTimerName, /*lint !e971 Unqualified char t
 277:/home/zz/quard-start/Quard-Star/trusted_domain/FreeRTOS-Kernel/timers.c ****                                     const TickType_t xTimerPeriodInTicks,
 278:/home/zz/quard-start/Quard-Star/trusted_domain/FreeRTOS-Kernel/timers.c ****                                     const UBaseType_t uxAutoReload,
 279:/home/zz/quard-start/Quard-Star/trusted_domain/FreeRTOS-Kernel/timers.c ****                                     void * const pvTimerID,
 280:/home/zz/quard-start/Quard-Star/trusted_domain/FreeRTOS-Kernel/timers.c ****                                     TimerCallbackFunction_t pxCallbackFunction )
 281:/home/zz/quard-start/Quard-Star/trusted_domain/FreeRTOS-Kernel/timers.c ****         {
 282:/home/zz/quard-start/Quard-Star/trusted_domain/FreeRTOS-Kernel/timers.c ****             Timer_t * pxNewTimer;
 283:/home/zz/quard-start/Quard-Star/trusted_domain/FreeRTOS-Kernel/timers.c **** 
 284:/home/zz/quard-start/Quard-Star/trusted_domain/FreeRTOS-Kernel/timers.c ****             pxNewTimer = ( Timer_t * ) pvPortMalloc( sizeof( Timer_t ) ); /*lint !e9087 !e9079 All 
 285:/home/zz/quard-start/Quard-Star/trusted_domain/FreeRTOS-Kernel/timers.c **** 
 286:/home/zz/quard-start/Quard-Star/trusted_domain/FreeRTOS-Kernel/timers.c ****             if( pxNewTimer != NULL )
 287:/home/zz/quard-start/Quard-Star/trusted_domain/FreeRTOS-Kernel/timers.c ****             {
 288:/home/zz/quard-start/Quard-Star/trusted_domain/FreeRTOS-Kernel/timers.c ****                 /* Status is thus far zero as the timer is not created statically
 289:/home/zz/quard-start/Quard-Star/trusted_domain/FreeRTOS-Kernel/timers.c ****                  * and has not been started.  The auto-reload bit may get set in
 290:/home/zz/quard-start/Quard-Star/trusted_domain/FreeRTOS-Kernel/timers.c ****                  * prvInitialiseNewTimer. */
 291:/home/zz/quard-start/Quard-Star/trusted_domain/FreeRTOS-Kernel/timers.c ****                 pxNewTimer->ucStatus = 0x00;
 292:/home/zz/quard-start/Quard-Star/trusted_domain/FreeRTOS-Kernel/timers.c ****                 prvInitialiseNewTimer( pcTimerName, xTimerPeriodInTicks, uxAutoReload, pvTimerID, p
 293:/home/zz/quard-start/Quard-Star/trusted_domain/FreeRTOS-Kernel/timers.c ****             }
 294:/home/zz/quard-start/Quard-Star/trusted_domain/FreeRTOS-Kernel/timers.c **** 
 295:/home/zz/quard-start/Quard-Star/trusted_domain/FreeRTOS-Kernel/timers.c ****             return pxNewTimer;
 296:/home/zz/quard-start/Quard-Star/trusted_domain/FreeRTOS-Kernel/timers.c ****         }
 297:/home/zz/quard-start/Quard-Star/trusted_domain/FreeRTOS-Kernel/timers.c **** 
 298:/home/zz/quard-start/Quard-Star/trusted_domain/FreeRTOS-Kernel/timers.c ****     #endif /* configSUPPORT_DYNAMIC_ALLOCATION */
 299:/home/zz/quard-start/Quard-Star/trusted_domain/FreeRTOS-Kernel/timers.c **** /*-----------------------------------------------------------*/
 300:/home/zz/quard-start/Quard-Star/trusted_domain/FreeRTOS-Kernel/timers.c **** 
 301:/home/zz/quard-start/Quard-Star/trusted_domain/FreeRTOS-Kernel/timers.c ****     #if ( configSUPPORT_STATIC_ALLOCATION == 1 )
 302:/home/zz/quard-start/Quard-Star/trusted_domain/FreeRTOS-Kernel/timers.c **** 
 303:/home/zz/quard-start/Quard-Star/trusted_domain/FreeRTOS-Kernel/timers.c ****         TimerHandle_t xTimerCreateStatic( const char * const pcTimerName, /*lint !e971 Unqualified 
 304:/home/zz/quard-start/Quard-Star/trusted_domain/FreeRTOS-Kernel/timers.c ****                                           const TickType_t xTimerPeriodInTicks,
 305:/home/zz/quard-start/Quard-Star/trusted_domain/FreeRTOS-Kernel/timers.c ****                                           const UBaseType_t uxAutoReload,
 306:/home/zz/quard-start/Quard-Star/trusted_domain/FreeRTOS-Kernel/timers.c ****                                           void * const pvTimerID,
 307:/home/zz/quard-start/Quard-Star/trusted_domain/FreeRTOS-Kernel/timers.c ****                                           TimerCallbackFunction_t pxCallbackFunction,
 308:/home/zz/quard-start/Quard-Star/trusted_domain/FreeRTOS-Kernel/timers.c ****                                           StaticTimer_t * pxTimerBuffer )
 309:/home/zz/quard-start/Quard-Star/trusted_domain/FreeRTOS-Kernel/timers.c ****         {
 310:/home/zz/quard-start/Quard-Star/trusted_domain/FreeRTOS-Kernel/timers.c ****             Timer_t * pxNewTimer;
 311:/home/zz/quard-start/Quard-Star/trusted_domain/FreeRTOS-Kernel/timers.c **** 
 312:/home/zz/quard-start/Quard-Star/trusted_domain/FreeRTOS-Kernel/timers.c ****             #if ( configASSERT_DEFINED == 1 )
 313:/home/zz/quard-start/Quard-Star/trusted_domain/FreeRTOS-Kernel/timers.c ****                 {
 314:/home/zz/quard-start/Quard-Star/trusted_domain/FreeRTOS-Kernel/timers.c ****                     /* Sanity check that the size of the structure used to declare a
 315:/home/zz/quard-start/Quard-Star/trusted_domain/FreeRTOS-Kernel/timers.c ****                      * variable of type StaticTimer_t equals the size of the real timer
 316:/home/zz/quard-start/Quard-Star/trusted_domain/FreeRTOS-Kernel/timers.c ****                      * structure. */
 317:/home/zz/quard-start/Quard-Star/trusted_domain/FreeRTOS-Kernel/timers.c ****                     volatile size_t xSize = sizeof( StaticTimer_t );
 318:/home/zz/quard-start/Quard-Star/trusted_domain/FreeRTOS-Kernel/timers.c ****                     configASSERT( xSize == sizeof( Timer_t ) );
 319:/home/zz/quard-start/Quard-Star/trusted_domain/FreeRTOS-Kernel/timers.c ****                     ( void ) xSize; /* Keeps lint quiet when configASSERT() is not defined. */
 320:/home/zz/quard-start/Quard-Star/trusted_domain/FreeRTOS-Kernel/timers.c ****                 }
 321:/home/zz/quard-start/Quard-Star/trusted_domain/FreeRTOS-Kernel/timers.c ****             #endif /* configASSERT_DEFINED */
 322:/home/zz/quard-start/Quard-Star/trusted_domain/FreeRTOS-Kernel/timers.c **** 
 323:/home/zz/quard-start/Quard-Star/trusted_domain/FreeRTOS-Kernel/timers.c ****             /* A pointer to a StaticTimer_t structure MUST be provided, use it. */
 324:/home/zz/quard-start/Quard-Star/trusted_domain/FreeRTOS-Kernel/timers.c ****             configASSERT( pxTimerBuffer );
 325:/home/zz/quard-start/Quard-Star/trusted_domain/FreeRTOS-Kernel/timers.c ****             pxNewTimer = ( Timer_t * ) pxTimerBuffer; /*lint !e740 !e9087 StaticTimer_t is a pointe
 326:/home/zz/quard-start/Quard-Star/trusted_domain/FreeRTOS-Kernel/timers.c **** 
 327:/home/zz/quard-start/Quard-Star/trusted_domain/FreeRTOS-Kernel/timers.c ****             if( pxNewTimer != NULL )
 328:/home/zz/quard-start/Quard-Star/trusted_domain/FreeRTOS-Kernel/timers.c ****             {
 329:/home/zz/quard-start/Quard-Star/trusted_domain/FreeRTOS-Kernel/timers.c ****                 /* Timers can be created statically or dynamically so note this
GAS LISTING /tmp/ccRebiBI.s 			page 7


 330:/home/zz/quard-start/Quard-Star/trusted_domain/FreeRTOS-Kernel/timers.c ****                  * timer was created statically in case it is later deleted.  The
 331:/home/zz/quard-start/Quard-Star/trusted_domain/FreeRTOS-Kernel/timers.c ****                  * auto-reload bit may get set in prvInitialiseNewTimer(). */
 332:/home/zz/quard-start/Quard-Star/trusted_domain/FreeRTOS-Kernel/timers.c ****                 pxNewTimer->ucStatus = tmrSTATUS_IS_STATICALLY_ALLOCATED;
 333:/home/zz/quard-start/Quard-Star/trusted_domain/FreeRTOS-Kernel/timers.c **** 
 334:/home/zz/quard-start/Quard-Star/trusted_domain/FreeRTOS-Kernel/timers.c ****                 prvInitialiseNewTimer( pcTimerName, xTimerPeriodInTicks, uxAutoReload, pvTimerID, p
 335:/home/zz/quard-start/Quard-Star/trusted_domain/FreeRTOS-Kernel/timers.c ****             }
 336:/home/zz/quard-start/Quard-Star/trusted_domain/FreeRTOS-Kernel/timers.c **** 
 337:/home/zz/quard-start/Quard-Star/trusted_domain/FreeRTOS-Kernel/timers.c ****             return pxNewTimer;
 338:/home/zz/quard-start/Quard-Star/trusted_domain/FreeRTOS-Kernel/timers.c ****         }
 339:/home/zz/quard-start/Quard-Star/trusted_domain/FreeRTOS-Kernel/timers.c **** 
 340:/home/zz/quard-start/Quard-Star/trusted_domain/FreeRTOS-Kernel/timers.c ****     #endif /* configSUPPORT_STATIC_ALLOCATION */
 341:/home/zz/quard-start/Quard-Star/trusted_domain/FreeRTOS-Kernel/timers.c **** /*-----------------------------------------------------------*/
 342:/home/zz/quard-start/Quard-Star/trusted_domain/FreeRTOS-Kernel/timers.c **** 
 343:/home/zz/quard-start/Quard-Star/trusted_domain/FreeRTOS-Kernel/timers.c ****     static void prvInitialiseNewTimer( const char * const pcTimerName, /*lint !e971 Unqualified cha
 344:/home/zz/quard-start/Quard-Star/trusted_domain/FreeRTOS-Kernel/timers.c ****                                        const TickType_t xTimerPeriodInTicks,
 345:/home/zz/quard-start/Quard-Star/trusted_domain/FreeRTOS-Kernel/timers.c ****                                        const UBaseType_t uxAutoReload,
 346:/home/zz/quard-start/Quard-Star/trusted_domain/FreeRTOS-Kernel/timers.c ****                                        void * const pvTimerID,
 347:/home/zz/quard-start/Quard-Star/trusted_domain/FreeRTOS-Kernel/timers.c ****                                        TimerCallbackFunction_t pxCallbackFunction,
 348:/home/zz/quard-start/Quard-Star/trusted_domain/FreeRTOS-Kernel/timers.c ****                                        Timer_t * pxNewTimer )
 349:/home/zz/quard-start/Quard-Star/trusted_domain/FreeRTOS-Kernel/timers.c ****     {
 350:/home/zz/quard-start/Quard-Star/trusted_domain/FreeRTOS-Kernel/timers.c ****         /* 0 is not a valid value for xTimerPeriodInTicks. */
 351:/home/zz/quard-start/Quard-Star/trusted_domain/FreeRTOS-Kernel/timers.c ****         configASSERT( ( xTimerPeriodInTicks > 0 ) );
 352:/home/zz/quard-start/Quard-Star/trusted_domain/FreeRTOS-Kernel/timers.c **** 
 353:/home/zz/quard-start/Quard-Star/trusted_domain/FreeRTOS-Kernel/timers.c ****         if( pxNewTimer != NULL )
 354:/home/zz/quard-start/Quard-Star/trusted_domain/FreeRTOS-Kernel/timers.c ****         {
 355:/home/zz/quard-start/Quard-Star/trusted_domain/FreeRTOS-Kernel/timers.c ****             /* Ensure the infrastructure used by the timer service task has been
 356:/home/zz/quard-start/Quard-Star/trusted_domain/FreeRTOS-Kernel/timers.c ****              * created/initialised. */
 357:/home/zz/quard-start/Quard-Star/trusted_domain/FreeRTOS-Kernel/timers.c ****             prvCheckForValidListAndQueue();
 358:/home/zz/quard-start/Quard-Star/trusted_domain/FreeRTOS-Kernel/timers.c **** 
 359:/home/zz/quard-start/Quard-Star/trusted_domain/FreeRTOS-Kernel/timers.c ****             /* Initialise the timer structure members using the function
 360:/home/zz/quard-start/Quard-Star/trusted_domain/FreeRTOS-Kernel/timers.c ****              * parameters. */
 361:/home/zz/quard-start/Quard-Star/trusted_domain/FreeRTOS-Kernel/timers.c ****             pxNewTimer->pcTimerName = pcTimerName;
 362:/home/zz/quard-start/Quard-Star/trusted_domain/FreeRTOS-Kernel/timers.c ****             pxNewTimer->xTimerPeriodInTicks = xTimerPeriodInTicks;
 363:/home/zz/quard-start/Quard-Star/trusted_domain/FreeRTOS-Kernel/timers.c ****             pxNewTimer->pvTimerID = pvTimerID;
 364:/home/zz/quard-start/Quard-Star/trusted_domain/FreeRTOS-Kernel/timers.c ****             pxNewTimer->pxCallbackFunction = pxCallbackFunction;
 365:/home/zz/quard-start/Quard-Star/trusted_domain/FreeRTOS-Kernel/timers.c ****             vListInitialiseItem( &( pxNewTimer->xTimerListItem ) );
 366:/home/zz/quard-start/Quard-Star/trusted_domain/FreeRTOS-Kernel/timers.c **** 
 367:/home/zz/quard-start/Quard-Star/trusted_domain/FreeRTOS-Kernel/timers.c ****             if( uxAutoReload != pdFALSE )
 368:/home/zz/quard-start/Quard-Star/trusted_domain/FreeRTOS-Kernel/timers.c ****             {
 369:/home/zz/quard-start/Quard-Star/trusted_domain/FreeRTOS-Kernel/timers.c ****                 pxNewTimer->ucStatus |= tmrSTATUS_IS_AUTORELOAD;
 370:/home/zz/quard-start/Quard-Star/trusted_domain/FreeRTOS-Kernel/timers.c ****             }
 371:/home/zz/quard-start/Quard-Star/trusted_domain/FreeRTOS-Kernel/timers.c **** 
 372:/home/zz/quard-start/Quard-Star/trusted_domain/FreeRTOS-Kernel/timers.c ****             traceTIMER_CREATE( pxNewTimer );
 373:/home/zz/quard-start/Quard-Star/trusted_domain/FreeRTOS-Kernel/timers.c ****         }
 374:/home/zz/quard-start/Quard-Star/trusted_domain/FreeRTOS-Kernel/timers.c ****     }
 375:/home/zz/quard-start/Quard-Star/trusted_domain/FreeRTOS-Kernel/timers.c **** /*-----------------------------------------------------------*/
 376:/home/zz/quard-start/Quard-Star/trusted_domain/FreeRTOS-Kernel/timers.c **** 
 377:/home/zz/quard-start/Quard-Star/trusted_domain/FreeRTOS-Kernel/timers.c ****     BaseType_t xTimerGenericCommand( TimerHandle_t xTimer,
 378:/home/zz/quard-start/Quard-Star/trusted_domain/FreeRTOS-Kernel/timers.c ****                                      const BaseType_t xCommandID,
 379:/home/zz/quard-start/Quard-Star/trusted_domain/FreeRTOS-Kernel/timers.c ****                                      const TickType_t xOptionalValue,
 380:/home/zz/quard-start/Quard-Star/trusted_domain/FreeRTOS-Kernel/timers.c ****                                      BaseType_t * const pxHigherPriorityTaskWoken,
 381:/home/zz/quard-start/Quard-Star/trusted_domain/FreeRTOS-Kernel/timers.c ****                                      const TickType_t xTicksToWait )
 382:/home/zz/quard-start/Quard-Star/trusted_domain/FreeRTOS-Kernel/timers.c ****     {
 383:/home/zz/quard-start/Quard-Star/trusted_domain/FreeRTOS-Kernel/timers.c ****         BaseType_t xReturn = pdFAIL;
 384:/home/zz/quard-start/Quard-Star/trusted_domain/FreeRTOS-Kernel/timers.c ****         DaemonTaskMessage_t xMessage;
 385:/home/zz/quard-start/Quard-Star/trusted_domain/FreeRTOS-Kernel/timers.c **** 
 386:/home/zz/quard-start/Quard-Star/trusted_domain/FreeRTOS-Kernel/timers.c ****         configASSERT( xTimer );
GAS LISTING /tmp/ccRebiBI.s 			page 8


 387:/home/zz/quard-start/Quard-Star/trusted_domain/FreeRTOS-Kernel/timers.c **** 
 388:/home/zz/quard-start/Quard-Star/trusted_domain/FreeRTOS-Kernel/timers.c ****         /* Send a message to the timer service task to perform a particular action
 389:/home/zz/quard-start/Quard-Star/trusted_domain/FreeRTOS-Kernel/timers.c ****          * on a particular timer definition. */
 390:/home/zz/quard-start/Quard-Star/trusted_domain/FreeRTOS-Kernel/timers.c ****         if( xTimerQueue != NULL )
 391:/home/zz/quard-start/Quard-Star/trusted_domain/FreeRTOS-Kernel/timers.c ****         {
 392:/home/zz/quard-start/Quard-Star/trusted_domain/FreeRTOS-Kernel/timers.c ****             /* Send a command to the timer service task to start the xTimer timer. */
 393:/home/zz/quard-start/Quard-Star/trusted_domain/FreeRTOS-Kernel/timers.c ****             xMessage.xMessageID = xCommandID;
 394:/home/zz/quard-start/Quard-Star/trusted_domain/FreeRTOS-Kernel/timers.c ****             xMessage.u.xTimerParameters.xMessageValue = xOptionalValue;
 395:/home/zz/quard-start/Quard-Star/trusted_domain/FreeRTOS-Kernel/timers.c ****             xMessage.u.xTimerParameters.pxTimer = xTimer;
 396:/home/zz/quard-start/Quard-Star/trusted_domain/FreeRTOS-Kernel/timers.c **** 
 397:/home/zz/quard-start/Quard-Star/trusted_domain/FreeRTOS-Kernel/timers.c ****             if( xCommandID < tmrFIRST_FROM_ISR_COMMAND )
 398:/home/zz/quard-start/Quard-Star/trusted_domain/FreeRTOS-Kernel/timers.c ****             {
 399:/home/zz/quard-start/Quard-Star/trusted_domain/FreeRTOS-Kernel/timers.c ****                 if( xTaskGetSchedulerState() == taskSCHEDULER_RUNNING )
 400:/home/zz/quard-start/Quard-Star/trusted_domain/FreeRTOS-Kernel/timers.c ****                 {
 401:/home/zz/quard-start/Quard-Star/trusted_domain/FreeRTOS-Kernel/timers.c ****                     xReturn = xQueueSendToBack( xTimerQueue, &xMessage, xTicksToWait );
 402:/home/zz/quard-start/Quard-Star/trusted_domain/FreeRTOS-Kernel/timers.c ****                 }
 403:/home/zz/quard-start/Quard-Star/trusted_domain/FreeRTOS-Kernel/timers.c ****                 else
 404:/home/zz/quard-start/Quard-Star/trusted_domain/FreeRTOS-Kernel/timers.c ****                 {
 405:/home/zz/quard-start/Quard-Star/trusted_domain/FreeRTOS-Kernel/timers.c ****                     xReturn = xQueueSendToBack( xTimerQueue, &xMessage, tmrNO_DELAY );
 406:/home/zz/quard-start/Quard-Star/trusted_domain/FreeRTOS-Kernel/timers.c ****                 }
 407:/home/zz/quard-start/Quard-Star/trusted_domain/FreeRTOS-Kernel/timers.c ****             }
 408:/home/zz/quard-start/Quard-Star/trusted_domain/FreeRTOS-Kernel/timers.c ****             else
 409:/home/zz/quard-start/Quard-Star/trusted_domain/FreeRTOS-Kernel/timers.c ****             {
 410:/home/zz/quard-start/Quard-Star/trusted_domain/FreeRTOS-Kernel/timers.c ****                 xReturn = xQueueSendToBackFromISR( xTimerQueue, &xMessage, pxHigherPriorityTaskWoke
 411:/home/zz/quard-start/Quard-Star/trusted_domain/FreeRTOS-Kernel/timers.c ****             }
 412:/home/zz/quard-start/Quard-Star/trusted_domain/FreeRTOS-Kernel/timers.c **** 
 413:/home/zz/quard-start/Quard-Star/trusted_domain/FreeRTOS-Kernel/timers.c ****             traceTIMER_COMMAND_SEND( xTimer, xCommandID, xOptionalValue, xReturn );
 414:/home/zz/quard-start/Quard-Star/trusted_domain/FreeRTOS-Kernel/timers.c ****         }
 415:/home/zz/quard-start/Quard-Star/trusted_domain/FreeRTOS-Kernel/timers.c ****         else
 416:/home/zz/quard-start/Quard-Star/trusted_domain/FreeRTOS-Kernel/timers.c ****         {
 417:/home/zz/quard-start/Quard-Star/trusted_domain/FreeRTOS-Kernel/timers.c ****             mtCOVERAGE_TEST_MARKER();
 418:/home/zz/quard-start/Quard-Star/trusted_domain/FreeRTOS-Kernel/timers.c ****         }
 419:/home/zz/quard-start/Quard-Star/trusted_domain/FreeRTOS-Kernel/timers.c **** 
 420:/home/zz/quard-start/Quard-Star/trusted_domain/FreeRTOS-Kernel/timers.c ****         return xReturn;
 421:/home/zz/quard-start/Quard-Star/trusted_domain/FreeRTOS-Kernel/timers.c ****     }
 422:/home/zz/quard-start/Quard-Star/trusted_domain/FreeRTOS-Kernel/timers.c **** /*-----------------------------------------------------------*/
 423:/home/zz/quard-start/Quard-Star/trusted_domain/FreeRTOS-Kernel/timers.c **** 
 424:/home/zz/quard-start/Quard-Star/trusted_domain/FreeRTOS-Kernel/timers.c ****     TaskHandle_t xTimerGetTimerDaemonTaskHandle( void )
 425:/home/zz/quard-start/Quard-Star/trusted_domain/FreeRTOS-Kernel/timers.c ****     {
 426:/home/zz/quard-start/Quard-Star/trusted_domain/FreeRTOS-Kernel/timers.c ****         /* If xTimerGetTimerDaemonTaskHandle() is called before the scheduler has been
 427:/home/zz/quard-start/Quard-Star/trusted_domain/FreeRTOS-Kernel/timers.c ****          * started, then xTimerTaskHandle will be NULL. */
 428:/home/zz/quard-start/Quard-Star/trusted_domain/FreeRTOS-Kernel/timers.c ****         configASSERT( ( xTimerTaskHandle != NULL ) );
 429:/home/zz/quard-start/Quard-Star/trusted_domain/FreeRTOS-Kernel/timers.c ****         return xTimerTaskHandle;
 430:/home/zz/quard-start/Quard-Star/trusted_domain/FreeRTOS-Kernel/timers.c ****     }
 431:/home/zz/quard-start/Quard-Star/trusted_domain/FreeRTOS-Kernel/timers.c **** /*-----------------------------------------------------------*/
 432:/home/zz/quard-start/Quard-Star/trusted_domain/FreeRTOS-Kernel/timers.c **** 
 433:/home/zz/quard-start/Quard-Star/trusted_domain/FreeRTOS-Kernel/timers.c ****     TickType_t xTimerGetPeriod( TimerHandle_t xTimer )
 434:/home/zz/quard-start/Quard-Star/trusted_domain/FreeRTOS-Kernel/timers.c ****     {
 435:/home/zz/quard-start/Quard-Star/trusted_domain/FreeRTOS-Kernel/timers.c ****         Timer_t * pxTimer = xTimer;
 436:/home/zz/quard-start/Quard-Star/trusted_domain/FreeRTOS-Kernel/timers.c **** 
 437:/home/zz/quard-start/Quard-Star/trusted_domain/FreeRTOS-Kernel/timers.c ****         configASSERT( xTimer );
 438:/home/zz/quard-start/Quard-Star/trusted_domain/FreeRTOS-Kernel/timers.c ****         return pxTimer->xTimerPeriodInTicks;
 439:/home/zz/quard-start/Quard-Star/trusted_domain/FreeRTOS-Kernel/timers.c ****     }
 440:/home/zz/quard-start/Quard-Star/trusted_domain/FreeRTOS-Kernel/timers.c **** /*-----------------------------------------------------------*/
 441:/home/zz/quard-start/Quard-Star/trusted_domain/FreeRTOS-Kernel/timers.c **** 
 442:/home/zz/quard-start/Quard-Star/trusted_domain/FreeRTOS-Kernel/timers.c ****     void vTimerSetReloadMode( TimerHandle_t xTimer,
 443:/home/zz/quard-start/Quard-Star/trusted_domain/FreeRTOS-Kernel/timers.c ****                               const UBaseType_t uxAutoReload )
GAS LISTING /tmp/ccRebiBI.s 			page 9


 444:/home/zz/quard-start/Quard-Star/trusted_domain/FreeRTOS-Kernel/timers.c ****     {
 445:/home/zz/quard-start/Quard-Star/trusted_domain/FreeRTOS-Kernel/timers.c ****         Timer_t * pxTimer = xTimer;
 446:/home/zz/quard-start/Quard-Star/trusted_domain/FreeRTOS-Kernel/timers.c **** 
 447:/home/zz/quard-start/Quard-Star/trusted_domain/FreeRTOS-Kernel/timers.c ****         configASSERT( xTimer );
 448:/home/zz/quard-start/Quard-Star/trusted_domain/FreeRTOS-Kernel/timers.c ****         taskENTER_CRITICAL();
 449:/home/zz/quard-start/Quard-Star/trusted_domain/FreeRTOS-Kernel/timers.c ****         {
 450:/home/zz/quard-start/Quard-Star/trusted_domain/FreeRTOS-Kernel/timers.c ****             if( uxAutoReload != pdFALSE )
 451:/home/zz/quard-start/Quard-Star/trusted_domain/FreeRTOS-Kernel/timers.c ****             {
 452:/home/zz/quard-start/Quard-Star/trusted_domain/FreeRTOS-Kernel/timers.c ****                 pxTimer->ucStatus |= tmrSTATUS_IS_AUTORELOAD;
 453:/home/zz/quard-start/Quard-Star/trusted_domain/FreeRTOS-Kernel/timers.c ****             }
 454:/home/zz/quard-start/Quard-Star/trusted_domain/FreeRTOS-Kernel/timers.c ****             else
 455:/home/zz/quard-start/Quard-Star/trusted_domain/FreeRTOS-Kernel/timers.c ****             {
 456:/home/zz/quard-start/Quard-Star/trusted_domain/FreeRTOS-Kernel/timers.c ****                 pxTimer->ucStatus &= ~tmrSTATUS_IS_AUTORELOAD;
 457:/home/zz/quard-start/Quard-Star/trusted_domain/FreeRTOS-Kernel/timers.c ****             }
 458:/home/zz/quard-start/Quard-Star/trusted_domain/FreeRTOS-Kernel/timers.c ****         }
 459:/home/zz/quard-start/Quard-Star/trusted_domain/FreeRTOS-Kernel/timers.c ****         taskEXIT_CRITICAL();
 460:/home/zz/quard-start/Quard-Star/trusted_domain/FreeRTOS-Kernel/timers.c ****     }
 461:/home/zz/quard-start/Quard-Star/trusted_domain/FreeRTOS-Kernel/timers.c **** /*-----------------------------------------------------------*/
 462:/home/zz/quard-start/Quard-Star/trusted_domain/FreeRTOS-Kernel/timers.c **** 
 463:/home/zz/quard-start/Quard-Star/trusted_domain/FreeRTOS-Kernel/timers.c ****     UBaseType_t uxTimerGetReloadMode( TimerHandle_t xTimer )
 464:/home/zz/quard-start/Quard-Star/trusted_domain/FreeRTOS-Kernel/timers.c ****     {
 465:/home/zz/quard-start/Quard-Star/trusted_domain/FreeRTOS-Kernel/timers.c ****         Timer_t * pxTimer = xTimer;
 466:/home/zz/quard-start/Quard-Star/trusted_domain/FreeRTOS-Kernel/timers.c ****         UBaseType_t uxReturn;
 467:/home/zz/quard-start/Quard-Star/trusted_domain/FreeRTOS-Kernel/timers.c **** 
 468:/home/zz/quard-start/Quard-Star/trusted_domain/FreeRTOS-Kernel/timers.c ****         configASSERT( xTimer );
 469:/home/zz/quard-start/Quard-Star/trusted_domain/FreeRTOS-Kernel/timers.c ****         taskENTER_CRITICAL();
 470:/home/zz/quard-start/Quard-Star/trusted_domain/FreeRTOS-Kernel/timers.c ****         {
 471:/home/zz/quard-start/Quard-Star/trusted_domain/FreeRTOS-Kernel/timers.c ****             if( ( pxTimer->ucStatus & tmrSTATUS_IS_AUTORELOAD ) == 0 )
 472:/home/zz/quard-start/Quard-Star/trusted_domain/FreeRTOS-Kernel/timers.c ****             {
 473:/home/zz/quard-start/Quard-Star/trusted_domain/FreeRTOS-Kernel/timers.c ****                 /* Not an auto-reload timer. */
 474:/home/zz/quard-start/Quard-Star/trusted_domain/FreeRTOS-Kernel/timers.c ****                 uxReturn = ( UBaseType_t ) pdFALSE;
 475:/home/zz/quard-start/Quard-Star/trusted_domain/FreeRTOS-Kernel/timers.c ****             }
 476:/home/zz/quard-start/Quard-Star/trusted_domain/FreeRTOS-Kernel/timers.c ****             else
 477:/home/zz/quard-start/Quard-Star/trusted_domain/FreeRTOS-Kernel/timers.c ****             {
 478:/home/zz/quard-start/Quard-Star/trusted_domain/FreeRTOS-Kernel/timers.c ****                 /* Is an auto-reload timer. */
 479:/home/zz/quard-start/Quard-Star/trusted_domain/FreeRTOS-Kernel/timers.c ****                 uxReturn = ( UBaseType_t ) pdTRUE;
 480:/home/zz/quard-start/Quard-Star/trusted_domain/FreeRTOS-Kernel/timers.c ****             }
 481:/home/zz/quard-start/Quard-Star/trusted_domain/FreeRTOS-Kernel/timers.c ****         }
 482:/home/zz/quard-start/Quard-Star/trusted_domain/FreeRTOS-Kernel/timers.c ****         taskEXIT_CRITICAL();
 483:/home/zz/quard-start/Quard-Star/trusted_domain/FreeRTOS-Kernel/timers.c **** 
 484:/home/zz/quard-start/Quard-Star/trusted_domain/FreeRTOS-Kernel/timers.c ****         return uxReturn;
 485:/home/zz/quard-start/Quard-Star/trusted_domain/FreeRTOS-Kernel/timers.c ****     }
 486:/home/zz/quard-start/Quard-Star/trusted_domain/FreeRTOS-Kernel/timers.c **** /*-----------------------------------------------------------*/
 487:/home/zz/quard-start/Quard-Star/trusted_domain/FreeRTOS-Kernel/timers.c **** 
 488:/home/zz/quard-start/Quard-Star/trusted_domain/FreeRTOS-Kernel/timers.c ****     TickType_t xTimerGetExpiryTime( TimerHandle_t xTimer )
 489:/home/zz/quard-start/Quard-Star/trusted_domain/FreeRTOS-Kernel/timers.c ****     {
 490:/home/zz/quard-start/Quard-Star/trusted_domain/FreeRTOS-Kernel/timers.c ****         Timer_t * pxTimer = xTimer;
 491:/home/zz/quard-start/Quard-Star/trusted_domain/FreeRTOS-Kernel/timers.c ****         TickType_t xReturn;
 492:/home/zz/quard-start/Quard-Star/trusted_domain/FreeRTOS-Kernel/timers.c **** 
 493:/home/zz/quard-start/Quard-Star/trusted_domain/FreeRTOS-Kernel/timers.c ****         configASSERT( xTimer );
 494:/home/zz/quard-start/Quard-Star/trusted_domain/FreeRTOS-Kernel/timers.c ****         xReturn = listGET_LIST_ITEM_VALUE( &( pxTimer->xTimerListItem ) );
 495:/home/zz/quard-start/Quard-Star/trusted_domain/FreeRTOS-Kernel/timers.c ****         return xReturn;
 496:/home/zz/quard-start/Quard-Star/trusted_domain/FreeRTOS-Kernel/timers.c ****     }
 497:/home/zz/quard-start/Quard-Star/trusted_domain/FreeRTOS-Kernel/timers.c **** /*-----------------------------------------------------------*/
 498:/home/zz/quard-start/Quard-Star/trusted_domain/FreeRTOS-Kernel/timers.c **** 
 499:/home/zz/quard-start/Quard-Star/trusted_domain/FreeRTOS-Kernel/timers.c ****     const char * pcTimerGetName( TimerHandle_t xTimer ) /*lint !e971 Unqualified char types are all
 500:/home/zz/quard-start/Quard-Star/trusted_domain/FreeRTOS-Kernel/timers.c ****     {
GAS LISTING /tmp/ccRebiBI.s 			page 10


 501:/home/zz/quard-start/Quard-Star/trusted_domain/FreeRTOS-Kernel/timers.c ****         Timer_t * pxTimer = xTimer;
 502:/home/zz/quard-start/Quard-Star/trusted_domain/FreeRTOS-Kernel/timers.c **** 
 503:/home/zz/quard-start/Quard-Star/trusted_domain/FreeRTOS-Kernel/timers.c ****         configASSERT( xTimer );
 504:/home/zz/quard-start/Quard-Star/trusted_domain/FreeRTOS-Kernel/timers.c ****         return pxTimer->pcTimerName;
 505:/home/zz/quard-start/Quard-Star/trusted_domain/FreeRTOS-Kernel/timers.c ****     }
 506:/home/zz/quard-start/Quard-Star/trusted_domain/FreeRTOS-Kernel/timers.c **** /*-----------------------------------------------------------*/
 507:/home/zz/quard-start/Quard-Star/trusted_domain/FreeRTOS-Kernel/timers.c **** 
 508:/home/zz/quard-start/Quard-Star/trusted_domain/FreeRTOS-Kernel/timers.c ****     static void prvProcessExpiredTimer( const TickType_t xNextExpireTime,
 509:/home/zz/quard-start/Quard-Star/trusted_domain/FreeRTOS-Kernel/timers.c ****                                         const TickType_t xTimeNow )
 510:/home/zz/quard-start/Quard-Star/trusted_domain/FreeRTOS-Kernel/timers.c ****     {
 511:/home/zz/quard-start/Quard-Star/trusted_domain/FreeRTOS-Kernel/timers.c ****         BaseType_t xResult;
 512:/home/zz/quard-start/Quard-Star/trusted_domain/FreeRTOS-Kernel/timers.c ****         Timer_t * const pxTimer = ( Timer_t * ) listGET_OWNER_OF_HEAD_ENTRY( pxCurrentTimerList ); 
 513:/home/zz/quard-start/Quard-Star/trusted_domain/FreeRTOS-Kernel/timers.c **** 
 514:/home/zz/quard-start/Quard-Star/trusted_domain/FreeRTOS-Kernel/timers.c ****         /* Remove the timer from the list of active timers.  A check has already
 515:/home/zz/quard-start/Quard-Star/trusted_domain/FreeRTOS-Kernel/timers.c ****          * been performed to ensure the list is not empty. */
 516:/home/zz/quard-start/Quard-Star/trusted_domain/FreeRTOS-Kernel/timers.c **** 
 517:/home/zz/quard-start/Quard-Star/trusted_domain/FreeRTOS-Kernel/timers.c ****         ( void ) uxListRemove( &( pxTimer->xTimerListItem ) );
 518:/home/zz/quard-start/Quard-Star/trusted_domain/FreeRTOS-Kernel/timers.c ****         traceTIMER_EXPIRED( pxTimer );
 519:/home/zz/quard-start/Quard-Star/trusted_domain/FreeRTOS-Kernel/timers.c **** 
 520:/home/zz/quard-start/Quard-Star/trusted_domain/FreeRTOS-Kernel/timers.c ****         /* If the timer is an auto-reload timer then calculate the next
 521:/home/zz/quard-start/Quard-Star/trusted_domain/FreeRTOS-Kernel/timers.c ****          * expiry time and re-insert the timer in the list of active timers. */
 522:/home/zz/quard-start/Quard-Star/trusted_domain/FreeRTOS-Kernel/timers.c ****         if( ( pxTimer->ucStatus & tmrSTATUS_IS_AUTORELOAD ) != 0 )
 523:/home/zz/quard-start/Quard-Star/trusted_domain/FreeRTOS-Kernel/timers.c ****         {
 524:/home/zz/quard-start/Quard-Star/trusted_domain/FreeRTOS-Kernel/timers.c ****             /* The timer is inserted into a list using a time relative to anything
 525:/home/zz/quard-start/Quard-Star/trusted_domain/FreeRTOS-Kernel/timers.c ****              * other than the current time.  It will therefore be inserted into the
 526:/home/zz/quard-start/Quard-Star/trusted_domain/FreeRTOS-Kernel/timers.c ****              * correct list relative to the time this task thinks it is now. */
 527:/home/zz/quard-start/Quard-Star/trusted_domain/FreeRTOS-Kernel/timers.c ****             if( prvInsertTimerInActiveList( pxTimer, ( xNextExpireTime + pxTimer->xTimerPeriodInTic
 528:/home/zz/quard-start/Quard-Star/trusted_domain/FreeRTOS-Kernel/timers.c ****             {
 529:/home/zz/quard-start/Quard-Star/trusted_domain/FreeRTOS-Kernel/timers.c ****                 /* The timer expired before it was added to the active timer
 530:/home/zz/quard-start/Quard-Star/trusted_domain/FreeRTOS-Kernel/timers.c ****                  * list.  Reload it now.  */
 531:/home/zz/quard-start/Quard-Star/trusted_domain/FreeRTOS-Kernel/timers.c ****                 xResult = xTimerGenericCommand( pxTimer, tmrCOMMAND_START_DONT_TRACE, xNextExpireTi
 532:/home/zz/quard-start/Quard-Star/trusted_domain/FreeRTOS-Kernel/timers.c ****                 configASSERT( xResult );
 533:/home/zz/quard-start/Quard-Star/trusted_domain/FreeRTOS-Kernel/timers.c ****                 ( void ) xResult;
 534:/home/zz/quard-start/Quard-Star/trusted_domain/FreeRTOS-Kernel/timers.c ****             }
 535:/home/zz/quard-start/Quard-Star/trusted_domain/FreeRTOS-Kernel/timers.c ****             else
 536:/home/zz/quard-start/Quard-Star/trusted_domain/FreeRTOS-Kernel/timers.c ****             {
 537:/home/zz/quard-start/Quard-Star/trusted_domain/FreeRTOS-Kernel/timers.c ****                 mtCOVERAGE_TEST_MARKER();
 538:/home/zz/quard-start/Quard-Star/trusted_domain/FreeRTOS-Kernel/timers.c ****             }
 539:/home/zz/quard-start/Quard-Star/trusted_domain/FreeRTOS-Kernel/timers.c ****         }
 540:/home/zz/quard-start/Quard-Star/trusted_domain/FreeRTOS-Kernel/timers.c ****         else
 541:/home/zz/quard-start/Quard-Star/trusted_domain/FreeRTOS-Kernel/timers.c ****         {
 542:/home/zz/quard-start/Quard-Star/trusted_domain/FreeRTOS-Kernel/timers.c ****             pxTimer->ucStatus &= ~tmrSTATUS_IS_ACTIVE;
 543:/home/zz/quard-start/Quard-Star/trusted_domain/FreeRTOS-Kernel/timers.c ****             mtCOVERAGE_TEST_MARKER();
 544:/home/zz/quard-start/Quard-Star/trusted_domain/FreeRTOS-Kernel/timers.c ****         }
 545:/home/zz/quard-start/Quard-Star/trusted_domain/FreeRTOS-Kernel/timers.c **** 
 546:/home/zz/quard-start/Quard-Star/trusted_domain/FreeRTOS-Kernel/timers.c ****         /* Call the timer callback. */
 547:/home/zz/quard-start/Quard-Star/trusted_domain/FreeRTOS-Kernel/timers.c ****         pxTimer->pxCallbackFunction( ( TimerHandle_t ) pxTimer );
 548:/home/zz/quard-start/Quard-Star/trusted_domain/FreeRTOS-Kernel/timers.c ****     }
 549:/home/zz/quard-start/Quard-Star/trusted_domain/FreeRTOS-Kernel/timers.c **** /*-----------------------------------------------------------*/
 550:/home/zz/quard-start/Quard-Star/trusted_domain/FreeRTOS-Kernel/timers.c **** 
 551:/home/zz/quard-start/Quard-Star/trusted_domain/FreeRTOS-Kernel/timers.c ****     static portTASK_FUNCTION( prvTimerTask, pvParameters )
 552:/home/zz/quard-start/Quard-Star/trusted_domain/FreeRTOS-Kernel/timers.c ****     {
 553:/home/zz/quard-start/Quard-Star/trusted_domain/FreeRTOS-Kernel/timers.c ****         TickType_t xNextExpireTime;
 554:/home/zz/quard-start/Quard-Star/trusted_domain/FreeRTOS-Kernel/timers.c ****         BaseType_t xListWasEmpty;
 555:/home/zz/quard-start/Quard-Star/trusted_domain/FreeRTOS-Kernel/timers.c **** 
 556:/home/zz/quard-start/Quard-Star/trusted_domain/FreeRTOS-Kernel/timers.c ****         /* Just to avoid compiler warnings. */
 557:/home/zz/quard-start/Quard-Star/trusted_domain/FreeRTOS-Kernel/timers.c ****         ( void ) pvParameters;
GAS LISTING /tmp/ccRebiBI.s 			page 11


 558:/home/zz/quard-start/Quard-Star/trusted_domain/FreeRTOS-Kernel/timers.c **** 
 559:/home/zz/quard-start/Quard-Star/trusted_domain/FreeRTOS-Kernel/timers.c ****         #if ( configUSE_DAEMON_TASK_STARTUP_HOOK == 1 )
 560:/home/zz/quard-start/Quard-Star/trusted_domain/FreeRTOS-Kernel/timers.c ****             {
 561:/home/zz/quard-start/Quard-Star/trusted_domain/FreeRTOS-Kernel/timers.c ****                 extern void vApplicationDaemonTaskStartupHook( void );
 562:/home/zz/quard-start/Quard-Star/trusted_domain/FreeRTOS-Kernel/timers.c **** 
 563:/home/zz/quard-start/Quard-Star/trusted_domain/FreeRTOS-Kernel/timers.c ****                 /* Allow the application writer to execute some code in the context of
 564:/home/zz/quard-start/Quard-Star/trusted_domain/FreeRTOS-Kernel/timers.c ****                  * this task at the point the task starts executing.  This is useful if the
 565:/home/zz/quard-start/Quard-Star/trusted_domain/FreeRTOS-Kernel/timers.c ****                  * application includes initialisation code that would benefit from
 566:/home/zz/quard-start/Quard-Star/trusted_domain/FreeRTOS-Kernel/timers.c ****                  * executing after the scheduler has been started. */
 567:/home/zz/quard-start/Quard-Star/trusted_domain/FreeRTOS-Kernel/timers.c ****                 vApplicationDaemonTaskStartupHook();
 568:/home/zz/quard-start/Quard-Star/trusted_domain/FreeRTOS-Kernel/timers.c ****             }
 569:/home/zz/quard-start/Quard-Star/trusted_domain/FreeRTOS-Kernel/timers.c ****         #endif /* configUSE_DAEMON_TASK_STARTUP_HOOK */
 570:/home/zz/quard-start/Quard-Star/trusted_domain/FreeRTOS-Kernel/timers.c **** 
 571:/home/zz/quard-start/Quard-Star/trusted_domain/FreeRTOS-Kernel/timers.c ****         for( ; ; )
 572:/home/zz/quard-start/Quard-Star/trusted_domain/FreeRTOS-Kernel/timers.c ****         {
 573:/home/zz/quard-start/Quard-Star/trusted_domain/FreeRTOS-Kernel/timers.c ****             /* Query the timers list to see if it contains any timers, and if so,
 574:/home/zz/quard-start/Quard-Star/trusted_domain/FreeRTOS-Kernel/timers.c ****              * obtain the time at which the next timer will expire. */
 575:/home/zz/quard-start/Quard-Star/trusted_domain/FreeRTOS-Kernel/timers.c ****             xNextExpireTime = prvGetNextExpireTime( &xListWasEmpty );
 576:/home/zz/quard-start/Quard-Star/trusted_domain/FreeRTOS-Kernel/timers.c **** 
 577:/home/zz/quard-start/Quard-Star/trusted_domain/FreeRTOS-Kernel/timers.c ****             /* If a timer has expired, process it.  Otherwise, block this task
 578:/home/zz/quard-start/Quard-Star/trusted_domain/FreeRTOS-Kernel/timers.c ****              * until either a timer does expire, or a command is received. */
 579:/home/zz/quard-start/Quard-Star/trusted_domain/FreeRTOS-Kernel/timers.c ****             prvProcessTimerOrBlockTask( xNextExpireTime, xListWasEmpty );
 580:/home/zz/quard-start/Quard-Star/trusted_domain/FreeRTOS-Kernel/timers.c **** 
 581:/home/zz/quard-start/Quard-Star/trusted_domain/FreeRTOS-Kernel/timers.c ****             /* Empty the command queue. */
 582:/home/zz/quard-start/Quard-Star/trusted_domain/FreeRTOS-Kernel/timers.c ****             prvProcessReceivedCommands();
 583:/home/zz/quard-start/Quard-Star/trusted_domain/FreeRTOS-Kernel/timers.c ****         }
 584:/home/zz/quard-start/Quard-Star/trusted_domain/FreeRTOS-Kernel/timers.c ****     }
 585:/home/zz/quard-start/Quard-Star/trusted_domain/FreeRTOS-Kernel/timers.c **** /*-----------------------------------------------------------*/
 586:/home/zz/quard-start/Quard-Star/trusted_domain/FreeRTOS-Kernel/timers.c **** 
 587:/home/zz/quard-start/Quard-Star/trusted_domain/FreeRTOS-Kernel/timers.c ****     static void prvProcessTimerOrBlockTask( const TickType_t xNextExpireTime,
 588:/home/zz/quard-start/Quard-Star/trusted_domain/FreeRTOS-Kernel/timers.c ****                                             BaseType_t xListWasEmpty )
 589:/home/zz/quard-start/Quard-Star/trusted_domain/FreeRTOS-Kernel/timers.c ****     {
 590:/home/zz/quard-start/Quard-Star/trusted_domain/FreeRTOS-Kernel/timers.c ****         TickType_t xTimeNow;
 591:/home/zz/quard-start/Quard-Star/trusted_domain/FreeRTOS-Kernel/timers.c ****         BaseType_t xTimerListsWereSwitched;
 592:/home/zz/quard-start/Quard-Star/trusted_domain/FreeRTOS-Kernel/timers.c **** 
 593:/home/zz/quard-start/Quard-Star/trusted_domain/FreeRTOS-Kernel/timers.c ****         vTaskSuspendAll();
 594:/home/zz/quard-start/Quard-Star/trusted_domain/FreeRTOS-Kernel/timers.c ****         {
 595:/home/zz/quard-start/Quard-Star/trusted_domain/FreeRTOS-Kernel/timers.c ****             /* Obtain the time now to make an assessment as to whether the timer
 596:/home/zz/quard-start/Quard-Star/trusted_domain/FreeRTOS-Kernel/timers.c ****              * has expired or not.  If obtaining the time causes the lists to switch
 597:/home/zz/quard-start/Quard-Star/trusted_domain/FreeRTOS-Kernel/timers.c ****              * then don't process this timer as any timers that remained in the list
 598:/home/zz/quard-start/Quard-Star/trusted_domain/FreeRTOS-Kernel/timers.c ****              * when the lists were switched will have been processed within the
 599:/home/zz/quard-start/Quard-Star/trusted_domain/FreeRTOS-Kernel/timers.c ****              * prvSampleTimeNow() function. */
 600:/home/zz/quard-start/Quard-Star/trusted_domain/FreeRTOS-Kernel/timers.c ****             xTimeNow = prvSampleTimeNow( &xTimerListsWereSwitched );
 601:/home/zz/quard-start/Quard-Star/trusted_domain/FreeRTOS-Kernel/timers.c **** 
 602:/home/zz/quard-start/Quard-Star/trusted_domain/FreeRTOS-Kernel/timers.c ****             if( xTimerListsWereSwitched == pdFALSE )
 603:/home/zz/quard-start/Quard-Star/trusted_domain/FreeRTOS-Kernel/timers.c ****             {
 604:/home/zz/quard-start/Quard-Star/trusted_domain/FreeRTOS-Kernel/timers.c ****                 /* The tick count has not overflowed, has the timer expired? */
 605:/home/zz/quard-start/Quard-Star/trusted_domain/FreeRTOS-Kernel/timers.c ****                 if( ( xListWasEmpty == pdFALSE ) && ( xNextExpireTime <= xTimeNow ) )
 606:/home/zz/quard-start/Quard-Star/trusted_domain/FreeRTOS-Kernel/timers.c ****                 {
 607:/home/zz/quard-start/Quard-Star/trusted_domain/FreeRTOS-Kernel/timers.c ****                     ( void ) xTaskResumeAll();
 608:/home/zz/quard-start/Quard-Star/trusted_domain/FreeRTOS-Kernel/timers.c ****                     prvProcessExpiredTimer( xNextExpireTime, xTimeNow );
 609:/home/zz/quard-start/Quard-Star/trusted_domain/FreeRTOS-Kernel/timers.c ****                 }
 610:/home/zz/quard-start/Quard-Star/trusted_domain/FreeRTOS-Kernel/timers.c ****                 else
 611:/home/zz/quard-start/Quard-Star/trusted_domain/FreeRTOS-Kernel/timers.c ****                 {
 612:/home/zz/quard-start/Quard-Star/trusted_domain/FreeRTOS-Kernel/timers.c ****                     /* The tick count has not overflowed, and the next expire
 613:/home/zz/quard-start/Quard-Star/trusted_domain/FreeRTOS-Kernel/timers.c ****                      * time has not been reached yet.  This task should therefore
 614:/home/zz/quard-start/Quard-Star/trusted_domain/FreeRTOS-Kernel/timers.c ****                      * block to wait for the next expire time or a command to be
GAS LISTING /tmp/ccRebiBI.s 			page 12


 615:/home/zz/quard-start/Quard-Star/trusted_domain/FreeRTOS-Kernel/timers.c ****                      * received - whichever comes first.  The following line cannot
 616:/home/zz/quard-start/Quard-Star/trusted_domain/FreeRTOS-Kernel/timers.c ****                      * be reached unless xNextExpireTime > xTimeNow, except in the
 617:/home/zz/quard-start/Quard-Star/trusted_domain/FreeRTOS-Kernel/timers.c ****                      * case when the current timer list is empty. */
 618:/home/zz/quard-start/Quard-Star/trusted_domain/FreeRTOS-Kernel/timers.c ****                     if( xListWasEmpty != pdFALSE )
 619:/home/zz/quard-start/Quard-Star/trusted_domain/FreeRTOS-Kernel/timers.c ****                     {
 620:/home/zz/quard-start/Quard-Star/trusted_domain/FreeRTOS-Kernel/timers.c ****                         /* The current timer list is empty - is the overflow list
 621:/home/zz/quard-start/Quard-Star/trusted_domain/FreeRTOS-Kernel/timers.c ****                          * also empty? */
 622:/home/zz/quard-start/Quard-Star/trusted_domain/FreeRTOS-Kernel/timers.c ****                         xListWasEmpty = listLIST_IS_EMPTY( pxOverflowTimerList );
 623:/home/zz/quard-start/Quard-Star/trusted_domain/FreeRTOS-Kernel/timers.c ****                     }
 624:/home/zz/quard-start/Quard-Star/trusted_domain/FreeRTOS-Kernel/timers.c **** 
 625:/home/zz/quard-start/Quard-Star/trusted_domain/FreeRTOS-Kernel/timers.c ****                     vQueueWaitForMessageRestricted( xTimerQueue, ( xNextExpireTime - xTimeNow ), xL
 626:/home/zz/quard-start/Quard-Star/trusted_domain/FreeRTOS-Kernel/timers.c **** 
 627:/home/zz/quard-start/Quard-Star/trusted_domain/FreeRTOS-Kernel/timers.c ****                     if( xTaskResumeAll() == pdFALSE )
 628:/home/zz/quard-start/Quard-Star/trusted_domain/FreeRTOS-Kernel/timers.c ****                     {
 629:/home/zz/quard-start/Quard-Star/trusted_domain/FreeRTOS-Kernel/timers.c ****                         /* Yield to wait for either a command to arrive, or the
 630:/home/zz/quard-start/Quard-Star/trusted_domain/FreeRTOS-Kernel/timers.c ****                          * block time to expire.  If a command arrived between the
 631:/home/zz/quard-start/Quard-Star/trusted_domain/FreeRTOS-Kernel/timers.c ****                          * critical section being exited and this yield then the yield
 632:/home/zz/quard-start/Quard-Star/trusted_domain/FreeRTOS-Kernel/timers.c ****                          * will not cause the task to block. */
 633:/home/zz/quard-start/Quard-Star/trusted_domain/FreeRTOS-Kernel/timers.c ****                         portYIELD_WITHIN_API();
 634:/home/zz/quard-start/Quard-Star/trusted_domain/FreeRTOS-Kernel/timers.c ****                     }
 635:/home/zz/quard-start/Quard-Star/trusted_domain/FreeRTOS-Kernel/timers.c ****                     else
 636:/home/zz/quard-start/Quard-Star/trusted_domain/FreeRTOS-Kernel/timers.c ****                     {
 637:/home/zz/quard-start/Quard-Star/trusted_domain/FreeRTOS-Kernel/timers.c ****                         mtCOVERAGE_TEST_MARKER();
 638:/home/zz/quard-start/Quard-Star/trusted_domain/FreeRTOS-Kernel/timers.c ****                     }
 639:/home/zz/quard-start/Quard-Star/trusted_domain/FreeRTOS-Kernel/timers.c ****                 }
 640:/home/zz/quard-start/Quard-Star/trusted_domain/FreeRTOS-Kernel/timers.c ****             }
 641:/home/zz/quard-start/Quard-Star/trusted_domain/FreeRTOS-Kernel/timers.c ****             else
 642:/home/zz/quard-start/Quard-Star/trusted_domain/FreeRTOS-Kernel/timers.c ****             {
 643:/home/zz/quard-start/Quard-Star/trusted_domain/FreeRTOS-Kernel/timers.c ****                 ( void ) xTaskResumeAll();
 644:/home/zz/quard-start/Quard-Star/trusted_domain/FreeRTOS-Kernel/timers.c ****             }
 645:/home/zz/quard-start/Quard-Star/trusted_domain/FreeRTOS-Kernel/timers.c ****         }
 646:/home/zz/quard-start/Quard-Star/trusted_domain/FreeRTOS-Kernel/timers.c ****     }
 647:/home/zz/quard-start/Quard-Star/trusted_domain/FreeRTOS-Kernel/timers.c **** /*-----------------------------------------------------------*/
 648:/home/zz/quard-start/Quard-Star/trusted_domain/FreeRTOS-Kernel/timers.c **** 
 649:/home/zz/quard-start/Quard-Star/trusted_domain/FreeRTOS-Kernel/timers.c ****     static TickType_t prvGetNextExpireTime( BaseType_t * const pxListWasEmpty )
 650:/home/zz/quard-start/Quard-Star/trusted_domain/FreeRTOS-Kernel/timers.c ****     {
  15              		.loc 1 650 5
  16              		.cfi_startproc
  17              	.LVL0:
 651:/home/zz/quard-start/Quard-Star/trusted_domain/FreeRTOS-Kernel/timers.c ****         TickType_t xNextExpireTime;
  18              		.loc 1 651 9
 652:/home/zz/quard-start/Quard-Star/trusted_domain/FreeRTOS-Kernel/timers.c **** 
 653:/home/zz/quard-start/Quard-Star/trusted_domain/FreeRTOS-Kernel/timers.c ****         /* Timers are listed in expiry time order, with the head of the list
 654:/home/zz/quard-start/Quard-Star/trusted_domain/FreeRTOS-Kernel/timers.c ****          * referencing the task that will expire first.  Obtain the time at which
 655:/home/zz/quard-start/Quard-Star/trusted_domain/FreeRTOS-Kernel/timers.c ****          * the timer with the nearest expiry time will expire.  If there are no
 656:/home/zz/quard-start/Quard-Star/trusted_domain/FreeRTOS-Kernel/timers.c ****          * active timers then just set the next expire time to 0.  That will cause
 657:/home/zz/quard-start/Quard-Star/trusted_domain/FreeRTOS-Kernel/timers.c ****          * this task to unblock when the tick count overflows, at which point the
 658:/home/zz/quard-start/Quard-Star/trusted_domain/FreeRTOS-Kernel/timers.c ****          * timer lists will be switched and the next expiry time can be
 659:/home/zz/quard-start/Quard-Star/trusted_domain/FreeRTOS-Kernel/timers.c ****          * re-assessed.  */
 660:/home/zz/quard-start/Quard-Star/trusted_domain/FreeRTOS-Kernel/timers.c ****         *pxListWasEmpty = listLIST_IS_EMPTY( pxCurrentTimerList );
  19              		.loc 1 660 9
  20              		.loc 1 660 27 is_stmt 0
  21 0000 17070000 		ld	a4,pxCurrentTimerList
  21      03370700 
  22 0008 83370700 		ld	a5,0(a4)
  23 000c 639E0700 		bne	a5,zero,.L4
  24 0010 93071000 		li	a5,1
GAS LISTING /tmp/ccRebiBI.s 			page 13


  25              	.L2:
  26              		.loc 1 660 25 discriminator 4
  27 0014 2330F500 		sd	a5,0(a0)
 661:/home/zz/quard-start/Quard-Star/trusted_domain/FreeRTOS-Kernel/timers.c **** 
 662:/home/zz/quard-start/Quard-Star/trusted_domain/FreeRTOS-Kernel/timers.c ****         if( *pxListWasEmpty == pdFALSE )
  28              		.loc 1 662 9 is_stmt 1 discriminator 4
  29              		.loc 1 662 11 is_stmt 0 discriminator 4
  30 0018 639C0700 		bne	a5,zero,.L5
 663:/home/zz/quard-start/Quard-Star/trusted_domain/FreeRTOS-Kernel/timers.c ****         {
 664:/home/zz/quard-start/Quard-Star/trusted_domain/FreeRTOS-Kernel/timers.c ****             xNextExpireTime = listGET_ITEM_VALUE_OF_HEAD_ENTRY( pxCurrentTimerList );
  31              		.loc 1 664 13 is_stmt 1
  32              		.loc 1 664 31 is_stmt 0
  33 001c 83378701 		ld	a5,24(a4)
  34              		.loc 1 664 29
  35 0020 03B50700 		ld	a0,0(a5)
  36              	.LVL1:
  37 0024 67800000 		ret
  38              	.LVL2:
  39              	.L4:
 660:/home/zz/quard-start/Quard-Star/trusted_domain/FreeRTOS-Kernel/timers.c **** 
  40              		.loc 1 660 27
  41 0028 93070000 		li	a5,0
  42 002c 6FF09FFE 		j	.L2
  43              	.L5:
 665:/home/zz/quard-start/Quard-Star/trusted_domain/FreeRTOS-Kernel/timers.c ****         }
 666:/home/zz/quard-start/Quard-Star/trusted_domain/FreeRTOS-Kernel/timers.c ****         else
 667:/home/zz/quard-start/Quard-Star/trusted_domain/FreeRTOS-Kernel/timers.c ****         {
 668:/home/zz/quard-start/Quard-Star/trusted_domain/FreeRTOS-Kernel/timers.c ****             /* Ensure the task unblocks when the tick count rolls over. */
 669:/home/zz/quard-start/Quard-Star/trusted_domain/FreeRTOS-Kernel/timers.c ****             xNextExpireTime = ( TickType_t ) 0U;
  44              		.loc 1 669 29
  45 0030 13050000 		li	a0,0
  46              	.LVL3:
 670:/home/zz/quard-start/Quard-Star/trusted_domain/FreeRTOS-Kernel/timers.c ****         }
 671:/home/zz/quard-start/Quard-Star/trusted_domain/FreeRTOS-Kernel/timers.c **** 
 672:/home/zz/quard-start/Quard-Star/trusted_domain/FreeRTOS-Kernel/timers.c ****         return xNextExpireTime;
  47              		.loc 1 672 9 is_stmt 1
 673:/home/zz/quard-start/Quard-Star/trusted_domain/FreeRTOS-Kernel/timers.c ****     }
  48              		.loc 1 673 5 is_stmt 0
  49 0034 67800000 		ret
  50              		.cfi_endproc
  51              	.LFE14:
  53              		.section	.text.prvInsertTimerInActiveList,"ax",@progbits
  54              		.align	2
  56              	prvInsertTimerInActiveList:
  57              	.LFB16:
 674:/home/zz/quard-start/Quard-Star/trusted_domain/FreeRTOS-Kernel/timers.c **** /*-----------------------------------------------------------*/
 675:/home/zz/quard-start/Quard-Star/trusted_domain/FreeRTOS-Kernel/timers.c **** 
 676:/home/zz/quard-start/Quard-Star/trusted_domain/FreeRTOS-Kernel/timers.c ****     static TickType_t prvSampleTimeNow( BaseType_t * const pxTimerListsWereSwitched )
 677:/home/zz/quard-start/Quard-Star/trusted_domain/FreeRTOS-Kernel/timers.c ****     {
 678:/home/zz/quard-start/Quard-Star/trusted_domain/FreeRTOS-Kernel/timers.c ****         TickType_t xTimeNow;
 679:/home/zz/quard-start/Quard-Star/trusted_domain/FreeRTOS-Kernel/timers.c ****         PRIVILEGED_DATA static TickType_t xLastTime = ( TickType_t ) 0U; /*lint !e956 Variable is o
 680:/home/zz/quard-start/Quard-Star/trusted_domain/FreeRTOS-Kernel/timers.c **** 
 681:/home/zz/quard-start/Quard-Star/trusted_domain/FreeRTOS-Kernel/timers.c ****         xTimeNow = xTaskGetTickCount();
 682:/home/zz/quard-start/Quard-Star/trusted_domain/FreeRTOS-Kernel/timers.c **** 
 683:/home/zz/quard-start/Quard-Star/trusted_domain/FreeRTOS-Kernel/timers.c ****         if( xTimeNow < xLastTime )
 684:/home/zz/quard-start/Quard-Star/trusted_domain/FreeRTOS-Kernel/timers.c ****         {
 685:/home/zz/quard-start/Quard-Star/trusted_domain/FreeRTOS-Kernel/timers.c ****             prvSwitchTimerLists();
GAS LISTING /tmp/ccRebiBI.s 			page 14


 686:/home/zz/quard-start/Quard-Star/trusted_domain/FreeRTOS-Kernel/timers.c ****             *pxTimerListsWereSwitched = pdTRUE;
 687:/home/zz/quard-start/Quard-Star/trusted_domain/FreeRTOS-Kernel/timers.c ****         }
 688:/home/zz/quard-start/Quard-Star/trusted_domain/FreeRTOS-Kernel/timers.c ****         else
 689:/home/zz/quard-start/Quard-Star/trusted_domain/FreeRTOS-Kernel/timers.c ****         {
 690:/home/zz/quard-start/Quard-Star/trusted_domain/FreeRTOS-Kernel/timers.c ****             *pxTimerListsWereSwitched = pdFALSE;
 691:/home/zz/quard-start/Quard-Star/trusted_domain/FreeRTOS-Kernel/timers.c ****         }
 692:/home/zz/quard-start/Quard-Star/trusted_domain/FreeRTOS-Kernel/timers.c **** 
 693:/home/zz/quard-start/Quard-Star/trusted_domain/FreeRTOS-Kernel/timers.c ****         xLastTime = xTimeNow;
 694:/home/zz/quard-start/Quard-Star/trusted_domain/FreeRTOS-Kernel/timers.c **** 
 695:/home/zz/quard-start/Quard-Star/trusted_domain/FreeRTOS-Kernel/timers.c ****         return xTimeNow;
 696:/home/zz/quard-start/Quard-Star/trusted_domain/FreeRTOS-Kernel/timers.c ****     }
 697:/home/zz/quard-start/Quard-Star/trusted_domain/FreeRTOS-Kernel/timers.c **** /*-----------------------------------------------------------*/
 698:/home/zz/quard-start/Quard-Star/trusted_domain/FreeRTOS-Kernel/timers.c **** 
 699:/home/zz/quard-start/Quard-Star/trusted_domain/FreeRTOS-Kernel/timers.c ****     static BaseType_t prvInsertTimerInActiveList( Timer_t * const pxTimer,
 700:/home/zz/quard-start/Quard-Star/trusted_domain/FreeRTOS-Kernel/timers.c ****                                                   const TickType_t xNextExpiryTime,
 701:/home/zz/quard-start/Quard-Star/trusted_domain/FreeRTOS-Kernel/timers.c ****                                                   const TickType_t xTimeNow,
 702:/home/zz/quard-start/Quard-Star/trusted_domain/FreeRTOS-Kernel/timers.c ****                                                   const TickType_t xCommandTime )
 703:/home/zz/quard-start/Quard-Star/trusted_domain/FreeRTOS-Kernel/timers.c ****     {
  58              		.loc 1 703 5 is_stmt 1
  59              		.cfi_startproc
  60              	.LVL4:
  61 0000 130101FF 		addi	sp,sp,-16
  62              	.LCFI0:
  63              		.cfi_def_cfa_offset 16
  64 0004 23341100 		sd	ra,8(sp)
  65              		.cfi_offset 1, -8
 704:/home/zz/quard-start/Quard-Star/trusted_domain/FreeRTOS-Kernel/timers.c ****         BaseType_t xProcessTimerNow = pdFALSE;
  66              		.loc 1 704 9
  67              	.LVL5:
 705:/home/zz/quard-start/Quard-Star/trusted_domain/FreeRTOS-Kernel/timers.c **** 
 706:/home/zz/quard-start/Quard-Star/trusted_domain/FreeRTOS-Kernel/timers.c ****         listSET_LIST_ITEM_VALUE( &( pxTimer->xTimerListItem ), xNextExpiryTime );
  68              		.loc 1 706 9
  69 0008 2334B500 		sd	a1,8(a0)
 707:/home/zz/quard-start/Quard-Star/trusted_domain/FreeRTOS-Kernel/timers.c ****         listSET_LIST_ITEM_OWNER( &( pxTimer->xTimerListItem ), pxTimer );
  70              		.loc 1 707 9
  71 000c 2330A502 		sd	a0,32(a0)
 708:/home/zz/quard-start/Quard-Star/trusted_domain/FreeRTOS-Kernel/timers.c **** 
 709:/home/zz/quard-start/Quard-Star/trusted_domain/FreeRTOS-Kernel/timers.c ****         if( xNextExpiryTime <= xTimeNow )
  72              		.loc 1 709 9
  73              		.loc 1 709 11 is_stmt 0
  74 0010 636EB602 		bgtu	a1,a2,.L7
 710:/home/zz/quard-start/Quard-Star/trusted_domain/FreeRTOS-Kernel/timers.c ****         {
 711:/home/zz/quard-start/Quard-Star/trusted_domain/FreeRTOS-Kernel/timers.c ****             /* Has the expiry time elapsed between the command to start/reset a
 712:/home/zz/quard-start/Quard-Star/trusted_domain/FreeRTOS-Kernel/timers.c ****              * timer was issued, and the time the command was processed? */
 713:/home/zz/quard-start/Quard-Star/trusted_domain/FreeRTOS-Kernel/timers.c ****             if( ( ( TickType_t ) ( xTimeNow - xCommandTime ) ) >= pxTimer->xTimerPeriodInTicks ) /*
  75              		.loc 1 713 13 is_stmt 1
  76              		.loc 1 713 45 is_stmt 0
  77 0014 3306D640 		sub	a2,a2,a3
  78              	.LVL6:
  79              		.loc 1 713 74
  80 0018 83370503 		ld	a5,48(a0)
  81              		.loc 1 713 15
  82 001c 636AF600 		bltu	a2,a5,.L13
 714:/home/zz/quard-start/Quard-Star/trusted_domain/FreeRTOS-Kernel/timers.c ****             {
 715:/home/zz/quard-start/Quard-Star/trusted_domain/FreeRTOS-Kernel/timers.c ****                 /* The time between a command being issued and the command being
 716:/home/zz/quard-start/Quard-Star/trusted_domain/FreeRTOS-Kernel/timers.c ****                  * processed actually exceeds the timers period.  */
 717:/home/zz/quard-start/Quard-Star/trusted_domain/FreeRTOS-Kernel/timers.c ****                 xProcessTimerNow = pdTRUE;
GAS LISTING /tmp/ccRebiBI.s 			page 15


  83              		.loc 1 717 34
  84 0020 13051000 		li	a0,1
  85              	.LVL7:
  86              	.L6:
 718:/home/zz/quard-start/Quard-Star/trusted_domain/FreeRTOS-Kernel/timers.c ****             }
 719:/home/zz/quard-start/Quard-Star/trusted_domain/FreeRTOS-Kernel/timers.c ****             else
 720:/home/zz/quard-start/Quard-Star/trusted_domain/FreeRTOS-Kernel/timers.c ****             {
 721:/home/zz/quard-start/Quard-Star/trusted_domain/FreeRTOS-Kernel/timers.c ****                 vListInsert( pxOverflowTimerList, &( pxTimer->xTimerListItem ) );
 722:/home/zz/quard-start/Quard-Star/trusted_domain/FreeRTOS-Kernel/timers.c ****             }
 723:/home/zz/quard-start/Quard-Star/trusted_domain/FreeRTOS-Kernel/timers.c ****         }
 724:/home/zz/quard-start/Quard-Star/trusted_domain/FreeRTOS-Kernel/timers.c ****         else
 725:/home/zz/quard-start/Quard-Star/trusted_domain/FreeRTOS-Kernel/timers.c ****         {
 726:/home/zz/quard-start/Quard-Star/trusted_domain/FreeRTOS-Kernel/timers.c ****             if( ( xTimeNow < xCommandTime ) && ( xNextExpiryTime >= xCommandTime ) )
 727:/home/zz/quard-start/Quard-Star/trusted_domain/FreeRTOS-Kernel/timers.c ****             {
 728:/home/zz/quard-start/Quard-Star/trusted_domain/FreeRTOS-Kernel/timers.c ****                 /* If, since the command was issued, the tick count has overflowed
 729:/home/zz/quard-start/Quard-Star/trusted_domain/FreeRTOS-Kernel/timers.c ****                  * but the expiry time has not, then the timer must have already passed
 730:/home/zz/quard-start/Quard-Star/trusted_domain/FreeRTOS-Kernel/timers.c ****                  * its expiry time and should be processed immediately. */
 731:/home/zz/quard-start/Quard-Star/trusted_domain/FreeRTOS-Kernel/timers.c ****                 xProcessTimerNow = pdTRUE;
 732:/home/zz/quard-start/Quard-Star/trusted_domain/FreeRTOS-Kernel/timers.c ****             }
 733:/home/zz/quard-start/Quard-Star/trusted_domain/FreeRTOS-Kernel/timers.c ****             else
 734:/home/zz/quard-start/Quard-Star/trusted_domain/FreeRTOS-Kernel/timers.c ****             {
 735:/home/zz/quard-start/Quard-Star/trusted_domain/FreeRTOS-Kernel/timers.c ****                 vListInsert( pxCurrentTimerList, &( pxTimer->xTimerListItem ) );
 736:/home/zz/quard-start/Quard-Star/trusted_domain/FreeRTOS-Kernel/timers.c ****             }
 737:/home/zz/quard-start/Quard-Star/trusted_domain/FreeRTOS-Kernel/timers.c ****         }
 738:/home/zz/quard-start/Quard-Star/trusted_domain/FreeRTOS-Kernel/timers.c **** 
 739:/home/zz/quard-start/Quard-Star/trusted_domain/FreeRTOS-Kernel/timers.c ****         return xProcessTimerNow;
 740:/home/zz/quard-start/Quard-Star/trusted_domain/FreeRTOS-Kernel/timers.c ****     }
  87              		.loc 1 740 5
  88 0024 83308100 		ld	ra,8(sp)
  89              		.cfi_remember_state
  90              		.cfi_restore 1
  91 0028 13010101 		addi	sp,sp,16
  92              	.LCFI1:
  93              		.cfi_def_cfa_offset 0
  94 002c 67800000 		jr	ra
  95              	.LVL8:
  96              	.L13:
  97              	.LCFI2:
  98              		.cfi_restore_state
 721:/home/zz/quard-start/Quard-Star/trusted_domain/FreeRTOS-Kernel/timers.c ****             }
  99              		.loc 1 721 17 is_stmt 1
 100 0030 93058500 		addi	a1,a0,8
 101              	.LVL9:
 102 0034 17050000 		ld	a0,pxOverflowTimerList
 102      03350500 
 103              	.LVL10:
 104 003c 97000000 		call	vListInsert
 104      E7800000 
 105              	.LVL11:
 704:/home/zz/quard-start/Quard-Star/trusted_domain/FreeRTOS-Kernel/timers.c **** 
 106              		.loc 1 704 20 is_stmt 0
 107 0044 13050000 		li	a0,0
 108 0048 6FF0DFFD 		j	.L6
 109              	.LVL12:
 110              	.L7:
 726:/home/zz/quard-start/Quard-Star/trusted_domain/FreeRTOS-Kernel/timers.c ****             {
 111              		.loc 1 726 13 is_stmt 1
GAS LISTING /tmp/ccRebiBI.s 			page 16


 726:/home/zz/quard-start/Quard-Star/trusted_domain/FreeRTOS-Kernel/timers.c ****             {
 112              		.loc 1 726 15 is_stmt 0
 113 004c 6374D600 		bgeu	a2,a3,.L9
 726:/home/zz/quard-start/Quard-Star/trusted_domain/FreeRTOS-Kernel/timers.c ****             {
 114              		.loc 1 726 45 discriminator 1
 115 0050 63F0D502 		bgeu	a1,a3,.L11
 116              	.L9:
 735:/home/zz/quard-start/Quard-Star/trusted_domain/FreeRTOS-Kernel/timers.c ****             }
 117              		.loc 1 735 17 is_stmt 1
 118 0054 93058500 		addi	a1,a0,8
 119              	.LVL13:
 120 0058 17050000 		ld	a0,pxCurrentTimerList
 120      03350500 
 121              	.LVL14:
 122 0060 97000000 		call	vListInsert
 122      E7800000 
 123              	.LVL15:
 704:/home/zz/quard-start/Quard-Star/trusted_domain/FreeRTOS-Kernel/timers.c **** 
 124              		.loc 1 704 20 is_stmt 0
 125 0068 13050000 		li	a0,0
 126 006c 6FF09FFB 		j	.L6
 127              	.LVL16:
 128              	.L11:
 731:/home/zz/quard-start/Quard-Star/trusted_domain/FreeRTOS-Kernel/timers.c ****             }
 129              		.loc 1 731 34
 130 0070 13051000 		li	a0,1
 131              	.LVL17:
 739:/home/zz/quard-start/Quard-Star/trusted_domain/FreeRTOS-Kernel/timers.c ****     }
 132              		.loc 1 739 9 is_stmt 1
 739:/home/zz/quard-start/Quard-Star/trusted_domain/FreeRTOS-Kernel/timers.c ****     }
 133              		.loc 1 739 16 is_stmt 0
 134 0074 6FF01FFB 		j	.L6
 135              		.cfi_endproc
 136              	.LFE16:
 138              		.section	.rodata.prvCheckForValidListAndQueue.str1.8,"aMS",@progbits,1
 139              		.align	3
 140              	.LC0:
 141 0000 546D7251 		.string	"TmrQ"
 141      00
 142              		.section	.text.prvCheckForValidListAndQueue,"ax",@progbits
 143              		.align	2
 145              	prvCheckForValidListAndQueue:
 146              	.LFB19:
 741:/home/zz/quard-start/Quard-Star/trusted_domain/FreeRTOS-Kernel/timers.c **** /*-----------------------------------------------------------*/
 742:/home/zz/quard-start/Quard-Star/trusted_domain/FreeRTOS-Kernel/timers.c **** 
 743:/home/zz/quard-start/Quard-Star/trusted_domain/FreeRTOS-Kernel/timers.c ****     static void prvProcessReceivedCommands( void )
 744:/home/zz/quard-start/Quard-Star/trusted_domain/FreeRTOS-Kernel/timers.c ****     {
 745:/home/zz/quard-start/Quard-Star/trusted_domain/FreeRTOS-Kernel/timers.c ****         DaemonTaskMessage_t xMessage;
 746:/home/zz/quard-start/Quard-Star/trusted_domain/FreeRTOS-Kernel/timers.c ****         Timer_t * pxTimer;
 747:/home/zz/quard-start/Quard-Star/trusted_domain/FreeRTOS-Kernel/timers.c ****         BaseType_t xTimerListsWereSwitched, xResult;
 748:/home/zz/quard-start/Quard-Star/trusted_domain/FreeRTOS-Kernel/timers.c ****         TickType_t xTimeNow;
 749:/home/zz/quard-start/Quard-Star/trusted_domain/FreeRTOS-Kernel/timers.c **** 
 750:/home/zz/quard-start/Quard-Star/trusted_domain/FreeRTOS-Kernel/timers.c ****         while( xQueueReceive( xTimerQueue, &xMessage, tmrNO_DELAY ) != pdFAIL ) /*lint !e603 xMessa
 751:/home/zz/quard-start/Quard-Star/trusted_domain/FreeRTOS-Kernel/timers.c ****         {
 752:/home/zz/quard-start/Quard-Star/trusted_domain/FreeRTOS-Kernel/timers.c ****             #if ( INCLUDE_xTimerPendFunctionCall == 1 )
 753:/home/zz/quard-start/Quard-Star/trusted_domain/FreeRTOS-Kernel/timers.c ****                 {
 754:/home/zz/quard-start/Quard-Star/trusted_domain/FreeRTOS-Kernel/timers.c ****                     /* Negative commands are pended function calls rather than timer
GAS LISTING /tmp/ccRebiBI.s 			page 17


 755:/home/zz/quard-start/Quard-Star/trusted_domain/FreeRTOS-Kernel/timers.c ****                      * commands. */
 756:/home/zz/quard-start/Quard-Star/trusted_domain/FreeRTOS-Kernel/timers.c ****                     if( xMessage.xMessageID < ( BaseType_t ) 0 )
 757:/home/zz/quard-start/Quard-Star/trusted_domain/FreeRTOS-Kernel/timers.c ****                     {
 758:/home/zz/quard-start/Quard-Star/trusted_domain/FreeRTOS-Kernel/timers.c ****                         const CallbackParameters_t * const pxCallback = &( xMessage.u.xCallbackPara
 759:/home/zz/quard-start/Quard-Star/trusted_domain/FreeRTOS-Kernel/timers.c **** 
 760:/home/zz/quard-start/Quard-Star/trusted_domain/FreeRTOS-Kernel/timers.c ****                         /* The timer uses the xCallbackParameters member to request a
 761:/home/zz/quard-start/Quard-Star/trusted_domain/FreeRTOS-Kernel/timers.c ****                          * callback be executed.  Check the callback is not NULL. */
 762:/home/zz/quard-start/Quard-Star/trusted_domain/FreeRTOS-Kernel/timers.c ****                         configASSERT( pxCallback );
 763:/home/zz/quard-start/Quard-Star/trusted_domain/FreeRTOS-Kernel/timers.c **** 
 764:/home/zz/quard-start/Quard-Star/trusted_domain/FreeRTOS-Kernel/timers.c ****                         /* Call the function. */
 765:/home/zz/quard-start/Quard-Star/trusted_domain/FreeRTOS-Kernel/timers.c ****                         pxCallback->pxCallbackFunction( pxCallback->pvParameter1, pxCallback->ulPar
 766:/home/zz/quard-start/Quard-Star/trusted_domain/FreeRTOS-Kernel/timers.c ****                     }
 767:/home/zz/quard-start/Quard-Star/trusted_domain/FreeRTOS-Kernel/timers.c ****                     else
 768:/home/zz/quard-start/Quard-Star/trusted_domain/FreeRTOS-Kernel/timers.c ****                     {
 769:/home/zz/quard-start/Quard-Star/trusted_domain/FreeRTOS-Kernel/timers.c ****                         mtCOVERAGE_TEST_MARKER();
 770:/home/zz/quard-start/Quard-Star/trusted_domain/FreeRTOS-Kernel/timers.c ****                     }
 771:/home/zz/quard-start/Quard-Star/trusted_domain/FreeRTOS-Kernel/timers.c ****                 }
 772:/home/zz/quard-start/Quard-Star/trusted_domain/FreeRTOS-Kernel/timers.c ****             #endif /* INCLUDE_xTimerPendFunctionCall */
 773:/home/zz/quard-start/Quard-Star/trusted_domain/FreeRTOS-Kernel/timers.c **** 
 774:/home/zz/quard-start/Quard-Star/trusted_domain/FreeRTOS-Kernel/timers.c ****             /* Commands that are positive are timer commands rather than pended
 775:/home/zz/quard-start/Quard-Star/trusted_domain/FreeRTOS-Kernel/timers.c ****              * function calls. */
 776:/home/zz/quard-start/Quard-Star/trusted_domain/FreeRTOS-Kernel/timers.c ****             if( xMessage.xMessageID >= ( BaseType_t ) 0 )
 777:/home/zz/quard-start/Quard-Star/trusted_domain/FreeRTOS-Kernel/timers.c ****             {
 778:/home/zz/quard-start/Quard-Star/trusted_domain/FreeRTOS-Kernel/timers.c ****                 /* The messages uses the xTimerParameters member to work on a
 779:/home/zz/quard-start/Quard-Star/trusted_domain/FreeRTOS-Kernel/timers.c ****                  * software timer. */
 780:/home/zz/quard-start/Quard-Star/trusted_domain/FreeRTOS-Kernel/timers.c ****                 pxTimer = xMessage.u.xTimerParameters.pxTimer;
 781:/home/zz/quard-start/Quard-Star/trusted_domain/FreeRTOS-Kernel/timers.c **** 
 782:/home/zz/quard-start/Quard-Star/trusted_domain/FreeRTOS-Kernel/timers.c ****                 if( listIS_CONTAINED_WITHIN( NULL, &( pxTimer->xTimerListItem ) ) == pdFALSE ) /*li
 783:/home/zz/quard-start/Quard-Star/trusted_domain/FreeRTOS-Kernel/timers.c ****                 {
 784:/home/zz/quard-start/Quard-Star/trusted_domain/FreeRTOS-Kernel/timers.c ****                     /* The timer is in a list, remove it. */
 785:/home/zz/quard-start/Quard-Star/trusted_domain/FreeRTOS-Kernel/timers.c ****                     ( void ) uxListRemove( &( pxTimer->xTimerListItem ) );
 786:/home/zz/quard-start/Quard-Star/trusted_domain/FreeRTOS-Kernel/timers.c ****                 }
 787:/home/zz/quard-start/Quard-Star/trusted_domain/FreeRTOS-Kernel/timers.c ****                 else
 788:/home/zz/quard-start/Quard-Star/trusted_domain/FreeRTOS-Kernel/timers.c ****                 {
 789:/home/zz/quard-start/Quard-Star/trusted_domain/FreeRTOS-Kernel/timers.c ****                     mtCOVERAGE_TEST_MARKER();
 790:/home/zz/quard-start/Quard-Star/trusted_domain/FreeRTOS-Kernel/timers.c ****                 }
 791:/home/zz/quard-start/Quard-Star/trusted_domain/FreeRTOS-Kernel/timers.c **** 
 792:/home/zz/quard-start/Quard-Star/trusted_domain/FreeRTOS-Kernel/timers.c ****                 traceTIMER_COMMAND_RECEIVED( pxTimer, xMessage.xMessageID, xMessage.u.xTimerParamet
 793:/home/zz/quard-start/Quard-Star/trusted_domain/FreeRTOS-Kernel/timers.c **** 
 794:/home/zz/quard-start/Quard-Star/trusted_domain/FreeRTOS-Kernel/timers.c ****                 /* In this case the xTimerListsWereSwitched parameter is not used, but
 795:/home/zz/quard-start/Quard-Star/trusted_domain/FreeRTOS-Kernel/timers.c ****                  *  it must be present in the function call.  prvSampleTimeNow() must be
 796:/home/zz/quard-start/Quard-Star/trusted_domain/FreeRTOS-Kernel/timers.c ****                  *  called after the message is received from xTimerQueue so there is no
 797:/home/zz/quard-start/Quard-Star/trusted_domain/FreeRTOS-Kernel/timers.c ****                  *  possibility of a higher priority task adding a message to the message
 798:/home/zz/quard-start/Quard-Star/trusted_domain/FreeRTOS-Kernel/timers.c ****                  *  queue with a time that is ahead of the timer daemon task (because it
 799:/home/zz/quard-start/Quard-Star/trusted_domain/FreeRTOS-Kernel/timers.c ****                  *  pre-empted the timer daemon task after the xTimeNow value was set). */
 800:/home/zz/quard-start/Quard-Star/trusted_domain/FreeRTOS-Kernel/timers.c ****                 xTimeNow = prvSampleTimeNow( &xTimerListsWereSwitched );
 801:/home/zz/quard-start/Quard-Star/trusted_domain/FreeRTOS-Kernel/timers.c **** 
 802:/home/zz/quard-start/Quard-Star/trusted_domain/FreeRTOS-Kernel/timers.c ****                 switch( xMessage.xMessageID )
 803:/home/zz/quard-start/Quard-Star/trusted_domain/FreeRTOS-Kernel/timers.c ****                 {
 804:/home/zz/quard-start/Quard-Star/trusted_domain/FreeRTOS-Kernel/timers.c ****                     case tmrCOMMAND_START:
 805:/home/zz/quard-start/Quard-Star/trusted_domain/FreeRTOS-Kernel/timers.c ****                     case tmrCOMMAND_START_FROM_ISR:
 806:/home/zz/quard-start/Quard-Star/trusted_domain/FreeRTOS-Kernel/timers.c ****                     case tmrCOMMAND_RESET:
 807:/home/zz/quard-start/Quard-Star/trusted_domain/FreeRTOS-Kernel/timers.c ****                     case tmrCOMMAND_RESET_FROM_ISR:
 808:/home/zz/quard-start/Quard-Star/trusted_domain/FreeRTOS-Kernel/timers.c ****                     case tmrCOMMAND_START_DONT_TRACE:
 809:/home/zz/quard-start/Quard-Star/trusted_domain/FreeRTOS-Kernel/timers.c ****                         /* Start or restart a timer. */
 810:/home/zz/quard-start/Quard-Star/trusted_domain/FreeRTOS-Kernel/timers.c ****                         pxTimer->ucStatus |= tmrSTATUS_IS_ACTIVE;
 811:/home/zz/quard-start/Quard-Star/trusted_domain/FreeRTOS-Kernel/timers.c **** 
GAS LISTING /tmp/ccRebiBI.s 			page 18


 812:/home/zz/quard-start/Quard-Star/trusted_domain/FreeRTOS-Kernel/timers.c ****                         if( prvInsertTimerInActiveList( pxTimer, xMessage.u.xTimerParameters.xMessa
 813:/home/zz/quard-start/Quard-Star/trusted_domain/FreeRTOS-Kernel/timers.c ****                         {
 814:/home/zz/quard-start/Quard-Star/trusted_domain/FreeRTOS-Kernel/timers.c ****                             /* The timer expired before it was added to the active
 815:/home/zz/quard-start/Quard-Star/trusted_domain/FreeRTOS-Kernel/timers.c ****                              * timer list.  Process it now. */
 816:/home/zz/quard-start/Quard-Star/trusted_domain/FreeRTOS-Kernel/timers.c ****                             pxTimer->pxCallbackFunction( ( TimerHandle_t ) pxTimer );
 817:/home/zz/quard-start/Quard-Star/trusted_domain/FreeRTOS-Kernel/timers.c ****                             traceTIMER_EXPIRED( pxTimer );
 818:/home/zz/quard-start/Quard-Star/trusted_domain/FreeRTOS-Kernel/timers.c **** 
 819:/home/zz/quard-start/Quard-Star/trusted_domain/FreeRTOS-Kernel/timers.c ****                             if( ( pxTimer->ucStatus & tmrSTATUS_IS_AUTORELOAD ) != 0 )
 820:/home/zz/quard-start/Quard-Star/trusted_domain/FreeRTOS-Kernel/timers.c ****                             {
 821:/home/zz/quard-start/Quard-Star/trusted_domain/FreeRTOS-Kernel/timers.c ****                                 xResult = xTimerGenericCommand( pxTimer, tmrCOMMAND_START_DONT_TRAC
 822:/home/zz/quard-start/Quard-Star/trusted_domain/FreeRTOS-Kernel/timers.c ****                                 configASSERT( xResult );
 823:/home/zz/quard-start/Quard-Star/trusted_domain/FreeRTOS-Kernel/timers.c ****                                 ( void ) xResult;
 824:/home/zz/quard-start/Quard-Star/trusted_domain/FreeRTOS-Kernel/timers.c ****                             }
 825:/home/zz/quard-start/Quard-Star/trusted_domain/FreeRTOS-Kernel/timers.c ****                             else
 826:/home/zz/quard-start/Quard-Star/trusted_domain/FreeRTOS-Kernel/timers.c ****                             {
 827:/home/zz/quard-start/Quard-Star/trusted_domain/FreeRTOS-Kernel/timers.c ****                                 mtCOVERAGE_TEST_MARKER();
 828:/home/zz/quard-start/Quard-Star/trusted_domain/FreeRTOS-Kernel/timers.c ****                             }
 829:/home/zz/quard-start/Quard-Star/trusted_domain/FreeRTOS-Kernel/timers.c ****                         }
 830:/home/zz/quard-start/Quard-Star/trusted_domain/FreeRTOS-Kernel/timers.c ****                         else
 831:/home/zz/quard-start/Quard-Star/trusted_domain/FreeRTOS-Kernel/timers.c ****                         {
 832:/home/zz/quard-start/Quard-Star/trusted_domain/FreeRTOS-Kernel/timers.c ****                             mtCOVERAGE_TEST_MARKER();
 833:/home/zz/quard-start/Quard-Star/trusted_domain/FreeRTOS-Kernel/timers.c ****                         }
 834:/home/zz/quard-start/Quard-Star/trusted_domain/FreeRTOS-Kernel/timers.c **** 
 835:/home/zz/quard-start/Quard-Star/trusted_domain/FreeRTOS-Kernel/timers.c ****                         break;
 836:/home/zz/quard-start/Quard-Star/trusted_domain/FreeRTOS-Kernel/timers.c **** 
 837:/home/zz/quard-start/Quard-Star/trusted_domain/FreeRTOS-Kernel/timers.c ****                     case tmrCOMMAND_STOP:
 838:/home/zz/quard-start/Quard-Star/trusted_domain/FreeRTOS-Kernel/timers.c ****                     case tmrCOMMAND_STOP_FROM_ISR:
 839:/home/zz/quard-start/Quard-Star/trusted_domain/FreeRTOS-Kernel/timers.c ****                         /* The timer has already been removed from the active list. */
 840:/home/zz/quard-start/Quard-Star/trusted_domain/FreeRTOS-Kernel/timers.c ****                         pxTimer->ucStatus &= ~tmrSTATUS_IS_ACTIVE;
 841:/home/zz/quard-start/Quard-Star/trusted_domain/FreeRTOS-Kernel/timers.c ****                         break;
 842:/home/zz/quard-start/Quard-Star/trusted_domain/FreeRTOS-Kernel/timers.c **** 
 843:/home/zz/quard-start/Quard-Star/trusted_domain/FreeRTOS-Kernel/timers.c ****                     case tmrCOMMAND_CHANGE_PERIOD:
 844:/home/zz/quard-start/Quard-Star/trusted_domain/FreeRTOS-Kernel/timers.c ****                     case tmrCOMMAND_CHANGE_PERIOD_FROM_ISR:
 845:/home/zz/quard-start/Quard-Star/trusted_domain/FreeRTOS-Kernel/timers.c ****                         pxTimer->ucStatus |= tmrSTATUS_IS_ACTIVE;
 846:/home/zz/quard-start/Quard-Star/trusted_domain/FreeRTOS-Kernel/timers.c ****                         pxTimer->xTimerPeriodInTicks = xMessage.u.xTimerParameters.xMessageValue;
 847:/home/zz/quard-start/Quard-Star/trusted_domain/FreeRTOS-Kernel/timers.c ****                         configASSERT( ( pxTimer->xTimerPeriodInTicks > 0 ) );
 848:/home/zz/quard-start/Quard-Star/trusted_domain/FreeRTOS-Kernel/timers.c **** 
 849:/home/zz/quard-start/Quard-Star/trusted_domain/FreeRTOS-Kernel/timers.c ****                         /* The new period does not really have a reference, and can
 850:/home/zz/quard-start/Quard-Star/trusted_domain/FreeRTOS-Kernel/timers.c ****                          * be longer or shorter than the old one.  The command time is
 851:/home/zz/quard-start/Quard-Star/trusted_domain/FreeRTOS-Kernel/timers.c ****                          * therefore set to the current time, and as the period cannot
 852:/home/zz/quard-start/Quard-Star/trusted_domain/FreeRTOS-Kernel/timers.c ****                          * be zero the next expiry time can only be in the future,
 853:/home/zz/quard-start/Quard-Star/trusted_domain/FreeRTOS-Kernel/timers.c ****                          * meaning (unlike for the xTimerStart() case above) there is
 854:/home/zz/quard-start/Quard-Star/trusted_domain/FreeRTOS-Kernel/timers.c ****                          * no fail case that needs to be handled here. */
 855:/home/zz/quard-start/Quard-Star/trusted_domain/FreeRTOS-Kernel/timers.c ****                         ( void ) prvInsertTimerInActiveList( pxTimer, ( xTimeNow + pxTimer->xTimerP
 856:/home/zz/quard-start/Quard-Star/trusted_domain/FreeRTOS-Kernel/timers.c ****                         break;
 857:/home/zz/quard-start/Quard-Star/trusted_domain/FreeRTOS-Kernel/timers.c **** 
 858:/home/zz/quard-start/Quard-Star/trusted_domain/FreeRTOS-Kernel/timers.c ****                     case tmrCOMMAND_DELETE:
 859:/home/zz/quard-start/Quard-Star/trusted_domain/FreeRTOS-Kernel/timers.c ****                         #if ( configSUPPORT_DYNAMIC_ALLOCATION == 1 )
 860:/home/zz/quard-start/Quard-Star/trusted_domain/FreeRTOS-Kernel/timers.c ****                             {
 861:/home/zz/quard-start/Quard-Star/trusted_domain/FreeRTOS-Kernel/timers.c ****                                 /* The timer has already been removed from the active list,
 862:/home/zz/quard-start/Quard-Star/trusted_domain/FreeRTOS-Kernel/timers.c ****                                  * just free up the memory if the memory was dynamically
 863:/home/zz/quard-start/Quard-Star/trusted_domain/FreeRTOS-Kernel/timers.c ****                                  * allocated. */
 864:/home/zz/quard-start/Quard-Star/trusted_domain/FreeRTOS-Kernel/timers.c ****                                 if( ( pxTimer->ucStatus & tmrSTATUS_IS_STATICALLY_ALLOCATED ) == ( 
 865:/home/zz/quard-start/Quard-Star/trusted_domain/FreeRTOS-Kernel/timers.c ****                                 {
 866:/home/zz/quard-start/Quard-Star/trusted_domain/FreeRTOS-Kernel/timers.c ****                                     vPortFree( pxTimer );
 867:/home/zz/quard-start/Quard-Star/trusted_domain/FreeRTOS-Kernel/timers.c ****                                 }
 868:/home/zz/quard-start/Quard-Star/trusted_domain/FreeRTOS-Kernel/timers.c ****                                 else
GAS LISTING /tmp/ccRebiBI.s 			page 19


 869:/home/zz/quard-start/Quard-Star/trusted_domain/FreeRTOS-Kernel/timers.c ****                                 {
 870:/home/zz/quard-start/Quard-Star/trusted_domain/FreeRTOS-Kernel/timers.c ****                                     pxTimer->ucStatus &= ~tmrSTATUS_IS_ACTIVE;
 871:/home/zz/quard-start/Quard-Star/trusted_domain/FreeRTOS-Kernel/timers.c ****                                 }
 872:/home/zz/quard-start/Quard-Star/trusted_domain/FreeRTOS-Kernel/timers.c ****                             }
 873:/home/zz/quard-start/Quard-Star/trusted_domain/FreeRTOS-Kernel/timers.c ****                         #else /* if ( configSUPPORT_DYNAMIC_ALLOCATION == 1 ) */
 874:/home/zz/quard-start/Quard-Star/trusted_domain/FreeRTOS-Kernel/timers.c ****                             {
 875:/home/zz/quard-start/Quard-Star/trusted_domain/FreeRTOS-Kernel/timers.c ****                                 /* If dynamic allocation is not enabled, the memory
 876:/home/zz/quard-start/Quard-Star/trusted_domain/FreeRTOS-Kernel/timers.c ****                                  * could not have been dynamically allocated. So there is
 877:/home/zz/quard-start/Quard-Star/trusted_domain/FreeRTOS-Kernel/timers.c ****                                  * no need to free the memory - just mark the timer as
 878:/home/zz/quard-start/Quard-Star/trusted_domain/FreeRTOS-Kernel/timers.c ****                                  * "not active". */
 879:/home/zz/quard-start/Quard-Star/trusted_domain/FreeRTOS-Kernel/timers.c ****                                 pxTimer->ucStatus &= ~tmrSTATUS_IS_ACTIVE;
 880:/home/zz/quard-start/Quard-Star/trusted_domain/FreeRTOS-Kernel/timers.c ****                             }
 881:/home/zz/quard-start/Quard-Star/trusted_domain/FreeRTOS-Kernel/timers.c ****                         #endif /* configSUPPORT_DYNAMIC_ALLOCATION */
 882:/home/zz/quard-start/Quard-Star/trusted_domain/FreeRTOS-Kernel/timers.c ****                         break;
 883:/home/zz/quard-start/Quard-Star/trusted_domain/FreeRTOS-Kernel/timers.c **** 
 884:/home/zz/quard-start/Quard-Star/trusted_domain/FreeRTOS-Kernel/timers.c ****                     default:
 885:/home/zz/quard-start/Quard-Star/trusted_domain/FreeRTOS-Kernel/timers.c ****                         /* Don't expect to get here. */
 886:/home/zz/quard-start/Quard-Star/trusted_domain/FreeRTOS-Kernel/timers.c ****                         break;
 887:/home/zz/quard-start/Quard-Star/trusted_domain/FreeRTOS-Kernel/timers.c ****                 }
 888:/home/zz/quard-start/Quard-Star/trusted_domain/FreeRTOS-Kernel/timers.c ****             }
 889:/home/zz/quard-start/Quard-Star/trusted_domain/FreeRTOS-Kernel/timers.c ****         }
 890:/home/zz/quard-start/Quard-Star/trusted_domain/FreeRTOS-Kernel/timers.c ****     }
 891:/home/zz/quard-start/Quard-Star/trusted_domain/FreeRTOS-Kernel/timers.c **** /*-----------------------------------------------------------*/
 892:/home/zz/quard-start/Quard-Star/trusted_domain/FreeRTOS-Kernel/timers.c **** 
 893:/home/zz/quard-start/Quard-Star/trusted_domain/FreeRTOS-Kernel/timers.c ****     static void prvSwitchTimerLists( void )
 894:/home/zz/quard-start/Quard-Star/trusted_domain/FreeRTOS-Kernel/timers.c ****     {
 895:/home/zz/quard-start/Quard-Star/trusted_domain/FreeRTOS-Kernel/timers.c ****         TickType_t xNextExpireTime, xReloadTime;
 896:/home/zz/quard-start/Quard-Star/trusted_domain/FreeRTOS-Kernel/timers.c ****         List_t * pxTemp;
 897:/home/zz/quard-start/Quard-Star/trusted_domain/FreeRTOS-Kernel/timers.c ****         Timer_t * pxTimer;
 898:/home/zz/quard-start/Quard-Star/trusted_domain/FreeRTOS-Kernel/timers.c ****         BaseType_t xResult;
 899:/home/zz/quard-start/Quard-Star/trusted_domain/FreeRTOS-Kernel/timers.c **** 
 900:/home/zz/quard-start/Quard-Star/trusted_domain/FreeRTOS-Kernel/timers.c ****         /* The tick count has overflowed.  The timer lists must be switched.
 901:/home/zz/quard-start/Quard-Star/trusted_domain/FreeRTOS-Kernel/timers.c ****          * If there are any timers still referenced from the current timer list
 902:/home/zz/quard-start/Quard-Star/trusted_domain/FreeRTOS-Kernel/timers.c ****          * then they must have expired and should be processed before the lists
 903:/home/zz/quard-start/Quard-Star/trusted_domain/FreeRTOS-Kernel/timers.c ****          * are switched. */
 904:/home/zz/quard-start/Quard-Star/trusted_domain/FreeRTOS-Kernel/timers.c ****         while( listLIST_IS_EMPTY( pxCurrentTimerList ) == pdFALSE )
 905:/home/zz/quard-start/Quard-Star/trusted_domain/FreeRTOS-Kernel/timers.c ****         {
 906:/home/zz/quard-start/Quard-Star/trusted_domain/FreeRTOS-Kernel/timers.c ****             xNextExpireTime = listGET_ITEM_VALUE_OF_HEAD_ENTRY( pxCurrentTimerList );
 907:/home/zz/quard-start/Quard-Star/trusted_domain/FreeRTOS-Kernel/timers.c **** 
 908:/home/zz/quard-start/Quard-Star/trusted_domain/FreeRTOS-Kernel/timers.c ****             /* Remove the timer from the list. */
 909:/home/zz/quard-start/Quard-Star/trusted_domain/FreeRTOS-Kernel/timers.c ****             pxTimer = ( Timer_t * ) listGET_OWNER_OF_HEAD_ENTRY( pxCurrentTimerList ); /*lint !e908
 910:/home/zz/quard-start/Quard-Star/trusted_domain/FreeRTOS-Kernel/timers.c ****             ( void ) uxListRemove( &( pxTimer->xTimerListItem ) );
 911:/home/zz/quard-start/Quard-Star/trusted_domain/FreeRTOS-Kernel/timers.c ****             traceTIMER_EXPIRED( pxTimer );
 912:/home/zz/quard-start/Quard-Star/trusted_domain/FreeRTOS-Kernel/timers.c **** 
 913:/home/zz/quard-start/Quard-Star/trusted_domain/FreeRTOS-Kernel/timers.c ****             /* Execute its callback, then send a command to restart the timer if
 914:/home/zz/quard-start/Quard-Star/trusted_domain/FreeRTOS-Kernel/timers.c ****              * it is an auto-reload timer.  It cannot be restarted here as the lists
 915:/home/zz/quard-start/Quard-Star/trusted_domain/FreeRTOS-Kernel/timers.c ****              * have not yet been switched. */
 916:/home/zz/quard-start/Quard-Star/trusted_domain/FreeRTOS-Kernel/timers.c ****             pxTimer->pxCallbackFunction( ( TimerHandle_t ) pxTimer );
 917:/home/zz/quard-start/Quard-Star/trusted_domain/FreeRTOS-Kernel/timers.c **** 
 918:/home/zz/quard-start/Quard-Star/trusted_domain/FreeRTOS-Kernel/timers.c ****             if( ( pxTimer->ucStatus & tmrSTATUS_IS_AUTORELOAD ) != 0 )
 919:/home/zz/quard-start/Quard-Star/trusted_domain/FreeRTOS-Kernel/timers.c ****             {
 920:/home/zz/quard-start/Quard-Star/trusted_domain/FreeRTOS-Kernel/timers.c ****                 /* Calculate the reload value, and if the reload value results in
 921:/home/zz/quard-start/Quard-Star/trusted_domain/FreeRTOS-Kernel/timers.c ****                  * the timer going into the same timer list then it has already expired
 922:/home/zz/quard-start/Quard-Star/trusted_domain/FreeRTOS-Kernel/timers.c ****                  * and the timer should be re-inserted into the current list so it is
 923:/home/zz/quard-start/Quard-Star/trusted_domain/FreeRTOS-Kernel/timers.c ****                  * processed again within this loop.  Otherwise a command should be sent
 924:/home/zz/quard-start/Quard-Star/trusted_domain/FreeRTOS-Kernel/timers.c ****                  * to restart the timer to ensure it is only inserted into a list after
 925:/home/zz/quard-start/Quard-Star/trusted_domain/FreeRTOS-Kernel/timers.c ****                  * the lists have been swapped. */
GAS LISTING /tmp/ccRebiBI.s 			page 20


 926:/home/zz/quard-start/Quard-Star/trusted_domain/FreeRTOS-Kernel/timers.c ****                 xReloadTime = ( xNextExpireTime + pxTimer->xTimerPeriodInTicks );
 927:/home/zz/quard-start/Quard-Star/trusted_domain/FreeRTOS-Kernel/timers.c **** 
 928:/home/zz/quard-start/Quard-Star/trusted_domain/FreeRTOS-Kernel/timers.c ****                 if( xReloadTime > xNextExpireTime )
 929:/home/zz/quard-start/Quard-Star/trusted_domain/FreeRTOS-Kernel/timers.c ****                 {
 930:/home/zz/quard-start/Quard-Star/trusted_domain/FreeRTOS-Kernel/timers.c ****                     listSET_LIST_ITEM_VALUE( &( pxTimer->xTimerListItem ), xReloadTime );
 931:/home/zz/quard-start/Quard-Star/trusted_domain/FreeRTOS-Kernel/timers.c ****                     listSET_LIST_ITEM_OWNER( &( pxTimer->xTimerListItem ), pxTimer );
 932:/home/zz/quard-start/Quard-Star/trusted_domain/FreeRTOS-Kernel/timers.c ****                     vListInsert( pxCurrentTimerList, &( pxTimer->xTimerListItem ) );
 933:/home/zz/quard-start/Quard-Star/trusted_domain/FreeRTOS-Kernel/timers.c ****                 }
 934:/home/zz/quard-start/Quard-Star/trusted_domain/FreeRTOS-Kernel/timers.c ****                 else
 935:/home/zz/quard-start/Quard-Star/trusted_domain/FreeRTOS-Kernel/timers.c ****                 {
 936:/home/zz/quard-start/Quard-Star/trusted_domain/FreeRTOS-Kernel/timers.c ****                     xResult = xTimerGenericCommand( pxTimer, tmrCOMMAND_START_DONT_TRACE, xNextExpi
 937:/home/zz/quard-start/Quard-Star/trusted_domain/FreeRTOS-Kernel/timers.c ****                     configASSERT( xResult );
 938:/home/zz/quard-start/Quard-Star/trusted_domain/FreeRTOS-Kernel/timers.c ****                     ( void ) xResult;
 939:/home/zz/quard-start/Quard-Star/trusted_domain/FreeRTOS-Kernel/timers.c ****                 }
 940:/home/zz/quard-start/Quard-Star/trusted_domain/FreeRTOS-Kernel/timers.c ****             }
 941:/home/zz/quard-start/Quard-Star/trusted_domain/FreeRTOS-Kernel/timers.c ****             else
 942:/home/zz/quard-start/Quard-Star/trusted_domain/FreeRTOS-Kernel/timers.c ****             {
 943:/home/zz/quard-start/Quard-Star/trusted_domain/FreeRTOS-Kernel/timers.c ****                 mtCOVERAGE_TEST_MARKER();
 944:/home/zz/quard-start/Quard-Star/trusted_domain/FreeRTOS-Kernel/timers.c ****             }
 945:/home/zz/quard-start/Quard-Star/trusted_domain/FreeRTOS-Kernel/timers.c ****         }
 946:/home/zz/quard-start/Quard-Star/trusted_domain/FreeRTOS-Kernel/timers.c **** 
 947:/home/zz/quard-start/Quard-Star/trusted_domain/FreeRTOS-Kernel/timers.c ****         pxTemp = pxCurrentTimerList;
 948:/home/zz/quard-start/Quard-Star/trusted_domain/FreeRTOS-Kernel/timers.c ****         pxCurrentTimerList = pxOverflowTimerList;
 949:/home/zz/quard-start/Quard-Star/trusted_domain/FreeRTOS-Kernel/timers.c ****         pxOverflowTimerList = pxTemp;
 950:/home/zz/quard-start/Quard-Star/trusted_domain/FreeRTOS-Kernel/timers.c ****     }
 951:/home/zz/quard-start/Quard-Star/trusted_domain/FreeRTOS-Kernel/timers.c **** /*-----------------------------------------------------------*/
 952:/home/zz/quard-start/Quard-Star/trusted_domain/FreeRTOS-Kernel/timers.c **** 
 953:/home/zz/quard-start/Quard-Star/trusted_domain/FreeRTOS-Kernel/timers.c ****     static void prvCheckForValidListAndQueue( void )
 954:/home/zz/quard-start/Quard-Star/trusted_domain/FreeRTOS-Kernel/timers.c ****     {
 147              		.loc 1 954 5 is_stmt 1
 148              		.cfi_startproc
 149 0000 130101FF 		addi	sp,sp,-16
 150              	.LCFI3:
 151              		.cfi_def_cfa_offset 16
 152 0004 23341100 		sd	ra,8(sp)
 153              		.cfi_offset 1, -8
 955:/home/zz/quard-start/Quard-Star/trusted_domain/FreeRTOS-Kernel/timers.c ****         /* Check that the list from which active timers are referenced, and the
 956:/home/zz/quard-start/Quard-Star/trusted_domain/FreeRTOS-Kernel/timers.c ****          * queue used to communicate with the timer service, have been
 957:/home/zz/quard-start/Quard-Star/trusted_domain/FreeRTOS-Kernel/timers.c ****          * initialised. */
 958:/home/zz/quard-start/Quard-Star/trusted_domain/FreeRTOS-Kernel/timers.c ****         taskENTER_CRITICAL();
 154              		.loc 1 958 9
 155 0008 97000000 		call	vTaskEnterCritical
 155      E7800000 
 156              	.LVL18:
 959:/home/zz/quard-start/Quard-Star/trusted_domain/FreeRTOS-Kernel/timers.c ****         {
 960:/home/zz/quard-start/Quard-Star/trusted_domain/FreeRTOS-Kernel/timers.c ****             if( xTimerQueue == NULL )
 157              		.loc 1 960 13
 158              		.loc 1 960 29 is_stmt 0
 159 0010 97070000 		ld	a5,xTimerQueue
 159      83B70700 
 160              		.loc 1 960 15
 161 0018 638C0700 		beq	a5,zero,.L17
 162              	.L15:
 961:/home/zz/quard-start/Quard-Star/trusted_domain/FreeRTOS-Kernel/timers.c ****             {
 962:/home/zz/quard-start/Quard-Star/trusted_domain/FreeRTOS-Kernel/timers.c ****                 vListInitialise( &xActiveTimerList1 );
 963:/home/zz/quard-start/Quard-Star/trusted_domain/FreeRTOS-Kernel/timers.c ****                 vListInitialise( &xActiveTimerList2 );
 964:/home/zz/quard-start/Quard-Star/trusted_domain/FreeRTOS-Kernel/timers.c ****                 pxCurrentTimerList = &xActiveTimerList1;
GAS LISTING /tmp/ccRebiBI.s 			page 21


 965:/home/zz/quard-start/Quard-Star/trusted_domain/FreeRTOS-Kernel/timers.c ****                 pxOverflowTimerList = &xActiveTimerList2;
 966:/home/zz/quard-start/Quard-Star/trusted_domain/FreeRTOS-Kernel/timers.c **** 
 967:/home/zz/quard-start/Quard-Star/trusted_domain/FreeRTOS-Kernel/timers.c ****                 #if ( configSUPPORT_STATIC_ALLOCATION == 1 )
 968:/home/zz/quard-start/Quard-Star/trusted_domain/FreeRTOS-Kernel/timers.c ****                     {
 969:/home/zz/quard-start/Quard-Star/trusted_domain/FreeRTOS-Kernel/timers.c ****                         /* The timer queue is allocated statically in case
 970:/home/zz/quard-start/Quard-Star/trusted_domain/FreeRTOS-Kernel/timers.c ****                          * configSUPPORT_DYNAMIC_ALLOCATION is 0. */
 971:/home/zz/quard-start/Quard-Star/trusted_domain/FreeRTOS-Kernel/timers.c ****                         PRIVILEGED_DATA static StaticQueue_t xStaticTimerQueue;                    
 972:/home/zz/quard-start/Quard-Star/trusted_domain/FreeRTOS-Kernel/timers.c ****                         PRIVILEGED_DATA static uint8_t ucStaticTimerQueueStorage[ ( size_t ) config
 973:/home/zz/quard-start/Quard-Star/trusted_domain/FreeRTOS-Kernel/timers.c **** 
 974:/home/zz/quard-start/Quard-Star/trusted_domain/FreeRTOS-Kernel/timers.c ****                         xTimerQueue = xQueueCreateStatic( ( UBaseType_t ) configTIMER_QUEUE_LENGTH,
 975:/home/zz/quard-start/Quard-Star/trusted_domain/FreeRTOS-Kernel/timers.c ****                     }
 976:/home/zz/quard-start/Quard-Star/trusted_domain/FreeRTOS-Kernel/timers.c ****                 #else
 977:/home/zz/quard-start/Quard-Star/trusted_domain/FreeRTOS-Kernel/timers.c ****                     {
 978:/home/zz/quard-start/Quard-Star/trusted_domain/FreeRTOS-Kernel/timers.c ****                         xTimerQueue = xQueueCreate( ( UBaseType_t ) configTIMER_QUEUE_LENGTH, sizeo
 979:/home/zz/quard-start/Quard-Star/trusted_domain/FreeRTOS-Kernel/timers.c ****                     }
 980:/home/zz/quard-start/Quard-Star/trusted_domain/FreeRTOS-Kernel/timers.c ****                 #endif /* if ( configSUPPORT_STATIC_ALLOCATION == 1 ) */
 981:/home/zz/quard-start/Quard-Star/trusted_domain/FreeRTOS-Kernel/timers.c **** 
 982:/home/zz/quard-start/Quard-Star/trusted_domain/FreeRTOS-Kernel/timers.c ****                 #if ( configQUEUE_REGISTRY_SIZE > 0 )
 983:/home/zz/quard-start/Quard-Star/trusted_domain/FreeRTOS-Kernel/timers.c ****                     {
 984:/home/zz/quard-start/Quard-Star/trusted_domain/FreeRTOS-Kernel/timers.c ****                         if( xTimerQueue != NULL )
 985:/home/zz/quard-start/Quard-Star/trusted_domain/FreeRTOS-Kernel/timers.c ****                         {
 986:/home/zz/quard-start/Quard-Star/trusted_domain/FreeRTOS-Kernel/timers.c ****                             vQueueAddToRegistry( xTimerQueue, "TmrQ" );
 987:/home/zz/quard-start/Quard-Star/trusted_domain/FreeRTOS-Kernel/timers.c ****                         }
 988:/home/zz/quard-start/Quard-Star/trusted_domain/FreeRTOS-Kernel/timers.c ****                         else
 989:/home/zz/quard-start/Quard-Star/trusted_domain/FreeRTOS-Kernel/timers.c ****                         {
 990:/home/zz/quard-start/Quard-Star/trusted_domain/FreeRTOS-Kernel/timers.c ****                             mtCOVERAGE_TEST_MARKER();
 991:/home/zz/quard-start/Quard-Star/trusted_domain/FreeRTOS-Kernel/timers.c ****                         }
 992:/home/zz/quard-start/Quard-Star/trusted_domain/FreeRTOS-Kernel/timers.c ****                     }
 993:/home/zz/quard-start/Quard-Star/trusted_domain/FreeRTOS-Kernel/timers.c ****                 #endif /* configQUEUE_REGISTRY_SIZE */
 994:/home/zz/quard-start/Quard-Star/trusted_domain/FreeRTOS-Kernel/timers.c ****             }
 995:/home/zz/quard-start/Quard-Star/trusted_domain/FreeRTOS-Kernel/timers.c ****             else
 996:/home/zz/quard-start/Quard-Star/trusted_domain/FreeRTOS-Kernel/timers.c ****             {
 997:/home/zz/quard-start/Quard-Star/trusted_domain/FreeRTOS-Kernel/timers.c ****                 mtCOVERAGE_TEST_MARKER();
 163              		.loc 1 997 41 is_stmt 1
 998:/home/zz/quard-start/Quard-Star/trusted_domain/FreeRTOS-Kernel/timers.c ****             }
 999:/home/zz/quard-start/Quard-Star/trusted_domain/FreeRTOS-Kernel/timers.c ****         }
1000:/home/zz/quard-start/Quard-Star/trusted_domain/FreeRTOS-Kernel/timers.c ****         taskEXIT_CRITICAL();
 164              		.loc 1 1000 9
 165 001c 97000000 		call	vTaskExitCritical
 165      E7800000 
 166              	.LVL19:
1001:/home/zz/quard-start/Quard-Star/trusted_domain/FreeRTOS-Kernel/timers.c ****     }
 167              		.loc 1 1001 5 is_stmt 0
 168 0024 83308100 		ld	ra,8(sp)
 169              		.cfi_remember_state
 170              		.cfi_restore 1
 171 0028 13010101 		addi	sp,sp,16
 172              	.LCFI4:
 173              		.cfi_def_cfa_offset 0
 174 002c 67800000 		jr	ra
 175              	.L17:
 176              	.LCFI5:
 177              		.cfi_restore_state
 962:/home/zz/quard-start/Quard-Star/trusted_domain/FreeRTOS-Kernel/timers.c ****                 vListInitialise( &xActiveTimerList2 );
 178              		.loc 1 962 17 is_stmt 1
 179 0030 17050000 		lla	a0,xActiveTimerList1
 179      13050500 
GAS LISTING /tmp/ccRebiBI.s 			page 22


 180 0038 97000000 		call	vListInitialise
 180      E7800000 
 181              	.LVL20:
 963:/home/zz/quard-start/Quard-Star/trusted_domain/FreeRTOS-Kernel/timers.c ****                 pxCurrentTimerList = &xActiveTimerList1;
 182              		.loc 1 963 17
 183 0040 17050000 		lla	a0,xActiveTimerList2
 183      13050500 
 184 0048 97000000 		call	vListInitialise
 184      E7800000 
 185              	.LVL21:
 964:/home/zz/quard-start/Quard-Star/trusted_domain/FreeRTOS-Kernel/timers.c ****                 pxOverflowTimerList = &xActiveTimerList2;
 186              		.loc 1 964 17
 964:/home/zz/quard-start/Quard-Star/trusted_domain/FreeRTOS-Kernel/timers.c ****                 pxOverflowTimerList = &xActiveTimerList2;
 187              		.loc 1 964 36 is_stmt 0
 188 0050 97070000 		lla	a5,xActiveTimerList1
 188      93870700 
 189 0058 17070000 		sd	a5,pxCurrentTimerList,a4
 189      2330F700 
 965:/home/zz/quard-start/Quard-Star/trusted_domain/FreeRTOS-Kernel/timers.c **** 
 190              		.loc 1 965 17 is_stmt 1
 965:/home/zz/quard-start/Quard-Star/trusted_domain/FreeRTOS-Kernel/timers.c **** 
 191              		.loc 1 965 37 is_stmt 0
 192 0060 97070000 		lla	a5,xActiveTimerList2
 192      93870700 
 193 0068 17070000 		sd	a5,pxOverflowTimerList,a4
 193      2330F700 
 978:/home/zz/quard-start/Quard-Star/trusted_domain/FreeRTOS-Kernel/timers.c ****                     }
 194              		.loc 1 978 25 is_stmt 1
 978:/home/zz/quard-start/Quard-Star/trusted_domain/FreeRTOS-Kernel/timers.c ****                     }
 195              		.loc 1 978 39 is_stmt 0
 196 0070 13060000 		li	a2,0
 197 0074 93050002 		li	a1,32
 198 0078 13056000 		li	a0,6
 199 007c 97000000 		call	xQueueGenericCreate
 199      E7800000 
 200              	.LVL22:
 978:/home/zz/quard-start/Quard-Star/trusted_domain/FreeRTOS-Kernel/timers.c ****                     }
 201              		.loc 1 978 37
 202 0084 97070000 		sd	a0,xTimerQueue,a5
 202      23B0A700 
 984:/home/zz/quard-start/Quard-Star/trusted_domain/FreeRTOS-Kernel/timers.c ****                         {
 203              		.loc 1 984 25 is_stmt 1
 984:/home/zz/quard-start/Quard-Star/trusted_domain/FreeRTOS-Kernel/timers.c ****                         {
 204              		.loc 1 984 27 is_stmt 0
 205 008c E30805F8 		beq	a0,zero,.L15
 986:/home/zz/quard-start/Quard-Star/trusted_domain/FreeRTOS-Kernel/timers.c ****                         }
 206              		.loc 1 986 29 is_stmt 1
 207 0090 97050000 		lla	a1,.LC0
 207      93850500 
 208 0098 97000000 		call	vQueueAddToRegistry
 208      E7800000 
 209              	.LVL23:
 210 00a0 6FF0DFF7 		j	.L15
 211              		.cfi_endproc
 212              	.LFE19:
 214              		.section	.text.prvInitialiseNewTimer,"ax",@progbits
 215              		.align	2
GAS LISTING /tmp/ccRebiBI.s 			page 23


 217              	prvInitialiseNewTimer:
 218              	.LFB3:
 349:/home/zz/quard-start/Quard-Star/trusted_domain/FreeRTOS-Kernel/timers.c ****         /* 0 is not a valid value for xTimerPeriodInTicks. */
 219              		.loc 1 349 5
 220              		.cfi_startproc
 221              	.LVL24:
 351:/home/zz/quard-start/Quard-Star/trusted_domain/FreeRTOS-Kernel/timers.c **** 
 222              		.loc 1 351 52
 353:/home/zz/quard-start/Quard-Star/trusted_domain/FreeRTOS-Kernel/timers.c ****         {
 223              		.loc 1 353 9
 353:/home/zz/quard-start/Quard-Star/trusted_domain/FreeRTOS-Kernel/timers.c ****         {
 224              		.loc 1 353 11 is_stmt 0
 225 0000 638A0708 		beq	a5,zero,.L21
 349:/home/zz/quard-start/Quard-Star/trusted_domain/FreeRTOS-Kernel/timers.c ****         /* 0 is not a valid value for xTimerPeriodInTicks. */
 226              		.loc 1 349 5
 227 0004 130101FC 		addi	sp,sp,-64
 228              	.LCFI6:
 229              		.cfi_def_cfa_offset 64
 230 0008 233C1102 		sd	ra,56(sp)
 231 000c 23388102 		sd	s0,48(sp)
 232 0010 23349102 		sd	s1,40(sp)
 233 0014 23302103 		sd	s2,32(sp)
 234 0018 233C3101 		sd	s3,24(sp)
 235 001c 23384101 		sd	s4,16(sp)
 236 0020 23345101 		sd	s5,8(sp)
 237              		.cfi_offset 1, -8
 238              		.cfi_offset 8, -16
 239              		.cfi_offset 9, -24
 240              		.cfi_offset 18, -32
 241              		.cfi_offset 19, -40
 242              		.cfi_offset 20, -48
 243              		.cfi_offset 21, -56
 244 0024 930A0500 		mv	s5,a0
 245 0028 138A0500 		mv	s4,a1
 246 002c 93040600 		mv	s1,a2
 247 0030 93890600 		mv	s3,a3
 248 0034 13090700 		mv	s2,a4
 249 0038 13840700 		mv	s0,a5
 357:/home/zz/quard-start/Quard-Star/trusted_domain/FreeRTOS-Kernel/timers.c **** 
 250              		.loc 1 357 13 is_stmt 1
 251 003c 97000000 		call	prvCheckForValidListAndQueue
 251      E7800000 
 252              	.LVL25:
 361:/home/zz/quard-start/Quard-Star/trusted_domain/FreeRTOS-Kernel/timers.c ****             pxNewTimer->xTimerPeriodInTicks = xTimerPeriodInTicks;
 253              		.loc 1 361 13
 361:/home/zz/quard-start/Quard-Star/trusted_domain/FreeRTOS-Kernel/timers.c ****             pxNewTimer->xTimerPeriodInTicks = xTimerPeriodInTicks;
 254              		.loc 1 361 37 is_stmt 0
 255 0044 23305401 		sd	s5,0(s0)
 362:/home/zz/quard-start/Quard-Star/trusted_domain/FreeRTOS-Kernel/timers.c ****             pxNewTimer->pvTimerID = pvTimerID;
 256              		.loc 1 362 13 is_stmt 1
 362:/home/zz/quard-start/Quard-Star/trusted_domain/FreeRTOS-Kernel/timers.c ****             pxNewTimer->pvTimerID = pvTimerID;
 257              		.loc 1 362 45 is_stmt 0
 258 0048 23384403 		sd	s4,48(s0)
 363:/home/zz/quard-start/Quard-Star/trusted_domain/FreeRTOS-Kernel/timers.c ****             pxNewTimer->pxCallbackFunction = pxCallbackFunction;
 259              		.loc 1 363 13 is_stmt 1
 363:/home/zz/quard-start/Quard-Star/trusted_domain/FreeRTOS-Kernel/timers.c ****             pxNewTimer->pxCallbackFunction = pxCallbackFunction;
 260              		.loc 1 363 35 is_stmt 0
GAS LISTING /tmp/ccRebiBI.s 			page 24


 261 004c 233C3403 		sd	s3,56(s0)
 364:/home/zz/quard-start/Quard-Star/trusted_domain/FreeRTOS-Kernel/timers.c ****             vListInitialiseItem( &( pxNewTimer->xTimerListItem ) );
 262              		.loc 1 364 13 is_stmt 1
 364:/home/zz/quard-start/Quard-Star/trusted_domain/FreeRTOS-Kernel/timers.c ****             vListInitialiseItem( &( pxNewTimer->xTimerListItem ) );
 263              		.loc 1 364 44 is_stmt 0
 264 0050 23302405 		sd	s2,64(s0)
 365:/home/zz/quard-start/Quard-Star/trusted_domain/FreeRTOS-Kernel/timers.c **** 
 265              		.loc 1 365 13 is_stmt 1
 266 0054 13058400 		addi	a0,s0,8
 267 0058 97000000 		call	vListInitialiseItem
 267      E7800000 
 268              	.LVL26:
 367:/home/zz/quard-start/Quard-Star/trusted_domain/FreeRTOS-Kernel/timers.c ****             {
 269              		.loc 1 367 13
 367:/home/zz/quard-start/Quard-Star/trusted_domain/FreeRTOS-Kernel/timers.c ****             {
 270              		.loc 1 367 15 is_stmt 0
 271 0060 63880400 		beq	s1,zero,.L18
 369:/home/zz/quard-start/Quard-Star/trusted_domain/FreeRTOS-Kernel/timers.c ****             }
 272              		.loc 1 369 17 is_stmt 1
 369:/home/zz/quard-start/Quard-Star/trusted_domain/FreeRTOS-Kernel/timers.c ****             }
 273              		.loc 1 369 27 is_stmt 0
 274 0064 83470405 		lbu	a5,80(s0)
 369:/home/zz/quard-start/Quard-Star/trusted_domain/FreeRTOS-Kernel/timers.c ****             }
 275              		.loc 1 369 38
 276 0068 93E74700 		ori	a5,a5,4
 277 006c 2308F404 		sb	a5,80(s0)
 372:/home/zz/quard-start/Quard-Star/trusted_domain/FreeRTOS-Kernel/timers.c ****         }
 278              		.loc 1 372 44 is_stmt 1
 279              	.L18:
 374:/home/zz/quard-start/Quard-Star/trusted_domain/FreeRTOS-Kernel/timers.c **** /*-----------------------------------------------------------*/
 280              		.loc 1 374 5 is_stmt 0
 281 0070 83308103 		ld	ra,56(sp)
 282              		.cfi_restore 1
 283 0074 03340103 		ld	s0,48(sp)
 284              		.cfi_restore 8
 285              	.LVL27:
 286 0078 83348102 		ld	s1,40(sp)
 287              		.cfi_restore 9
 288              	.LVL28:
 289 007c 03390102 		ld	s2,32(sp)
 290              		.cfi_restore 18
 291              	.LVL29:
 292 0080 83398101 		ld	s3,24(sp)
 293              		.cfi_restore 19
 294              	.LVL30:
 295 0084 033A0101 		ld	s4,16(sp)
 296              		.cfi_restore 20
 297              	.LVL31:
 298 0088 833A8100 		ld	s5,8(sp)
 299              		.cfi_restore 21
 300              	.LVL32:
 301 008c 13010104 		addi	sp,sp,64
 302              	.LCFI7:
 303              		.cfi_def_cfa_offset 0
 304 0090 67800000 		jr	ra
 305              	.LVL33:
 306              	.L21:
GAS LISTING /tmp/ccRebiBI.s 			page 25


 307 0094 67800000 		ret
 308              		.cfi_endproc
 309              	.LFE3:
 311              		.section	.rodata.xTimerCreateTimerTask.str1.8,"aMS",@progbits,1
 312              		.align	3
 313              	.LC1:
 314 0000 546D7220 		.string	"Tmr Svc"
 314      53766300 
 315              		.section	.text.xTimerCreateTimerTask,"ax",@progbits
 316              		.align	2
 317              		.globl	xTimerCreateTimerTask
 319              	xTimerCreateTimerTask:
 320              	.LFB1:
 222:/home/zz/quard-start/Quard-Star/trusted_domain/FreeRTOS-Kernel/timers.c ****         BaseType_t xReturn = pdFAIL;
 321              		.loc 1 222 5 is_stmt 1
 322              		.cfi_startproc
 323 0000 130101FF 		addi	sp,sp,-16
 324              	.LCFI8:
 325              		.cfi_def_cfa_offset 16
 326 0004 23341100 		sd	ra,8(sp)
 327              		.cfi_offset 1, -8
 223:/home/zz/quard-start/Quard-Star/trusted_domain/FreeRTOS-Kernel/timers.c **** 
 328              		.loc 1 223 9
 329              	.LVL34:
 229:/home/zz/quard-start/Quard-Star/trusted_domain/FreeRTOS-Kernel/timers.c **** 
 330              		.loc 1 229 9
 331 0008 97000000 		call	prvCheckForValidListAndQueue
 331      E7800000 
 332              	.LVL35:
 231:/home/zz/quard-start/Quard-Star/trusted_domain/FreeRTOS-Kernel/timers.c ****         {
 333              		.loc 1 231 9
 231:/home/zz/quard-start/Quard-Star/trusted_domain/FreeRTOS-Kernel/timers.c ****         {
 334              		.loc 1 231 25 is_stmt 0
 335 0010 97070000 		ld	a5,xTimerQueue
 335      83B70700 
 231:/home/zz/quard-start/Quard-Star/trusted_domain/FreeRTOS-Kernel/timers.c ****         {
 336              		.loc 1 231 11
 337 0018 638E0702 		beq	a5,zero,.L26
 255:/home/zz/quard-start/Quard-Star/trusted_domain/FreeRTOS-Kernel/timers.c ****                                            configTIMER_SERVICE_TASK_NAME,
 338              		.loc 1 255 21 is_stmt 1
 255:/home/zz/quard-start/Quard-Star/trusted_domain/FreeRTOS-Kernel/timers.c ****                                            configTIMER_SERVICE_TASK_NAME,
 339              		.loc 1 255 31 is_stmt 0
 340 001c 97070000 		lla	a5,xTimerTaskHandle
 340      93870700 
 341 0024 13076000 		li	a4,6
 342 0028 93060000 		li	a3,0
 343 002c 1306E006 		li	a2,110
 344 0030 97050000 		lla	a1,.LC1
 344      93850500 
 345 0038 17050000 		lla	a0,prvTimerTask
 345      13050500 
 346 0040 97000000 		call	xTaskCreate
 346      E7800000 
 347              	.LVL36:
 348              	.L24:
 271:/home/zz/quard-start/Quard-Star/trusted_domain/FreeRTOS-Kernel/timers.c **** /*-----------------------------------------------------------*/
 349              		.loc 1 271 5
GAS LISTING /tmp/ccRebiBI.s 			page 26


 350 0048 83308100 		ld	ra,8(sp)
 351              		.cfi_remember_state
 352              		.cfi_restore 1
 353 004c 13010101 		addi	sp,sp,16
 354              	.LCFI9:
 355              		.cfi_def_cfa_offset 0
 356 0050 67800000 		jr	ra
 357              	.LVL37:
 358              	.L26:
 359              	.LCFI10:
 360              		.cfi_restore_state
 223:/home/zz/quard-start/Quard-Star/trusted_domain/FreeRTOS-Kernel/timers.c **** 
 361              		.loc 1 223 20
 362 0054 13050000 		li	a0,0
 266:/home/zz/quard-start/Quard-Star/trusted_domain/FreeRTOS-Kernel/timers.c ****         }
 363              		.loc 1 266 37 is_stmt 1
 269:/home/zz/quard-start/Quard-Star/trusted_domain/FreeRTOS-Kernel/timers.c ****         return xReturn;
 364              		.loc 1 269 32
 270:/home/zz/quard-start/Quard-Star/trusted_domain/FreeRTOS-Kernel/timers.c ****     }
 365              		.loc 1 270 9
 270:/home/zz/quard-start/Quard-Star/trusted_domain/FreeRTOS-Kernel/timers.c ****     }
 366              		.loc 1 270 16 is_stmt 0
 367 0058 6FF01FFF 		j	.L24
 368              		.cfi_endproc
 369              	.LFE1:
 371              		.section	.text.xTimerCreate,"ax",@progbits
 372              		.align	2
 373              		.globl	xTimerCreate
 375              	xTimerCreate:
 376              	.LFB2:
 281:/home/zz/quard-start/Quard-Star/trusted_domain/FreeRTOS-Kernel/timers.c ****             Timer_t * pxNewTimer;
 377              		.loc 1 281 9 is_stmt 1
 378              		.cfi_startproc
 379              	.LVL38:
 380 0000 130101FC 		addi	sp,sp,-64
 381              	.LCFI11:
 382              		.cfi_def_cfa_offset 64
 383 0004 233C1102 		sd	ra,56(sp)
 384 0008 23388102 		sd	s0,48(sp)
 385 000c 23349102 		sd	s1,40(sp)
 386 0010 23302103 		sd	s2,32(sp)
 387 0014 233C3101 		sd	s3,24(sp)
 388 0018 23384101 		sd	s4,16(sp)
 389 001c 23345101 		sd	s5,8(sp)
 390              		.cfi_offset 1, -8
 391              		.cfi_offset 8, -16
 392              		.cfi_offset 9, -24
 393              		.cfi_offset 18, -32
 394              		.cfi_offset 19, -40
 395              		.cfi_offset 20, -48
 396              		.cfi_offset 21, -56
 397 0020 93040500 		mv	s1,a0
 398 0024 13890500 		mv	s2,a1
 399 0028 93090600 		mv	s3,a2
 400 002c 138A0600 		mv	s4,a3
 401 0030 930A0700 		mv	s5,a4
 282:/home/zz/quard-start/Quard-Star/trusted_domain/FreeRTOS-Kernel/timers.c **** 
GAS LISTING /tmp/ccRebiBI.s 			page 27


 402              		.loc 1 282 13
 284:/home/zz/quard-start/Quard-Star/trusted_domain/FreeRTOS-Kernel/timers.c **** 
 403              		.loc 1 284 13
 284:/home/zz/quard-start/Quard-Star/trusted_domain/FreeRTOS-Kernel/timers.c **** 
 404              		.loc 1 284 40 is_stmt 0
 405 0034 13058005 		li	a0,88
 406              	.LVL39:
 407 0038 97000000 		call	pvPortMalloc
 407      E7800000 
 408              	.LVL40:
 409 0040 13040500 		mv	s0,a0
 410              	.LVL41:
 286:/home/zz/quard-start/Quard-Star/trusted_domain/FreeRTOS-Kernel/timers.c ****             {
 411              		.loc 1 286 13 is_stmt 1
 286:/home/zz/quard-start/Quard-Star/trusted_domain/FreeRTOS-Kernel/timers.c ****             {
 412              		.loc 1 286 15 is_stmt 0
 413 0044 63040502 		beq	a0,zero,.L28
 291:/home/zz/quard-start/Quard-Star/trusted_domain/FreeRTOS-Kernel/timers.c ****                 prvInitialiseNewTimer( pcTimerName, xTimerPeriodInTicks, uxAutoReload, pvTimerID, p
 414              		.loc 1 291 17 is_stmt 1
 291:/home/zz/quard-start/Quard-Star/trusted_domain/FreeRTOS-Kernel/timers.c ****                 prvInitialiseNewTimer( pcTimerName, xTimerPeriodInTicks, uxAutoReload, pvTimerID, p
 415              		.loc 1 291 38 is_stmt 0
 416 0048 23080504 		sb	zero,80(a0)
 292:/home/zz/quard-start/Quard-Star/trusted_domain/FreeRTOS-Kernel/timers.c ****             }
 417              		.loc 1 292 17 is_stmt 1
 418 004c 93070500 		mv	a5,a0
 419 0050 13870A00 		mv	a4,s5
 420 0054 93060A00 		mv	a3,s4
 421 0058 13860900 		mv	a2,s3
 422 005c 93050900 		mv	a1,s2
 423 0060 13850400 		mv	a0,s1
 424 0064 97000000 		call	prvInitialiseNewTimer
 424      E7800000 
 425              	.LVL42:
 295:/home/zz/quard-start/Quard-Star/trusted_domain/FreeRTOS-Kernel/timers.c ****         }
 426              		.loc 1 295 13
 427              	.L28:
 296:/home/zz/quard-start/Quard-Star/trusted_domain/FreeRTOS-Kernel/timers.c **** 
 428              		.loc 1 296 9 is_stmt 0
 429 006c 13050400 		mv	a0,s0
 430 0070 83308103 		ld	ra,56(sp)
 431              		.cfi_restore 1
 432 0074 03340103 		ld	s0,48(sp)
 433              		.cfi_restore 8
 434              	.LVL43:
 435 0078 83348102 		ld	s1,40(sp)
 436              		.cfi_restore 9
 437              	.LVL44:
 438 007c 03390102 		ld	s2,32(sp)
 439              		.cfi_restore 18
 440              	.LVL45:
 441 0080 83398101 		ld	s3,24(sp)
 442              		.cfi_restore 19
 443              	.LVL46:
 444 0084 033A0101 		ld	s4,16(sp)
 445              		.cfi_restore 20
 446              	.LVL47:
 447 0088 833A8100 		ld	s5,8(sp)
GAS LISTING /tmp/ccRebiBI.s 			page 28


 448              		.cfi_restore 21
 449              	.LVL48:
 450 008c 13010104 		addi	sp,sp,64
 451              	.LCFI12:
 452              		.cfi_def_cfa_offset 0
 453 0090 67800000 		jr	ra
 454              		.cfi_endproc
 455              	.LFE2:
 457              		.section	.text.xTimerGenericCommand,"ax",@progbits
 458              		.align	2
 459              		.globl	xTimerGenericCommand
 461              	xTimerGenericCommand:
 462              	.LFB4:
 382:/home/zz/quard-start/Quard-Star/trusted_domain/FreeRTOS-Kernel/timers.c ****         BaseType_t xReturn = pdFAIL;
 463              		.loc 1 382 5 is_stmt 1
 464              		.cfi_startproc
 465              	.LVL49:
 466 0000 130101FD 		addi	sp,sp,-48
 467              	.LCFI13:
 468              		.cfi_def_cfa_offset 48
 469 0004 23341102 		sd	ra,40(sp)
 470 0008 23308102 		sd	s0,32(sp)
 471              		.cfi_offset 1, -8
 472              		.cfi_offset 8, -16
 473 000c 13040700 		mv	s0,a4
 383:/home/zz/quard-start/Quard-Star/trusted_domain/FreeRTOS-Kernel/timers.c ****         DaemonTaskMessage_t xMessage;
 474              		.loc 1 383 9
 475              	.LVL50:
 384:/home/zz/quard-start/Quard-Star/trusted_domain/FreeRTOS-Kernel/timers.c **** 
 476              		.loc 1 384 9
 386:/home/zz/quard-start/Quard-Star/trusted_domain/FreeRTOS-Kernel/timers.c **** 
 477              		.loc 1 386 31
 390:/home/zz/quard-start/Quard-Star/trusted_domain/FreeRTOS-Kernel/timers.c ****         {
 478              		.loc 1 390 9
 390:/home/zz/quard-start/Quard-Star/trusted_domain/FreeRTOS-Kernel/timers.c ****         {
 479              		.loc 1 390 25 is_stmt 0
 480 0010 17070000 		ld	a4,xTimerQueue
 480      03370700 
 481              	.LVL51:
 390:/home/zz/quard-start/Quard-Star/trusted_domain/FreeRTOS-Kernel/timers.c ****         {
 482              		.loc 1 390 11
 483 0018 630A0708 		beq	a4,zero,.L35
 484 001c 93870600 		mv	a5,a3
 393:/home/zz/quard-start/Quard-Star/trusted_domain/FreeRTOS-Kernel/timers.c ****             xMessage.u.xTimerParameters.xMessageValue = xOptionalValue;
 485              		.loc 1 393 13 is_stmt 1
 393:/home/zz/quard-start/Quard-Star/trusted_domain/FreeRTOS-Kernel/timers.c ****             xMessage.u.xTimerParameters.xMessageValue = xOptionalValue;
 486              		.loc 1 393 33 is_stmt 0
 487 0020 2330B100 		sd	a1,0(sp)
 394:/home/zz/quard-start/Quard-Star/trusted_domain/FreeRTOS-Kernel/timers.c ****             xMessage.u.xTimerParameters.pxTimer = xTimer;
 488              		.loc 1 394 13 is_stmt 1
 394:/home/zz/quard-start/Quard-Star/trusted_domain/FreeRTOS-Kernel/timers.c ****             xMessage.u.xTimerParameters.pxTimer = xTimer;
 489              		.loc 1 394 55 is_stmt 0
 490 0024 2334C100 		sd	a2,8(sp)
 395:/home/zz/quard-start/Quard-Star/trusted_domain/FreeRTOS-Kernel/timers.c **** 
 491              		.loc 1 395 13 is_stmt 1
 395:/home/zz/quard-start/Quard-Star/trusted_domain/FreeRTOS-Kernel/timers.c **** 
 492              		.loc 1 395 49 is_stmt 0
GAS LISTING /tmp/ccRebiBI.s 			page 29


 493 0028 2338A100 		sd	a0,16(sp)
 397:/home/zz/quard-start/Quard-Star/trusted_domain/FreeRTOS-Kernel/timers.c ****             {
 494              		.loc 1 397 13 is_stmt 1
 397:/home/zz/quard-start/Quard-Star/trusted_domain/FreeRTOS-Kernel/timers.c ****             {
 495              		.loc 1 397 15 is_stmt 0
 496 002c 93065000 		li	a3,5
 497              	.LVL52:
 498 0030 63CAB604 		bgt	a1,a3,.L33
 399:/home/zz/quard-start/Quard-Star/trusted_domain/FreeRTOS-Kernel/timers.c ****                 {
 499              		.loc 1 399 17 is_stmt 1
 399:/home/zz/quard-start/Quard-Star/trusted_domain/FreeRTOS-Kernel/timers.c ****                 {
 500              		.loc 1 399 21 is_stmt 0
 501 0034 97000000 		call	xTaskGetSchedulerState
 501      E7800000 
 502              	.LVL53:
 399:/home/zz/quard-start/Quard-Star/trusted_domain/FreeRTOS-Kernel/timers.c ****                 {
 503              		.loc 1 399 19
 504 003c 93072000 		li	a5,2
 505 0040 6302F502 		beq	a0,a5,.L37
 405:/home/zz/quard-start/Quard-Star/trusted_domain/FreeRTOS-Kernel/timers.c ****                 }
 506              		.loc 1 405 21 is_stmt 1
 405:/home/zz/quard-start/Quard-Star/trusted_domain/FreeRTOS-Kernel/timers.c ****                 }
 507              		.loc 1 405 31 is_stmt 0
 508 0044 93060000 		li	a3,0
 509 0048 13060000 		li	a2,0
 510 004c 93050100 		mv	a1,sp
 511 0050 17050000 		ld	a0,xTimerQueue
 511      03350500 
 512 0058 97000000 		call	xQueueGenericSend
 512      E7800000 
 513              	.LVL54:
 514 0060 6F00C003 		j	.L31
 515              	.LVL55:
 516              	.L37:
 401:/home/zz/quard-start/Quard-Star/trusted_domain/FreeRTOS-Kernel/timers.c ****                 }
 517              		.loc 1 401 21 is_stmt 1
 401:/home/zz/quard-start/Quard-Star/trusted_domain/FreeRTOS-Kernel/timers.c ****                 }
 518              		.loc 1 401 31 is_stmt 0
 519 0064 93060000 		li	a3,0
 520 0068 13060400 		mv	a2,s0
 521 006c 93050100 		mv	a1,sp
 522 0070 17050000 		ld	a0,xTimerQueue
 522      03350500 
 523 0078 97000000 		call	xQueueGenericSend
 523      E7800000 
 524              	.LVL56:
 525 0080 6F00C001 		j	.L31
 526              	.LVL57:
 527              	.L33:
 410:/home/zz/quard-start/Quard-Star/trusted_domain/FreeRTOS-Kernel/timers.c ****             }
 528              		.loc 1 410 17 is_stmt 1
 410:/home/zz/quard-start/Quard-Star/trusted_domain/FreeRTOS-Kernel/timers.c ****             }
 529              		.loc 1 410 27 is_stmt 0
 530 0084 93060000 		li	a3,0
 531 0088 13860700 		mv	a2,a5
 532              	.LVL58:
 533 008c 93050100 		mv	a1,sp
GAS LISTING /tmp/ccRebiBI.s 			page 30


 534              	.LVL59:
 535 0090 13050700 		mv	a0,a4
 536              	.LVL60:
 537 0094 97000000 		call	xQueueGenericSendFromISR
 537      E7800000 
 538              	.LVL61:
 539              	.L31:
 421:/home/zz/quard-start/Quard-Star/trusted_domain/FreeRTOS-Kernel/timers.c **** /*-----------------------------------------------------------*/
 540              		.loc 1 421 5
 541 009c 83308102 		ld	ra,40(sp)
 542              		.cfi_remember_state
 543              		.cfi_restore 1
 544 00a0 03340102 		ld	s0,32(sp)
 545              		.cfi_restore 8
 546              	.LVL62:
 547 00a4 13010103 		addi	sp,sp,48
 548              	.LCFI14:
 549              		.cfi_def_cfa_offset 0
 550 00a8 67800000 		jr	ra
 551              	.LVL63:
 552              	.L35:
 553              	.LCFI15:
 554              		.cfi_restore_state
 383:/home/zz/quard-start/Quard-Star/trusted_domain/FreeRTOS-Kernel/timers.c ****         DaemonTaskMessage_t xMessage;
 555              		.loc 1 383 20
 556 00ac 13050000 		li	a0,0
 557              	.LVL64:
 417:/home/zz/quard-start/Quard-Star/trusted_domain/FreeRTOS-Kernel/timers.c ****         }
 558              		.loc 1 417 37 is_stmt 1
 420:/home/zz/quard-start/Quard-Star/trusted_domain/FreeRTOS-Kernel/timers.c ****     }
 559              		.loc 1 420 9
 420:/home/zz/quard-start/Quard-Star/trusted_domain/FreeRTOS-Kernel/timers.c ****     }
 560              		.loc 1 420 16 is_stmt 0
 561 00b0 6FF0DFFE 		j	.L31
 562              		.cfi_endproc
 563              	.LFE4:
 565              		.section	.text.prvSwitchTimerLists,"ax",@progbits
 566              		.align	2
 568              	prvSwitchTimerLists:
 569              	.LFB18:
 894:/home/zz/quard-start/Quard-Star/trusted_domain/FreeRTOS-Kernel/timers.c ****         TickType_t xNextExpireTime, xReloadTime;
 570              		.loc 1 894 5 is_stmt 1
 571              		.cfi_startproc
 895:/home/zz/quard-start/Quard-Star/trusted_domain/FreeRTOS-Kernel/timers.c ****         List_t * pxTemp;
 572              		.loc 1 895 9
 896:/home/zz/quard-start/Quard-Star/trusted_domain/FreeRTOS-Kernel/timers.c ****         Timer_t * pxTimer;
 573              		.loc 1 896 9
 897:/home/zz/quard-start/Quard-Star/trusted_domain/FreeRTOS-Kernel/timers.c ****         BaseType_t xResult;
 574              		.loc 1 897 9
 898:/home/zz/quard-start/Quard-Star/trusted_domain/FreeRTOS-Kernel/timers.c **** 
 575              		.loc 1 898 9
 904:/home/zz/quard-start/Quard-Star/trusted_domain/FreeRTOS-Kernel/timers.c ****         {
 576              		.loc 1 904 9
 943:/home/zz/quard-start/Quard-Star/trusted_domain/FreeRTOS-Kernel/timers.c ****             }
 577              		.loc 1 943 41
 904:/home/zz/quard-start/Quard-Star/trusted_domain/FreeRTOS-Kernel/timers.c ****         {
 578              		.loc 1 904 56
GAS LISTING /tmp/ccRebiBI.s 			page 31


 904:/home/zz/quard-start/Quard-Star/trusted_domain/FreeRTOS-Kernel/timers.c ****         {
 579              		.loc 1 904 16 is_stmt 0
 580 0000 97070000 		ld	a5,pxCurrentTimerList
 580      83B70700 
 581 0008 03B70700 		ld	a4,0(a5)
 904:/home/zz/quard-start/Quard-Star/trusted_domain/FreeRTOS-Kernel/timers.c ****         {
 582              		.loc 1 904 56
 583 000c 630C070C 		beq	a4,zero,.L48
 894:/home/zz/quard-start/Quard-Star/trusted_domain/FreeRTOS-Kernel/timers.c ****         TickType_t xNextExpireTime, xReloadTime;
 584              		.loc 1 894 5
 585 0010 130101FE 		addi	sp,sp,-32
 586              	.LCFI16:
 587              		.cfi_def_cfa_offset 32
 588 0014 233C1100 		sd	ra,24(sp)
 589 0018 23388100 		sd	s0,16(sp)
 590 001c 23349100 		sd	s1,8(sp)
 591 0020 23302101 		sd	s2,0(sp)
 592              		.cfi_offset 1, -8
 593              		.cfi_offset 8, -16
 594              		.cfi_offset 9, -24
 595              		.cfi_offset 18, -32
 596              	.L43:
 906:/home/zz/quard-start/Quard-Star/trusted_domain/FreeRTOS-Kernel/timers.c **** 
 597              		.loc 1 906 13 is_stmt 1
 906:/home/zz/quard-start/Quard-Star/trusted_domain/FreeRTOS-Kernel/timers.c **** 
 598              		.loc 1 906 31 is_stmt 0
 599 0024 83B78701 		ld	a5,24(a5)
 906:/home/zz/quard-start/Quard-Star/trusted_domain/FreeRTOS-Kernel/timers.c **** 
 600              		.loc 1 906 29
 601 0028 03B90700 		ld	s2,0(a5)
 602              	.LVL65:
 909:/home/zz/quard-start/Quard-Star/trusted_domain/FreeRTOS-Kernel/timers.c ****             ( void ) uxListRemove( &( pxTimer->xTimerListItem ) );
 603              		.loc 1 909 13 is_stmt 1
 909:/home/zz/quard-start/Quard-Star/trusted_domain/FreeRTOS-Kernel/timers.c ****             ( void ) uxListRemove( &( pxTimer->xTimerListItem ) );
 604              		.loc 1 909 21 is_stmt 0
 605 002c 03B48701 		ld	s0,24(a5)
 606              	.LVL66:
 910:/home/zz/quard-start/Quard-Star/trusted_domain/FreeRTOS-Kernel/timers.c ****             traceTIMER_EXPIRED( pxTimer );
 607              		.loc 1 910 13 is_stmt 1
 910:/home/zz/quard-start/Quard-Star/trusted_domain/FreeRTOS-Kernel/timers.c ****             traceTIMER_EXPIRED( pxTimer );
 608              		.loc 1 910 22 is_stmt 0
 609 0030 93048400 		addi	s1,s0,8
 610 0034 13850400 		mv	a0,s1
 611 0038 97000000 		call	uxListRemove
 611      E7800000 
 612              	.LVL67:
 911:/home/zz/quard-start/Quard-Star/trusted_domain/FreeRTOS-Kernel/timers.c **** 
 613              		.loc 1 911 42 is_stmt 1
 916:/home/zz/quard-start/Quard-Star/trusted_domain/FreeRTOS-Kernel/timers.c **** 
 614              		.loc 1 916 13
 916:/home/zz/quard-start/Quard-Star/trusted_domain/FreeRTOS-Kernel/timers.c **** 
 615              		.loc 1 916 20 is_stmt 0
 616 0040 83370404 		ld	a5,64(s0)
 916:/home/zz/quard-start/Quard-Star/trusted_domain/FreeRTOS-Kernel/timers.c **** 
 617              		.loc 1 916 13
 618 0044 13050400 		mv	a0,s0
 619 0048 E7800700 		jalr	a5
GAS LISTING /tmp/ccRebiBI.s 			page 32


 620              	.LVL68:
 918:/home/zz/quard-start/Quard-Star/trusted_domain/FreeRTOS-Kernel/timers.c ****             {
 621              		.loc 1 918 13 is_stmt 1
 918:/home/zz/quard-start/Quard-Star/trusted_domain/FreeRTOS-Kernel/timers.c ****             {
 622              		.loc 1 918 26 is_stmt 0
 623 004c 83470405 		lbu	a5,80(s0)
 918:/home/zz/quard-start/Quard-Star/trusted_domain/FreeRTOS-Kernel/timers.c ****             {
 624              		.loc 1 918 15
 625 0050 93F74700 		andi	a5,a5,4
 626 0054 63920704 		bne	a5,zero,.L49
 627              	.L40:
 943:/home/zz/quard-start/Quard-Star/trusted_domain/FreeRTOS-Kernel/timers.c ****             }
 628              		.loc 1 943 41 is_stmt 1
 904:/home/zz/quard-start/Quard-Star/trusted_domain/FreeRTOS-Kernel/timers.c ****         {
 629              		.loc 1 904 56
 904:/home/zz/quard-start/Quard-Star/trusted_domain/FreeRTOS-Kernel/timers.c ****         {
 630              		.loc 1 904 16 is_stmt 0
 631 0058 97070000 		ld	a5,pxCurrentTimerList
 631      83B70700 
 632 0060 03B70700 		ld	a4,0(a5)
 904:/home/zz/quard-start/Quard-Star/trusted_domain/FreeRTOS-Kernel/timers.c ****         {
 633              		.loc 1 904 56
 634 0064 E31007FC 		bne	a4,zero,.L43
 947:/home/zz/quard-start/Quard-Star/trusted_domain/FreeRTOS-Kernel/timers.c ****         pxCurrentTimerList = pxOverflowTimerList;
 635              		.loc 1 947 9 is_stmt 1
 636              	.LVL69:
 948:/home/zz/quard-start/Quard-Star/trusted_domain/FreeRTOS-Kernel/timers.c ****         pxOverflowTimerList = pxTemp;
 637              		.loc 1 948 9
 948:/home/zz/quard-start/Quard-Star/trusted_domain/FreeRTOS-Kernel/timers.c ****         pxOverflowTimerList = pxTemp;
 638              		.loc 1 948 28 is_stmt 0
 639 0068 17070000 		lla	a4,pxOverflowTimerList
 639      13070700 
 640 0070 83360700 		ld	a3,0(a4)
 641 0074 17060000 		sd	a3,pxCurrentTimerList,a2
 641      2330D600 
 949:/home/zz/quard-start/Quard-Star/trusted_domain/FreeRTOS-Kernel/timers.c ****     }
 642              		.loc 1 949 9 is_stmt 1
 949:/home/zz/quard-start/Quard-Star/trusted_domain/FreeRTOS-Kernel/timers.c ****     }
 643              		.loc 1 949 29 is_stmt 0
 644 007c 2330F700 		sd	a5,0(a4)
 950:/home/zz/quard-start/Quard-Star/trusted_domain/FreeRTOS-Kernel/timers.c **** /*-----------------------------------------------------------*/
 645              		.loc 1 950 5
 646 0080 83308101 		ld	ra,24(sp)
 647              		.cfi_remember_state
 648              		.cfi_restore 1
 649 0084 03340101 		ld	s0,16(sp)
 650              		.cfi_restore 8
 651              	.LVL70:
 652 0088 83348100 		ld	s1,8(sp)
 653              		.cfi_restore 9
 654              	.LVL71:
 655 008c 03390100 		ld	s2,0(sp)
 656              		.cfi_restore 18
 657              	.LVL72:
 658 0090 13010102 		addi	sp,sp,32
 659              	.LCFI17:
 660              		.cfi_def_cfa_offset 0
GAS LISTING /tmp/ccRebiBI.s 			page 33


 661 0094 67800000 		jr	ra
 662              	.LVL73:
 663              	.L49:
 664              	.LCFI18:
 665              		.cfi_restore_state
 926:/home/zz/quard-start/Quard-Star/trusted_domain/FreeRTOS-Kernel/timers.c **** 
 666              		.loc 1 926 17 is_stmt 1
 926:/home/zz/quard-start/Quard-Star/trusted_domain/FreeRTOS-Kernel/timers.c **** 
 667              		.loc 1 926 58 is_stmt 0
 668 0098 83370403 		ld	a5,48(s0)
 926:/home/zz/quard-start/Quard-Star/trusted_domain/FreeRTOS-Kernel/timers.c **** 
 669              		.loc 1 926 29
 670 009c B3872701 		add	a5,a5,s2
 671              	.LVL74:
 928:/home/zz/quard-start/Quard-Star/trusted_domain/FreeRTOS-Kernel/timers.c ****                 {
 672              		.loc 1 928 17 is_stmt 1
 928:/home/zz/quard-start/Quard-Star/trusted_domain/FreeRTOS-Kernel/timers.c ****                 {
 673              		.loc 1 928 19 is_stmt 0
 674 00a0 6372F902 		bgeu	s2,a5,.L41
 930:/home/zz/quard-start/Quard-Star/trusted_domain/FreeRTOS-Kernel/timers.c ****                     listSET_LIST_ITEM_OWNER( &( pxTimer->xTimerListItem ), pxTimer );
 675              		.loc 1 930 21 is_stmt 1
 676 00a4 2334F400 		sd	a5,8(s0)
 931:/home/zz/quard-start/Quard-Star/trusted_domain/FreeRTOS-Kernel/timers.c ****                     vListInsert( pxCurrentTimerList, &( pxTimer->xTimerListItem ) );
 677              		.loc 1 931 21
 678 00a8 23308402 		sd	s0,32(s0)
 932:/home/zz/quard-start/Quard-Star/trusted_domain/FreeRTOS-Kernel/timers.c ****                 }
 679              		.loc 1 932 21
 680 00ac 93850400 		mv	a1,s1
 681 00b0 17050000 		ld	a0,pxCurrentTimerList
 681      03350500 
 682 00b8 97000000 		call	vListInsert
 682      E7800000 
 683              	.LVL75:
 684 00c0 6FF09FF9 		j	.L40
 685              	.LVL76:
 686              	.L41:
 936:/home/zz/quard-start/Quard-Star/trusted_domain/FreeRTOS-Kernel/timers.c ****                     configASSERT( xResult );
 687              		.loc 1 936 21
 936:/home/zz/quard-start/Quard-Star/trusted_domain/FreeRTOS-Kernel/timers.c ****                     configASSERT( xResult );
 688              		.loc 1 936 31 is_stmt 0
 689 00c4 13070000 		li	a4,0
 690 00c8 93060000 		li	a3,0
 691 00cc 13060900 		mv	a2,s2
 692 00d0 93050000 		li	a1,0
 693 00d4 13050400 		mv	a0,s0
 694 00d8 97000000 		call	xTimerGenericCommand
 694      E7800000 
 695              	.LVL77:
 696 00e0 6FF09FF7 		j	.L40
 697              	.LVL78:
 698              	.L48:
 699              	.LCFI19:
 700              		.cfi_def_cfa_offset 0
 701              		.cfi_restore 1
 702              		.cfi_restore 8
 703              		.cfi_restore 9
 704              		.cfi_restore 18
GAS LISTING /tmp/ccRebiBI.s 			page 34


 947:/home/zz/quard-start/Quard-Star/trusted_domain/FreeRTOS-Kernel/timers.c ****         pxCurrentTimerList = pxOverflowTimerList;
 705              		.loc 1 947 9 is_stmt 1
 948:/home/zz/quard-start/Quard-Star/trusted_domain/FreeRTOS-Kernel/timers.c ****         pxOverflowTimerList = pxTemp;
 706              		.loc 1 948 9
 948:/home/zz/quard-start/Quard-Star/trusted_domain/FreeRTOS-Kernel/timers.c ****         pxOverflowTimerList = pxTemp;
 707              		.loc 1 948 28 is_stmt 0
 708 00e4 17070000 		lla	a4,pxOverflowTimerList
 708      13070700 
 709 00ec 83360700 		ld	a3,0(a4)
 710 00f0 17060000 		sd	a3,pxCurrentTimerList,a2
 710      2330D600 
 949:/home/zz/quard-start/Quard-Star/trusted_domain/FreeRTOS-Kernel/timers.c ****     }
 711              		.loc 1 949 9 is_stmt 1
 949:/home/zz/quard-start/Quard-Star/trusted_domain/FreeRTOS-Kernel/timers.c ****     }
 712              		.loc 1 949 29 is_stmt 0
 713 00f8 2330F700 		sd	a5,0(a4)
 714 00fc 67800000 		ret
 715              		.cfi_endproc
 716              	.LFE18:
 718              		.section	.text.prvSampleTimeNow,"ax",@progbits
 719              		.align	2
 721              	prvSampleTimeNow:
 722              	.LFB15:
 677:/home/zz/quard-start/Quard-Star/trusted_domain/FreeRTOS-Kernel/timers.c ****         TickType_t xTimeNow;
 723              		.loc 1 677 5 is_stmt 1
 724              		.cfi_startproc
 725              	.LVL79:
 726 0000 130101FE 		addi	sp,sp,-32
 727              	.LCFI20:
 728              		.cfi_def_cfa_offset 32
 729 0004 233C1100 		sd	ra,24(sp)
 730 0008 23388100 		sd	s0,16(sp)
 731 000c 23349100 		sd	s1,8(sp)
 732              		.cfi_offset 1, -8
 733              		.cfi_offset 8, -16
 734              		.cfi_offset 9, -24
 735 0010 93040500 		mv	s1,a0
 678:/home/zz/quard-start/Quard-Star/trusted_domain/FreeRTOS-Kernel/timers.c ****         PRIVILEGED_DATA static TickType_t xLastTime = ( TickType_t ) 0U; /*lint !e956 Variable is o
 736              		.loc 1 678 9
 679:/home/zz/quard-start/Quard-Star/trusted_domain/FreeRTOS-Kernel/timers.c **** 
 737              		.loc 1 679 25
 681:/home/zz/quard-start/Quard-Star/trusted_domain/FreeRTOS-Kernel/timers.c **** 
 738              		.loc 1 681 9
 681:/home/zz/quard-start/Quard-Star/trusted_domain/FreeRTOS-Kernel/timers.c **** 
 739              		.loc 1 681 20 is_stmt 0
 740 0014 97000000 		call	xTaskGetTickCount
 740      E7800000 
 741              	.LVL80:
 742 001c 13040500 		mv	s0,a0
 743              	.LVL81:
 683:/home/zz/quard-start/Quard-Star/trusted_domain/FreeRTOS-Kernel/timers.c ****         {
 744              		.loc 1 683 9 is_stmt 1
 683:/home/zz/quard-start/Quard-Star/trusted_domain/FreeRTOS-Kernel/timers.c ****         {
 745              		.loc 1 683 22 is_stmt 0
 746 0020 97070000 		ld	a5,xLastTime.0
 746      83B70700 
 683:/home/zz/quard-start/Quard-Star/trusted_domain/FreeRTOS-Kernel/timers.c ****         {
GAS LISTING /tmp/ccRebiBI.s 			page 35


 747              		.loc 1 683 11
 748 0028 6364F502 		bgtu	a5,a0,.L54
 690:/home/zz/quard-start/Quard-Star/trusted_domain/FreeRTOS-Kernel/timers.c ****         }
 749              		.loc 1 690 13 is_stmt 1
 690:/home/zz/quard-start/Quard-Star/trusted_domain/FreeRTOS-Kernel/timers.c ****         }
 750              		.loc 1 690 39 is_stmt 0
 751 002c 23B00400 		sd	zero,0(s1)
 752              	.L52:
 693:/home/zz/quard-start/Quard-Star/trusted_domain/FreeRTOS-Kernel/timers.c **** 
 753              		.loc 1 693 9 is_stmt 1
 693:/home/zz/quard-start/Quard-Star/trusted_domain/FreeRTOS-Kernel/timers.c **** 
 754              		.loc 1 693 19 is_stmt 0
 755 0030 97070000 		sd	s0,xLastTime.0,a5
 755      23B08700 
 695:/home/zz/quard-start/Quard-Star/trusted_domain/FreeRTOS-Kernel/timers.c ****     }
 756              		.loc 1 695 9 is_stmt 1
 696:/home/zz/quard-start/Quard-Star/trusted_domain/FreeRTOS-Kernel/timers.c **** /*-----------------------------------------------------------*/
 757              		.loc 1 696 5 is_stmt 0
 758 0038 13050400 		mv	a0,s0
 759 003c 83308101 		ld	ra,24(sp)
 760              		.cfi_remember_state
 761              		.cfi_restore 1
 762 0040 03340101 		ld	s0,16(sp)
 763              		.cfi_restore 8
 764              	.LVL82:
 765 0044 83348100 		ld	s1,8(sp)
 766              		.cfi_restore 9
 767              	.LVL83:
 768 0048 13010102 		addi	sp,sp,32
 769              	.LCFI21:
 770              		.cfi_def_cfa_offset 0
 771 004c 67800000 		jr	ra
 772              	.LVL84:
 773              	.L54:
 774              	.LCFI22:
 775              		.cfi_restore_state
 685:/home/zz/quard-start/Quard-Star/trusted_domain/FreeRTOS-Kernel/timers.c ****             *pxTimerListsWereSwitched = pdTRUE;
 776              		.loc 1 685 13 is_stmt 1
 777 0050 97000000 		call	prvSwitchTimerLists
 777      E7800000 
 778              	.LVL85:
 686:/home/zz/quard-start/Quard-Star/trusted_domain/FreeRTOS-Kernel/timers.c ****         }
 779              		.loc 1 686 13
 686:/home/zz/quard-start/Quard-Star/trusted_domain/FreeRTOS-Kernel/timers.c ****         }
 780              		.loc 1 686 39 is_stmt 0
 781 0058 93071000 		li	a5,1
 782 005c 23B0F400 		sd	a5,0(s1)
 783 0060 6FF01FFD 		j	.L52
 784              		.cfi_endproc
 785              	.LFE15:
 787              		.section	.text.prvProcessExpiredTimer,"ax",@progbits
 788              		.align	2
 790              	prvProcessExpiredTimer:
 791              	.LFB11:
 510:/home/zz/quard-start/Quard-Star/trusted_domain/FreeRTOS-Kernel/timers.c ****         BaseType_t xResult;
 792              		.loc 1 510 5 is_stmt 1
 793              		.cfi_startproc
GAS LISTING /tmp/ccRebiBI.s 			page 36


 794              	.LVL86:
 795 0000 130101FE 		addi	sp,sp,-32
 796              	.LCFI23:
 797              		.cfi_def_cfa_offset 32
 798 0004 233C1100 		sd	ra,24(sp)
 799 0008 23388100 		sd	s0,16(sp)
 800 000c 23349100 		sd	s1,8(sp)
 801 0010 23302101 		sd	s2,0(sp)
 802              		.cfi_offset 1, -8
 803              		.cfi_offset 8, -16
 804              		.cfi_offset 9, -24
 805              		.cfi_offset 18, -32
 806 0014 93040500 		mv	s1,a0
 807 0018 13890500 		mv	s2,a1
 511:/home/zz/quard-start/Quard-Star/trusted_domain/FreeRTOS-Kernel/timers.c ****         Timer_t * const pxTimer = ( Timer_t * ) listGET_OWNER_OF_HEAD_ENTRY( pxCurrentTimerList ); 
 808              		.loc 1 511 9
 512:/home/zz/quard-start/Quard-Star/trusted_domain/FreeRTOS-Kernel/timers.c **** 
 809              		.loc 1 512 9
 512:/home/zz/quard-start/Quard-Star/trusted_domain/FreeRTOS-Kernel/timers.c **** 
 810              		.loc 1 512 49 is_stmt 0
 811 001c 97070000 		ld	a5,pxCurrentTimerList
 811      83B70700 
 812 0024 83B78701 		ld	a5,24(a5)
 512:/home/zz/quard-start/Quard-Star/trusted_domain/FreeRTOS-Kernel/timers.c **** 
 813              		.loc 1 512 25
 814 0028 03B48701 		ld	s0,24(a5)
 815              	.LVL87:
 517:/home/zz/quard-start/Quard-Star/trusted_domain/FreeRTOS-Kernel/timers.c ****         traceTIMER_EXPIRED( pxTimer );
 816              		.loc 1 517 9 is_stmt 1
 517:/home/zz/quard-start/Quard-Star/trusted_domain/FreeRTOS-Kernel/timers.c ****         traceTIMER_EXPIRED( pxTimer );
 817              		.loc 1 517 18 is_stmt 0
 818 002c 13058400 		addi	a0,s0,8
 819              	.LVL88:
 820 0030 97000000 		call	uxListRemove
 820      E7800000 
 821              	.LVL89:
 518:/home/zz/quard-start/Quard-Star/trusted_domain/FreeRTOS-Kernel/timers.c **** 
 822              		.loc 1 518 38 is_stmt 1
 522:/home/zz/quard-start/Quard-Star/trusted_domain/FreeRTOS-Kernel/timers.c ****         {
 823              		.loc 1 522 9
 522:/home/zz/quard-start/Quard-Star/trusted_domain/FreeRTOS-Kernel/timers.c ****         {
 824              		.loc 1 522 22 is_stmt 0
 825 0038 83470405 		lbu	a5,80(s0)
 522:/home/zz/quard-start/Quard-Star/trusted_domain/FreeRTOS-Kernel/timers.c ****         {
 826              		.loc 1 522 11
 827 003c 13F74700 		andi	a4,a5,4
 828 0040 63180702 		bne	a4,zero,.L59
 542:/home/zz/quard-start/Quard-Star/trusted_domain/FreeRTOS-Kernel/timers.c ****             mtCOVERAGE_TEST_MARKER();
 829              		.loc 1 542 13 is_stmt 1
 542:/home/zz/quard-start/Quard-Star/trusted_domain/FreeRTOS-Kernel/timers.c ****             mtCOVERAGE_TEST_MARKER();
 830              		.loc 1 542 31 is_stmt 0
 831 0044 93F7E7FF 		andi	a5,a5,-2
 832 0048 2308F404 		sb	a5,80(s0)
 833              	.L57:
 543:/home/zz/quard-start/Quard-Star/trusted_domain/FreeRTOS-Kernel/timers.c ****         }
 834              		.loc 1 543 37 is_stmt 1
 547:/home/zz/quard-start/Quard-Star/trusted_domain/FreeRTOS-Kernel/timers.c ****     }
GAS LISTING /tmp/ccRebiBI.s 			page 37


 835              		.loc 1 547 9
 547:/home/zz/quard-start/Quard-Star/trusted_domain/FreeRTOS-Kernel/timers.c ****     }
 836              		.loc 1 547 16 is_stmt 0
 837 004c 83370404 		ld	a5,64(s0)
 547:/home/zz/quard-start/Quard-Star/trusted_domain/FreeRTOS-Kernel/timers.c ****     }
 838              		.loc 1 547 9
 839 0050 13050400 		mv	a0,s0
 840 0054 E7800700 		jalr	a5
 841              	.LVL90:
 548:/home/zz/quard-start/Quard-Star/trusted_domain/FreeRTOS-Kernel/timers.c **** /*-----------------------------------------------------------*/
 842              		.loc 1 548 5
 843 0058 83308101 		ld	ra,24(sp)
 844              		.cfi_remember_state
 845              		.cfi_restore 1
 846 005c 03340101 		ld	s0,16(sp)
 847              		.cfi_restore 8
 848              	.LVL91:
 849 0060 83348100 		ld	s1,8(sp)
 850              		.cfi_restore 9
 851              	.LVL92:
 852 0064 03390100 		ld	s2,0(sp)
 853              		.cfi_restore 18
 854              	.LVL93:
 855 0068 13010102 		addi	sp,sp,32
 856              	.LCFI24:
 857              		.cfi_def_cfa_offset 0
 858 006c 67800000 		jr	ra
 859              	.LVL94:
 860              	.L59:
 861              	.LCFI25:
 862              		.cfi_restore_state
 527:/home/zz/quard-start/Quard-Star/trusted_domain/FreeRTOS-Kernel/timers.c ****             {
 863              		.loc 1 527 13 is_stmt 1
 527:/home/zz/quard-start/Quard-Star/trusted_domain/FreeRTOS-Kernel/timers.c ****             {
 864              		.loc 1 527 81 is_stmt 0
 865 0070 83350403 		ld	a1,48(s0)
 527:/home/zz/quard-start/Quard-Star/trusted_domain/FreeRTOS-Kernel/timers.c ****             {
 866              		.loc 1 527 17
 867 0074 93860400 		mv	a3,s1
 868 0078 13060900 		mv	a2,s2
 869 007c B3859500 		add	a1,a1,s1
 870 0080 13050400 		mv	a0,s0
 871 0084 97000000 		call	prvInsertTimerInActiveList
 871      E7800000 
 872              	.LVL95:
 527:/home/zz/quard-start/Quard-Star/trusted_domain/FreeRTOS-Kernel/timers.c ****             {
 873              		.loc 1 527 15
 874 008c E30005FC 		beq	a0,zero,.L57
 531:/home/zz/quard-start/Quard-Star/trusted_domain/FreeRTOS-Kernel/timers.c ****                 configASSERT( xResult );
 875              		.loc 1 531 17 is_stmt 1
 531:/home/zz/quard-start/Quard-Star/trusted_domain/FreeRTOS-Kernel/timers.c ****                 configASSERT( xResult );
 876              		.loc 1 531 27 is_stmt 0
 877 0090 13070000 		li	a4,0
 878 0094 93060000 		li	a3,0
 879 0098 13860400 		mv	a2,s1
 880 009c 93050000 		li	a1,0
 881 00a0 13050400 		mv	a0,s0
GAS LISTING /tmp/ccRebiBI.s 			page 38


 882 00a4 97000000 		call	xTimerGenericCommand
 882      E7800000 
 883              	.LVL96:
 532:/home/zz/quard-start/Quard-Star/trusted_domain/FreeRTOS-Kernel/timers.c ****                 ( void ) xResult;
 884              		.loc 1 532 40 is_stmt 1
 533:/home/zz/quard-start/Quard-Star/trusted_domain/FreeRTOS-Kernel/timers.c ****             }
 885              		.loc 1 533 17
 886 00ac 6FF01FFA 		j	.L57
 887              		.cfi_endproc
 888              	.LFE11:
 890              		.section	.text.prvProcessTimerOrBlockTask,"ax",@progbits
 891              		.align	2
 893              	prvProcessTimerOrBlockTask:
 894              	.LFB13:
 589:/home/zz/quard-start/Quard-Star/trusted_domain/FreeRTOS-Kernel/timers.c ****         TickType_t xTimeNow;
 895              		.loc 1 589 5
 896              		.cfi_startproc
 897              	.LVL97:
 898 0000 130101FD 		addi	sp,sp,-48
 899              	.LCFI26:
 900              		.cfi_def_cfa_offset 48
 901 0004 23341102 		sd	ra,40(sp)
 902 0008 23308102 		sd	s0,32(sp)
 903 000c 233C9100 		sd	s1,24(sp)
 904 0010 23382101 		sd	s2,16(sp)
 905              		.cfi_offset 1, -8
 906              		.cfi_offset 8, -16
 907              		.cfi_offset 9, -24
 908              		.cfi_offset 18, -32
 909 0014 13090500 		mv	s2,a0
 910 0018 13840500 		mv	s0,a1
 590:/home/zz/quard-start/Quard-Star/trusted_domain/FreeRTOS-Kernel/timers.c ****         BaseType_t xTimerListsWereSwitched;
 911              		.loc 1 590 9
 591:/home/zz/quard-start/Quard-Star/trusted_domain/FreeRTOS-Kernel/timers.c **** 
 912              		.loc 1 591 9
 593:/home/zz/quard-start/Quard-Star/trusted_domain/FreeRTOS-Kernel/timers.c ****         {
 913              		.loc 1 593 9
 914 001c 97000000 		call	vTaskSuspendAll
 914      E7800000 
 915              	.LVL98:
 600:/home/zz/quard-start/Quard-Star/trusted_domain/FreeRTOS-Kernel/timers.c **** 
 916              		.loc 1 600 13
 600:/home/zz/quard-start/Quard-Star/trusted_domain/FreeRTOS-Kernel/timers.c **** 
 917              		.loc 1 600 24 is_stmt 0
 918 0024 13058100 		addi	a0,sp,8
 919 0028 97000000 		call	prvSampleTimeNow
 919      E7800000 
 920              	.LVL99:
 602:/home/zz/quard-start/Quard-Star/trusted_domain/FreeRTOS-Kernel/timers.c ****             {
 921              		.loc 1 602 13 is_stmt 1
 602:/home/zz/quard-start/Quard-Star/trusted_domain/FreeRTOS-Kernel/timers.c ****             {
 922              		.loc 1 602 41 is_stmt 0
 923 0030 83378100 		ld	a5,8(sp)
 602:/home/zz/quard-start/Quard-Star/trusted_domain/FreeRTOS-Kernel/timers.c ****             {
 924              		.loc 1 602 15
 925 0034 639C0708 		bne	a5,zero,.L61
 926 0038 93040500 		mv	s1,a0
GAS LISTING /tmp/ccRebiBI.s 			page 39


 605:/home/zz/quard-start/Quard-Star/trusted_domain/FreeRTOS-Kernel/timers.c ****                 {
 927              		.loc 1 605 17 is_stmt 1
 605:/home/zz/quard-start/Quard-Star/trusted_domain/FreeRTOS-Kernel/timers.c ****                 {
 928              		.loc 1 605 19 is_stmt 0
 929 003c 63100406 		bne	s0,zero,.L62
 605:/home/zz/quard-start/Quard-Star/trusted_domain/FreeRTOS-Kernel/timers.c ****                 {
 930              		.loc 1 605 50 discriminator 1
 931 0040 63702505 		bgeu	a0,s2,.L67
 932              	.LVL100:
 933              	.L63:
 625:/home/zz/quard-start/Quard-Star/trusted_domain/FreeRTOS-Kernel/timers.c **** 
 934              		.loc 1 625 21 is_stmt 1
 935 0044 13060400 		mv	a2,s0
 936 0048 B3059940 		sub	a1,s2,s1
 937 004c 17050000 		ld	a0,xTimerQueue
 937      03350500 
 938              	.LVL101:
 939 0054 97000000 		call	vQueueWaitForMessageRestricted
 939      E7800000 
 940              	.LVL102:
 627:/home/zz/quard-start/Quard-Star/trusted_domain/FreeRTOS-Kernel/timers.c ****                     {
 941              		.loc 1 627 21
 627:/home/zz/quard-start/Quard-Star/trusted_domain/FreeRTOS-Kernel/timers.c ****                     {
 942              		.loc 1 627 25 is_stmt 0
 943 005c 97000000 		call	xTaskResumeAll
 943      E7800000 
 944              	.LVL103:
 627:/home/zz/quard-start/Quard-Star/trusted_domain/FreeRTOS-Kernel/timers.c ****                     {
 945              		.loc 1 627 23
 946 0064 630C0504 		beq	a0,zero,.L68
 947              	.LVL104:
 948              	.L60:
 646:/home/zz/quard-start/Quard-Star/trusted_domain/FreeRTOS-Kernel/timers.c **** /*-----------------------------------------------------------*/
 949              		.loc 1 646 5
 950 0068 83308102 		ld	ra,40(sp)
 951              		.cfi_remember_state
 952              		.cfi_restore 1
 953 006c 03340102 		ld	s0,32(sp)
 954              		.cfi_restore 8
 955              	.LVL105:
 956 0070 83348101 		ld	s1,24(sp)
 957              		.cfi_restore 9
 958 0074 03390101 		ld	s2,16(sp)
 959              		.cfi_restore 18
 960              	.LVL106:
 961 0078 13010103 		addi	sp,sp,48
 962              	.LCFI27:
 963              		.cfi_def_cfa_offset 0
 964 007c 67800000 		jr	ra
 965              	.LVL107:
 966              	.L67:
 967              	.LCFI28:
 968              		.cfi_restore_state
 607:/home/zz/quard-start/Quard-Star/trusted_domain/FreeRTOS-Kernel/timers.c ****                     prvProcessExpiredTimer( xNextExpireTime, xTimeNow );
 969              		.loc 1 607 21 is_stmt 1
 607:/home/zz/quard-start/Quard-Star/trusted_domain/FreeRTOS-Kernel/timers.c ****                     prvProcessExpiredTimer( xNextExpireTime, xTimeNow );
 970              		.loc 1 607 30 is_stmt 0
GAS LISTING /tmp/ccRebiBI.s 			page 40


 971 0080 97000000 		call	xTaskResumeAll
 971      E7800000 
 972              	.LVL108:
 608:/home/zz/quard-start/Quard-Star/trusted_domain/FreeRTOS-Kernel/timers.c ****                 }
 973              		.loc 1 608 21 is_stmt 1
 974 0088 93850400 		mv	a1,s1
 975 008c 13050900 		mv	a0,s2
 976 0090 97000000 		call	prvProcessExpiredTimer
 976      E7800000 
 977              	.LVL109:
 978 0098 6FF01FFD 		j	.L60
 979              	.L62:
 622:/home/zz/quard-start/Quard-Star/trusted_domain/FreeRTOS-Kernel/timers.c ****                     }
 980              		.loc 1 622 25
 622:/home/zz/quard-start/Quard-Star/trusted_domain/FreeRTOS-Kernel/timers.c ****                     }
 981              		.loc 1 622 41 is_stmt 0
 982 009c 17070000 		ld	a4,pxOverflowTimerList
 982      03370700 
 983 00a4 03370700 		ld	a4,0(a4)
 984 00a8 63160700 		bne	a4,zero,.L65
 985 00ac 13041000 		li	s0,1
 986              	.LVL110:
 987 00b0 6FF05FF9 		j	.L63
 988              	.LVL111:
 989              	.L65:
 990 00b4 13840700 		mv	s0,a5
 991              	.LVL112:
 992 00b8 6FF0DFF8 		j	.L63
 993              	.LVL113:
 994              	.L68:
 633:/home/zz/quard-start/Quard-Star/trusted_domain/FreeRTOS-Kernel/timers.c ****                     }
 995              		.loc 1 633 25 is_stmt 1
 996 00bc 13050008 		li	a0,128
 997 00c0 97000000 		call	sbi_send_ipi
 997      E7800000 
 998              	.LVL114:
 999 00c8 6FF01FFA 		j	.L60
 1000              	.LVL115:
 1001              	.L61:
 643:/home/zz/quard-start/Quard-Star/trusted_domain/FreeRTOS-Kernel/timers.c ****             }
 1002              		.loc 1 643 17
 643:/home/zz/quard-start/Quard-Star/trusted_domain/FreeRTOS-Kernel/timers.c ****             }
 1003              		.loc 1 643 26 is_stmt 0
 1004 00cc 97000000 		call	xTaskResumeAll
 1004      E7800000 
 1005              	.LVL116:
 646:/home/zz/quard-start/Quard-Star/trusted_domain/FreeRTOS-Kernel/timers.c **** /*-----------------------------------------------------------*/
 1006              		.loc 1 646 5
 1007 00d4 6FF05FF9 		j	.L60
 1008              		.cfi_endproc
 1009              	.LFE13:
 1011              		.section	.text.prvProcessReceivedCommands,"ax",@progbits
 1012              		.align	2
 1014              	prvProcessReceivedCommands:
 1015              	.LFB17:
 744:/home/zz/quard-start/Quard-Star/trusted_domain/FreeRTOS-Kernel/timers.c ****         DaemonTaskMessage_t xMessage;
 1016              		.loc 1 744 5 is_stmt 1
GAS LISTING /tmp/ccRebiBI.s 			page 41


 1017              		.cfi_startproc
 1018 0000 130101FC 		addi	sp,sp,-64
 1019              	.LCFI29:
 1020              		.cfi_def_cfa_offset 64
 1021 0004 233C1102 		sd	ra,56(sp)
 1022 0008 23388102 		sd	s0,48(sp)
 1023              		.cfi_offset 1, -8
 1024              		.cfi_offset 8, -16
 745:/home/zz/quard-start/Quard-Star/trusted_domain/FreeRTOS-Kernel/timers.c ****         Timer_t * pxTimer;
 1025              		.loc 1 745 9
 746:/home/zz/quard-start/Quard-Star/trusted_domain/FreeRTOS-Kernel/timers.c ****         BaseType_t xTimerListsWereSwitched, xResult;
 1026              		.loc 1 746 9
 747:/home/zz/quard-start/Quard-Star/trusted_domain/FreeRTOS-Kernel/timers.c ****         TickType_t xTimeNow;
 1027              		.loc 1 747 9
 748:/home/zz/quard-start/Quard-Star/trusted_domain/FreeRTOS-Kernel/timers.c **** 
 1028              		.loc 1 748 9
 750:/home/zz/quard-start/Quard-Star/trusted_domain/FreeRTOS-Kernel/timers.c ****         {
 1029              		.loc 1 750 9
 750:/home/zz/quard-start/Quard-Star/trusted_domain/FreeRTOS-Kernel/timers.c ****         {
 1030              		.loc 1 750 14 is_stmt 0
 1031 000c 6F00C000 		j	.L72
 1032              	.L71:
 769:/home/zz/quard-start/Quard-Star/trusted_domain/FreeRTOS-Kernel/timers.c ****                     }
 1033              		.loc 1 769 49 is_stmt 1
 776:/home/zz/quard-start/Quard-Star/trusted_domain/FreeRTOS-Kernel/timers.c ****             {
 1034              		.loc 1 776 13
 776:/home/zz/quard-start/Quard-Star/trusted_domain/FreeRTOS-Kernel/timers.c ****             {
 1035              		.loc 1 776 25 is_stmt 0
 1036 0010 83370101 		ld	a5,16(sp)
 776:/home/zz/quard-start/Quard-Star/trusted_domain/FreeRTOS-Kernel/timers.c ****             {
 1037              		.loc 1 776 15
 1038 0014 63DE0702 		bge	a5,zero,.L84
 1039              	.L72:
 750:/home/zz/quard-start/Quard-Star/trusted_domain/FreeRTOS-Kernel/timers.c ****         {
 1040              		.loc 1 750 69 is_stmt 1
 750:/home/zz/quard-start/Quard-Star/trusted_domain/FreeRTOS-Kernel/timers.c ****         {
 1041              		.loc 1 750 16 is_stmt 0
 1042 0018 13060000 		li	a2,0
 1043 001c 93050101 		addi	a1,sp,16
 1044 0020 17050000 		ld	a0,xTimerQueue
 1044      03350500 
 1045 0028 97000000 		call	xQueueReceive
 1045      E7800000 
 1046              	.LVL117:
 750:/home/zz/quard-start/Quard-Star/trusted_domain/FreeRTOS-Kernel/timers.c ****         {
 1047              		.loc 1 750 69
 1048 0030 63000514 		beq	a0,zero,.L85
 756:/home/zz/quard-start/Quard-Star/trusted_domain/FreeRTOS-Kernel/timers.c ****                     {
 1049              		.loc 1 756 21 is_stmt 1
 756:/home/zz/quard-start/Quard-Star/trusted_domain/FreeRTOS-Kernel/timers.c ****                     {
 1050              		.loc 1 756 33 is_stmt 0
 1051 0034 83370101 		ld	a5,16(sp)
 756:/home/zz/quard-start/Quard-Star/trusted_domain/FreeRTOS-Kernel/timers.c ****                     {
 1052              		.loc 1 756 23
 1053 0038 E3DC07FC 		bge	a5,zero,.L71
 1054              	.LBB2:
 758:/home/zz/quard-start/Quard-Star/trusted_domain/FreeRTOS-Kernel/timers.c **** 
GAS LISTING /tmp/ccRebiBI.s 			page 42


 1055              		.loc 1 758 25 is_stmt 1
 1056              	.LVL118:
 762:/home/zz/quard-start/Quard-Star/trusted_domain/FreeRTOS-Kernel/timers.c **** 
 1057              		.loc 1 762 51
 765:/home/zz/quard-start/Quard-Star/trusted_domain/FreeRTOS-Kernel/timers.c ****                     }
 1058              		.loc 1 765 25
 1059 003c 83258102 		lw	a1,40(sp)
 1060 0040 03350102 		ld	a0,32(sp)
 1061 0044 83378101 		ld	a5,24(sp)
 1062 0048 E7800700 		jalr	a5
 1063              	.LVL119:
 1064              	.LBE2:
 1065 004c 6FF05FFC 		j	.L71
 1066              	.LVL120:
 1067              	.L84:
 780:/home/zz/quard-start/Quard-Star/trusted_domain/FreeRTOS-Kernel/timers.c **** 
 1068              		.loc 1 780 17
 780:/home/zz/quard-start/Quard-Star/trusted_domain/FreeRTOS-Kernel/timers.c **** 
 1069              		.loc 1 780 25 is_stmt 0
 1070 0050 03340102 		ld	s0,32(sp)
 1071              	.LVL121:
 782:/home/zz/quard-start/Quard-Star/trusted_domain/FreeRTOS-Kernel/timers.c ****                 {
 1072              		.loc 1 782 17 is_stmt 1
 782:/home/zz/quard-start/Quard-Star/trusted_domain/FreeRTOS-Kernel/timers.c ****                 {
 1073              		.loc 1 782 21 is_stmt 0
 1074 0054 83378402 		ld	a5,40(s0)
 782:/home/zz/quard-start/Quard-Star/trusted_domain/FreeRTOS-Kernel/timers.c ****                 {
 1075              		.loc 1 782 19
 1076 0058 63880700 		beq	a5,zero,.L73
 785:/home/zz/quard-start/Quard-Star/trusted_domain/FreeRTOS-Kernel/timers.c ****                 }
 1077              		.loc 1 785 21 is_stmt 1
 785:/home/zz/quard-start/Quard-Star/trusted_domain/FreeRTOS-Kernel/timers.c ****                 }
 1078              		.loc 1 785 30 is_stmt 0
 1079 005c 13058400 		addi	a0,s0,8
 1080 0060 97000000 		call	uxListRemove
 1080      E7800000 
 1081              	.LVL122:
 1082              	.L73:
 789:/home/zz/quard-start/Quard-Star/trusted_domain/FreeRTOS-Kernel/timers.c ****                 }
 1083              		.loc 1 789 45 is_stmt 1
 792:/home/zz/quard-start/Quard-Star/trusted_domain/FreeRTOS-Kernel/timers.c **** 
 1084              		.loc 1 792 119
 800:/home/zz/quard-start/Quard-Star/trusted_domain/FreeRTOS-Kernel/timers.c **** 
 1085              		.loc 1 800 17
 800:/home/zz/quard-start/Quard-Star/trusted_domain/FreeRTOS-Kernel/timers.c **** 
 1086              		.loc 1 800 28 is_stmt 0
 1087 0068 13058100 		addi	a0,sp,8
 1088 006c 97000000 		call	prvSampleTimeNow
 1088      E7800000 
 1089              	.LVL123:
 802:/home/zz/quard-start/Quard-Star/trusted_domain/FreeRTOS-Kernel/timers.c ****                 {
 1090              		.loc 1 802 17 is_stmt 1
 802:/home/zz/quard-start/Quard-Star/trusted_domain/FreeRTOS-Kernel/timers.c ****                 {
 1091              		.loc 1 802 33 is_stmt 0
 1092 0074 83370101 		ld	a5,16(sp)
 802:/home/zz/quard-start/Quard-Star/trusted_domain/FreeRTOS-Kernel/timers.c ****                 {
 1093              		.loc 1 802 17
GAS LISTING /tmp/ccRebiBI.s 			page 43


 1094 0078 13079000 		li	a4,9
 1095 007c E36EF7F8 		bgtu	a5,a4,.L72
 1096 0080 93972700 		slli	a5,a5,2
 1097 0084 17070000 		lla	a4,.L76
 1097      13070700 
 1098 008c B387E700 		add	a5,a5,a4
 1099 0090 83A70700 		lw	a5,0(a5)
 1100 0094 B387E700 		add	a5,a5,a4
 1101 0098 67800700 		jr	a5
 1102              		.section	.rodata.prvProcessReceivedCommands,"a",@progbits
 1103              		.align	2
 1104              		.align	2
 1105              	.L76:
 1106 0000 00000000 		.word	.L78-.L76
 1107 0004 00000000 		.word	.L78-.L76
 1108 0008 00000000 		.word	.L78-.L76
 1109 000c 00000000 		.word	.L77-.L76
 1110 0010 00000000 		.word	.L75-.L76
 1111 0014 00000000 		.word	.L79-.L76
 1112 0018 00000000 		.word	.L78-.L76
 1113 001c 00000000 		.word	.L78-.L76
 1114 0020 00000000 		.word	.L77-.L76
 1115 0024 00000000 		.word	.L75-.L76
 1116              		.section	.text.prvProcessReceivedCommands
 1117              	.L78:
 810:/home/zz/quard-start/Quard-Star/trusted_domain/FreeRTOS-Kernel/timers.c **** 
 1118              		.loc 1 810 25 is_stmt 1
 810:/home/zz/quard-start/Quard-Star/trusted_domain/FreeRTOS-Kernel/timers.c **** 
 1119              		.loc 1 810 32 is_stmt 0
 1120 009c 83470405 		lbu	a5,80(s0)
 810:/home/zz/quard-start/Quard-Star/trusted_domain/FreeRTOS-Kernel/timers.c **** 
 1121              		.loc 1 810 43
 1122 00a0 93E71700 		ori	a5,a5,1
 1123 00a4 2308F404 		sb	a5,80(s0)
 812:/home/zz/quard-start/Quard-Star/trusted_domain/FreeRTOS-Kernel/timers.c ****                         {
 1124              		.loc 1 812 25 is_stmt 1
 812:/home/zz/quard-start/Quard-Star/trusted_domain/FreeRTOS-Kernel/timers.c ****                         {
 1125              		.loc 1 812 93 is_stmt 0
 1126 00a8 83368101 		ld	a3,24(sp)
 812:/home/zz/quard-start/Quard-Star/trusted_domain/FreeRTOS-Kernel/timers.c ****                         {
 1127              		.loc 1 812 117
 1128 00ac 83350403 		ld	a1,48(s0)
 812:/home/zz/quard-start/Quard-Star/trusted_domain/FreeRTOS-Kernel/timers.c ****                         {
 1129              		.loc 1 812 29
 1130 00b0 13060500 		mv	a2,a0
 1131 00b4 B385B600 		add	a1,a3,a1
 1132 00b8 13050400 		mv	a0,s0
 1133              	.LVL124:
 1134 00bc 97000000 		call	prvInsertTimerInActiveList
 1134      E7800000 
 1135              	.LVL125:
 812:/home/zz/quard-start/Quard-Star/trusted_domain/FreeRTOS-Kernel/timers.c ****                         {
 1136              		.loc 1 812 27
 1137 00c4 E30A05F4 		beq	a0,zero,.L72
 816:/home/zz/quard-start/Quard-Star/trusted_domain/FreeRTOS-Kernel/timers.c ****                             traceTIMER_EXPIRED( pxTimer );
 1138              		.loc 1 816 29 is_stmt 1
 816:/home/zz/quard-start/Quard-Star/trusted_domain/FreeRTOS-Kernel/timers.c ****                             traceTIMER_EXPIRED( pxTimer );
GAS LISTING /tmp/ccRebiBI.s 			page 44


 1139              		.loc 1 816 36 is_stmt 0
 1140 00c8 83370404 		ld	a5,64(s0)
 816:/home/zz/quard-start/Quard-Star/trusted_domain/FreeRTOS-Kernel/timers.c ****                             traceTIMER_EXPIRED( pxTimer );
 1141              		.loc 1 816 29
 1142 00cc 13050400 		mv	a0,s0
 1143 00d0 E7800700 		jalr	a5
 1144              	.LVL126:
 817:/home/zz/quard-start/Quard-Star/trusted_domain/FreeRTOS-Kernel/timers.c **** 
 1145              		.loc 1 817 58 is_stmt 1
 819:/home/zz/quard-start/Quard-Star/trusted_domain/FreeRTOS-Kernel/timers.c ****                             {
 1146              		.loc 1 819 29
 819:/home/zz/quard-start/Quard-Star/trusted_domain/FreeRTOS-Kernel/timers.c ****                             {
 1147              		.loc 1 819 42 is_stmt 0
 1148 00d4 83470405 		lbu	a5,80(s0)
 819:/home/zz/quard-start/Quard-Star/trusted_domain/FreeRTOS-Kernel/timers.c ****                             {
 1149              		.loc 1 819 31
 1150 00d8 93F74700 		andi	a5,a5,4
 1151 00dc E38E07F2 		beq	a5,zero,.L72
 821:/home/zz/quard-start/Quard-Star/trusted_domain/FreeRTOS-Kernel/timers.c ****                                 configASSERT( xResult );
 1152              		.loc 1 821 33 is_stmt 1
 821:/home/zz/quard-start/Quard-Star/trusted_domain/FreeRTOS-Kernel/timers.c ****                                 configASSERT( xResult );
 1153              		.loc 1 821 154 is_stmt 0
 1154 00e0 83370403 		ld	a5,48(s0)
 821:/home/zz/quard-start/Quard-Star/trusted_domain/FreeRTOS-Kernel/timers.c ****                                 configASSERT( xResult );
 1155              		.loc 1 821 43
 1156 00e4 13070000 		li	a4,0
 1157 00e8 93060000 		li	a3,0
 1158 00ec 03368101 		ld	a2,24(sp)
 1159 00f0 3306F600 		add	a2,a2,a5
 1160 00f4 93050000 		li	a1,0
 1161 00f8 13050400 		mv	a0,s0
 1162 00fc 97000000 		call	xTimerGenericCommand
 1162      E7800000 
 1163              	.LVL127:
 822:/home/zz/quard-start/Quard-Star/trusted_domain/FreeRTOS-Kernel/timers.c ****                                 ( void ) xResult;
 1164              		.loc 1 822 56 is_stmt 1
 823:/home/zz/quard-start/Quard-Star/trusted_domain/FreeRTOS-Kernel/timers.c ****                             }
 1165              		.loc 1 823 33
 1166 0104 6FF05FF1 		j	.L72
 1167              	.LVL128:
 1168              	.L77:
 840:/home/zz/quard-start/Quard-Star/trusted_domain/FreeRTOS-Kernel/timers.c ****                         break;
 1169              		.loc 1 840 25
 840:/home/zz/quard-start/Quard-Star/trusted_domain/FreeRTOS-Kernel/timers.c ****                         break;
 1170              		.loc 1 840 32 is_stmt 0
 1171 0108 83470405 		lbu	a5,80(s0)
 840:/home/zz/quard-start/Quard-Star/trusted_domain/FreeRTOS-Kernel/timers.c ****                         break;
 1172              		.loc 1 840 43
 1173 010c 93F7E7FF 		andi	a5,a5,-2
 1174 0110 2308F404 		sb	a5,80(s0)
 841:/home/zz/quard-start/Quard-Star/trusted_domain/FreeRTOS-Kernel/timers.c **** 
 1175              		.loc 1 841 25 is_stmt 1
 1176 0114 6FF05FF0 		j	.L72
 1177              	.L75:
 845:/home/zz/quard-start/Quard-Star/trusted_domain/FreeRTOS-Kernel/timers.c ****                         pxTimer->xTimerPeriodInTicks = xMessage.u.xTimerParameters.xMessageValue;
 1178              		.loc 1 845 25
 845:/home/zz/quard-start/Quard-Star/trusted_domain/FreeRTOS-Kernel/timers.c ****                         pxTimer->xTimerPeriodInTicks = xMessage.u.xTimerParameters.xMessageValue;
GAS LISTING /tmp/ccRebiBI.s 			page 45


 1179              		.loc 1 845 32 is_stmt 0
 1180 0118 83470405 		lbu	a5,80(s0)
 845:/home/zz/quard-start/Quard-Star/trusted_domain/FreeRTOS-Kernel/timers.c ****                         pxTimer->xTimerPeriodInTicks = xMessage.u.xTimerParameters.xMessageValue;
 1181              		.loc 1 845 43
 1182 011c 93E71700 		ori	a5,a5,1
 1183 0120 2308F404 		sb	a5,80(s0)
 846:/home/zz/quard-start/Quard-Star/trusted_domain/FreeRTOS-Kernel/timers.c ****                         configASSERT( ( pxTimer->xTimerPeriodInTicks > 0 ) );
 1184              		.loc 1 846 25 is_stmt 1
 846:/home/zz/quard-start/Quard-Star/trusted_domain/FreeRTOS-Kernel/timers.c ****                         configASSERT( ( pxTimer->xTimerPeriodInTicks > 0 ) );
 1185              		.loc 1 846 83 is_stmt 0
 1186 0124 83358101 		ld	a1,24(sp)
 846:/home/zz/quard-start/Quard-Star/trusted_domain/FreeRTOS-Kernel/timers.c ****                         configASSERT( ( pxTimer->xTimerPeriodInTicks > 0 ) );
 1187              		.loc 1 846 54
 1188 0128 2338B402 		sd	a1,48(s0)
 847:/home/zz/quard-start/Quard-Star/trusted_domain/FreeRTOS-Kernel/timers.c **** 
 1189              		.loc 1 847 77 is_stmt 1
 855:/home/zz/quard-start/Quard-Star/trusted_domain/FreeRTOS-Kernel/timers.c ****                         break;
 1190              		.loc 1 855 25
 855:/home/zz/quard-start/Quard-Star/trusted_domain/FreeRTOS-Kernel/timers.c ****                         break;
 1191              		.loc 1 855 34 is_stmt 0
 1192 012c 93060500 		mv	a3,a0
 1193 0130 13060500 		mv	a2,a0
 1194 0134 B385A500 		add	a1,a1,a0
 1195 0138 13050400 		mv	a0,s0
 1196              	.LVL129:
 1197 013c 97000000 		call	prvInsertTimerInActiveList
 1197      E7800000 
 1198              	.LVL130:
 856:/home/zz/quard-start/Quard-Star/trusted_domain/FreeRTOS-Kernel/timers.c **** 
 1199              		.loc 1 856 25 is_stmt 1
 1200 0144 6FF05FED 		j	.L72
 1201              	.LVL131:
 1202              	.L79:
 864:/home/zz/quard-start/Quard-Star/trusted_domain/FreeRTOS-Kernel/timers.c ****                                 {
 1203              		.loc 1 864 33
 864:/home/zz/quard-start/Quard-Star/trusted_domain/FreeRTOS-Kernel/timers.c ****                                 {
 1204              		.loc 1 864 46 is_stmt 0
 1205 0148 83470405 		lbu	a5,80(s0)
 864:/home/zz/quard-start/Quard-Star/trusted_domain/FreeRTOS-Kernel/timers.c ****                                 {
 1206              		.loc 1 864 35
 1207 014c 13F72700 		andi	a4,a5,2
 1208 0150 63080700 		beq	a4,zero,.L86
 870:/home/zz/quard-start/Quard-Star/trusted_domain/FreeRTOS-Kernel/timers.c ****                                 }
 1209              		.loc 1 870 37 is_stmt 1
 870:/home/zz/quard-start/Quard-Star/trusted_domain/FreeRTOS-Kernel/timers.c ****                                 }
 1210              		.loc 1 870 55 is_stmt 0
 1211 0154 93F7E7FF 		andi	a5,a5,-2
 1212 0158 2308F404 		sb	a5,80(s0)
 1213 015c 6FF0DFEB 		j	.L72
 1214              	.L86:
 866:/home/zz/quard-start/Quard-Star/trusted_domain/FreeRTOS-Kernel/timers.c ****                                 }
 1215              		.loc 1 866 37 is_stmt 1
 1216 0160 13050400 		mv	a0,s0
 1217              	.LVL132:
 1218 0164 97000000 		call	vPortFree
 1218      E7800000 
 1219              	.LVL133:
GAS LISTING /tmp/ccRebiBI.s 			page 46


 1220 016c 6FF0DFEA 		j	.L72
 1221              	.LVL134:
 1222              	.L85:
 890:/home/zz/quard-start/Quard-Star/trusted_domain/FreeRTOS-Kernel/timers.c **** /*-----------------------------------------------------------*/
 1223              		.loc 1 890 5 is_stmt 0
 1224 0170 83308103 		ld	ra,56(sp)
 1225              		.cfi_restore 1
 1226 0174 03340103 		ld	s0,48(sp)
 1227              		.cfi_restore 8
 1228 0178 13010104 		addi	sp,sp,64
 1229              	.LCFI30:
 1230              		.cfi_def_cfa_offset 0
 1231 017c 67800000 		jr	ra
 1232              		.cfi_endproc
 1233              	.LFE17:
 1235              		.section	.text.prvTimerTask,"ax",@progbits
 1236              		.align	2
 1238              	prvTimerTask:
 1239              	.LFB12:
 552:/home/zz/quard-start/Quard-Star/trusted_domain/FreeRTOS-Kernel/timers.c ****         TickType_t xNextExpireTime;
 1240              		.loc 1 552 5 is_stmt 1
 1241              		.cfi_startproc
 1242              	.LVL135:
 1243 0000 130101FE 		addi	sp,sp,-32
 1244              	.LCFI31:
 1245              		.cfi_def_cfa_offset 32
 1246 0004 233C1100 		sd	ra,24(sp)
 1247              		.cfi_offset 1, -8
 1248              	.LVL136:
 1249              	.L88:
 553:/home/zz/quard-start/Quard-Star/trusted_domain/FreeRTOS-Kernel/timers.c ****         BaseType_t xListWasEmpty;
 1250              		.loc 1 553 9 discriminator 1
 554:/home/zz/quard-start/Quard-Star/trusted_domain/FreeRTOS-Kernel/timers.c **** 
 1251              		.loc 1 554 9 discriminator 1
 557:/home/zz/quard-start/Quard-Star/trusted_domain/FreeRTOS-Kernel/timers.c **** 
 1252              		.loc 1 557 9 discriminator 1
 571:/home/zz/quard-start/Quard-Star/trusted_domain/FreeRTOS-Kernel/timers.c ****         {
 1253              		.loc 1 571 9 discriminator 1
 575:/home/zz/quard-start/Quard-Star/trusted_domain/FreeRTOS-Kernel/timers.c **** 
 1254              		.loc 1 575 13 discriminator 1
 575:/home/zz/quard-start/Quard-Star/trusted_domain/FreeRTOS-Kernel/timers.c **** 
 1255              		.loc 1 575 31 is_stmt 0 discriminator 1
 1256 0008 13058100 		addi	a0,sp,8
 1257 000c 97000000 		call	prvGetNextExpireTime
 1257      E7800000 
 1258              	.LVL137:
 579:/home/zz/quard-start/Quard-Star/trusted_domain/FreeRTOS-Kernel/timers.c **** 
 1259              		.loc 1 579 13 is_stmt 1 discriminator 1
 1260 0014 83358100 		ld	a1,8(sp)
 1261 0018 97000000 		call	prvProcessTimerOrBlockTask
 1261      E7800000 
 1262              	.LVL138:
 582:/home/zz/quard-start/Quard-Star/trusted_domain/FreeRTOS-Kernel/timers.c ****         }
 1263              		.loc 1 582 13 discriminator 1
 1264 0020 97000000 		call	prvProcessReceivedCommands
 1264      E7800000 
 1265              	.LVL139:
GAS LISTING /tmp/ccRebiBI.s 			page 47


 571:/home/zz/quard-start/Quard-Star/trusted_domain/FreeRTOS-Kernel/timers.c ****         {
 1266              		.loc 1 571 9 discriminator 1
 1267 0028 6FF01FFE 		j	.L88
 1268              		.cfi_endproc
 1269              	.LFE12:
 1271              		.section	.text.xTimerGetTimerDaemonTaskHandle,"ax",@progbits
 1272              		.align	2
 1273              		.globl	xTimerGetTimerDaemonTaskHandle
 1275              	xTimerGetTimerDaemonTaskHandle:
 1276              	.LFB5:
 425:/home/zz/quard-start/Quard-Star/trusted_domain/FreeRTOS-Kernel/timers.c ****         /* If xTimerGetTimerDaemonTaskHandle() is called before the scheduler has been
 1277              		.loc 1 425 5
 1278              		.cfi_startproc
 428:/home/zz/quard-start/Quard-Star/trusted_domain/FreeRTOS-Kernel/timers.c ****         return xTimerTaskHandle;
 1279              		.loc 1 428 53
 429:/home/zz/quard-start/Quard-Star/trusted_domain/FreeRTOS-Kernel/timers.c ****     }
 1280              		.loc 1 429 9
 430:/home/zz/quard-start/Quard-Star/trusted_domain/FreeRTOS-Kernel/timers.c **** /*-----------------------------------------------------------*/
 1281              		.loc 1 430 5 is_stmt 0
 1282 0000 17050000 		ld	a0,xTimerTaskHandle
 1282      03350500 
 1283 0008 67800000 		ret
 1284              		.cfi_endproc
 1285              	.LFE5:
 1287              		.section	.text.xTimerGetPeriod,"ax",@progbits
 1288              		.align	2
 1289              		.globl	xTimerGetPeriod
 1291              	xTimerGetPeriod:
 1292              	.LFB6:
 434:/home/zz/quard-start/Quard-Star/trusted_domain/FreeRTOS-Kernel/timers.c ****         Timer_t * pxTimer = xTimer;
 1293              		.loc 1 434 5 is_stmt 1
 1294              		.cfi_startproc
 1295              	.LVL140:
 435:/home/zz/quard-start/Quard-Star/trusted_domain/FreeRTOS-Kernel/timers.c **** 
 1296              		.loc 1 435 9
 437:/home/zz/quard-start/Quard-Star/trusted_domain/FreeRTOS-Kernel/timers.c ****         return pxTimer->xTimerPeriodInTicks;
 1297              		.loc 1 437 31
 438:/home/zz/quard-start/Quard-Star/trusted_domain/FreeRTOS-Kernel/timers.c ****     }
 1298              		.loc 1 438 9
 439:/home/zz/quard-start/Quard-Star/trusted_domain/FreeRTOS-Kernel/timers.c **** /*-----------------------------------------------------------*/
 1299              		.loc 1 439 5 is_stmt 0
 1300 0000 03350503 		ld	a0,48(a0)
 1301              	.LVL141:
 1302 0004 67800000 		ret
 1303              		.cfi_endproc
 1304              	.LFE6:
 1306              		.section	.text.vTimerSetReloadMode,"ax",@progbits
 1307              		.align	2
 1308              		.globl	vTimerSetReloadMode
 1310              	vTimerSetReloadMode:
 1311              	.LFB7:
 444:/home/zz/quard-start/Quard-Star/trusted_domain/FreeRTOS-Kernel/timers.c ****         Timer_t * pxTimer = xTimer;
 1312              		.loc 1 444 5 is_stmt 1
 1313              		.cfi_startproc
 1314              	.LVL142:
 1315 0000 130101FE 		addi	sp,sp,-32
 1316              	.LCFI32:
GAS LISTING /tmp/ccRebiBI.s 			page 48


 1317              		.cfi_def_cfa_offset 32
 1318 0004 233C1100 		sd	ra,24(sp)
 1319 0008 23388100 		sd	s0,16(sp)
 1320 000c 23349100 		sd	s1,8(sp)
 1321              		.cfi_offset 1, -8
 1322              		.cfi_offset 8, -16
 1323              		.cfi_offset 9, -24
 1324 0010 13040500 		mv	s0,a0
 1325 0014 93840500 		mv	s1,a1
 445:/home/zz/quard-start/Quard-Star/trusted_domain/FreeRTOS-Kernel/timers.c **** 
 1326              		.loc 1 445 9
 1327              	.LVL143:
 447:/home/zz/quard-start/Quard-Star/trusted_domain/FreeRTOS-Kernel/timers.c ****         taskENTER_CRITICAL();
 1328              		.loc 1 447 31
 448:/home/zz/quard-start/Quard-Star/trusted_domain/FreeRTOS-Kernel/timers.c ****         {
 1329              		.loc 1 448 9
 1330 0018 97000000 		call	vTaskEnterCritical
 1330      E7800000 
 1331              	.LVL144:
 450:/home/zz/quard-start/Quard-Star/trusted_domain/FreeRTOS-Kernel/timers.c ****             {
 1332              		.loc 1 450 13
 450:/home/zz/quard-start/Quard-Star/trusted_domain/FreeRTOS-Kernel/timers.c ****             {
 1333              		.loc 1 450 15 is_stmt 0
 1334 0020 63860402 		beq	s1,zero,.L93
 452:/home/zz/quard-start/Quard-Star/trusted_domain/FreeRTOS-Kernel/timers.c ****             }
 1335              		.loc 1 452 17 is_stmt 1
 452:/home/zz/quard-start/Quard-Star/trusted_domain/FreeRTOS-Kernel/timers.c ****             }
 1336              		.loc 1 452 24 is_stmt 0
 1337 0024 83470405 		lbu	a5,80(s0)
 452:/home/zz/quard-start/Quard-Star/trusted_domain/FreeRTOS-Kernel/timers.c ****             }
 1338              		.loc 1 452 35
 1339 0028 93E74700 		ori	a5,a5,4
 1340 002c 2308F404 		sb	a5,80(s0)
 1341              	.L94:
 459:/home/zz/quard-start/Quard-Star/trusted_domain/FreeRTOS-Kernel/timers.c ****     }
 1342              		.loc 1 459 9 is_stmt 1
 1343 0030 97000000 		call	vTaskExitCritical
 1343      E7800000 
 1344              	.LVL145:
 460:/home/zz/quard-start/Quard-Star/trusted_domain/FreeRTOS-Kernel/timers.c **** /*-----------------------------------------------------------*/
 1345              		.loc 1 460 5 is_stmt 0
 1346 0038 83308101 		ld	ra,24(sp)
 1347              		.cfi_remember_state
 1348              		.cfi_restore 1
 1349 003c 03340101 		ld	s0,16(sp)
 1350              		.cfi_restore 8
 1351              	.LVL146:
 1352 0040 83348100 		ld	s1,8(sp)
 1353              		.cfi_restore 9
 1354              	.LVL147:
 1355 0044 13010102 		addi	sp,sp,32
 1356              	.LCFI33:
 1357              		.cfi_def_cfa_offset 0
 1358 0048 67800000 		jr	ra
 1359              	.LVL148:
 1360              	.L93:
 1361              	.LCFI34:
GAS LISTING /tmp/ccRebiBI.s 			page 49


 1362              		.cfi_restore_state
 456:/home/zz/quard-start/Quard-Star/trusted_domain/FreeRTOS-Kernel/timers.c ****             }
 1363              		.loc 1 456 17 is_stmt 1
 456:/home/zz/quard-start/Quard-Star/trusted_domain/FreeRTOS-Kernel/timers.c ****             }
 1364              		.loc 1 456 24 is_stmt 0
 1365 004c 83470405 		lbu	a5,80(s0)
 456:/home/zz/quard-start/Quard-Star/trusted_domain/FreeRTOS-Kernel/timers.c ****             }
 1366              		.loc 1 456 35
 1367 0050 93F7B7FF 		andi	a5,a5,-5
 1368 0054 2308F404 		sb	a5,80(s0)
 1369 0058 6FF09FFD 		j	.L94
 1370              		.cfi_endproc
 1371              	.LFE7:
 1373              		.section	.text.uxTimerGetReloadMode,"ax",@progbits
 1374              		.align	2
 1375              		.globl	uxTimerGetReloadMode
 1377              	uxTimerGetReloadMode:
 1378              	.LFB8:
 464:/home/zz/quard-start/Quard-Star/trusted_domain/FreeRTOS-Kernel/timers.c ****         Timer_t * pxTimer = xTimer;
 1379              		.loc 1 464 5 is_stmt 1
 1380              		.cfi_startproc
 1381              	.LVL149:
 1382 0000 130101FF 		addi	sp,sp,-16
 1383              	.LCFI35:
 1384              		.cfi_def_cfa_offset 16
 1385 0004 23341100 		sd	ra,8(sp)
 1386 0008 23308100 		sd	s0,0(sp)
 1387              		.cfi_offset 1, -8
 1388              		.cfi_offset 8, -16
 1389 000c 13040500 		mv	s0,a0
 465:/home/zz/quard-start/Quard-Star/trusted_domain/FreeRTOS-Kernel/timers.c ****         UBaseType_t uxReturn;
 1390              		.loc 1 465 9
 1391              	.LVL150:
 466:/home/zz/quard-start/Quard-Star/trusted_domain/FreeRTOS-Kernel/timers.c **** 
 1392              		.loc 1 466 9
 468:/home/zz/quard-start/Quard-Star/trusted_domain/FreeRTOS-Kernel/timers.c ****         taskENTER_CRITICAL();
 1393              		.loc 1 468 31
 469:/home/zz/quard-start/Quard-Star/trusted_domain/FreeRTOS-Kernel/timers.c ****         {
 1394              		.loc 1 469 9
 1395 0010 97000000 		call	vTaskEnterCritical
 1395      E7800000 
 1396              	.LVL151:
 471:/home/zz/quard-start/Quard-Star/trusted_domain/FreeRTOS-Kernel/timers.c ****             {
 1397              		.loc 1 471 13
 471:/home/zz/quard-start/Quard-Star/trusted_domain/FreeRTOS-Kernel/timers.c ****             {
 1398              		.loc 1 471 26 is_stmt 0
 1399 0018 83470405 		lbu	a5,80(s0)
 471:/home/zz/quard-start/Quard-Star/trusted_domain/FreeRTOS-Kernel/timers.c ****             {
 1400              		.loc 1 471 15
 1401 001c 93F74700 		andi	a5,a5,4
 1402 0020 63920702 		bne	a5,zero,.L98
 474:/home/zz/quard-start/Quard-Star/trusted_domain/FreeRTOS-Kernel/timers.c ****             }
 1403              		.loc 1 474 26
 1404 0024 13040000 		li	s0,0
 1405              	.LVL152:
 1406              	.L97:
 482:/home/zz/quard-start/Quard-Star/trusted_domain/FreeRTOS-Kernel/timers.c **** 
GAS LISTING /tmp/ccRebiBI.s 			page 50


 1407              		.loc 1 482 9 is_stmt 1
 1408 0028 97000000 		call	vTaskExitCritical
 1408      E7800000 
 1409              	.LVL153:
 484:/home/zz/quard-start/Quard-Star/trusted_domain/FreeRTOS-Kernel/timers.c ****     }
 1410              		.loc 1 484 9
 485:/home/zz/quard-start/Quard-Star/trusted_domain/FreeRTOS-Kernel/timers.c **** /*-----------------------------------------------------------*/
 1411              		.loc 1 485 5 is_stmt 0
 1412 0030 13050400 		mv	a0,s0
 1413 0034 83308100 		ld	ra,8(sp)
 1414              		.cfi_remember_state
 1415              		.cfi_restore 1
 1416 0038 03340100 		ld	s0,0(sp)
 1417              		.cfi_restore 8
 1418              	.LVL154:
 1419 003c 13010101 		addi	sp,sp,16
 1420              	.LCFI36:
 1421              		.cfi_def_cfa_offset 0
 1422 0040 67800000 		jr	ra
 1423              	.LVL155:
 1424              	.L98:
 1425              	.LCFI37:
 1426              		.cfi_restore_state
 479:/home/zz/quard-start/Quard-Star/trusted_domain/FreeRTOS-Kernel/timers.c ****             }
 1427              		.loc 1 479 26
 1428 0044 13041000 		li	s0,1
 1429              	.LVL156:
 1430 0048 6FF01FFE 		j	.L97
 1431              		.cfi_endproc
 1432              	.LFE8:
 1434              		.section	.text.xTimerGetExpiryTime,"ax",@progbits
 1435              		.align	2
 1436              		.globl	xTimerGetExpiryTime
 1438              	xTimerGetExpiryTime:
 1439              	.LFB9:
 489:/home/zz/quard-start/Quard-Star/trusted_domain/FreeRTOS-Kernel/timers.c ****         Timer_t * pxTimer = xTimer;
 1440              		.loc 1 489 5 is_stmt 1
 1441              		.cfi_startproc
 1442              	.LVL157:
 490:/home/zz/quard-start/Quard-Star/trusted_domain/FreeRTOS-Kernel/timers.c ****         TickType_t xReturn;
 1443              		.loc 1 490 9
 491:/home/zz/quard-start/Quard-Star/trusted_domain/FreeRTOS-Kernel/timers.c **** 
 1444              		.loc 1 491 9
 493:/home/zz/quard-start/Quard-Star/trusted_domain/FreeRTOS-Kernel/timers.c ****         xReturn = listGET_LIST_ITEM_VALUE( &( pxTimer->xTimerListItem ) );
 1445              		.loc 1 493 31
 494:/home/zz/quard-start/Quard-Star/trusted_domain/FreeRTOS-Kernel/timers.c ****         return xReturn;
 1446              		.loc 1 494 9
 495:/home/zz/quard-start/Quard-Star/trusted_domain/FreeRTOS-Kernel/timers.c ****     }
 1447              		.loc 1 495 9
 496:/home/zz/quard-start/Quard-Star/trusted_domain/FreeRTOS-Kernel/timers.c **** /*-----------------------------------------------------------*/
 1448              		.loc 1 496 5 is_stmt 0
 1449 0000 03358500 		ld	a0,8(a0)
 1450              	.LVL158:
 1451 0004 67800000 		ret
 1452              		.cfi_endproc
 1453              	.LFE9:
 1455              		.section	.text.pcTimerGetName,"ax",@progbits
GAS LISTING /tmp/ccRebiBI.s 			page 51


 1456              		.align	2
 1457              		.globl	pcTimerGetName
 1459              	pcTimerGetName:
 1460              	.LFB10:
 500:/home/zz/quard-start/Quard-Star/trusted_domain/FreeRTOS-Kernel/timers.c ****         Timer_t * pxTimer = xTimer;
 1461              		.loc 1 500 5 is_stmt 1
 1462              		.cfi_startproc
 1463              	.LVL159:
 501:/home/zz/quard-start/Quard-Star/trusted_domain/FreeRTOS-Kernel/timers.c **** 
 1464              		.loc 1 501 9
 503:/home/zz/quard-start/Quard-Star/trusted_domain/FreeRTOS-Kernel/timers.c ****         return pxTimer->pcTimerName;
 1465              		.loc 1 503 31
 504:/home/zz/quard-start/Quard-Star/trusted_domain/FreeRTOS-Kernel/timers.c ****     }
 1466              		.loc 1 504 9
 505:/home/zz/quard-start/Quard-Star/trusted_domain/FreeRTOS-Kernel/timers.c **** /*-----------------------------------------------------------*/
 1467              		.loc 1 505 5 is_stmt 0
 1468 0000 03350500 		ld	a0,0(a0)
 1469              	.LVL160:
 1470 0004 67800000 		ret
 1471              		.cfi_endproc
 1472              	.LFE10:
 1474              		.section	.text.xTimerIsTimerActive,"ax",@progbits
 1475              		.align	2
 1476              		.globl	xTimerIsTimerActive
 1478              	xTimerIsTimerActive:
 1479              	.LFB20:
1002:/home/zz/quard-start/Quard-Star/trusted_domain/FreeRTOS-Kernel/timers.c **** /*-----------------------------------------------------------*/
1003:/home/zz/quard-start/Quard-Star/trusted_domain/FreeRTOS-Kernel/timers.c **** 
1004:/home/zz/quard-start/Quard-Star/trusted_domain/FreeRTOS-Kernel/timers.c ****     BaseType_t xTimerIsTimerActive( TimerHandle_t xTimer )
1005:/home/zz/quard-start/Quard-Star/trusted_domain/FreeRTOS-Kernel/timers.c ****     {
 1480              		.loc 1 1005 5 is_stmt 1
 1481              		.cfi_startproc
 1482              	.LVL161:
 1483 0000 130101FF 		addi	sp,sp,-16
 1484              	.LCFI38:
 1485              		.cfi_def_cfa_offset 16
 1486 0004 23341100 		sd	ra,8(sp)
 1487 0008 23308100 		sd	s0,0(sp)
 1488              		.cfi_offset 1, -8
 1489              		.cfi_offset 8, -16
 1490 000c 13040500 		mv	s0,a0
1006:/home/zz/quard-start/Quard-Star/trusted_domain/FreeRTOS-Kernel/timers.c ****         BaseType_t xReturn;
 1491              		.loc 1 1006 9
1007:/home/zz/quard-start/Quard-Star/trusted_domain/FreeRTOS-Kernel/timers.c ****         Timer_t * pxTimer = xTimer;
 1492              		.loc 1 1007 9
 1493              	.LVL162:
1008:/home/zz/quard-start/Quard-Star/trusted_domain/FreeRTOS-Kernel/timers.c **** 
1009:/home/zz/quard-start/Quard-Star/trusted_domain/FreeRTOS-Kernel/timers.c ****         configASSERT( xTimer );
 1494              		.loc 1 1009 31
1010:/home/zz/quard-start/Quard-Star/trusted_domain/FreeRTOS-Kernel/timers.c **** 
1011:/home/zz/quard-start/Quard-Star/trusted_domain/FreeRTOS-Kernel/timers.c ****         /* Is the timer in the list of active timers? */
1012:/home/zz/quard-start/Quard-Star/trusted_domain/FreeRTOS-Kernel/timers.c ****         taskENTER_CRITICAL();
 1495              		.loc 1 1012 9
 1496 0010 97000000 		call	vTaskEnterCritical
 1496      E7800000 
 1497              	.LVL163:
1013:/home/zz/quard-start/Quard-Star/trusted_domain/FreeRTOS-Kernel/timers.c ****         {
GAS LISTING /tmp/ccRebiBI.s 			page 52


1014:/home/zz/quard-start/Quard-Star/trusted_domain/FreeRTOS-Kernel/timers.c ****             if( ( pxTimer->ucStatus & tmrSTATUS_IS_ACTIVE ) == 0 )
 1498              		.loc 1 1014 13
 1499              		.loc 1 1014 26 is_stmt 0
 1500 0018 83470405 		lbu	a5,80(s0)
 1501              		.loc 1 1014 15
 1502 001c 93F71700 		andi	a5,a5,1
 1503 0020 63920702 		bne	a5,zero,.L104
1015:/home/zz/quard-start/Quard-Star/trusted_domain/FreeRTOS-Kernel/timers.c ****             {
1016:/home/zz/quard-start/Quard-Star/trusted_domain/FreeRTOS-Kernel/timers.c ****                 xReturn = pdFALSE;
 1504              		.loc 1 1016 25
 1505 0024 13040000 		li	s0,0
 1506              	.LVL164:
 1507              	.L103:
1017:/home/zz/quard-start/Quard-Star/trusted_domain/FreeRTOS-Kernel/timers.c ****             }
1018:/home/zz/quard-start/Quard-Star/trusted_domain/FreeRTOS-Kernel/timers.c ****             else
1019:/home/zz/quard-start/Quard-Star/trusted_domain/FreeRTOS-Kernel/timers.c ****             {
1020:/home/zz/quard-start/Quard-Star/trusted_domain/FreeRTOS-Kernel/timers.c ****                 xReturn = pdTRUE;
1021:/home/zz/quard-start/Quard-Star/trusted_domain/FreeRTOS-Kernel/timers.c ****             }
1022:/home/zz/quard-start/Quard-Star/trusted_domain/FreeRTOS-Kernel/timers.c ****         }
1023:/home/zz/quard-start/Quard-Star/trusted_domain/FreeRTOS-Kernel/timers.c ****         taskEXIT_CRITICAL();
 1508              		.loc 1 1023 9 is_stmt 1
 1509 0028 97000000 		call	vTaskExitCritical
 1509      E7800000 
 1510              	.LVL165:
1024:/home/zz/quard-start/Quard-Star/trusted_domain/FreeRTOS-Kernel/timers.c **** 
1025:/home/zz/quard-start/Quard-Star/trusted_domain/FreeRTOS-Kernel/timers.c ****         return xReturn;
 1511              		.loc 1 1025 9
1026:/home/zz/quard-start/Quard-Star/trusted_domain/FreeRTOS-Kernel/timers.c ****     } /*lint !e818 Can't be pointer to const due to the typedef. */
 1512              		.loc 1 1026 5 is_stmt 0
 1513 0030 13050400 		mv	a0,s0
 1514 0034 83308100 		ld	ra,8(sp)
 1515              		.cfi_remember_state
 1516              		.cfi_restore 1
 1517 0038 03340100 		ld	s0,0(sp)
 1518              		.cfi_restore 8
 1519              	.LVL166:
 1520 003c 13010101 		addi	sp,sp,16
 1521              	.LCFI39:
 1522              		.cfi_def_cfa_offset 0
 1523 0040 67800000 		jr	ra
 1524              	.LVL167:
 1525              	.L104:
 1526              	.LCFI40:
 1527              		.cfi_restore_state
1020:/home/zz/quard-start/Quard-Star/trusted_domain/FreeRTOS-Kernel/timers.c ****             }
 1528              		.loc 1 1020 25
 1529 0044 13041000 		li	s0,1
 1530              	.LVL168:
 1531 0048 6FF01FFE 		j	.L103
 1532              		.cfi_endproc
 1533              	.LFE20:
 1535              		.section	.text.pvTimerGetTimerID,"ax",@progbits
 1536              		.align	2
 1537              		.globl	pvTimerGetTimerID
 1539              	pvTimerGetTimerID:
 1540              	.LFB21:
1027:/home/zz/quard-start/Quard-Star/trusted_domain/FreeRTOS-Kernel/timers.c **** /*-----------------------------------------------------------*/
GAS LISTING /tmp/ccRebiBI.s 			page 53


1028:/home/zz/quard-start/Quard-Star/trusted_domain/FreeRTOS-Kernel/timers.c **** 
1029:/home/zz/quard-start/Quard-Star/trusted_domain/FreeRTOS-Kernel/timers.c ****     void * pvTimerGetTimerID( const TimerHandle_t xTimer )
1030:/home/zz/quard-start/Quard-Star/trusted_domain/FreeRTOS-Kernel/timers.c ****     {
 1541              		.loc 1 1030 5 is_stmt 1
 1542              		.cfi_startproc
 1543              	.LVL169:
 1544 0000 130101FF 		addi	sp,sp,-16
 1545              	.LCFI41:
 1546              		.cfi_def_cfa_offset 16
 1547 0004 23341100 		sd	ra,8(sp)
 1548 0008 23308100 		sd	s0,0(sp)
 1549              		.cfi_offset 1, -8
 1550              		.cfi_offset 8, -16
 1551 000c 13040500 		mv	s0,a0
1031:/home/zz/quard-start/Quard-Star/trusted_domain/FreeRTOS-Kernel/timers.c ****         Timer_t * const pxTimer = xTimer;
 1552              		.loc 1 1031 9
 1553              	.LVL170:
1032:/home/zz/quard-start/Quard-Star/trusted_domain/FreeRTOS-Kernel/timers.c ****         void * pvReturn;
 1554              		.loc 1 1032 9
1033:/home/zz/quard-start/Quard-Star/trusted_domain/FreeRTOS-Kernel/timers.c **** 
1034:/home/zz/quard-start/Quard-Star/trusted_domain/FreeRTOS-Kernel/timers.c ****         configASSERT( xTimer );
 1555              		.loc 1 1034 31
1035:/home/zz/quard-start/Quard-Star/trusted_domain/FreeRTOS-Kernel/timers.c **** 
1036:/home/zz/quard-start/Quard-Star/trusted_domain/FreeRTOS-Kernel/timers.c ****         taskENTER_CRITICAL();
 1556              		.loc 1 1036 9
 1557 0010 97000000 		call	vTaskEnterCritical
 1557      E7800000 
 1558              	.LVL171:
1037:/home/zz/quard-start/Quard-Star/trusted_domain/FreeRTOS-Kernel/timers.c ****         {
1038:/home/zz/quard-start/Quard-Star/trusted_domain/FreeRTOS-Kernel/timers.c ****             pvReturn = pxTimer->pvTimerID;
 1559              		.loc 1 1038 13
 1560              		.loc 1 1038 22 is_stmt 0
 1561 0018 03348403 		ld	s0,56(s0)
 1562              	.LVL172:
1039:/home/zz/quard-start/Quard-Star/trusted_domain/FreeRTOS-Kernel/timers.c ****         }
1040:/home/zz/quard-start/Quard-Star/trusted_domain/FreeRTOS-Kernel/timers.c ****         taskEXIT_CRITICAL();
 1563              		.loc 1 1040 9 is_stmt 1
 1564 001c 97000000 		call	vTaskExitCritical
 1564      E7800000 
 1565              	.LVL173:
1041:/home/zz/quard-start/Quard-Star/trusted_domain/FreeRTOS-Kernel/timers.c **** 
1042:/home/zz/quard-start/Quard-Star/trusted_domain/FreeRTOS-Kernel/timers.c ****         return pvReturn;
 1566              		.loc 1 1042 9
1043:/home/zz/quard-start/Quard-Star/trusted_domain/FreeRTOS-Kernel/timers.c ****     }
 1567              		.loc 1 1043 5 is_stmt 0
 1568 0024 13050400 		mv	a0,s0
 1569 0028 83308100 		ld	ra,8(sp)
 1570              		.cfi_restore 1
 1571 002c 03340100 		ld	s0,0(sp)
 1572              		.cfi_restore 8
 1573              	.LVL174:
 1574 0030 13010101 		addi	sp,sp,16
 1575              	.LCFI42:
 1576              		.cfi_def_cfa_offset 0
 1577 0034 67800000 		jr	ra
 1578              		.cfi_endproc
 1579              	.LFE21:
GAS LISTING /tmp/ccRebiBI.s 			page 54


 1581              		.section	.text.vTimerSetTimerID,"ax",@progbits
 1582              		.align	2
 1583              		.globl	vTimerSetTimerID
 1585              	vTimerSetTimerID:
 1586              	.LFB22:
1044:/home/zz/quard-start/Quard-Star/trusted_domain/FreeRTOS-Kernel/timers.c **** /*-----------------------------------------------------------*/
1045:/home/zz/quard-start/Quard-Star/trusted_domain/FreeRTOS-Kernel/timers.c **** 
1046:/home/zz/quard-start/Quard-Star/trusted_domain/FreeRTOS-Kernel/timers.c ****     void vTimerSetTimerID( TimerHandle_t xTimer,
1047:/home/zz/quard-start/Quard-Star/trusted_domain/FreeRTOS-Kernel/timers.c ****                            void * pvNewID )
1048:/home/zz/quard-start/Quard-Star/trusted_domain/FreeRTOS-Kernel/timers.c ****     {
 1587              		.loc 1 1048 5 is_stmt 1
 1588              		.cfi_startproc
 1589              	.LVL175:
 1590 0000 130101FE 		addi	sp,sp,-32
 1591              	.LCFI43:
 1592              		.cfi_def_cfa_offset 32
 1593 0004 233C1100 		sd	ra,24(sp)
 1594 0008 23388100 		sd	s0,16(sp)
 1595 000c 23349100 		sd	s1,8(sp)
 1596              		.cfi_offset 1, -8
 1597              		.cfi_offset 8, -16
 1598              		.cfi_offset 9, -24
 1599 0010 13040500 		mv	s0,a0
 1600 0014 93840500 		mv	s1,a1
1049:/home/zz/quard-start/Quard-Star/trusted_domain/FreeRTOS-Kernel/timers.c ****         Timer_t * const pxTimer = xTimer;
 1601              		.loc 1 1049 9
 1602              	.LVL176:
1050:/home/zz/quard-start/Quard-Star/trusted_domain/FreeRTOS-Kernel/timers.c **** 
1051:/home/zz/quard-start/Quard-Star/trusted_domain/FreeRTOS-Kernel/timers.c ****         configASSERT( xTimer );
 1603              		.loc 1 1051 31
1052:/home/zz/quard-start/Quard-Star/trusted_domain/FreeRTOS-Kernel/timers.c **** 
1053:/home/zz/quard-start/Quard-Star/trusted_domain/FreeRTOS-Kernel/timers.c ****         taskENTER_CRITICAL();
 1604              		.loc 1 1053 9
 1605 0018 97000000 		call	vTaskEnterCritical
 1605      E7800000 
 1606              	.LVL177:
1054:/home/zz/quard-start/Quard-Star/trusted_domain/FreeRTOS-Kernel/timers.c ****         {
1055:/home/zz/quard-start/Quard-Star/trusted_domain/FreeRTOS-Kernel/timers.c ****             pxTimer->pvTimerID = pvNewID;
 1607              		.loc 1 1055 13
 1608              		.loc 1 1055 32 is_stmt 0
 1609 0020 233C9402 		sd	s1,56(s0)
1056:/home/zz/quard-start/Quard-Star/trusted_domain/FreeRTOS-Kernel/timers.c ****         }
1057:/home/zz/quard-start/Quard-Star/trusted_domain/FreeRTOS-Kernel/timers.c ****         taskEXIT_CRITICAL();
 1610              		.loc 1 1057 9 is_stmt 1
 1611 0024 97000000 		call	vTaskExitCritical
 1611      E7800000 
 1612              	.LVL178:
1058:/home/zz/quard-start/Quard-Star/trusted_domain/FreeRTOS-Kernel/timers.c ****     }
 1613              		.loc 1 1058 5 is_stmt 0
 1614 002c 83308101 		ld	ra,24(sp)
 1615              		.cfi_restore 1
 1616 0030 03340101 		ld	s0,16(sp)
 1617              		.cfi_restore 8
 1618              	.LVL179:
 1619 0034 83348100 		ld	s1,8(sp)
 1620              		.cfi_restore 9
 1621              	.LVL180:
GAS LISTING /tmp/ccRebiBI.s 			page 55


 1622 0038 13010102 		addi	sp,sp,32
 1623              	.LCFI44:
 1624              		.cfi_def_cfa_offset 0
 1625 003c 67800000 		jr	ra
 1626              		.cfi_endproc
 1627              	.LFE22:
 1629              		.section	.text.xTimerPendFunctionCallFromISR,"ax",@progbits
 1630              		.align	2
 1631              		.globl	xTimerPendFunctionCallFromISR
 1633              	xTimerPendFunctionCallFromISR:
 1634              	.LFB23:
1059:/home/zz/quard-start/Quard-Star/trusted_domain/FreeRTOS-Kernel/timers.c **** /*-----------------------------------------------------------*/
1060:/home/zz/quard-start/Quard-Star/trusted_domain/FreeRTOS-Kernel/timers.c **** 
1061:/home/zz/quard-start/Quard-Star/trusted_domain/FreeRTOS-Kernel/timers.c ****     #if ( INCLUDE_xTimerPendFunctionCall == 1 )
1062:/home/zz/quard-start/Quard-Star/trusted_domain/FreeRTOS-Kernel/timers.c **** 
1063:/home/zz/quard-start/Quard-Star/trusted_domain/FreeRTOS-Kernel/timers.c ****         BaseType_t xTimerPendFunctionCallFromISR( PendedFunction_t xFunctionToPend,
1064:/home/zz/quard-start/Quard-Star/trusted_domain/FreeRTOS-Kernel/timers.c ****                                                   void * pvParameter1,
1065:/home/zz/quard-start/Quard-Star/trusted_domain/FreeRTOS-Kernel/timers.c ****                                                   uint32_t ulParameter2,
1066:/home/zz/quard-start/Quard-Star/trusted_domain/FreeRTOS-Kernel/timers.c ****                                                   BaseType_t * pxHigherPriorityTaskWoken )
1067:/home/zz/quard-start/Quard-Star/trusted_domain/FreeRTOS-Kernel/timers.c ****         {
 1635              		.loc 1 1067 9 is_stmt 1
 1636              		.cfi_startproc
 1637              	.LVL181:
 1638 0000 130101FD 		addi	sp,sp,-48
 1639              	.LCFI45:
 1640              		.cfi_def_cfa_offset 48
 1641 0004 23341102 		sd	ra,40(sp)
 1642              		.cfi_offset 1, -8
 1643 0008 93870600 		mv	a5,a3
1068:/home/zz/quard-start/Quard-Star/trusted_domain/FreeRTOS-Kernel/timers.c ****             DaemonTaskMessage_t xMessage;
 1644              		.loc 1 1068 13
1069:/home/zz/quard-start/Quard-Star/trusted_domain/FreeRTOS-Kernel/timers.c ****             BaseType_t xReturn;
 1645              		.loc 1 1069 13
1070:/home/zz/quard-start/Quard-Star/trusted_domain/FreeRTOS-Kernel/timers.c **** 
1071:/home/zz/quard-start/Quard-Star/trusted_domain/FreeRTOS-Kernel/timers.c ****             /* Complete the message with the function parameters and post it to the
1072:/home/zz/quard-start/Quard-Star/trusted_domain/FreeRTOS-Kernel/timers.c ****              * daemon task. */
1073:/home/zz/quard-start/Quard-Star/trusted_domain/FreeRTOS-Kernel/timers.c ****             xMessage.xMessageID = tmrCOMMAND_EXECUTE_CALLBACK_FROM_ISR;
 1646              		.loc 1 1073 13
 1647              		.loc 1 1073 33 is_stmt 0
 1648 000c 1307E0FF 		li	a4,-2
 1649 0010 2330E100 		sd	a4,0(sp)
1074:/home/zz/quard-start/Quard-Star/trusted_domain/FreeRTOS-Kernel/timers.c ****             xMessage.u.xCallbackParameters.pxCallbackFunction = xFunctionToPend;
 1650              		.loc 1 1074 13 is_stmt 1
 1651              		.loc 1 1074 63 is_stmt 0
 1652 0014 2334A100 		sd	a0,8(sp)
1075:/home/zz/quard-start/Quard-Star/trusted_domain/FreeRTOS-Kernel/timers.c ****             xMessage.u.xCallbackParameters.pvParameter1 = pvParameter1;
 1653              		.loc 1 1075 13 is_stmt 1
 1654              		.loc 1 1075 57 is_stmt 0
 1655 0018 2338B100 		sd	a1,16(sp)
1076:/home/zz/quard-start/Quard-Star/trusted_domain/FreeRTOS-Kernel/timers.c ****             xMessage.u.xCallbackParameters.ulParameter2 = ulParameter2;
 1656              		.loc 1 1076 13 is_stmt 1
 1657              		.loc 1 1076 57 is_stmt 0
 1658 001c 232CC100 		sw	a2,24(sp)
1077:/home/zz/quard-start/Quard-Star/trusted_domain/FreeRTOS-Kernel/timers.c **** 
1078:/home/zz/quard-start/Quard-Star/trusted_domain/FreeRTOS-Kernel/timers.c ****             xReturn = xQueueSendFromISR( xTimerQueue, &xMessage, pxHigherPriorityTaskWoken );
 1659              		.loc 1 1078 13 is_stmt 1
 1660              		.loc 1 1078 23 is_stmt 0
GAS LISTING /tmp/ccRebiBI.s 			page 56


 1661 0020 93060000 		li	a3,0
 1662              	.LVL182:
 1663 0024 13860700 		mv	a2,a5
 1664              	.LVL183:
 1665 0028 93050100 		mv	a1,sp
 1666              	.LVL184:
 1667 002c 17050000 		ld	a0,xTimerQueue
 1667      03350500 
 1668              	.LVL185:
 1669 0034 97000000 		call	xQueueGenericSendFromISR
 1669      E7800000 
 1670              	.LVL186:
1079:/home/zz/quard-start/Quard-Star/trusted_domain/FreeRTOS-Kernel/timers.c **** 
1080:/home/zz/quard-start/Quard-Star/trusted_domain/FreeRTOS-Kernel/timers.c ****             tracePEND_FUNC_CALL_FROM_ISR( xFunctionToPend, pvParameter1, ulParameter2, xReturn );
 1671              		.loc 1 1080 97 is_stmt 1
1081:/home/zz/quard-start/Quard-Star/trusted_domain/FreeRTOS-Kernel/timers.c **** 
1082:/home/zz/quard-start/Quard-Star/trusted_domain/FreeRTOS-Kernel/timers.c ****             return xReturn;
 1672              		.loc 1 1082 13
1083:/home/zz/quard-start/Quard-Star/trusted_domain/FreeRTOS-Kernel/timers.c ****         }
 1673              		.loc 1 1083 9 is_stmt 0
 1674 003c 83308102 		ld	ra,40(sp)
 1675              		.cfi_restore 1
 1676 0040 13010103 		addi	sp,sp,48
 1677              	.LCFI46:
 1678              		.cfi_def_cfa_offset 0
 1679 0044 67800000 		jr	ra
 1680              		.cfi_endproc
 1681              	.LFE23:
 1683              		.section	.text.xTimerPendFunctionCall,"ax",@progbits
 1684              		.align	2
 1685              		.globl	xTimerPendFunctionCall
 1687              	xTimerPendFunctionCall:
 1688              	.LFB24:
1084:/home/zz/quard-start/Quard-Star/trusted_domain/FreeRTOS-Kernel/timers.c **** 
1085:/home/zz/quard-start/Quard-Star/trusted_domain/FreeRTOS-Kernel/timers.c ****     #endif /* INCLUDE_xTimerPendFunctionCall */
1086:/home/zz/quard-start/Quard-Star/trusted_domain/FreeRTOS-Kernel/timers.c **** /*-----------------------------------------------------------*/
1087:/home/zz/quard-start/Quard-Star/trusted_domain/FreeRTOS-Kernel/timers.c **** 
1088:/home/zz/quard-start/Quard-Star/trusted_domain/FreeRTOS-Kernel/timers.c ****     #if ( INCLUDE_xTimerPendFunctionCall == 1 )
1089:/home/zz/quard-start/Quard-Star/trusted_domain/FreeRTOS-Kernel/timers.c **** 
1090:/home/zz/quard-start/Quard-Star/trusted_domain/FreeRTOS-Kernel/timers.c ****         BaseType_t xTimerPendFunctionCall( PendedFunction_t xFunctionToPend,
1091:/home/zz/quard-start/Quard-Star/trusted_domain/FreeRTOS-Kernel/timers.c ****                                            void * pvParameter1,
1092:/home/zz/quard-start/Quard-Star/trusted_domain/FreeRTOS-Kernel/timers.c ****                                            uint32_t ulParameter2,
1093:/home/zz/quard-start/Quard-Star/trusted_domain/FreeRTOS-Kernel/timers.c ****                                            TickType_t xTicksToWait )
1094:/home/zz/quard-start/Quard-Star/trusted_domain/FreeRTOS-Kernel/timers.c ****         {
 1689              		.loc 1 1094 9 is_stmt 1
 1690              		.cfi_startproc
 1691              	.LVL187:
 1692 0000 130101FD 		addi	sp,sp,-48
 1693              	.LCFI47:
 1694              		.cfi_def_cfa_offset 48
 1695 0004 23341102 		sd	ra,40(sp)
 1696              		.cfi_offset 1, -8
 1697 0008 93870600 		mv	a5,a3
1095:/home/zz/quard-start/Quard-Star/trusted_domain/FreeRTOS-Kernel/timers.c ****             DaemonTaskMessage_t xMessage;
 1698              		.loc 1 1095 13
1096:/home/zz/quard-start/Quard-Star/trusted_domain/FreeRTOS-Kernel/timers.c ****             BaseType_t xReturn;
 1699              		.loc 1 1096 13
GAS LISTING /tmp/ccRebiBI.s 			page 57


1097:/home/zz/quard-start/Quard-Star/trusted_domain/FreeRTOS-Kernel/timers.c **** 
1098:/home/zz/quard-start/Quard-Star/trusted_domain/FreeRTOS-Kernel/timers.c ****             /* This function can only be called after a timer has been created or
1099:/home/zz/quard-start/Quard-Star/trusted_domain/FreeRTOS-Kernel/timers.c ****              * after the scheduler has been started because, until then, the timer
1100:/home/zz/quard-start/Quard-Star/trusted_domain/FreeRTOS-Kernel/timers.c ****              * queue does not exist. */
1101:/home/zz/quard-start/Quard-Star/trusted_domain/FreeRTOS-Kernel/timers.c ****             configASSERT( xTimerQueue );
 1700              		.loc 1 1101 40
1102:/home/zz/quard-start/Quard-Star/trusted_domain/FreeRTOS-Kernel/timers.c **** 
1103:/home/zz/quard-start/Quard-Star/trusted_domain/FreeRTOS-Kernel/timers.c ****             /* Complete the message with the function parameters and post it to the
1104:/home/zz/quard-start/Quard-Star/trusted_domain/FreeRTOS-Kernel/timers.c ****              * daemon task. */
1105:/home/zz/quard-start/Quard-Star/trusted_domain/FreeRTOS-Kernel/timers.c ****             xMessage.xMessageID = tmrCOMMAND_EXECUTE_CALLBACK;
 1701              		.loc 1 1105 13
 1702              		.loc 1 1105 33 is_stmt 0
 1703 000c 1307F0FF 		li	a4,-1
 1704 0010 2330E100 		sd	a4,0(sp)
1106:/home/zz/quard-start/Quard-Star/trusted_domain/FreeRTOS-Kernel/timers.c ****             xMessage.u.xCallbackParameters.pxCallbackFunction = xFunctionToPend;
 1705              		.loc 1 1106 13 is_stmt 1
 1706              		.loc 1 1106 63 is_stmt 0
 1707 0014 2334A100 		sd	a0,8(sp)
1107:/home/zz/quard-start/Quard-Star/trusted_domain/FreeRTOS-Kernel/timers.c ****             xMessage.u.xCallbackParameters.pvParameter1 = pvParameter1;
 1708              		.loc 1 1107 13 is_stmt 1
 1709              		.loc 1 1107 57 is_stmt 0
 1710 0018 2338B100 		sd	a1,16(sp)
1108:/home/zz/quard-start/Quard-Star/trusted_domain/FreeRTOS-Kernel/timers.c ****             xMessage.u.xCallbackParameters.ulParameter2 = ulParameter2;
 1711              		.loc 1 1108 13 is_stmt 1
 1712              		.loc 1 1108 57 is_stmt 0
 1713 001c 232CC100 		sw	a2,24(sp)
1109:/home/zz/quard-start/Quard-Star/trusted_domain/FreeRTOS-Kernel/timers.c **** 
1110:/home/zz/quard-start/Quard-Star/trusted_domain/FreeRTOS-Kernel/timers.c ****             xReturn = xQueueSendToBack( xTimerQueue, &xMessage, xTicksToWait );
 1714              		.loc 1 1110 13 is_stmt 1
 1715              		.loc 1 1110 23 is_stmt 0
 1716 0020 93060000 		li	a3,0
 1717              	.LVL188:
 1718 0024 13860700 		mv	a2,a5
 1719              	.LVL189:
 1720 0028 93050100 		mv	a1,sp
 1721              	.LVL190:
 1722 002c 17050000 		ld	a0,xTimerQueue
 1722      03350500 
 1723              	.LVL191:
 1724 0034 97000000 		call	xQueueGenericSend
 1724      E7800000 
 1725              	.LVL192:
1111:/home/zz/quard-start/Quard-Star/trusted_domain/FreeRTOS-Kernel/timers.c **** 
1112:/home/zz/quard-start/Quard-Star/trusted_domain/FreeRTOS-Kernel/timers.c ****             tracePEND_FUNC_CALL( xFunctionToPend, pvParameter1, ulParameter2, xReturn );
 1726              		.loc 1 1112 88 is_stmt 1
1113:/home/zz/quard-start/Quard-Star/trusted_domain/FreeRTOS-Kernel/timers.c **** 
1114:/home/zz/quard-start/Quard-Star/trusted_domain/FreeRTOS-Kernel/timers.c ****             return xReturn;
 1727              		.loc 1 1114 13
1115:/home/zz/quard-start/Quard-Star/trusted_domain/FreeRTOS-Kernel/timers.c ****         }
 1728              		.loc 1 1115 9 is_stmt 0
 1729 003c 83308102 		ld	ra,40(sp)
 1730              		.cfi_restore 1
 1731 0040 13010103 		addi	sp,sp,48
 1732              	.LCFI48:
 1733              		.cfi_def_cfa_offset 0
 1734 0044 67800000 		jr	ra
 1735              		.cfi_endproc
GAS LISTING /tmp/ccRebiBI.s 			page 58


 1736              	.LFE24:
 1738              		.section	.text.uxTimerGetTimerNumber,"ax",@progbits
 1739              		.align	2
 1740              		.globl	uxTimerGetTimerNumber
 1742              	uxTimerGetTimerNumber:
 1743              	.LFB25:
1116:/home/zz/quard-start/Quard-Star/trusted_domain/FreeRTOS-Kernel/timers.c **** 
1117:/home/zz/quard-start/Quard-Star/trusted_domain/FreeRTOS-Kernel/timers.c ****     #endif /* INCLUDE_xTimerPendFunctionCall */
1118:/home/zz/quard-start/Quard-Star/trusted_domain/FreeRTOS-Kernel/timers.c **** /*-----------------------------------------------------------*/
1119:/home/zz/quard-start/Quard-Star/trusted_domain/FreeRTOS-Kernel/timers.c **** 
1120:/home/zz/quard-start/Quard-Star/trusted_domain/FreeRTOS-Kernel/timers.c ****     #if ( configUSE_TRACE_FACILITY == 1 )
1121:/home/zz/quard-start/Quard-Star/trusted_domain/FreeRTOS-Kernel/timers.c **** 
1122:/home/zz/quard-start/Quard-Star/trusted_domain/FreeRTOS-Kernel/timers.c ****         UBaseType_t uxTimerGetTimerNumber( TimerHandle_t xTimer )
1123:/home/zz/quard-start/Quard-Star/trusted_domain/FreeRTOS-Kernel/timers.c ****         {
 1744              		.loc 1 1123 9 is_stmt 1
 1745              		.cfi_startproc
 1746              	.LVL193:
1124:/home/zz/quard-start/Quard-Star/trusted_domain/FreeRTOS-Kernel/timers.c ****             return ( ( Timer_t * ) xTimer )->uxTimerNumber;
 1747              		.loc 1 1124 13
1125:/home/zz/quard-start/Quard-Star/trusted_domain/FreeRTOS-Kernel/timers.c ****         }
 1748              		.loc 1 1125 9 is_stmt 0
 1749 0000 03358504 		ld	a0,72(a0)
 1750              	.LVL194:
 1751 0004 67800000 		ret
 1752              		.cfi_endproc
 1753              	.LFE25:
 1755              		.section	.text.vTimerSetTimerNumber,"ax",@progbits
 1756              		.align	2
 1757              		.globl	vTimerSetTimerNumber
 1759              	vTimerSetTimerNumber:
 1760              	.LFB26:
1126:/home/zz/quard-start/Quard-Star/trusted_domain/FreeRTOS-Kernel/timers.c **** 
1127:/home/zz/quard-start/Quard-Star/trusted_domain/FreeRTOS-Kernel/timers.c ****     #endif /* configUSE_TRACE_FACILITY */
1128:/home/zz/quard-start/Quard-Star/trusted_domain/FreeRTOS-Kernel/timers.c **** /*-----------------------------------------------------------*/
1129:/home/zz/quard-start/Quard-Star/trusted_domain/FreeRTOS-Kernel/timers.c **** 
1130:/home/zz/quard-start/Quard-Star/trusted_domain/FreeRTOS-Kernel/timers.c ****     #if ( configUSE_TRACE_FACILITY == 1 )
1131:/home/zz/quard-start/Quard-Star/trusted_domain/FreeRTOS-Kernel/timers.c **** 
1132:/home/zz/quard-start/Quard-Star/trusted_domain/FreeRTOS-Kernel/timers.c ****         void vTimerSetTimerNumber( TimerHandle_t xTimer,
1133:/home/zz/quard-start/Quard-Star/trusted_domain/FreeRTOS-Kernel/timers.c ****                                    UBaseType_t uxTimerNumber )
1134:/home/zz/quard-start/Quard-Star/trusted_domain/FreeRTOS-Kernel/timers.c ****         {
 1761              		.loc 1 1134 9 is_stmt 1
 1762              		.cfi_startproc
 1763              	.LVL195:
1135:/home/zz/quard-start/Quard-Star/trusted_domain/FreeRTOS-Kernel/timers.c ****             ( ( Timer_t * ) xTimer )->uxTimerNumber = uxTimerNumber;
 1764              		.loc 1 1135 13
 1765              		.loc 1 1135 53 is_stmt 0
 1766 0000 2334B504 		sd	a1,72(a0)
1136:/home/zz/quard-start/Quard-Star/trusted_domain/FreeRTOS-Kernel/timers.c ****         }
 1767              		.loc 1 1136 9
 1768 0004 67800000 		ret
 1769              		.cfi_endproc
 1770              	.LFE26:
 1772              		.section	.sbss.xLastTime.0,"aw",@nobits
 1773              		.align	3
 1776              	xLastTime.0:
 1777 0000 00000000 		.zero	8
 1777      00000000 
GAS LISTING /tmp/ccRebiBI.s 			page 59


 1778              		.section	.sbss.xTimerTaskHandle,"aw",@nobits
 1779              		.align	3
 1782              	xTimerTaskHandle:
 1783 0000 00000000 		.zero	8
 1783      00000000 
 1784              		.section	.sbss.xTimerQueue,"aw",@nobits
 1785              		.align	3
 1788              	xTimerQueue:
 1789 0000 00000000 		.zero	8
 1789      00000000 
 1790              		.section	.sbss.pxOverflowTimerList,"aw",@nobits
 1791              		.align	3
 1794              	pxOverflowTimerList:
 1795 0000 00000000 		.zero	8
 1795      00000000 
 1796              		.section	.sbss.pxCurrentTimerList,"aw",@nobits
 1797              		.align	3
 1800              	pxCurrentTimerList:
 1801 0000 00000000 		.zero	8
 1801      00000000 
 1802              		.section	.bss.xActiveTimerList2,"aw",@nobits
 1803              		.align	3
 1806              	xActiveTimerList2:
 1807 0000 00000000 		.zero	40
 1807      00000000 
 1807      00000000 
 1807      00000000 
 1807      00000000 
 1808              		.section	.bss.xActiveTimerList1,"aw",@nobits
 1809              		.align	3
 1812              	xActiveTimerList1:
 1813 0000 00000000 		.zero	40
 1813      00000000 
 1813      00000000 
 1813      00000000 
 1813      00000000 
 1814              		.text
 1815              	.Letext0:
 1816              		.file 2 "/home/zz/riscv/riscv/lib/gcc/riscv64-unknown-elf/12.2.0/include/stddef.h"
 1817              		.file 3 "/home/zz/riscv/riscv/riscv64-unknown-elf/include/machine/_default_types.h"
 1818              		.file 4 "/home/zz/riscv/riscv/riscv64-unknown-elf/include/sys/_stdint.h"
 1819              		.file 5 "/home/zz/quard-start/Quard-Star/trusted_domain/FreeRTOS-Kernel/include/projdefs.h"
 1820              		.file 6 "/home/zz/quard-start/Quard-Star/trusted_domain/FreeRTOS-Kernel/portable/GCC/RISC-V/portma
 1821              		.file 7 "/home/zz/quard-start/Quard-Star/trusted_domain/FreeRTOS-Kernel/include/list.h"
 1822              		.file 8 "/home/zz/quard-start/Quard-Star/trusted_domain/FreeRTOS-Kernel/include/task.h"
 1823              		.file 9 "/home/zz/quard-start/Quard-Star/trusted_domain/FreeRTOS-Kernel/include/queue.h"
 1824              		.file 10 "/home/zz/quard-start/Quard-Star/trusted_domain/FreeRTOS-Kernel/include/timers.h"
 1825              		.file 11 "/home/zz/quard-start/Quard-Star/trusted_domain/FreeRTOS-Kernel/include/portable.h"
GAS LISTING /tmp/ccRebiBI.s 			page 60


DEFINED SYMBOLS
                            *ABS*:0000000000000000 timers.c
     /tmp/ccRebiBI.s:13     .text.prvGetNextExpireTime:0000000000000000 prvGetNextExpireTime
     /tmp/ccRebiBI.s:16     .text.prvGetNextExpireTime:0000000000000000 .L0 
     /tmp/ccRebiBI.s:18     .text.prvGetNextExpireTime:0000000000000000 .L0 
     /tmp/ccRebiBI.s:19     .text.prvGetNextExpireTime:0000000000000000 .L0 
     /tmp/ccRebiBI.s:20     .text.prvGetNextExpireTime:0000000000000000 .L0 
     /tmp/ccRebiBI.s:21     .text.prvGetNextExpireTime:0000000000000000 $xrv64i2p1_m2p0_a2p1_f2p2_d2p2_zicsr2p0_zmmul1p0
     /tmp/ccRebiBI.s:1800   .sbss.pxCurrentTimerList:0000000000000000 pxCurrentTimerList
     /tmp/ccRebiBI.s:21     .text.prvGetNextExpireTime:0000000000000000 .L0 
     /tmp/ccRebiBI.s:27     .text.prvGetNextExpireTime:0000000000000014 .L0 
     /tmp/ccRebiBI.s:29     .text.prvGetNextExpireTime:0000000000000018 .L0 
     /tmp/ccRebiBI.s:30     .text.prvGetNextExpireTime:0000000000000018 .L0 
     /tmp/ccRebiBI.s:32     .text.prvGetNextExpireTime:000000000000001c .L0 
     /tmp/ccRebiBI.s:33     .text.prvGetNextExpireTime:000000000000001c .L0 
     /tmp/ccRebiBI.s:35     .text.prvGetNextExpireTime:0000000000000020 .L0 
     /tmp/ccRebiBI.s:41     .text.prvGetNextExpireTime:0000000000000028 .L0 
     /tmp/ccRebiBI.s:45     .text.prvGetNextExpireTime:0000000000000030 .L0 
     /tmp/ccRebiBI.s:48     .text.prvGetNextExpireTime:0000000000000034 .L0 
     /tmp/ccRebiBI.s:49     .text.prvGetNextExpireTime:0000000000000034 .L0 
     /tmp/ccRebiBI.s:50     .text.prvGetNextExpireTime:0000000000000038 .L0 
     /tmp/ccRebiBI.s:56     .text.prvInsertTimerInActiveList:0000000000000000 prvInsertTimerInActiveList
     /tmp/ccRebiBI.s:59     .text.prvInsertTimerInActiveList:0000000000000000 .L0 
     /tmp/ccRebiBI.s:61     .text.prvInsertTimerInActiveList:0000000000000000 $xrv64i2p1_m2p0_a2p1_f2p2_d2p2_zicsr2p0_zmmul1p0
     /tmp/ccRebiBI.s:61     .text.prvInsertTimerInActiveList:0000000000000000 .L0 
     /tmp/ccRebiBI.s:63     .text.prvInsertTimerInActiveList:0000000000000004 .L0 
     /tmp/ccRebiBI.s:65     .text.prvInsertTimerInActiveList:0000000000000008 .L0 
     /tmp/ccRebiBI.s:68     .text.prvInsertTimerInActiveList:0000000000000008 .L0 
     /tmp/ccRebiBI.s:69     .text.prvInsertTimerInActiveList:0000000000000008 .L0 
     /tmp/ccRebiBI.s:71     .text.prvInsertTimerInActiveList:000000000000000c .L0 
     /tmp/ccRebiBI.s:73     .text.prvInsertTimerInActiveList:0000000000000010 .L0 
     /tmp/ccRebiBI.s:74     .text.prvInsertTimerInActiveList:0000000000000010 .L0 
     /tmp/ccRebiBI.s:76     .text.prvInsertTimerInActiveList:0000000000000014 .L0 
     /tmp/ccRebiBI.s:77     .text.prvInsertTimerInActiveList:0000000000000014 .L0 
     /tmp/ccRebiBI.s:80     .text.prvInsertTimerInActiveList:0000000000000018 .L0 
     /tmp/ccRebiBI.s:82     .text.prvInsertTimerInActiveList:000000000000001c .L0 
     /tmp/ccRebiBI.s:84     .text.prvInsertTimerInActiveList:0000000000000020 .L0 
     /tmp/ccRebiBI.s:88     .text.prvInsertTimerInActiveList:0000000000000024 .L0 
     /tmp/ccRebiBI.s:89     .text.prvInsertTimerInActiveList:0000000000000028 .L0 
     /tmp/ccRebiBI.s:90     .text.prvInsertTimerInActiveList:0000000000000028 .L0 
     /tmp/ccRebiBI.s:93     .text.prvInsertTimerInActiveList:000000000000002c .L0 
     /tmp/ccRebiBI.s:98     .text.prvInsertTimerInActiveList:0000000000000030 .L0 
     /tmp/ccRebiBI.s:100    .text.prvInsertTimerInActiveList:0000000000000030 .L0 
     /tmp/ccRebiBI.s:1794   .sbss.pxOverflowTimerList:0000000000000000 pxOverflowTimerList
     /tmp/ccRebiBI.s:107    .text.prvInsertTimerInActiveList:0000000000000044 .L0 
     /tmp/ccRebiBI.s:112    .text.prvInsertTimerInActiveList:000000000000004c .L0 
     /tmp/ccRebiBI.s:113    .text.prvInsertTimerInActiveList:000000000000004c .L0 
     /tmp/ccRebiBI.s:115    .text.prvInsertTimerInActiveList:0000000000000050 .L0 
     /tmp/ccRebiBI.s:118    .text.prvInsertTimerInActiveList:0000000000000054 .L0 
     /tmp/ccRebiBI.s:125    .text.prvInsertTimerInActiveList:0000000000000068 .L0 
     /tmp/ccRebiBI.s:130    .text.prvInsertTimerInActiveList:0000000000000070 .L0 
     /tmp/ccRebiBI.s:133    .text.prvInsertTimerInActiveList:0000000000000074 .L0 
     /tmp/ccRebiBI.s:134    .text.prvInsertTimerInActiveList:0000000000000074 .L0 
     /tmp/ccRebiBI.s:135    .text.prvInsertTimerInActiveList:0000000000000078 .L0 
     /tmp/ccRebiBI.s:145    .text.prvCheckForValidListAndQueue:0000000000000000 prvCheckForValidListAndQueue
     /tmp/ccRebiBI.s:148    .text.prvCheckForValidListAndQueue:0000000000000000 .L0 
     /tmp/ccRebiBI.s:149    .text.prvCheckForValidListAndQueue:0000000000000000 $xrv64i2p1_m2p0_a2p1_f2p2_d2p2_zicsr2p0_zmmul1p0
GAS LISTING /tmp/ccRebiBI.s 			page 61


     /tmp/ccRebiBI.s:149    .text.prvCheckForValidListAndQueue:0000000000000000 .L0 
     /tmp/ccRebiBI.s:151    .text.prvCheckForValidListAndQueue:0000000000000004 .L0 
     /tmp/ccRebiBI.s:153    .text.prvCheckForValidListAndQueue:0000000000000008 .L0 
     /tmp/ccRebiBI.s:155    .text.prvCheckForValidListAndQueue:0000000000000008 .L0 
     /tmp/ccRebiBI.s:158    .text.prvCheckForValidListAndQueue:0000000000000010 .L0 
     /tmp/ccRebiBI.s:1788   .sbss.xTimerQueue:0000000000000000 xTimerQueue
     /tmp/ccRebiBI.s:159    .text.prvCheckForValidListAndQueue:0000000000000010 .L0 
     /tmp/ccRebiBI.s:161    .text.prvCheckForValidListAndQueue:0000000000000018 .L0 
     /tmp/ccRebiBI.s:164    .text.prvCheckForValidListAndQueue:000000000000001c .L0 
     /tmp/ccRebiBI.s:165    .text.prvCheckForValidListAndQueue:000000000000001c .L0 
     /tmp/ccRebiBI.s:168    .text.prvCheckForValidListAndQueue:0000000000000024 .L0 
     /tmp/ccRebiBI.s:169    .text.prvCheckForValidListAndQueue:0000000000000028 .L0 
     /tmp/ccRebiBI.s:170    .text.prvCheckForValidListAndQueue:0000000000000028 .L0 
     /tmp/ccRebiBI.s:173    .text.prvCheckForValidListAndQueue:000000000000002c .L0 
     /tmp/ccRebiBI.s:177    .text.prvCheckForValidListAndQueue:0000000000000030 .L0 
     /tmp/ccRebiBI.s:1812   .bss.xActiveTimerList1:0000000000000000 xActiveTimerList1
     /tmp/ccRebiBI.s:179    .text.prvCheckForValidListAndQueue:0000000000000030 .L0 
     /tmp/ccRebiBI.s:1806   .bss.xActiveTimerList2:0000000000000000 xActiveTimerList2
     /tmp/ccRebiBI.s:183    .text.prvCheckForValidListAndQueue:0000000000000040 .L0 
     /tmp/ccRebiBI.s:187    .text.prvCheckForValidListAndQueue:0000000000000050 .L0 
     /tmp/ccRebiBI.s:188    .text.prvCheckForValidListAndQueue:0000000000000050 .L0 
     /tmp/ccRebiBI.s:191    .text.prvCheckForValidListAndQueue:0000000000000060 .L0 
     /tmp/ccRebiBI.s:192    .text.prvCheckForValidListAndQueue:0000000000000060 .L0 
     /tmp/ccRebiBI.s:195    .text.prvCheckForValidListAndQueue:0000000000000070 .L0 
     /tmp/ccRebiBI.s:196    .text.prvCheckForValidListAndQueue:0000000000000070 .L0 
     /tmp/ccRebiBI.s:202    .text.prvCheckForValidListAndQueue:0000000000000084 .L0 
     /tmp/ccRebiBI.s:204    .text.prvCheckForValidListAndQueue:000000000000008c .L0 
     /tmp/ccRebiBI.s:205    .text.prvCheckForValidListAndQueue:000000000000008c .L0 
     /tmp/ccRebiBI.s:207    .text.prvCheckForValidListAndQueue:0000000000000090 .L0 
     /tmp/ccRebiBI.s:211    .text.prvCheckForValidListAndQueue:00000000000000a4 .L0 
     /tmp/ccRebiBI.s:217    .text.prvInitialiseNewTimer:0000000000000000 prvInitialiseNewTimer
     /tmp/ccRebiBI.s:220    .text.prvInitialiseNewTimer:0000000000000000 .L0 
     /tmp/ccRebiBI.s:222    .text.prvInitialiseNewTimer:0000000000000000 .L0 
     /tmp/ccRebiBI.s:223    .text.prvInitialiseNewTimer:0000000000000000 .L0 
     /tmp/ccRebiBI.s:224    .text.prvInitialiseNewTimer:0000000000000000 .L0 
     /tmp/ccRebiBI.s:225    .text.prvInitialiseNewTimer:0000000000000000 $xrv64i2p1_m2p0_a2p1_f2p2_d2p2_zicsr2p0_zmmul1p0
     /tmp/ccRebiBI.s:225    .text.prvInitialiseNewTimer:0000000000000000 .L0 
     /tmp/ccRebiBI.s:227    .text.prvInitialiseNewTimer:0000000000000004 .L0 
     /tmp/ccRebiBI.s:229    .text.prvInitialiseNewTimer:0000000000000008 .L0 
     /tmp/ccRebiBI.s:237    .text.prvInitialiseNewTimer:0000000000000024 .L0 
     /tmp/ccRebiBI.s:238    .text.prvInitialiseNewTimer:0000000000000024 .L0 
     /tmp/ccRebiBI.s:239    .text.prvInitialiseNewTimer:0000000000000024 .L0 
     /tmp/ccRebiBI.s:240    .text.prvInitialiseNewTimer:0000000000000024 .L0 
     /tmp/ccRebiBI.s:241    .text.prvInitialiseNewTimer:0000000000000024 .L0 
     /tmp/ccRebiBI.s:242    .text.prvInitialiseNewTimer:0000000000000024 .L0 
     /tmp/ccRebiBI.s:243    .text.prvInitialiseNewTimer:0000000000000024 .L0 
     /tmp/ccRebiBI.s:251    .text.prvInitialiseNewTimer:000000000000003c .L0 
     /tmp/ccRebiBI.s:254    .text.prvInitialiseNewTimer:0000000000000044 .L0 
     /tmp/ccRebiBI.s:255    .text.prvInitialiseNewTimer:0000000000000044 .L0 
     /tmp/ccRebiBI.s:257    .text.prvInitialiseNewTimer:0000000000000048 .L0 
     /tmp/ccRebiBI.s:258    .text.prvInitialiseNewTimer:0000000000000048 .L0 
     /tmp/ccRebiBI.s:260    .text.prvInitialiseNewTimer:000000000000004c .L0 
     /tmp/ccRebiBI.s:261    .text.prvInitialiseNewTimer:000000000000004c .L0 
     /tmp/ccRebiBI.s:263    .text.prvInitialiseNewTimer:0000000000000050 .L0 
     /tmp/ccRebiBI.s:264    .text.prvInitialiseNewTimer:0000000000000050 .L0 
     /tmp/ccRebiBI.s:266    .text.prvInitialiseNewTimer:0000000000000054 .L0 
     /tmp/ccRebiBI.s:270    .text.prvInitialiseNewTimer:0000000000000060 .L0 
GAS LISTING /tmp/ccRebiBI.s 			page 62


     /tmp/ccRebiBI.s:271    .text.prvInitialiseNewTimer:0000000000000060 .L0 
     /tmp/ccRebiBI.s:273    .text.prvInitialiseNewTimer:0000000000000064 .L0 
     /tmp/ccRebiBI.s:274    .text.prvInitialiseNewTimer:0000000000000064 .L0 
     /tmp/ccRebiBI.s:276    .text.prvInitialiseNewTimer:0000000000000068 .L0 
     /tmp/ccRebiBI.s:280    .text.prvInitialiseNewTimer:0000000000000070 .L0 
     /tmp/ccRebiBI.s:281    .text.prvInitialiseNewTimer:0000000000000070 .L0 
     /tmp/ccRebiBI.s:282    .text.prvInitialiseNewTimer:0000000000000074 .L0 
     /tmp/ccRebiBI.s:284    .text.prvInitialiseNewTimer:0000000000000078 .L0 
     /tmp/ccRebiBI.s:287    .text.prvInitialiseNewTimer:000000000000007c .L0 
     /tmp/ccRebiBI.s:290    .text.prvInitialiseNewTimer:0000000000000080 .L0 
     /tmp/ccRebiBI.s:293    .text.prvInitialiseNewTimer:0000000000000084 .L0 
     /tmp/ccRebiBI.s:296    .text.prvInitialiseNewTimer:0000000000000088 .L0 
     /tmp/ccRebiBI.s:299    .text.prvInitialiseNewTimer:000000000000008c .L0 
     /tmp/ccRebiBI.s:303    .text.prvInitialiseNewTimer:0000000000000090 .L0 
     /tmp/ccRebiBI.s:308    .text.prvInitialiseNewTimer:0000000000000098 .L0 
     /tmp/ccRebiBI.s:319    .text.xTimerCreateTimerTask:0000000000000000 xTimerCreateTimerTask
     /tmp/ccRebiBI.s:322    .text.xTimerCreateTimerTask:0000000000000000 .L0 
     /tmp/ccRebiBI.s:323    .text.xTimerCreateTimerTask:0000000000000000 $xrv64i2p1_m2p0_a2p1_f2p2_d2p2_zicsr2p0_zmmul1p0
     /tmp/ccRebiBI.s:323    .text.xTimerCreateTimerTask:0000000000000000 .L0 
     /tmp/ccRebiBI.s:325    .text.xTimerCreateTimerTask:0000000000000004 .L0 
     /tmp/ccRebiBI.s:327    .text.xTimerCreateTimerTask:0000000000000008 .L0 
     /tmp/ccRebiBI.s:330    .text.xTimerCreateTimerTask:0000000000000008 .L0 
     /tmp/ccRebiBI.s:331    .text.xTimerCreateTimerTask:0000000000000008 .L0 
     /tmp/ccRebiBI.s:334    .text.xTimerCreateTimerTask:0000000000000010 .L0 
     /tmp/ccRebiBI.s:335    .text.xTimerCreateTimerTask:0000000000000010 .L0 
     /tmp/ccRebiBI.s:337    .text.xTimerCreateTimerTask:0000000000000018 .L0 
     /tmp/ccRebiBI.s:339    .text.xTimerCreateTimerTask:000000000000001c .L0 
     /tmp/ccRebiBI.s:1782   .sbss.xTimerTaskHandle:0000000000000000 xTimerTaskHandle
     /tmp/ccRebiBI.s:340    .text.xTimerCreateTimerTask:000000000000001c .L0 
     /tmp/ccRebiBI.s:1238   .text.prvTimerTask:0000000000000000 prvTimerTask
     /tmp/ccRebiBI.s:350    .text.xTimerCreateTimerTask:0000000000000048 .L0 
     /tmp/ccRebiBI.s:351    .text.xTimerCreateTimerTask:000000000000004c .L0 
     /tmp/ccRebiBI.s:352    .text.xTimerCreateTimerTask:000000000000004c .L0 
     /tmp/ccRebiBI.s:355    .text.xTimerCreateTimerTask:0000000000000050 .L0 
     /tmp/ccRebiBI.s:360    .text.xTimerCreateTimerTask:0000000000000054 .L0 
     /tmp/ccRebiBI.s:362    .text.xTimerCreateTimerTask:0000000000000054 .L0 
     /tmp/ccRebiBI.s:364    .text.xTimerCreateTimerTask:0000000000000058 .L0 
     /tmp/ccRebiBI.s:365    .text.xTimerCreateTimerTask:0000000000000058 .L0 
     /tmp/ccRebiBI.s:366    .text.xTimerCreateTimerTask:0000000000000058 .L0 
     /tmp/ccRebiBI.s:367    .text.xTimerCreateTimerTask:0000000000000058 .L0 
     /tmp/ccRebiBI.s:368    .text.xTimerCreateTimerTask:000000000000005c .L0 
     /tmp/ccRebiBI.s:375    .text.xTimerCreate:0000000000000000 xTimerCreate
     /tmp/ccRebiBI.s:378    .text.xTimerCreate:0000000000000000 .L0 
     /tmp/ccRebiBI.s:380    .text.xTimerCreate:0000000000000000 $xrv64i2p1_m2p0_a2p1_f2p2_d2p2_zicsr2p0_zmmul1p0
     /tmp/ccRebiBI.s:380    .text.xTimerCreate:0000000000000000 .L0 
     /tmp/ccRebiBI.s:382    .text.xTimerCreate:0000000000000004 .L0 
     /tmp/ccRebiBI.s:390    .text.xTimerCreate:0000000000000020 .L0 
     /tmp/ccRebiBI.s:391    .text.xTimerCreate:0000000000000020 .L0 
     /tmp/ccRebiBI.s:392    .text.xTimerCreate:0000000000000020 .L0 
     /tmp/ccRebiBI.s:393    .text.xTimerCreate:0000000000000020 .L0 
     /tmp/ccRebiBI.s:394    .text.xTimerCreate:0000000000000020 .L0 
     /tmp/ccRebiBI.s:395    .text.xTimerCreate:0000000000000020 .L0 
     /tmp/ccRebiBI.s:396    .text.xTimerCreate:0000000000000020 .L0 
     /tmp/ccRebiBI.s:403    .text.xTimerCreate:0000000000000034 .L0 
     /tmp/ccRebiBI.s:404    .text.xTimerCreate:0000000000000034 .L0 
     /tmp/ccRebiBI.s:405    .text.xTimerCreate:0000000000000034 .L0 
     /tmp/ccRebiBI.s:412    .text.xTimerCreate:0000000000000044 .L0 
GAS LISTING /tmp/ccRebiBI.s 			page 63


     /tmp/ccRebiBI.s:413    .text.xTimerCreate:0000000000000044 .L0 
     /tmp/ccRebiBI.s:415    .text.xTimerCreate:0000000000000048 .L0 
     /tmp/ccRebiBI.s:416    .text.xTimerCreate:0000000000000048 .L0 
     /tmp/ccRebiBI.s:418    .text.xTimerCreate:000000000000004c .L0 
     /tmp/ccRebiBI.s:428    .text.xTimerCreate:000000000000006c .L0 
     /tmp/ccRebiBI.s:429    .text.xTimerCreate:000000000000006c .L0 
     /tmp/ccRebiBI.s:431    .text.xTimerCreate:0000000000000074 .L0 
     /tmp/ccRebiBI.s:433    .text.xTimerCreate:0000000000000078 .L0 
     /tmp/ccRebiBI.s:436    .text.xTimerCreate:000000000000007c .L0 
     /tmp/ccRebiBI.s:439    .text.xTimerCreate:0000000000000080 .L0 
     /tmp/ccRebiBI.s:442    .text.xTimerCreate:0000000000000084 .L0 
     /tmp/ccRebiBI.s:445    .text.xTimerCreate:0000000000000088 .L0 
     /tmp/ccRebiBI.s:448    .text.xTimerCreate:000000000000008c .L0 
     /tmp/ccRebiBI.s:452    .text.xTimerCreate:0000000000000090 .L0 
     /tmp/ccRebiBI.s:454    .text.xTimerCreate:0000000000000094 .L0 
     /tmp/ccRebiBI.s:461    .text.xTimerGenericCommand:0000000000000000 xTimerGenericCommand
     /tmp/ccRebiBI.s:464    .text.xTimerGenericCommand:0000000000000000 .L0 
     /tmp/ccRebiBI.s:466    .text.xTimerGenericCommand:0000000000000000 $xrv64i2p1_m2p0_a2p1_f2p2_d2p2_zicsr2p0_zmmul1p0
     /tmp/ccRebiBI.s:466    .text.xTimerGenericCommand:0000000000000000 .L0 
     /tmp/ccRebiBI.s:468    .text.xTimerGenericCommand:0000000000000004 .L0 
     /tmp/ccRebiBI.s:471    .text.xTimerGenericCommand:000000000000000c .L0 
     /tmp/ccRebiBI.s:472    .text.xTimerGenericCommand:000000000000000c .L0 
     /tmp/ccRebiBI.s:476    .text.xTimerGenericCommand:0000000000000010 .L0 
     /tmp/ccRebiBI.s:477    .text.xTimerGenericCommand:0000000000000010 .L0 
     /tmp/ccRebiBI.s:478    .text.xTimerGenericCommand:0000000000000010 .L0 
     /tmp/ccRebiBI.s:479    .text.xTimerGenericCommand:0000000000000010 .L0 
     /tmp/ccRebiBI.s:480    .text.xTimerGenericCommand:0000000000000010 .L0 
     /tmp/ccRebiBI.s:483    .text.xTimerGenericCommand:0000000000000018 .L0 
     /tmp/ccRebiBI.s:486    .text.xTimerGenericCommand:0000000000000020 .L0 
     /tmp/ccRebiBI.s:487    .text.xTimerGenericCommand:0000000000000020 .L0 
     /tmp/ccRebiBI.s:489    .text.xTimerGenericCommand:0000000000000024 .L0 
     /tmp/ccRebiBI.s:490    .text.xTimerGenericCommand:0000000000000024 .L0 
     /tmp/ccRebiBI.s:492    .text.xTimerGenericCommand:0000000000000028 .L0 
     /tmp/ccRebiBI.s:493    .text.xTimerGenericCommand:0000000000000028 .L0 
     /tmp/ccRebiBI.s:495    .text.xTimerGenericCommand:000000000000002c .L0 
     /tmp/ccRebiBI.s:496    .text.xTimerGenericCommand:000000000000002c .L0 
     /tmp/ccRebiBI.s:500    .text.xTimerGenericCommand:0000000000000034 .L0 
     /tmp/ccRebiBI.s:501    .text.xTimerGenericCommand:0000000000000034 .L0 
     /tmp/ccRebiBI.s:504    .text.xTimerGenericCommand:000000000000003c .L0 
     /tmp/ccRebiBI.s:507    .text.xTimerGenericCommand:0000000000000044 .L0 
     /tmp/ccRebiBI.s:508    .text.xTimerGenericCommand:0000000000000044 .L0 
     /tmp/ccRebiBI.s:518    .text.xTimerGenericCommand:0000000000000064 .L0 
     /tmp/ccRebiBI.s:519    .text.xTimerGenericCommand:0000000000000064 .L0 
     /tmp/ccRebiBI.s:529    .text.xTimerGenericCommand:0000000000000084 .L0 
     /tmp/ccRebiBI.s:530    .text.xTimerGenericCommand:0000000000000084 .L0 
     /tmp/ccRebiBI.s:541    .text.xTimerGenericCommand:000000000000009c .L0 
     /tmp/ccRebiBI.s:542    .text.xTimerGenericCommand:00000000000000a0 .L0 
     /tmp/ccRebiBI.s:543    .text.xTimerGenericCommand:00000000000000a0 .L0 
     /tmp/ccRebiBI.s:545    .text.xTimerGenericCommand:00000000000000a4 .L0 
     /tmp/ccRebiBI.s:549    .text.xTimerGenericCommand:00000000000000a8 .L0 
     /tmp/ccRebiBI.s:554    .text.xTimerGenericCommand:00000000000000ac .L0 
     /tmp/ccRebiBI.s:556    .text.xTimerGenericCommand:00000000000000ac .L0 
     /tmp/ccRebiBI.s:559    .text.xTimerGenericCommand:00000000000000b0 .L0 
     /tmp/ccRebiBI.s:560    .text.xTimerGenericCommand:00000000000000b0 .L0 
     /tmp/ccRebiBI.s:561    .text.xTimerGenericCommand:00000000000000b0 .L0 
     /tmp/ccRebiBI.s:562    .text.xTimerGenericCommand:00000000000000b4 .L0 
     /tmp/ccRebiBI.s:568    .text.prvSwitchTimerLists:0000000000000000 prvSwitchTimerLists
GAS LISTING /tmp/ccRebiBI.s 			page 64


     /tmp/ccRebiBI.s:571    .text.prvSwitchTimerLists:0000000000000000 .L0 
     /tmp/ccRebiBI.s:572    .text.prvSwitchTimerLists:0000000000000000 .L0 
     /tmp/ccRebiBI.s:573    .text.prvSwitchTimerLists:0000000000000000 .L0 
     /tmp/ccRebiBI.s:574    .text.prvSwitchTimerLists:0000000000000000 .L0 
     /tmp/ccRebiBI.s:575    .text.prvSwitchTimerLists:0000000000000000 .L0 
     /tmp/ccRebiBI.s:576    .text.prvSwitchTimerLists:0000000000000000 .L0 
     /tmp/ccRebiBI.s:577    .text.prvSwitchTimerLists:0000000000000000 .L0 
     /tmp/ccRebiBI.s:578    .text.prvSwitchTimerLists:0000000000000000 .L0 
     /tmp/ccRebiBI.s:579    .text.prvSwitchTimerLists:0000000000000000 .L0 
     /tmp/ccRebiBI.s:580    .text.prvSwitchTimerLists:0000000000000000 $xrv64i2p1_m2p0_a2p1_f2p2_d2p2_zicsr2p0_zmmul1p0
     /tmp/ccRebiBI.s:580    .text.prvSwitchTimerLists:0000000000000000 .L0 
     /tmp/ccRebiBI.s:583    .text.prvSwitchTimerLists:000000000000000c .L0 
     /tmp/ccRebiBI.s:585    .text.prvSwitchTimerLists:0000000000000010 .L0 
     /tmp/ccRebiBI.s:587    .text.prvSwitchTimerLists:0000000000000014 .L0 
     /tmp/ccRebiBI.s:592    .text.prvSwitchTimerLists:0000000000000024 .L0 
     /tmp/ccRebiBI.s:593    .text.prvSwitchTimerLists:0000000000000024 .L0 
     /tmp/ccRebiBI.s:594    .text.prvSwitchTimerLists:0000000000000024 .L0 
     /tmp/ccRebiBI.s:595    .text.prvSwitchTimerLists:0000000000000024 .L0 
     /tmp/ccRebiBI.s:598    .text.prvSwitchTimerLists:0000000000000024 .L0 
     /tmp/ccRebiBI.s:599    .text.prvSwitchTimerLists:0000000000000024 .L0 
     /tmp/ccRebiBI.s:601    .text.prvSwitchTimerLists:0000000000000028 .L0 
     /tmp/ccRebiBI.s:604    .text.prvSwitchTimerLists:000000000000002c .L0 
     /tmp/ccRebiBI.s:605    .text.prvSwitchTimerLists:000000000000002c .L0 
     /tmp/ccRebiBI.s:608    .text.prvSwitchTimerLists:0000000000000030 .L0 
     /tmp/ccRebiBI.s:609    .text.prvSwitchTimerLists:0000000000000030 .L0 
     /tmp/ccRebiBI.s:614    .text.prvSwitchTimerLists:0000000000000040 .L0 
     /tmp/ccRebiBI.s:615    .text.prvSwitchTimerLists:0000000000000040 .L0 
     /tmp/ccRebiBI.s:616    .text.prvSwitchTimerLists:0000000000000040 .L0 
     /tmp/ccRebiBI.s:618    .text.prvSwitchTimerLists:0000000000000044 .L0 
     /tmp/ccRebiBI.s:622    .text.prvSwitchTimerLists:000000000000004c .L0 
     /tmp/ccRebiBI.s:623    .text.prvSwitchTimerLists:000000000000004c .L0 
     /tmp/ccRebiBI.s:625    .text.prvSwitchTimerLists:0000000000000050 .L0 
     /tmp/ccRebiBI.s:629    .text.prvSwitchTimerLists:0000000000000058 .L0 
     /tmp/ccRebiBI.s:630    .text.prvSwitchTimerLists:0000000000000058 .L0 
     /tmp/ccRebiBI.s:631    .text.prvSwitchTimerLists:0000000000000058 .L0 
     /tmp/ccRebiBI.s:634    .text.prvSwitchTimerLists:0000000000000064 .L0 
     /tmp/ccRebiBI.s:637    .text.prvSwitchTimerLists:0000000000000068 .L0 
     /tmp/ccRebiBI.s:638    .text.prvSwitchTimerLists:0000000000000068 .L0 
     /tmp/ccRebiBI.s:639    .text.prvSwitchTimerLists:0000000000000068 .L0 
     /tmp/ccRebiBI.s:643    .text.prvSwitchTimerLists:000000000000007c .L0 
     /tmp/ccRebiBI.s:644    .text.prvSwitchTimerLists:000000000000007c .L0 
     /tmp/ccRebiBI.s:646    .text.prvSwitchTimerLists:0000000000000080 .L0 
     /tmp/ccRebiBI.s:647    .text.prvSwitchTimerLists:0000000000000084 .L0 
     /tmp/ccRebiBI.s:648    .text.prvSwitchTimerLists:0000000000000084 .L0 
     /tmp/ccRebiBI.s:650    .text.prvSwitchTimerLists:0000000000000088 .L0 
     /tmp/ccRebiBI.s:653    .text.prvSwitchTimerLists:000000000000008c .L0 
     /tmp/ccRebiBI.s:656    .text.prvSwitchTimerLists:0000000000000090 .L0 
     /tmp/ccRebiBI.s:660    .text.prvSwitchTimerLists:0000000000000094 .L0 
     /tmp/ccRebiBI.s:665    .text.prvSwitchTimerLists:0000000000000098 .L0 
     /tmp/ccRebiBI.s:667    .text.prvSwitchTimerLists:0000000000000098 .L0 
     /tmp/ccRebiBI.s:668    .text.prvSwitchTimerLists:0000000000000098 .L0 
     /tmp/ccRebiBI.s:670    .text.prvSwitchTimerLists:000000000000009c .L0 
     /tmp/ccRebiBI.s:673    .text.prvSwitchTimerLists:00000000000000a0 .L0 
     /tmp/ccRebiBI.s:674    .text.prvSwitchTimerLists:00000000000000a0 .L0 
     /tmp/ccRebiBI.s:676    .text.prvSwitchTimerLists:00000000000000a4 .L0 
     /tmp/ccRebiBI.s:678    .text.prvSwitchTimerLists:00000000000000a8 .L0 
     /tmp/ccRebiBI.s:680    .text.prvSwitchTimerLists:00000000000000ac .L0 
GAS LISTING /tmp/ccRebiBI.s 			page 65


     /tmp/ccRebiBI.s:688    .text.prvSwitchTimerLists:00000000000000c4 .L0 
     /tmp/ccRebiBI.s:689    .text.prvSwitchTimerLists:00000000000000c4 .L0 
     /tmp/ccRebiBI.s:700    .text.prvSwitchTimerLists:00000000000000e4 .L0 
     /tmp/ccRebiBI.s:701    .text.prvSwitchTimerLists:00000000000000e4 .L0 
     /tmp/ccRebiBI.s:702    .text.prvSwitchTimerLists:00000000000000e4 .L0 
     /tmp/ccRebiBI.s:703    .text.prvSwitchTimerLists:00000000000000e4 .L0 
     /tmp/ccRebiBI.s:704    .text.prvSwitchTimerLists:00000000000000e4 .L0 
     /tmp/ccRebiBI.s:706    .text.prvSwitchTimerLists:00000000000000e4 .L0 
     /tmp/ccRebiBI.s:707    .text.prvSwitchTimerLists:00000000000000e4 .L0 
     /tmp/ccRebiBI.s:708    .text.prvSwitchTimerLists:00000000000000e4 .L0 
     /tmp/ccRebiBI.s:712    .text.prvSwitchTimerLists:00000000000000f8 .L0 
     /tmp/ccRebiBI.s:713    .text.prvSwitchTimerLists:00000000000000f8 .L0 
     /tmp/ccRebiBI.s:715    .text.prvSwitchTimerLists:0000000000000100 .L0 
     /tmp/ccRebiBI.s:721    .text.prvSampleTimeNow:0000000000000000 prvSampleTimeNow
     /tmp/ccRebiBI.s:724    .text.prvSampleTimeNow:0000000000000000 .L0 
     /tmp/ccRebiBI.s:726    .text.prvSampleTimeNow:0000000000000000 $xrv64i2p1_m2p0_a2p1_f2p2_d2p2_zicsr2p0_zmmul1p0
     /tmp/ccRebiBI.s:726    .text.prvSampleTimeNow:0000000000000000 .L0 
     /tmp/ccRebiBI.s:728    .text.prvSampleTimeNow:0000000000000004 .L0 
     /tmp/ccRebiBI.s:732    .text.prvSampleTimeNow:0000000000000010 .L0 
     /tmp/ccRebiBI.s:733    .text.prvSampleTimeNow:0000000000000010 .L0 
     /tmp/ccRebiBI.s:734    .text.prvSampleTimeNow:0000000000000010 .L0 
     /tmp/ccRebiBI.s:737    .text.prvSampleTimeNow:0000000000000014 .L0 
     /tmp/ccRebiBI.s:738    .text.prvSampleTimeNow:0000000000000014 .L0 
     /tmp/ccRebiBI.s:739    .text.prvSampleTimeNow:0000000000000014 .L0 
     /tmp/ccRebiBI.s:740    .text.prvSampleTimeNow:0000000000000014 .L0 
     /tmp/ccRebiBI.s:745    .text.prvSampleTimeNow:0000000000000020 .L0 
     /tmp/ccRebiBI.s:1776   .sbss.xLastTime.0:0000000000000000 xLastTime.0
     /tmp/ccRebiBI.s:746    .text.prvSampleTimeNow:0000000000000020 .L0 
     /tmp/ccRebiBI.s:748    .text.prvSampleTimeNow:0000000000000028 .L0 
     /tmp/ccRebiBI.s:750    .text.prvSampleTimeNow:000000000000002c .L0 
     /tmp/ccRebiBI.s:751    .text.prvSampleTimeNow:000000000000002c .L0 
     /tmp/ccRebiBI.s:754    .text.prvSampleTimeNow:0000000000000030 .L0 
     /tmp/ccRebiBI.s:755    .text.prvSampleTimeNow:0000000000000030 .L0 
     /tmp/ccRebiBI.s:757    .text.prvSampleTimeNow:0000000000000038 .L0 
     /tmp/ccRebiBI.s:758    .text.prvSampleTimeNow:0000000000000038 .L0 
     /tmp/ccRebiBI.s:760    .text.prvSampleTimeNow:0000000000000040 .L0 
     /tmp/ccRebiBI.s:761    .text.prvSampleTimeNow:0000000000000040 .L0 
     /tmp/ccRebiBI.s:763    .text.prvSampleTimeNow:0000000000000044 .L0 
     /tmp/ccRebiBI.s:766    .text.prvSampleTimeNow:0000000000000048 .L0 
     /tmp/ccRebiBI.s:770    .text.prvSampleTimeNow:000000000000004c .L0 
     /tmp/ccRebiBI.s:775    .text.prvSampleTimeNow:0000000000000050 .L0 
     /tmp/ccRebiBI.s:777    .text.prvSampleTimeNow:0000000000000050 .L0 
     /tmp/ccRebiBI.s:780    .text.prvSampleTimeNow:0000000000000058 .L0 
     /tmp/ccRebiBI.s:781    .text.prvSampleTimeNow:0000000000000058 .L0 
     /tmp/ccRebiBI.s:784    .text.prvSampleTimeNow:0000000000000064 .L0 
     /tmp/ccRebiBI.s:790    .text.prvProcessExpiredTimer:0000000000000000 prvProcessExpiredTimer
     /tmp/ccRebiBI.s:793    .text.prvProcessExpiredTimer:0000000000000000 .L0 
     /tmp/ccRebiBI.s:795    .text.prvProcessExpiredTimer:0000000000000000 $xrv64i2p1_m2p0_a2p1_f2p2_d2p2_zicsr2p0_zmmul1p0
     /tmp/ccRebiBI.s:795    .text.prvProcessExpiredTimer:0000000000000000 .L0 
     /tmp/ccRebiBI.s:797    .text.prvProcessExpiredTimer:0000000000000004 .L0 
     /tmp/ccRebiBI.s:802    .text.prvProcessExpiredTimer:0000000000000014 .L0 
     /tmp/ccRebiBI.s:803    .text.prvProcessExpiredTimer:0000000000000014 .L0 
     /tmp/ccRebiBI.s:804    .text.prvProcessExpiredTimer:0000000000000014 .L0 
     /tmp/ccRebiBI.s:805    .text.prvProcessExpiredTimer:0000000000000014 .L0 
     /tmp/ccRebiBI.s:809    .text.prvProcessExpiredTimer:000000000000001c .L0 
     /tmp/ccRebiBI.s:810    .text.prvProcessExpiredTimer:000000000000001c .L0 
     /tmp/ccRebiBI.s:811    .text.prvProcessExpiredTimer:000000000000001c .L0 
GAS LISTING /tmp/ccRebiBI.s 			page 66


     /tmp/ccRebiBI.s:814    .text.prvProcessExpiredTimer:0000000000000028 .L0 
     /tmp/ccRebiBI.s:817    .text.prvProcessExpiredTimer:000000000000002c .L0 
     /tmp/ccRebiBI.s:818    .text.prvProcessExpiredTimer:000000000000002c .L0 
     /tmp/ccRebiBI.s:823    .text.prvProcessExpiredTimer:0000000000000038 .L0 
     /tmp/ccRebiBI.s:824    .text.prvProcessExpiredTimer:0000000000000038 .L0 
     /tmp/ccRebiBI.s:825    .text.prvProcessExpiredTimer:0000000000000038 .L0 
     /tmp/ccRebiBI.s:827    .text.prvProcessExpiredTimer:000000000000003c .L0 
     /tmp/ccRebiBI.s:830    .text.prvProcessExpiredTimer:0000000000000044 .L0 
     /tmp/ccRebiBI.s:831    .text.prvProcessExpiredTimer:0000000000000044 .L0 
     /tmp/ccRebiBI.s:835    .text.prvProcessExpiredTimer:000000000000004c .L0 
     /tmp/ccRebiBI.s:836    .text.prvProcessExpiredTimer:000000000000004c .L0 
     /tmp/ccRebiBI.s:837    .text.prvProcessExpiredTimer:000000000000004c .L0 
     /tmp/ccRebiBI.s:839    .text.prvProcessExpiredTimer:0000000000000050 .L0 
     /tmp/ccRebiBI.s:843    .text.prvProcessExpiredTimer:0000000000000058 .L0 
     /tmp/ccRebiBI.s:844    .text.prvProcessExpiredTimer:000000000000005c .L0 
     /tmp/ccRebiBI.s:845    .text.prvProcessExpiredTimer:000000000000005c .L0 
     /tmp/ccRebiBI.s:847    .text.prvProcessExpiredTimer:0000000000000060 .L0 
     /tmp/ccRebiBI.s:850    .text.prvProcessExpiredTimer:0000000000000064 .L0 
     /tmp/ccRebiBI.s:853    .text.prvProcessExpiredTimer:0000000000000068 .L0 
     /tmp/ccRebiBI.s:857    .text.prvProcessExpiredTimer:000000000000006c .L0 
     /tmp/ccRebiBI.s:862    .text.prvProcessExpiredTimer:0000000000000070 .L0 
     /tmp/ccRebiBI.s:864    .text.prvProcessExpiredTimer:0000000000000070 .L0 
     /tmp/ccRebiBI.s:865    .text.prvProcessExpiredTimer:0000000000000070 .L0 
     /tmp/ccRebiBI.s:867    .text.prvProcessExpiredTimer:0000000000000074 .L0 
     /tmp/ccRebiBI.s:874    .text.prvProcessExpiredTimer:000000000000008c .L0 
     /tmp/ccRebiBI.s:876    .text.prvProcessExpiredTimer:0000000000000090 .L0 
     /tmp/ccRebiBI.s:877    .text.prvProcessExpiredTimer:0000000000000090 .L0 
     /tmp/ccRebiBI.s:885    .text.prvProcessExpiredTimer:00000000000000ac .L0 
     /tmp/ccRebiBI.s:886    .text.prvProcessExpiredTimer:00000000000000ac .L0 
     /tmp/ccRebiBI.s:887    .text.prvProcessExpiredTimer:00000000000000b0 .L0 
     /tmp/ccRebiBI.s:893    .text.prvProcessTimerOrBlockTask:0000000000000000 prvProcessTimerOrBlockTask
     /tmp/ccRebiBI.s:896    .text.prvProcessTimerOrBlockTask:0000000000000000 .L0 
     /tmp/ccRebiBI.s:898    .text.prvProcessTimerOrBlockTask:0000000000000000 $xrv64i2p1_m2p0_a2p1_f2p2_d2p2_zicsr2p0_zmmul1p0
     /tmp/ccRebiBI.s:898    .text.prvProcessTimerOrBlockTask:0000000000000000 .L0 
     /tmp/ccRebiBI.s:900    .text.prvProcessTimerOrBlockTask:0000000000000004 .L0 
     /tmp/ccRebiBI.s:905    .text.prvProcessTimerOrBlockTask:0000000000000014 .L0 
     /tmp/ccRebiBI.s:906    .text.prvProcessTimerOrBlockTask:0000000000000014 .L0 
     /tmp/ccRebiBI.s:907    .text.prvProcessTimerOrBlockTask:0000000000000014 .L0 
     /tmp/ccRebiBI.s:908    .text.prvProcessTimerOrBlockTask:0000000000000014 .L0 
     /tmp/ccRebiBI.s:912    .text.prvProcessTimerOrBlockTask:000000000000001c .L0 
     /tmp/ccRebiBI.s:913    .text.prvProcessTimerOrBlockTask:000000000000001c .L0 
     /tmp/ccRebiBI.s:914    .text.prvProcessTimerOrBlockTask:000000000000001c .L0 
     /tmp/ccRebiBI.s:917    .text.prvProcessTimerOrBlockTask:0000000000000024 .L0 
     /tmp/ccRebiBI.s:918    .text.prvProcessTimerOrBlockTask:0000000000000024 .L0 
     /tmp/ccRebiBI.s:922    .text.prvProcessTimerOrBlockTask:0000000000000030 .L0 
     /tmp/ccRebiBI.s:923    .text.prvProcessTimerOrBlockTask:0000000000000030 .L0 
     /tmp/ccRebiBI.s:925    .text.prvProcessTimerOrBlockTask:0000000000000034 .L0 
     /tmp/ccRebiBI.s:928    .text.prvProcessTimerOrBlockTask:000000000000003c .L0 
     /tmp/ccRebiBI.s:929    .text.prvProcessTimerOrBlockTask:000000000000003c .L0 
     /tmp/ccRebiBI.s:931    .text.prvProcessTimerOrBlockTask:0000000000000040 .L0 
     /tmp/ccRebiBI.s:935    .text.prvProcessTimerOrBlockTask:0000000000000044 .L0 
     /tmp/ccRebiBI.s:942    .text.prvProcessTimerOrBlockTask:000000000000005c .L0 
     /tmp/ccRebiBI.s:943    .text.prvProcessTimerOrBlockTask:000000000000005c .L0 
     /tmp/ccRebiBI.s:946    .text.prvProcessTimerOrBlockTask:0000000000000064 .L0 
     /tmp/ccRebiBI.s:950    .text.prvProcessTimerOrBlockTask:0000000000000068 .L0 
     /tmp/ccRebiBI.s:951    .text.prvProcessTimerOrBlockTask:000000000000006c .L0 
     /tmp/ccRebiBI.s:952    .text.prvProcessTimerOrBlockTask:000000000000006c .L0 
GAS LISTING /tmp/ccRebiBI.s 			page 67


     /tmp/ccRebiBI.s:954    .text.prvProcessTimerOrBlockTask:0000000000000070 .L0 
     /tmp/ccRebiBI.s:957    .text.prvProcessTimerOrBlockTask:0000000000000074 .L0 
     /tmp/ccRebiBI.s:959    .text.prvProcessTimerOrBlockTask:0000000000000078 .L0 
     /tmp/ccRebiBI.s:963    .text.prvProcessTimerOrBlockTask:000000000000007c .L0 
     /tmp/ccRebiBI.s:968    .text.prvProcessTimerOrBlockTask:0000000000000080 .L0 
     /tmp/ccRebiBI.s:970    .text.prvProcessTimerOrBlockTask:0000000000000080 .L0 
     /tmp/ccRebiBI.s:971    .text.prvProcessTimerOrBlockTask:0000000000000080 .L0 
     /tmp/ccRebiBI.s:974    .text.prvProcessTimerOrBlockTask:0000000000000088 .L0 
     /tmp/ccRebiBI.s:981    .text.prvProcessTimerOrBlockTask:000000000000009c .L0 
     /tmp/ccRebiBI.s:982    .text.prvProcessTimerOrBlockTask:000000000000009c .L0 
     /tmp/ccRebiBI.s:996    .text.prvProcessTimerOrBlockTask:00000000000000bc .L0 
     /tmp/ccRebiBI.s:1003   .text.prvProcessTimerOrBlockTask:00000000000000cc .L0 
     /tmp/ccRebiBI.s:1004   .text.prvProcessTimerOrBlockTask:00000000000000cc .L0 
     /tmp/ccRebiBI.s:1007   .text.prvProcessTimerOrBlockTask:00000000000000d4 .L0 
     /tmp/ccRebiBI.s:1008   .text.prvProcessTimerOrBlockTask:00000000000000d8 .L0 
     /tmp/ccRebiBI.s:1014   .text.prvProcessReceivedCommands:0000000000000000 prvProcessReceivedCommands
     /tmp/ccRebiBI.s:1017   .text.prvProcessReceivedCommands:0000000000000000 .L0 
     /tmp/ccRebiBI.s:1018   .text.prvProcessReceivedCommands:0000000000000000 $xrv64i2p1_m2p0_a2p1_f2p2_d2p2_zicsr2p0_zmmul1p0
     /tmp/ccRebiBI.s:1018   .text.prvProcessReceivedCommands:0000000000000000 .L0 
     /tmp/ccRebiBI.s:1020   .text.prvProcessReceivedCommands:0000000000000004 .L0 
     /tmp/ccRebiBI.s:1023   .text.prvProcessReceivedCommands:000000000000000c .L0 
     /tmp/ccRebiBI.s:1024   .text.prvProcessReceivedCommands:000000000000000c .L0 
     /tmp/ccRebiBI.s:1026   .text.prvProcessReceivedCommands:000000000000000c .L0 
     /tmp/ccRebiBI.s:1027   .text.prvProcessReceivedCommands:000000000000000c .L0 
     /tmp/ccRebiBI.s:1028   .text.prvProcessReceivedCommands:000000000000000c .L0 
     /tmp/ccRebiBI.s:1029   .text.prvProcessReceivedCommands:000000000000000c .L0 
     /tmp/ccRebiBI.s:1030   .text.prvProcessReceivedCommands:000000000000000c .L0 
     /tmp/ccRebiBI.s:1031   .text.prvProcessReceivedCommands:000000000000000c .L0 
     /tmp/ccRebiBI.s:1034   .text.prvProcessReceivedCommands:0000000000000010 .L0 
     /tmp/ccRebiBI.s:1035   .text.prvProcessReceivedCommands:0000000000000010 .L0 
     /tmp/ccRebiBI.s:1036   .text.prvProcessReceivedCommands:0000000000000010 .L0 
     /tmp/ccRebiBI.s:1038   .text.prvProcessReceivedCommands:0000000000000014 .L0 
     /tmp/ccRebiBI.s:1041   .text.prvProcessReceivedCommands:0000000000000018 .L0 
     /tmp/ccRebiBI.s:1042   .text.prvProcessReceivedCommands:0000000000000018 .L0 
     /tmp/ccRebiBI.s:1048   .text.prvProcessReceivedCommands:0000000000000030 .L0 
     /tmp/ccRebiBI.s:1050   .text.prvProcessReceivedCommands:0000000000000034 .L0 
     /tmp/ccRebiBI.s:1051   .text.prvProcessReceivedCommands:0000000000000034 .L0 
     /tmp/ccRebiBI.s:1053   .text.prvProcessReceivedCommands:0000000000000038 .L0 
     /tmp/ccRebiBI.s:1057   .text.prvProcessReceivedCommands:000000000000003c .L0 
     /tmp/ccRebiBI.s:1058   .text.prvProcessReceivedCommands:000000000000003c .L0 
     /tmp/ccRebiBI.s:1059   .text.prvProcessReceivedCommands:000000000000003c .L0 
     /tmp/ccRebiBI.s:1069   .text.prvProcessReceivedCommands:0000000000000050 .L0 
     /tmp/ccRebiBI.s:1070   .text.prvProcessReceivedCommands:0000000000000050 .L0 
     /tmp/ccRebiBI.s:1073   .text.prvProcessReceivedCommands:0000000000000054 .L0 
     /tmp/ccRebiBI.s:1074   .text.prvProcessReceivedCommands:0000000000000054 .L0 
     /tmp/ccRebiBI.s:1076   .text.prvProcessReceivedCommands:0000000000000058 .L0 
     /tmp/ccRebiBI.s:1078   .text.prvProcessReceivedCommands:000000000000005c .L0 
     /tmp/ccRebiBI.s:1079   .text.prvProcessReceivedCommands:000000000000005c .L0 
     /tmp/ccRebiBI.s:1084   .text.prvProcessReceivedCommands:0000000000000068 .L0 
     /tmp/ccRebiBI.s:1085   .text.prvProcessReceivedCommands:0000000000000068 .L0 
     /tmp/ccRebiBI.s:1086   .text.prvProcessReceivedCommands:0000000000000068 .L0 
     /tmp/ccRebiBI.s:1087   .text.prvProcessReceivedCommands:0000000000000068 .L0 
     /tmp/ccRebiBI.s:1091   .text.prvProcessReceivedCommands:0000000000000074 .L0 
     /tmp/ccRebiBI.s:1092   .text.prvProcessReceivedCommands:0000000000000074 .L0 
     /tmp/ccRebiBI.s:1094   .text.prvProcessReceivedCommands:0000000000000078 .L0 
     /tmp/ccRebiBI.s:1119   .text.prvProcessReceivedCommands:000000000000009c .L0 
     /tmp/ccRebiBI.s:1120   .text.prvProcessReceivedCommands:000000000000009c .L0 
GAS LISTING /tmp/ccRebiBI.s 			page 68


     /tmp/ccRebiBI.s:1122   .text.prvProcessReceivedCommands:00000000000000a0 .L0 
     /tmp/ccRebiBI.s:1125   .text.prvProcessReceivedCommands:00000000000000a8 .L0 
     /tmp/ccRebiBI.s:1126   .text.prvProcessReceivedCommands:00000000000000a8 .L0 
     /tmp/ccRebiBI.s:1128   .text.prvProcessReceivedCommands:00000000000000ac .L0 
     /tmp/ccRebiBI.s:1130   .text.prvProcessReceivedCommands:00000000000000b0 .L0 
     /tmp/ccRebiBI.s:1137   .text.prvProcessReceivedCommands:00000000000000c4 .L0 
     /tmp/ccRebiBI.s:1139   .text.prvProcessReceivedCommands:00000000000000c8 .L0 
     /tmp/ccRebiBI.s:1140   .text.prvProcessReceivedCommands:00000000000000c8 .L0 
     /tmp/ccRebiBI.s:1142   .text.prvProcessReceivedCommands:00000000000000cc .L0 
     /tmp/ccRebiBI.s:1146   .text.prvProcessReceivedCommands:00000000000000d4 .L0 
     /tmp/ccRebiBI.s:1147   .text.prvProcessReceivedCommands:00000000000000d4 .L0 
     /tmp/ccRebiBI.s:1148   .text.prvProcessReceivedCommands:00000000000000d4 .L0 
     /tmp/ccRebiBI.s:1150   .text.prvProcessReceivedCommands:00000000000000d8 .L0 
     /tmp/ccRebiBI.s:1153   .text.prvProcessReceivedCommands:00000000000000e0 .L0 
     /tmp/ccRebiBI.s:1154   .text.prvProcessReceivedCommands:00000000000000e0 .L0 
     /tmp/ccRebiBI.s:1156   .text.prvProcessReceivedCommands:00000000000000e4 .L0 
     /tmp/ccRebiBI.s:1165   .text.prvProcessReceivedCommands:0000000000000104 .L0 
     /tmp/ccRebiBI.s:1166   .text.prvProcessReceivedCommands:0000000000000104 .L0 
     /tmp/ccRebiBI.s:1170   .text.prvProcessReceivedCommands:0000000000000108 .L0 
     /tmp/ccRebiBI.s:1171   .text.prvProcessReceivedCommands:0000000000000108 .L0 
     /tmp/ccRebiBI.s:1173   .text.prvProcessReceivedCommands:000000000000010c .L0 
     /tmp/ccRebiBI.s:1176   .text.prvProcessReceivedCommands:0000000000000114 .L0 
     /tmp/ccRebiBI.s:1179   .text.prvProcessReceivedCommands:0000000000000118 .L0 
     /tmp/ccRebiBI.s:1180   .text.prvProcessReceivedCommands:0000000000000118 .L0 
     /tmp/ccRebiBI.s:1182   .text.prvProcessReceivedCommands:000000000000011c .L0 
     /tmp/ccRebiBI.s:1185   .text.prvProcessReceivedCommands:0000000000000124 .L0 
     /tmp/ccRebiBI.s:1186   .text.prvProcessReceivedCommands:0000000000000124 .L0 
     /tmp/ccRebiBI.s:1188   .text.prvProcessReceivedCommands:0000000000000128 .L0 
     /tmp/ccRebiBI.s:1190   .text.prvProcessReceivedCommands:000000000000012c .L0 
     /tmp/ccRebiBI.s:1191   .text.prvProcessReceivedCommands:000000000000012c .L0 
     /tmp/ccRebiBI.s:1192   .text.prvProcessReceivedCommands:000000000000012c .L0 
     /tmp/ccRebiBI.s:1200   .text.prvProcessReceivedCommands:0000000000000144 .L0 
     /tmp/ccRebiBI.s:1204   .text.prvProcessReceivedCommands:0000000000000148 .L0 
     /tmp/ccRebiBI.s:1205   .text.prvProcessReceivedCommands:0000000000000148 .L0 
     /tmp/ccRebiBI.s:1207   .text.prvProcessReceivedCommands:000000000000014c .L0 
     /tmp/ccRebiBI.s:1210   .text.prvProcessReceivedCommands:0000000000000154 .L0 
     /tmp/ccRebiBI.s:1211   .text.prvProcessReceivedCommands:0000000000000154 .L0 
     /tmp/ccRebiBI.s:1216   .text.prvProcessReceivedCommands:0000000000000160 .L0 
     /tmp/ccRebiBI.s:1224   .text.prvProcessReceivedCommands:0000000000000170 .L0 
     /tmp/ccRebiBI.s:1225   .text.prvProcessReceivedCommands:0000000000000174 .L0 
     /tmp/ccRebiBI.s:1227   .text.prvProcessReceivedCommands:0000000000000178 .L0 
     /tmp/ccRebiBI.s:1230   .text.prvProcessReceivedCommands:000000000000017c .L0 
     /tmp/ccRebiBI.s:1232   .text.prvProcessReceivedCommands:0000000000000180 .L0 
     /tmp/ccRebiBI.s:1241   .text.prvTimerTask:0000000000000000 .L0 
     /tmp/ccRebiBI.s:1243   .text.prvTimerTask:0000000000000000 $xrv64i2p1_m2p0_a2p1_f2p2_d2p2_zicsr2p0_zmmul1p0
     /tmp/ccRebiBI.s:1243   .text.prvTimerTask:0000000000000000 .L0 
     /tmp/ccRebiBI.s:1245   .text.prvTimerTask:0000000000000004 .L0 
     /tmp/ccRebiBI.s:1247   .text.prvTimerTask:0000000000000008 .L0 
     /tmp/ccRebiBI.s:1251   .text.prvTimerTask:0000000000000008 .L0 
     /tmp/ccRebiBI.s:1252   .text.prvTimerTask:0000000000000008 .L0 
     /tmp/ccRebiBI.s:1253   .text.prvTimerTask:0000000000000008 .L0 
     /tmp/ccRebiBI.s:1254   .text.prvTimerTask:0000000000000008 .L0 
     /tmp/ccRebiBI.s:1255   .text.prvTimerTask:0000000000000008 .L0 
     /tmp/ccRebiBI.s:1256   .text.prvTimerTask:0000000000000008 .L0 
     /tmp/ccRebiBI.s:1260   .text.prvTimerTask:0000000000000014 .L0 
     /tmp/ccRebiBI.s:1264   .text.prvTimerTask:0000000000000020 .L0 
     /tmp/ccRebiBI.s:1267   .text.prvTimerTask:0000000000000028 .L0 
GAS LISTING /tmp/ccRebiBI.s 			page 69


     /tmp/ccRebiBI.s:1268   .text.prvTimerTask:000000000000002c .L0 
     /tmp/ccRebiBI.s:1275   .text.xTimerGetTimerDaemonTaskHandle:0000000000000000 xTimerGetTimerDaemonTaskHandle
     /tmp/ccRebiBI.s:1278   .text.xTimerGetTimerDaemonTaskHandle:0000000000000000 .L0 
     /tmp/ccRebiBI.s:1279   .text.xTimerGetTimerDaemonTaskHandle:0000000000000000 .L0 
     /tmp/ccRebiBI.s:1280   .text.xTimerGetTimerDaemonTaskHandle:0000000000000000 .L0 
     /tmp/ccRebiBI.s:1281   .text.xTimerGetTimerDaemonTaskHandle:0000000000000000 .L0 
     /tmp/ccRebiBI.s:1282   .text.xTimerGetTimerDaemonTaskHandle:0000000000000000 $xrv64i2p1_m2p0_a2p1_f2p2_d2p2_zicsr2p0_zmmul1p0
     /tmp/ccRebiBI.s:1282   .text.xTimerGetTimerDaemonTaskHandle:0000000000000000 .L0 
     /tmp/ccRebiBI.s:1284   .text.xTimerGetTimerDaemonTaskHandle:000000000000000c .L0 
     /tmp/ccRebiBI.s:1291   .text.xTimerGetPeriod:0000000000000000 xTimerGetPeriod
     /tmp/ccRebiBI.s:1294   .text.xTimerGetPeriod:0000000000000000 .L0 
     /tmp/ccRebiBI.s:1296   .text.xTimerGetPeriod:0000000000000000 .L0 
     /tmp/ccRebiBI.s:1297   .text.xTimerGetPeriod:0000000000000000 .L0 
     /tmp/ccRebiBI.s:1298   .text.xTimerGetPeriod:0000000000000000 .L0 
     /tmp/ccRebiBI.s:1299   .text.xTimerGetPeriod:0000000000000000 .L0 
     /tmp/ccRebiBI.s:1300   .text.xTimerGetPeriod:0000000000000000 $xrv64i2p1_m2p0_a2p1_f2p2_d2p2_zicsr2p0_zmmul1p0
     /tmp/ccRebiBI.s:1300   .text.xTimerGetPeriod:0000000000000000 .L0 
     /tmp/ccRebiBI.s:1303   .text.xTimerGetPeriod:0000000000000008 .L0 
     /tmp/ccRebiBI.s:1310   .text.vTimerSetReloadMode:0000000000000000 vTimerSetReloadMode
     /tmp/ccRebiBI.s:1313   .text.vTimerSetReloadMode:0000000000000000 .L0 
     /tmp/ccRebiBI.s:1315   .text.vTimerSetReloadMode:0000000000000000 $xrv64i2p1_m2p0_a2p1_f2p2_d2p2_zicsr2p0_zmmul1p0
     /tmp/ccRebiBI.s:1315   .text.vTimerSetReloadMode:0000000000000000 .L0 
     /tmp/ccRebiBI.s:1317   .text.vTimerSetReloadMode:0000000000000004 .L0 
     /tmp/ccRebiBI.s:1321   .text.vTimerSetReloadMode:0000000000000010 .L0 
     /tmp/ccRebiBI.s:1322   .text.vTimerSetReloadMode:0000000000000010 .L0 
     /tmp/ccRebiBI.s:1323   .text.vTimerSetReloadMode:0000000000000010 .L0 
     /tmp/ccRebiBI.s:1328   .text.vTimerSetReloadMode:0000000000000018 .L0 
     /tmp/ccRebiBI.s:1329   .text.vTimerSetReloadMode:0000000000000018 .L0 
     /tmp/ccRebiBI.s:1330   .text.vTimerSetReloadMode:0000000000000018 .L0 
     /tmp/ccRebiBI.s:1333   .text.vTimerSetReloadMode:0000000000000020 .L0 
     /tmp/ccRebiBI.s:1334   .text.vTimerSetReloadMode:0000000000000020 .L0 
     /tmp/ccRebiBI.s:1336   .text.vTimerSetReloadMode:0000000000000024 .L0 
     /tmp/ccRebiBI.s:1337   .text.vTimerSetReloadMode:0000000000000024 .L0 
     /tmp/ccRebiBI.s:1339   .text.vTimerSetReloadMode:0000000000000028 .L0 
     /tmp/ccRebiBI.s:1343   .text.vTimerSetReloadMode:0000000000000030 .L0 
     /tmp/ccRebiBI.s:1346   .text.vTimerSetReloadMode:0000000000000038 .L0 
     /tmp/ccRebiBI.s:1347   .text.vTimerSetReloadMode:000000000000003c .L0 
     /tmp/ccRebiBI.s:1348   .text.vTimerSetReloadMode:000000000000003c .L0 
     /tmp/ccRebiBI.s:1350   .text.vTimerSetReloadMode:0000000000000040 .L0 
     /tmp/ccRebiBI.s:1353   .text.vTimerSetReloadMode:0000000000000044 .L0 
     /tmp/ccRebiBI.s:1357   .text.vTimerSetReloadMode:0000000000000048 .L0 
     /tmp/ccRebiBI.s:1362   .text.vTimerSetReloadMode:000000000000004c .L0 
     /tmp/ccRebiBI.s:1364   .text.vTimerSetReloadMode:000000000000004c .L0 
     /tmp/ccRebiBI.s:1365   .text.vTimerSetReloadMode:000000000000004c .L0 
     /tmp/ccRebiBI.s:1367   .text.vTimerSetReloadMode:0000000000000050 .L0 
     /tmp/ccRebiBI.s:1370   .text.vTimerSetReloadMode:000000000000005c .L0 
     /tmp/ccRebiBI.s:1377   .text.uxTimerGetReloadMode:0000000000000000 uxTimerGetReloadMode
     /tmp/ccRebiBI.s:1380   .text.uxTimerGetReloadMode:0000000000000000 .L0 
     /tmp/ccRebiBI.s:1382   .text.uxTimerGetReloadMode:0000000000000000 $xrv64i2p1_m2p0_a2p1_f2p2_d2p2_zicsr2p0_zmmul1p0
     /tmp/ccRebiBI.s:1382   .text.uxTimerGetReloadMode:0000000000000000 .L0 
     /tmp/ccRebiBI.s:1384   .text.uxTimerGetReloadMode:0000000000000004 .L0 
     /tmp/ccRebiBI.s:1387   .text.uxTimerGetReloadMode:000000000000000c .L0 
     /tmp/ccRebiBI.s:1388   .text.uxTimerGetReloadMode:000000000000000c .L0 
     /tmp/ccRebiBI.s:1392   .text.uxTimerGetReloadMode:0000000000000010 .L0 
     /tmp/ccRebiBI.s:1393   .text.uxTimerGetReloadMode:0000000000000010 .L0 
     /tmp/ccRebiBI.s:1394   .text.uxTimerGetReloadMode:0000000000000010 .L0 
     /tmp/ccRebiBI.s:1395   .text.uxTimerGetReloadMode:0000000000000010 .L0 
GAS LISTING /tmp/ccRebiBI.s 			page 70


     /tmp/ccRebiBI.s:1398   .text.uxTimerGetReloadMode:0000000000000018 .L0 
     /tmp/ccRebiBI.s:1399   .text.uxTimerGetReloadMode:0000000000000018 .L0 
     /tmp/ccRebiBI.s:1401   .text.uxTimerGetReloadMode:000000000000001c .L0 
     /tmp/ccRebiBI.s:1404   .text.uxTimerGetReloadMode:0000000000000024 .L0 
     /tmp/ccRebiBI.s:1408   .text.uxTimerGetReloadMode:0000000000000028 .L0 
     /tmp/ccRebiBI.s:1411   .text.uxTimerGetReloadMode:0000000000000030 .L0 
     /tmp/ccRebiBI.s:1412   .text.uxTimerGetReloadMode:0000000000000030 .L0 
     /tmp/ccRebiBI.s:1414   .text.uxTimerGetReloadMode:0000000000000038 .L0 
     /tmp/ccRebiBI.s:1415   .text.uxTimerGetReloadMode:0000000000000038 .L0 
     /tmp/ccRebiBI.s:1417   .text.uxTimerGetReloadMode:000000000000003c .L0 
     /tmp/ccRebiBI.s:1421   .text.uxTimerGetReloadMode:0000000000000040 .L0 
     /tmp/ccRebiBI.s:1426   .text.uxTimerGetReloadMode:0000000000000044 .L0 
     /tmp/ccRebiBI.s:1428   .text.uxTimerGetReloadMode:0000000000000044 .L0 
     /tmp/ccRebiBI.s:1431   .text.uxTimerGetReloadMode:000000000000004c .L0 
     /tmp/ccRebiBI.s:1438   .text.xTimerGetExpiryTime:0000000000000000 xTimerGetExpiryTime
     /tmp/ccRebiBI.s:1441   .text.xTimerGetExpiryTime:0000000000000000 .L0 
     /tmp/ccRebiBI.s:1443   .text.xTimerGetExpiryTime:0000000000000000 .L0 
     /tmp/ccRebiBI.s:1444   .text.xTimerGetExpiryTime:0000000000000000 .L0 
     /tmp/ccRebiBI.s:1445   .text.xTimerGetExpiryTime:0000000000000000 .L0 
     /tmp/ccRebiBI.s:1446   .text.xTimerGetExpiryTime:0000000000000000 .L0 
     /tmp/ccRebiBI.s:1447   .text.xTimerGetExpiryTime:0000000000000000 .L0 
     /tmp/ccRebiBI.s:1448   .text.xTimerGetExpiryTime:0000000000000000 .L0 
     /tmp/ccRebiBI.s:1449   .text.xTimerGetExpiryTime:0000000000000000 $xrv64i2p1_m2p0_a2p1_f2p2_d2p2_zicsr2p0_zmmul1p0
     /tmp/ccRebiBI.s:1449   .text.xTimerGetExpiryTime:0000000000000000 .L0 
     /tmp/ccRebiBI.s:1452   .text.xTimerGetExpiryTime:0000000000000008 .L0 
     /tmp/ccRebiBI.s:1459   .text.pcTimerGetName:0000000000000000 pcTimerGetName
     /tmp/ccRebiBI.s:1462   .text.pcTimerGetName:0000000000000000 .L0 
     /tmp/ccRebiBI.s:1464   .text.pcTimerGetName:0000000000000000 .L0 
     /tmp/ccRebiBI.s:1465   .text.pcTimerGetName:0000000000000000 .L0 
     /tmp/ccRebiBI.s:1466   .text.pcTimerGetName:0000000000000000 .L0 
     /tmp/ccRebiBI.s:1467   .text.pcTimerGetName:0000000000000000 .L0 
     /tmp/ccRebiBI.s:1468   .text.pcTimerGetName:0000000000000000 $xrv64i2p1_m2p0_a2p1_f2p2_d2p2_zicsr2p0_zmmul1p0
     /tmp/ccRebiBI.s:1468   .text.pcTimerGetName:0000000000000000 .L0 
     /tmp/ccRebiBI.s:1471   .text.pcTimerGetName:0000000000000008 .L0 
     /tmp/ccRebiBI.s:1478   .text.xTimerIsTimerActive:0000000000000000 xTimerIsTimerActive
     /tmp/ccRebiBI.s:1481   .text.xTimerIsTimerActive:0000000000000000 .L0 
     /tmp/ccRebiBI.s:1483   .text.xTimerIsTimerActive:0000000000000000 $xrv64i2p1_m2p0_a2p1_f2p2_d2p2_zicsr2p0_zmmul1p0
     /tmp/ccRebiBI.s:1483   .text.xTimerIsTimerActive:0000000000000000 .L0 
     /tmp/ccRebiBI.s:1485   .text.xTimerIsTimerActive:0000000000000004 .L0 
     /tmp/ccRebiBI.s:1488   .text.xTimerIsTimerActive:000000000000000c .L0 
     /tmp/ccRebiBI.s:1489   .text.xTimerIsTimerActive:000000000000000c .L0 
     /tmp/ccRebiBI.s:1492   .text.xTimerIsTimerActive:0000000000000010 .L0 
     /tmp/ccRebiBI.s:1494   .text.xTimerIsTimerActive:0000000000000010 .L0 
     /tmp/ccRebiBI.s:1495   .text.xTimerIsTimerActive:0000000000000010 .L0 
     /tmp/ccRebiBI.s:1496   .text.xTimerIsTimerActive:0000000000000010 .L0 
     /tmp/ccRebiBI.s:1499   .text.xTimerIsTimerActive:0000000000000018 .L0 
     /tmp/ccRebiBI.s:1500   .text.xTimerIsTimerActive:0000000000000018 .L0 
     /tmp/ccRebiBI.s:1502   .text.xTimerIsTimerActive:000000000000001c .L0 
     /tmp/ccRebiBI.s:1505   .text.xTimerIsTimerActive:0000000000000024 .L0 
     /tmp/ccRebiBI.s:1509   .text.xTimerIsTimerActive:0000000000000028 .L0 
     /tmp/ccRebiBI.s:1512   .text.xTimerIsTimerActive:0000000000000030 .L0 
     /tmp/ccRebiBI.s:1513   .text.xTimerIsTimerActive:0000000000000030 .L0 
     /tmp/ccRebiBI.s:1515   .text.xTimerIsTimerActive:0000000000000038 .L0 
     /tmp/ccRebiBI.s:1516   .text.xTimerIsTimerActive:0000000000000038 .L0 
     /tmp/ccRebiBI.s:1518   .text.xTimerIsTimerActive:000000000000003c .L0 
     /tmp/ccRebiBI.s:1522   .text.xTimerIsTimerActive:0000000000000040 .L0 
     /tmp/ccRebiBI.s:1527   .text.xTimerIsTimerActive:0000000000000044 .L0 
GAS LISTING /tmp/ccRebiBI.s 			page 71


     /tmp/ccRebiBI.s:1529   .text.xTimerIsTimerActive:0000000000000044 .L0 
     /tmp/ccRebiBI.s:1532   .text.xTimerIsTimerActive:000000000000004c .L0 
     /tmp/ccRebiBI.s:1539   .text.pvTimerGetTimerID:0000000000000000 pvTimerGetTimerID
     /tmp/ccRebiBI.s:1542   .text.pvTimerGetTimerID:0000000000000000 .L0 
     /tmp/ccRebiBI.s:1544   .text.pvTimerGetTimerID:0000000000000000 $xrv64i2p1_m2p0_a2p1_f2p2_d2p2_zicsr2p0_zmmul1p0
     /tmp/ccRebiBI.s:1544   .text.pvTimerGetTimerID:0000000000000000 .L0 
     /tmp/ccRebiBI.s:1546   .text.pvTimerGetTimerID:0000000000000004 .L0 
     /tmp/ccRebiBI.s:1549   .text.pvTimerGetTimerID:000000000000000c .L0 
     /tmp/ccRebiBI.s:1550   .text.pvTimerGetTimerID:000000000000000c .L0 
     /tmp/ccRebiBI.s:1554   .text.pvTimerGetTimerID:0000000000000010 .L0 
     /tmp/ccRebiBI.s:1555   .text.pvTimerGetTimerID:0000000000000010 .L0 
     /tmp/ccRebiBI.s:1556   .text.pvTimerGetTimerID:0000000000000010 .L0 
     /tmp/ccRebiBI.s:1557   .text.pvTimerGetTimerID:0000000000000010 .L0 
     /tmp/ccRebiBI.s:1560   .text.pvTimerGetTimerID:0000000000000018 .L0 
     /tmp/ccRebiBI.s:1561   .text.pvTimerGetTimerID:0000000000000018 .L0 
     /tmp/ccRebiBI.s:1564   .text.pvTimerGetTimerID:000000000000001c .L0 
     /tmp/ccRebiBI.s:1567   .text.pvTimerGetTimerID:0000000000000024 .L0 
     /tmp/ccRebiBI.s:1568   .text.pvTimerGetTimerID:0000000000000024 .L0 
     /tmp/ccRebiBI.s:1570   .text.pvTimerGetTimerID:000000000000002c .L0 
     /tmp/ccRebiBI.s:1572   .text.pvTimerGetTimerID:0000000000000030 .L0 
     /tmp/ccRebiBI.s:1576   .text.pvTimerGetTimerID:0000000000000034 .L0 
     /tmp/ccRebiBI.s:1578   .text.pvTimerGetTimerID:0000000000000038 .L0 
     /tmp/ccRebiBI.s:1585   .text.vTimerSetTimerID:0000000000000000 vTimerSetTimerID
     /tmp/ccRebiBI.s:1588   .text.vTimerSetTimerID:0000000000000000 .L0 
     /tmp/ccRebiBI.s:1590   .text.vTimerSetTimerID:0000000000000000 $xrv64i2p1_m2p0_a2p1_f2p2_d2p2_zicsr2p0_zmmul1p0
     /tmp/ccRebiBI.s:1590   .text.vTimerSetTimerID:0000000000000000 .L0 
     /tmp/ccRebiBI.s:1592   .text.vTimerSetTimerID:0000000000000004 .L0 
     /tmp/ccRebiBI.s:1596   .text.vTimerSetTimerID:0000000000000010 .L0 
     /tmp/ccRebiBI.s:1597   .text.vTimerSetTimerID:0000000000000010 .L0 
     /tmp/ccRebiBI.s:1598   .text.vTimerSetTimerID:0000000000000010 .L0 
     /tmp/ccRebiBI.s:1603   .text.vTimerSetTimerID:0000000000000018 .L0 
     /tmp/ccRebiBI.s:1604   .text.vTimerSetTimerID:0000000000000018 .L0 
     /tmp/ccRebiBI.s:1605   .text.vTimerSetTimerID:0000000000000018 .L0 
     /tmp/ccRebiBI.s:1608   .text.vTimerSetTimerID:0000000000000020 .L0 
     /tmp/ccRebiBI.s:1609   .text.vTimerSetTimerID:0000000000000020 .L0 
     /tmp/ccRebiBI.s:1611   .text.vTimerSetTimerID:0000000000000024 .L0 
     /tmp/ccRebiBI.s:1614   .text.vTimerSetTimerID:000000000000002c .L0 
     /tmp/ccRebiBI.s:1615   .text.vTimerSetTimerID:0000000000000030 .L0 
     /tmp/ccRebiBI.s:1617   .text.vTimerSetTimerID:0000000000000034 .L0 
     /tmp/ccRebiBI.s:1620   .text.vTimerSetTimerID:0000000000000038 .L0 
     /tmp/ccRebiBI.s:1624   .text.vTimerSetTimerID:000000000000003c .L0 
     /tmp/ccRebiBI.s:1626   .text.vTimerSetTimerID:0000000000000040 .L0 
     /tmp/ccRebiBI.s:1633   .text.xTimerPendFunctionCallFromISR:0000000000000000 xTimerPendFunctionCallFromISR
     /tmp/ccRebiBI.s:1636   .text.xTimerPendFunctionCallFromISR:0000000000000000 .L0 
     /tmp/ccRebiBI.s:1638   .text.xTimerPendFunctionCallFromISR:0000000000000000 $xrv64i2p1_m2p0_a2p1_f2p2_d2p2_zicsr2p0_zmmul1p0
     /tmp/ccRebiBI.s:1638   .text.xTimerPendFunctionCallFromISR:0000000000000000 .L0 
     /tmp/ccRebiBI.s:1640   .text.xTimerPendFunctionCallFromISR:0000000000000004 .L0 
     /tmp/ccRebiBI.s:1642   .text.xTimerPendFunctionCallFromISR:0000000000000008 .L0 
     /tmp/ccRebiBI.s:1645   .text.xTimerPendFunctionCallFromISR:000000000000000c .L0 
     /tmp/ccRebiBI.s:1646   .text.xTimerPendFunctionCallFromISR:000000000000000c .L0 
     /tmp/ccRebiBI.s:1647   .text.xTimerPendFunctionCallFromISR:000000000000000c .L0 
     /tmp/ccRebiBI.s:1648   .text.xTimerPendFunctionCallFromISR:000000000000000c .L0 
     /tmp/ccRebiBI.s:1651   .text.xTimerPendFunctionCallFromISR:0000000000000014 .L0 
     /tmp/ccRebiBI.s:1652   .text.xTimerPendFunctionCallFromISR:0000000000000014 .L0 
     /tmp/ccRebiBI.s:1654   .text.xTimerPendFunctionCallFromISR:0000000000000018 .L0 
     /tmp/ccRebiBI.s:1655   .text.xTimerPendFunctionCallFromISR:0000000000000018 .L0 
     /tmp/ccRebiBI.s:1657   .text.xTimerPendFunctionCallFromISR:000000000000001c .L0 
GAS LISTING /tmp/ccRebiBI.s 			page 72


     /tmp/ccRebiBI.s:1658   .text.xTimerPendFunctionCallFromISR:000000000000001c .L0 
     /tmp/ccRebiBI.s:1660   .text.xTimerPendFunctionCallFromISR:0000000000000020 .L0 
     /tmp/ccRebiBI.s:1661   .text.xTimerPendFunctionCallFromISR:0000000000000020 .L0 
     /tmp/ccRebiBI.s:1672   .text.xTimerPendFunctionCallFromISR:000000000000003c .L0 
     /tmp/ccRebiBI.s:1673   .text.xTimerPendFunctionCallFromISR:000000000000003c .L0 
     /tmp/ccRebiBI.s:1674   .text.xTimerPendFunctionCallFromISR:000000000000003c .L0 
     /tmp/ccRebiBI.s:1675   .text.xTimerPendFunctionCallFromISR:0000000000000040 .L0 
     /tmp/ccRebiBI.s:1678   .text.xTimerPendFunctionCallFromISR:0000000000000044 .L0 
     /tmp/ccRebiBI.s:1680   .text.xTimerPendFunctionCallFromISR:0000000000000048 .L0 
     /tmp/ccRebiBI.s:1687   .text.xTimerPendFunctionCall:0000000000000000 xTimerPendFunctionCall
     /tmp/ccRebiBI.s:1690   .text.xTimerPendFunctionCall:0000000000000000 .L0 
     /tmp/ccRebiBI.s:1692   .text.xTimerPendFunctionCall:0000000000000000 $xrv64i2p1_m2p0_a2p1_f2p2_d2p2_zicsr2p0_zmmul1p0
     /tmp/ccRebiBI.s:1692   .text.xTimerPendFunctionCall:0000000000000000 .L0 
     /tmp/ccRebiBI.s:1694   .text.xTimerPendFunctionCall:0000000000000004 .L0 
     /tmp/ccRebiBI.s:1696   .text.xTimerPendFunctionCall:0000000000000008 .L0 
     /tmp/ccRebiBI.s:1699   .text.xTimerPendFunctionCall:000000000000000c .L0 
     /tmp/ccRebiBI.s:1700   .text.xTimerPendFunctionCall:000000000000000c .L0 
     /tmp/ccRebiBI.s:1701   .text.xTimerPendFunctionCall:000000000000000c .L0 
     /tmp/ccRebiBI.s:1702   .text.xTimerPendFunctionCall:000000000000000c .L0 
     /tmp/ccRebiBI.s:1703   .text.xTimerPendFunctionCall:000000000000000c .L0 
     /tmp/ccRebiBI.s:1706   .text.xTimerPendFunctionCall:0000000000000014 .L0 
     /tmp/ccRebiBI.s:1707   .text.xTimerPendFunctionCall:0000000000000014 .L0 
     /tmp/ccRebiBI.s:1709   .text.xTimerPendFunctionCall:0000000000000018 .L0 
     /tmp/ccRebiBI.s:1710   .text.xTimerPendFunctionCall:0000000000000018 .L0 
     /tmp/ccRebiBI.s:1712   .text.xTimerPendFunctionCall:000000000000001c .L0 
     /tmp/ccRebiBI.s:1713   .text.xTimerPendFunctionCall:000000000000001c .L0 
     /tmp/ccRebiBI.s:1715   .text.xTimerPendFunctionCall:0000000000000020 .L0 
     /tmp/ccRebiBI.s:1716   .text.xTimerPendFunctionCall:0000000000000020 .L0 
     /tmp/ccRebiBI.s:1727   .text.xTimerPendFunctionCall:000000000000003c .L0 
     /tmp/ccRebiBI.s:1728   .text.xTimerPendFunctionCall:000000000000003c .L0 
     /tmp/ccRebiBI.s:1729   .text.xTimerPendFunctionCall:000000000000003c .L0 
     /tmp/ccRebiBI.s:1730   .text.xTimerPendFunctionCall:0000000000000040 .L0 
     /tmp/ccRebiBI.s:1733   .text.xTimerPendFunctionCall:0000000000000044 .L0 
     /tmp/ccRebiBI.s:1735   .text.xTimerPendFunctionCall:0000000000000048 .L0 
     /tmp/ccRebiBI.s:1742   .text.uxTimerGetTimerNumber:0000000000000000 uxTimerGetTimerNumber
     /tmp/ccRebiBI.s:1745   .text.uxTimerGetTimerNumber:0000000000000000 .L0 
     /tmp/ccRebiBI.s:1747   .text.uxTimerGetTimerNumber:0000000000000000 .L0 
     /tmp/ccRebiBI.s:1748   .text.uxTimerGetTimerNumber:0000000000000000 .L0 
     /tmp/ccRebiBI.s:1749   .text.uxTimerGetTimerNumber:0000000000000000 $xrv64i2p1_m2p0_a2p1_f2p2_d2p2_zicsr2p0_zmmul1p0
     /tmp/ccRebiBI.s:1749   .text.uxTimerGetTimerNumber:0000000000000000 .L0 
     /tmp/ccRebiBI.s:1752   .text.uxTimerGetTimerNumber:0000000000000008 .L0 
     /tmp/ccRebiBI.s:1759   .text.vTimerSetTimerNumber:0000000000000000 vTimerSetTimerNumber
     /tmp/ccRebiBI.s:1762   .text.vTimerSetTimerNumber:0000000000000000 .L0 
     /tmp/ccRebiBI.s:1764   .text.vTimerSetTimerNumber:0000000000000000 .L0 
     /tmp/ccRebiBI.s:1765   .text.vTimerSetTimerNumber:0000000000000000 .L0 
     /tmp/ccRebiBI.s:1766   .text.vTimerSetTimerNumber:0000000000000000 $xrv64i2p1_m2p0_a2p1_f2p2_d2p2_zicsr2p0_zmmul1p0
     /tmp/ccRebiBI.s:1766   .text.vTimerSetTimerNumber:0000000000000000 .L0 
     /tmp/ccRebiBI.s:1768   .text.vTimerSetTimerNumber:0000000000000004 .L0 
     /tmp/ccRebiBI.s:1769   .text.vTimerSetTimerNumber:0000000000000008 .L0 
     /tmp/ccRebiBI.s:53     .text.prvGetNextExpireTime:0000000000000038 .L0 
     /tmp/ccRebiBI.s:138    .text.prvInsertTimerInActiveList:0000000000000078 .L0 
     /tmp/ccRebiBI.s:214    .text.prvCheckForValidListAndQueue:00000000000000a4 .L0 
     /tmp/ccRebiBI.s:311    .text.prvInitialiseNewTimer:0000000000000098 .L0 
     /tmp/ccRebiBI.s:371    .text.xTimerCreateTimerTask:000000000000005c .L0 
     /tmp/ccRebiBI.s:457    .text.xTimerCreate:0000000000000094 .L0 
     /tmp/ccRebiBI.s:565    .text.xTimerGenericCommand:00000000000000b4 .L0 
     /tmp/ccRebiBI.s:718    .text.prvSwitchTimerLists:0000000000000100 .L0 
GAS LISTING /tmp/ccRebiBI.s 			page 73


     /tmp/ccRebiBI.s:787    .text.prvSampleTimeNow:0000000000000064 .L0 
     /tmp/ccRebiBI.s:890    .text.prvProcessExpiredTimer:00000000000000b0 .L0 
     /tmp/ccRebiBI.s:1011   .text.prvProcessTimerOrBlockTask:00000000000000d8 .L0 
     /tmp/ccRebiBI.s:1235   .text.prvProcessReceivedCommands:0000000000000180 .L0 
     /tmp/ccRebiBI.s:1271   .text.prvTimerTask:000000000000002c .L0 
     /tmp/ccRebiBI.s:1287   .text.xTimerGetTimerDaemonTaskHandle:000000000000000c .L0 
     /tmp/ccRebiBI.s:1306   .text.xTimerGetPeriod:0000000000000008 .L0 
     /tmp/ccRebiBI.s:1373   .text.vTimerSetReloadMode:000000000000005c .L0 
     /tmp/ccRebiBI.s:1434   .text.uxTimerGetReloadMode:000000000000004c .L0 
     /tmp/ccRebiBI.s:1455   .text.xTimerGetExpiryTime:0000000000000008 .L0 
     /tmp/ccRebiBI.s:1474   .text.pcTimerGetName:0000000000000008 .L0 
     /tmp/ccRebiBI.s:1535   .text.xTimerIsTimerActive:000000000000004c .L0 
     /tmp/ccRebiBI.s:1581   .text.pvTimerGetTimerID:0000000000000038 .L0 
     /tmp/ccRebiBI.s:1629   .text.vTimerSetTimerID:0000000000000040 .L0 
     /tmp/ccRebiBI.s:1683   .text.xTimerPendFunctionCallFromISR:0000000000000048 .L0 
     /tmp/ccRebiBI.s:1738   .text.xTimerPendFunctionCall:0000000000000048 .L0 
     /tmp/ccRebiBI.s:1755   .text.uxTimerGetTimerNumber:0000000000000008 .L0 
     /tmp/ccRebiBI.s:1772   .text.vTimerSetTimerNumber:0000000000000008 .L0 
                     .debug_frame:0000000000000000 .L0 
     /tmp/ccRebiBI.s:21     .text.prvGetNextExpireTime:0000000000000000 .L0 
     /tmp/ccRebiBI.s:39     .text.prvGetNextExpireTime:0000000000000028 .L4
     /tmp/ccRebiBI.s:43     .text.prvGetNextExpireTime:0000000000000030 .L5
     /tmp/ccRebiBI.s:25     .text.prvGetNextExpireTime:0000000000000014 .L2
     /tmp/ccRebiBI.s:102    .text.prvInsertTimerInActiveList:0000000000000034 .L0 
     /tmp/ccRebiBI.s:120    .text.prvInsertTimerInActiveList:0000000000000058 .L0 
     /tmp/ccRebiBI.s:110    .text.prvInsertTimerInActiveList:000000000000004c .L7
     /tmp/ccRebiBI.s:96     .text.prvInsertTimerInActiveList:0000000000000030 .L13
     /tmp/ccRebiBI.s:86     .text.prvInsertTimerInActiveList:0000000000000024 .L6
     /tmp/ccRebiBI.s:116    .text.prvInsertTimerInActiveList:0000000000000054 .L9
     /tmp/ccRebiBI.s:128    .text.prvInsertTimerInActiveList:0000000000000070 .L11
     /tmp/ccRebiBI.s:159    .text.prvCheckForValidListAndQueue:0000000000000010 .L0 
     /tmp/ccRebiBI.s:179    .text.prvCheckForValidListAndQueue:0000000000000030 .L0 
     /tmp/ccRebiBI.s:183    .text.prvCheckForValidListAndQueue:0000000000000040 .L0 
     /tmp/ccRebiBI.s:188    .text.prvCheckForValidListAndQueue:0000000000000050 .L0 
     /tmp/ccRebiBI.s:189    .text.prvCheckForValidListAndQueue:0000000000000058 .L0 
     /tmp/ccRebiBI.s:192    .text.prvCheckForValidListAndQueue:0000000000000060 .L0 
     /tmp/ccRebiBI.s:193    .text.prvCheckForValidListAndQueue:0000000000000068 .L0 
     /tmp/ccRebiBI.s:202    .text.prvCheckForValidListAndQueue:0000000000000084 .L0 
     /tmp/ccRebiBI.s:140    .rodata.prvCheckForValidListAndQueue.str1.8:0000000000000000 .LC0
     /tmp/ccRebiBI.s:207    .text.prvCheckForValidListAndQueue:0000000000000090 .L0 
     /tmp/ccRebiBI.s:175    .text.prvCheckForValidListAndQueue:0000000000000030 .L17
     /tmp/ccRebiBI.s:162    .text.prvCheckForValidListAndQueue:000000000000001c .L15
     /tmp/ccRebiBI.s:306    .text.prvInitialiseNewTimer:0000000000000094 .L21
     /tmp/ccRebiBI.s:279    .text.prvInitialiseNewTimer:0000000000000070 .L18
     /tmp/ccRebiBI.s:335    .text.xTimerCreateTimerTask:0000000000000010 .L0 
     /tmp/ccRebiBI.s:340    .text.xTimerCreateTimerTask:000000000000001c .L0 
     /tmp/ccRebiBI.s:313    .rodata.xTimerCreateTimerTask.str1.8:0000000000000000 .LC1
     /tmp/ccRebiBI.s:344    .text.xTimerCreateTimerTask:0000000000000030 .L0 
     /tmp/ccRebiBI.s:345    .text.xTimerCreateTimerTask:0000000000000038 .L0 
     /tmp/ccRebiBI.s:358    .text.xTimerCreateTimerTask:0000000000000054 .L26
     /tmp/ccRebiBI.s:348    .text.xTimerCreateTimerTask:0000000000000048 .L24
     /tmp/ccRebiBI.s:427    .text.xTimerCreate:000000000000006c .L28
     /tmp/ccRebiBI.s:480    .text.xTimerGenericCommand:0000000000000010 .L0 
     /tmp/ccRebiBI.s:511    .text.xTimerGenericCommand:0000000000000050 .L0 
     /tmp/ccRebiBI.s:522    .text.xTimerGenericCommand:0000000000000070 .L0 
     /tmp/ccRebiBI.s:552    .text.xTimerGenericCommand:00000000000000ac .L35
     /tmp/ccRebiBI.s:527    .text.xTimerGenericCommand:0000000000000084 .L33
GAS LISTING /tmp/ccRebiBI.s 			page 74


     /tmp/ccRebiBI.s:516    .text.xTimerGenericCommand:0000000000000064 .L37
     /tmp/ccRebiBI.s:539    .text.xTimerGenericCommand:000000000000009c .L31
     /tmp/ccRebiBI.s:580    .text.prvSwitchTimerLists:0000000000000000 .L0 
     /tmp/ccRebiBI.s:631    .text.prvSwitchTimerLists:0000000000000058 .L0 
     /tmp/ccRebiBI.s:639    .text.prvSwitchTimerLists:0000000000000068 .L0 
     /tmp/ccRebiBI.s:641    .text.prvSwitchTimerLists:0000000000000074 .L0 
     /tmp/ccRebiBI.s:681    .text.prvSwitchTimerLists:00000000000000b0 .L0 
     /tmp/ccRebiBI.s:708    .text.prvSwitchTimerLists:00000000000000e4 .L0 
     /tmp/ccRebiBI.s:710    .text.prvSwitchTimerLists:00000000000000f0 .L0 
     /tmp/ccRebiBI.s:698    .text.prvSwitchTimerLists:00000000000000e4 .L48
     /tmp/ccRebiBI.s:663    .text.prvSwitchTimerLists:0000000000000098 .L49
     /tmp/ccRebiBI.s:596    .text.prvSwitchTimerLists:0000000000000024 .L43
     /tmp/ccRebiBI.s:686    .text.prvSwitchTimerLists:00000000000000c4 .L41
     /tmp/ccRebiBI.s:627    .text.prvSwitchTimerLists:0000000000000058 .L40
     /tmp/ccRebiBI.s:746    .text.prvSampleTimeNow:0000000000000020 .L0 
     /tmp/ccRebiBI.s:755    .text.prvSampleTimeNow:0000000000000030 .L0 
     /tmp/ccRebiBI.s:773    .text.prvSampleTimeNow:0000000000000050 .L54
     /tmp/ccRebiBI.s:752    .text.prvSampleTimeNow:0000000000000030 .L52
     /tmp/ccRebiBI.s:811    .text.prvProcessExpiredTimer:000000000000001c .L0 
     /tmp/ccRebiBI.s:860    .text.prvProcessExpiredTimer:0000000000000070 .L59
     /tmp/ccRebiBI.s:833    .text.prvProcessExpiredTimer:000000000000004c .L57
     /tmp/ccRebiBI.s:937    .text.prvProcessTimerOrBlockTask:000000000000004c .L0 
     /tmp/ccRebiBI.s:982    .text.prvProcessTimerOrBlockTask:000000000000009c .L0 
     /tmp/ccRebiBI.s:1001   .text.prvProcessTimerOrBlockTask:00000000000000cc .L61
     /tmp/ccRebiBI.s:979    .text.prvProcessTimerOrBlockTask:000000000000009c .L62
     /tmp/ccRebiBI.s:966    .text.prvProcessTimerOrBlockTask:0000000000000080 .L67
     /tmp/ccRebiBI.s:994    .text.prvProcessTimerOrBlockTask:00000000000000bc .L68
     /tmp/ccRebiBI.s:948    .text.prvProcessTimerOrBlockTask:0000000000000068 .L60
     /tmp/ccRebiBI.s:989    .text.prvProcessTimerOrBlockTask:00000000000000b4 .L65
     /tmp/ccRebiBI.s:933    .text.prvProcessTimerOrBlockTask:0000000000000044 .L63
     /tmp/ccRebiBI.s:1044   .text.prvProcessReceivedCommands:0000000000000020 .L0 
     /tmp/ccRebiBI.s:1105   .rodata.prvProcessReceivedCommands:0000000000000000 .L76
     /tmp/ccRebiBI.s:1097   .text.prvProcessReceivedCommands:0000000000000084 .L0 
     /tmp/ccRebiBI.s:1039   .text.prvProcessReceivedCommands:0000000000000018 .L72
     /tmp/ccRebiBI.s:1067   .text.prvProcessReceivedCommands:0000000000000050 .L84
     /tmp/ccRebiBI.s:1222   .text.prvProcessReceivedCommands:0000000000000170 .L85
     /tmp/ccRebiBI.s:1032   .text.prvProcessReceivedCommands:0000000000000010 .L71
     /tmp/ccRebiBI.s:1082   .text.prvProcessReceivedCommands:0000000000000068 .L73
     /tmp/ccRebiBI.s:1214   .text.prvProcessReceivedCommands:0000000000000160 .L86
     /tmp/ccRebiBI.s:1117   .text.prvProcessReceivedCommands:000000000000009c .L78
     /tmp/ccRebiBI.s:1168   .text.prvProcessReceivedCommands:0000000000000108 .L77
     /tmp/ccRebiBI.s:1177   .text.prvProcessReceivedCommands:0000000000000118 .L75
     /tmp/ccRebiBI.s:1202   .text.prvProcessReceivedCommands:0000000000000148 .L79
     /tmp/ccRebiBI.s:1249   .text.prvTimerTask:0000000000000008 .L88
     /tmp/ccRebiBI.s:1282   .text.xTimerGetTimerDaemonTaskHandle:0000000000000000 .L0 
     /tmp/ccRebiBI.s:1360   .text.vTimerSetReloadMode:000000000000004c .L93
     /tmp/ccRebiBI.s:1341   .text.vTimerSetReloadMode:0000000000000030 .L94
     /tmp/ccRebiBI.s:1424   .text.uxTimerGetReloadMode:0000000000000044 .L98
     /tmp/ccRebiBI.s:1406   .text.uxTimerGetReloadMode:0000000000000028 .L97
     /tmp/ccRebiBI.s:1525   .text.xTimerIsTimerActive:0000000000000044 .L104
     /tmp/ccRebiBI.s:1507   .text.xTimerIsTimerActive:0000000000000028 .L103
     /tmp/ccRebiBI.s:1667   .text.xTimerPendFunctionCallFromISR:000000000000002c .L0 
     /tmp/ccRebiBI.s:1722   .text.xTimerPendFunctionCall:000000000000002c .L0 
     /tmp/ccRebiBI.s:4466   .debug_abbrev:0000000000000000 .Ldebug_abbrev0
     /tmp/ccRebiBI.s:7356   .debug_str:000000000000017a .LASF149
     /tmp/ccRebiBI.s:7414   .debug_str:00000000000003fe .LASF150
     /tmp/ccRebiBI.s:7518   .debug_str:0000000000000740 .LASF151
GAS LISTING /tmp/ccRebiBI.s 			page 75


     /tmp/ccRebiBI.s:7250   .debug_ranges:0000000000000000 .Ldebug_ranges0
     /tmp/ccRebiBI.s:7306   .debug_line:0000000000000000 .Ldebug_line0
     /tmp/ccRebiBI.s:7406   .debug_str:00000000000003cb .LASF6
     /tmp/ccRebiBI.s:7564   .debug_str:000000000000088c .LASF0
     /tmp/ccRebiBI.s:7530   .debug_str:00000000000007bc .LASF1
     /tmp/ccRebiBI.s:7474   .debug_str:0000000000000608 .LASF2
     /tmp/ccRebiBI.s:7500   .debug_str:00000000000006ac .LASF3
     /tmp/ccRebiBI.s:7338   .debug_str:0000000000000100 .LASF4
     /tmp/ccRebiBI.s:7598   .debug_str:0000000000000999 .LASF5
     /tmp/ccRebiBI.s:7550   .debug_str:0000000000000832 .LASF7
     /tmp/ccRebiBI.s:7572   .debug_str:00000000000008be .LASF8
     /tmp/ccRebiBI.s:7520   .debug_str:000000000000076f .LASF9
     /tmp/ccRebiBI.s:7390   .debug_str:000000000000035b .LASF10
     /tmp/ccRebiBI.s:7602   .debug_str:00000000000009b5 .LASF11
     /tmp/ccRebiBI.s:7576   .debug_str:00000000000008da .LASF12
     /tmp/ccRebiBI.s:7498   .debug_str:00000000000006a2 .LASF13
     /tmp/ccRebiBI.s:7418   .debug_str:000000000000044c .LASF14
     /tmp/ccRebiBI.s:7440   .debug_str:0000000000000507 .LASF15
     /tmp/ccRebiBI.s:7380   .debug_str:0000000000000303 .LASF16
     /tmp/ccRebiBI.s:7464   .debug_str:00000000000005b1 .LASF17
     /tmp/ccRebiBI.s:7502   .debug_str:00000000000006b8 .LASF18
     /tmp/ccRebiBI.s:7370   .debug_str:00000000000002ba .LASF19
     /tmp/ccRebiBI.s:7408   .debug_str:00000000000003d2 .LASF20
     /tmp/ccRebiBI.s:7538   .debug_str:00000000000007f1 .LASF21
     /tmp/ccRebiBI.s:7484   .debug_str:0000000000000651 .LASF22
     /tmp/ccRebiBI.s:7478   .debug_str:000000000000061e .LASF23
     /tmp/ccRebiBI.s:7444   .debug_str:0000000000000517 .LASF24
     /tmp/ccRebiBI.s:7492   .debug_str:000000000000067b .LASF25
     /tmp/ccRebiBI.s:7346   .debug_str:000000000000012e .LASF31
     /tmp/ccRebiBI.s:7526   .debug_str:0000000000000796 .LASF26
     /tmp/ccRebiBI.s:7486   .debug_str:0000000000000660 .LASF27
     /tmp/ccRebiBI.s:7388   .debug_str:0000000000000350 .LASF28
     /tmp/ccRebiBI.s:7588   .debug_str:0000000000000931 .LASF29
     /tmp/ccRebiBI.s:7508   .debug_str:00000000000006e7 .LASF30
     /tmp/ccRebiBI.s:7416   .debug_str:0000000000000446 .LASF32
     /tmp/ccRebiBI.s:7314   .debug_str:0000000000000030 .LASF33
     /tmp/ccRebiBI.s:7340   .debug_str:000000000000010d .LASF34
     /tmp/ccRebiBI.s:7456   .debug_str:0000000000000579 .LASF35
     /tmp/ccRebiBI.s:7442   .debug_str:000000000000050c .LASF36
     /tmp/ccRebiBI.s:7410   .debug_str:00000000000003da .LASF37
     /tmp/ccRebiBI.s:7458   .debug_str:0000000000000582 .LASF38
     /tmp/ccRebiBI.s:7490   .debug_str:0000000000000674 .LASF39
     /tmp/ccRebiBI.s:7488   .debug_str:0000000000000667 .LASF40
     /tmp/ccRebiBI.s:7326   .debug_str:000000000000008d .LASF42
     /tmp/ccRebiBI.s:7450   .debug_str:000000000000054d .LASF41
     /tmp/ccRebiBI.s:7378   .debug_str:00000000000002f3 .LASF43
     /tmp/ccRebiBI.s:7376   .debug_str:00000000000002e5 .LASF44
     /tmp/ccRebiBI.s:7582   .debug_str:0000000000000905 .LASF45
     /tmp/ccRebiBI.s:7342   .debug_str:0000000000000115 .LASF46
     /tmp/ccRebiBI.s:7494   .debug_str:0000000000000686 .LASF47
     /tmp/ccRebiBI.s:7316   .debug_str:0000000000000040 .LASF48
     /tmp/ccRebiBI.s:7546   .debug_str:000000000000081b .LASF49
     /tmp/ccRebiBI.s:7318   .debug_str:0000000000000054 .LASF50
     /tmp/ccRebiBI.s:7322   .debug_str:0000000000000076 .LASF51
     /tmp/ccRebiBI.s:7524   .debug_str:000000000000078d .LASF52
     /tmp/ccRebiBI.s:7358   .debug_str:000000000000024a .LASF53
     /tmp/ccRebiBI.s:7504   .debug_str:00000000000006c1 .LASF54
GAS LISTING /tmp/ccRebiBI.s 			page 76


     /tmp/ccRebiBI.s:7430   .debug_str:00000000000004b4 .LASF55
     /tmp/ccRebiBI.s:7552   .debug_str:000000000000083c .LASF56
     /tmp/ccRebiBI.s:7604   .debug_str:00000000000009c8 .LASF57
     /tmp/ccRebiBI.s:7574   .debug_str:00000000000008cc .LASF58
     /tmp/ccRebiBI.s:7570   .debug_str:00000000000008b6 .LASF59
     /tmp/ccRebiBI.s:7352   .debug_str:000000000000015d .LASF60
     /tmp/ccRebiBI.s:7448   .debug_str:0000000000000537 .LASF61
     /tmp/ccRebiBI.s:7496   .debug_str:0000000000000695 .LASF62
     /tmp/ccRebiBI.s:7344   .debug_str:0000000000000121 .LASF63
     /tmp/ccRebiBI.s:7382   .debug_str:000000000000031a .LASF64
     /tmp/ccRebiBI.s:7328   .debug_str:00000000000000a1 .LASF65
     /tmp/ccRebiBI.s:7462   .debug_str:000000000000059d .LASF66
     /tmp/ccRebiBI.s:7424   .debug_str:0000000000000486 .LASF67
     /tmp/ccRebiBI.s:7554   .debug_str:0000000000000844 .LASF68
     /tmp/ccRebiBI.s:7556   .debug_str:000000000000084f .LASF69
     /tmp/ccRebiBI.s:7434   .debug_str:00000000000004c8 .LASF70
     /tmp/ccRebiBI.s:7436   .debug_str:00000000000004da .LASF71
     /tmp/ccRebiBI.s:7536   .debug_str:00000000000007de .LASF72
     /tmp/ccRebiBI.s:7412   .debug_str:00000000000003ea .LASF73
     /tmp/ccRebiBI.s:7354   .debug_str:000000000000016e .LASF74
     /tmp/ccRebiBI.s:7510   .debug_str:00000000000006f3 .LASF75
     /tmp/ccRebiBI.s:7420   .debug_str:0000000000000457 .LASF76
     /tmp/ccRebiBI.s:7426   .debug_str:000000000000049b .LASF77
     /tmp/ccRebiBI.s:7334   .debug_str:00000000000000cf .LASF89
     /tmp/ccRebiBI.s:7522   .debug_str:0000000000000779 .LASF79
     /tmp/ccRebiBI.s:7396   .debug_str:0000000000000376 .LASF78
     /tmp/ccRebiBI.s:7402   .debug_str:00000000000003a7 .LASF83
     /tmp/ccRebiBI.s:7482   .debug_str:000000000000063d .LASF80
     /tmp/ccRebiBI.s:7470   .debug_str:00000000000005e2 .LASF81
     /tmp/ccRebiBI.s:7580   .debug_str:00000000000008f5 .LASF82
     /tmp/ccRebiBI.s:7590   .debug_str:0000000000000939 .LASF84
     /tmp/ccRebiBI.s:7332   .debug_str:00000000000000c1 .LASF85
     /tmp/ccRebiBI.s:7542   .debug_str:0000000000000803 .LASF86
     /tmp/ccRebiBI.s:7308   .debug_str:0000000000000000 .LASF87
     /tmp/ccRebiBI.s:7374   .debug_str:00000000000002d8 .LASF88
     /tmp/ccRebiBI.s:7472   .debug_str:00000000000005f6 .LASF90
     /tmp/ccRebiBI.s:7432   .debug_str:00000000000004bb .LASF91
     /tmp/ccRebiBI.s:7516   .debug_str:0000000000000721 .LASF92
     /tmp/ccRebiBI.s:7534   .debug_str:00000000000007cf .LASF93
     /tmp/ccRebiBI.s:7398   .debug_str:0000000000000383 .LASF94
     /tmp/ccRebiBI.s:7460   .debug_str:0000000000000591 .LASF95
     /tmp/ccRebiBI.s:7562   .debug_str:0000000000000877 .LASF105
     /tmp/ccRebiBI.s:1760   .text.vTimerSetTimerNumber:0000000000000000 .LFB26
     /tmp/ccRebiBI.s:1770   .text.vTimerSetTimerNumber:0000000000000008 .LFE26
     /tmp/ccRebiBI.s:7428   .debug_str:00000000000004ad .LASF96
     /tmp/ccRebiBI.s:7384   .debug_str:000000000000032f .LASF97
     /tmp/ccRebiBI.s:1743   .text.uxTimerGetTimerNumber:0000000000000000 .LFB25
     /tmp/ccRebiBI.s:1753   .text.uxTimerGetTimerNumber:0000000000000008 .LFE25
     /tmp/ccRebiBI.s:5261   .debug_loc:0000000000000000 .LLST92
     /tmp/ccRebiBI.s:7348   .debug_str:0000000000000139 .LASF98
     /tmp/ccRebiBI.s:1688   .text.xTimerPendFunctionCall:0000000000000000 .LFB24
     /tmp/ccRebiBI.s:1736   .text.xTimerPendFunctionCall:0000000000000048 .LFE24
     /tmp/ccRebiBI.s:5275   .debug_loc:0000000000000039 .LLST87
     /tmp/ccRebiBI.s:7578   .debug_str:00000000000008e5 .LASF99
     /tmp/ccRebiBI.s:5293   .debug_loc:0000000000000085 .LLST88
     /tmp/ccRebiBI.s:5312   .debug_loc:00000000000000d2 .LLST89
     /tmp/ccRebiBI.s:5331   .debug_loc:000000000000011f .LLST90
GAS LISTING /tmp/ccRebiBI.s 			page 77


     /tmp/ccRebiBI.s:7586   .debug_str:0000000000000924 .LASF100
     /tmp/ccRebiBI.s:5350   .debug_loc:000000000000016c .LLST91
     /tmp/ccRebiBI.s:7540   .debug_str:00000000000007fa .LASF101
     /tmp/ccRebiBI.s:7560   .debug_str:000000000000086f .LASF102
     /tmp/ccRebiBI.s:1725   .text.xTimerPendFunctionCall:000000000000003c .LVL192
     /tmp/ccRebiBI.s:7592   .debug_str:000000000000094c .LASF103
     /tmp/ccRebiBI.s:1634   .text.xTimerPendFunctionCallFromISR:0000000000000000 .LFB23
     /tmp/ccRebiBI.s:1681   .text.xTimerPendFunctionCallFromISR:0000000000000048 .LFE23
     /tmp/ccRebiBI.s:5368   .debug_loc:00000000000001b8 .LLST82
     /tmp/ccRebiBI.s:5386   .debug_loc:0000000000000204 .LLST83
     /tmp/ccRebiBI.s:5405   .debug_loc:0000000000000251 .LLST84
     /tmp/ccRebiBI.s:5424   .debug_loc:000000000000029e .LLST85
     /tmp/ccRebiBI.s:7336   .debug_str:00000000000000e6 .LASF104
     /tmp/ccRebiBI.s:5443   .debug_loc:00000000000002eb .LLST86
     /tmp/ccRebiBI.s:1670   .text.xTimerPendFunctionCallFromISR:000000000000003c .LVL186
     /tmp/ccRebiBI.s:7466   .debug_str:00000000000005b9 .LASF106
     /tmp/ccRebiBI.s:1586   .text.vTimerSetTimerID:0000000000000000 .LFB22
     /tmp/ccRebiBI.s:1627   .text.vTimerSetTimerID:0000000000000040 .LFE22
     /tmp/ccRebiBI.s:5461   .debug_loc:0000000000000337 .LLST78
     /tmp/ccRebiBI.s:5479   .debug_loc:0000000000000383 .LLST79
     /tmp/ccRebiBI.s:7476   .debug_str:0000000000000616 .LASF107
     /tmp/ccRebiBI.s:5497   .debug_loc:00000000000003cf .LLST80
     /tmp/ccRebiBI.s:5515   .debug_loc:000000000000041b .LLST81
     /tmp/ccRebiBI.s:1606   .text.vTimerSetTimerID:0000000000000020 .LVL177
     /tmp/ccRebiBI.s:1612   .text.vTimerSetTimerID:000000000000002c .LVL178
     /tmp/ccRebiBI.s:7404   .debug_str:00000000000003b9 .LASF108
     /tmp/ccRebiBI.s:1540   .text.pvTimerGetTimerID:0000000000000000 .LFB21
     /tmp/ccRebiBI.s:1579   .text.pvTimerGetTimerID:0000000000000038 .LFE21
     /tmp/ccRebiBI.s:5533   .debug_loc:0000000000000467 .LLST74
     /tmp/ccRebiBI.s:5551   .debug_loc:00000000000004b3 .LLST75
     /tmp/ccRebiBI.s:5569   .debug_loc:00000000000004ff .LLST76
     /tmp/ccRebiBI.s:7392   .debug_str:0000000000000366 .LASF109
     /tmp/ccRebiBI.s:5587   .debug_loc:000000000000054b .LLST77
     /tmp/ccRebiBI.s:1558   .text.pvTimerGetTimerID:0000000000000018 .LVL171
     /tmp/ccRebiBI.s:1565   .text.pvTimerGetTimerID:0000000000000024 .LVL173
     /tmp/ccRebiBI.s:7400   .debug_str:0000000000000393 .LASF110
     /tmp/ccRebiBI.s:1479   .text.xTimerIsTimerActive:0000000000000000 .LFB20
     /tmp/ccRebiBI.s:1533   .text.xTimerIsTimerActive:000000000000004c .LFE20
     /tmp/ccRebiBI.s:5598   .debug_loc:0000000000000581 .LLST70
     /tmp/ccRebiBI.s:5621   .debug_loc:00000000000005e1 .LLST71
     /tmp/ccRebiBI.s:5650   .debug_loc:0000000000000656 .LLST72
     /tmp/ccRebiBI.s:5661   .debug_loc:000000000000068c .LLST73
     /tmp/ccRebiBI.s:1497   .text.xTimerIsTimerActive:0000000000000018 .LVL163
     /tmp/ccRebiBI.s:1510   .text.xTimerIsTimerActive:0000000000000030 .LVL165
     /tmp/ccRebiBI.s:7368   .debug_str:000000000000029d .LASF111
     /tmp/ccRebiBI.s:146    .text.prvCheckForValidListAndQueue:0000000000000000 .LFB19
     /tmp/ccRebiBI.s:212    .text.prvCheckForValidListAndQueue:00000000000000a4 .LFE19
     /tmp/ccRebiBI.s:5690   .debug_loc:0000000000000701 .LLST8
     /tmp/ccRebiBI.s:156    .text.prvCheckForValidListAndQueue:0000000000000010 .LVL18
     /tmp/ccRebiBI.s:166    .text.prvCheckForValidListAndQueue:0000000000000024 .LVL19
     /tmp/ccRebiBI.s:181    .text.prvCheckForValidListAndQueue:0000000000000040 .LVL20
     /tmp/ccRebiBI.s:185    .text.prvCheckForValidListAndQueue:0000000000000050 .LVL21
     /tmp/ccRebiBI.s:200    .text.prvCheckForValidListAndQueue:0000000000000084 .LVL22
     /tmp/ccRebiBI.s:209    .text.prvCheckForValidListAndQueue:00000000000000a0 .LVL23
     /tmp/ccRebiBI.s:7480   .debug_str:0000000000000629 .LASF112
     /tmp/ccRebiBI.s:569    .text.prvSwitchTimerLists:0000000000000000 .LFB18
     /tmp/ccRebiBI.s:716    .text.prvSwitchTimerLists:0000000000000100 .LFE18
GAS LISTING /tmp/ccRebiBI.s 			page 78


     /tmp/ccRebiBI.s:5713   .debug_loc:0000000000000761 .LLST32
     /tmp/ccRebiBI.s:7514   .debug_str:0000000000000711 .LASF113
     /tmp/ccRebiBI.s:5741   .debug_loc:00000000000007d5 .LLST33
     /tmp/ccRebiBI.s:7558   .debug_str:0000000000000863 .LASF114
     /tmp/ccRebiBI.s:5752   .debug_loc:000000000000080b .LLST34
     /tmp/ccRebiBI.s:7394   .debug_str:000000000000036f .LASF115
     /tmp/ccRebiBI.s:5763   .debug_loc:0000000000000841 .LLST35
     /tmp/ccRebiBI.s:5774   .debug_loc:0000000000000877 .LLST36
     /tmp/ccRebiBI.s:7566   .debug_str:000000000000089e .LASF118
     /tmp/ccRebiBI.s:612    .text.prvSwitchTimerLists:0000000000000040 .LVL67
     /tmp/ccRebiBI.s:620    .text.prvSwitchTimerLists:000000000000004c .LVL68
     /tmp/ccRebiBI.s:683    .text.prvSwitchTimerLists:00000000000000c0 .LVL75
     /tmp/ccRebiBI.s:695    .text.prvSwitchTimerLists:00000000000000e0 .LVL77
     /tmp/ccRebiBI.s:7528   .debug_str:00000000000007a1 .LASF116
     /tmp/ccRebiBI.s:1015   .text.prvProcessReceivedCommands:0000000000000000 .LFB17
     /tmp/ccRebiBI.s:1233   .text.prvProcessReceivedCommands:0000000000000180 .LFE17
     /tmp/ccRebiBI.s:5791   .debug_loc:00000000000008c2 .LLST48
     /tmp/ccRebiBI.s:5809   .debug_loc:000000000000090f .LLST49
     /tmp/ccRebiBI.s:7468   .debug_str:00000000000005ca .LASF117
     /tmp/ccRebiBI.s:7324   .debug_str:0000000000000084 .LASF119
     /tmp/ccRebiBI.s:5816   .debug_loc:0000000000000932 .LLST50
     /tmp/ccRebiBI.s:1054   .text.prvProcessReceivedCommands:000000000000003c .LBB2
     /tmp/ccRebiBI.s:1064   .text.prvProcessReceivedCommands:000000000000004c .LBE2
     /tmp/ccRebiBI.s:7608   .debug_str:00000000000009fa .LASF120
     /tmp/ccRebiBI.s:5839   .debug_loc:00000000000009a1 .LLST51
     /tmp/ccRebiBI.s:1046   .text.prvProcessReceivedCommands:0000000000000030 .LVL117
     /tmp/ccRebiBI.s:1081   .text.prvProcessReceivedCommands:0000000000000068 .LVL122
     /tmp/ccRebiBI.s:1089   .text.prvProcessReceivedCommands:0000000000000074 .LVL123
     /tmp/ccRebiBI.s:1135   .text.prvProcessReceivedCommands:00000000000000c4 .LVL125
     /tmp/ccRebiBI.s:1144   .text.prvProcessReceivedCommands:00000000000000d4 .LVL126
     /tmp/ccRebiBI.s:1163   .text.prvProcessReceivedCommands:0000000000000104 .LVL127
     /tmp/ccRebiBI.s:1198   .text.prvProcessReceivedCommands:0000000000000144 .LVL130
     /tmp/ccRebiBI.s:1219   .text.prvProcessReceivedCommands:000000000000016c .LVL133
     /tmp/ccRebiBI.s:7438   .debug_str:00000000000004ec .LASF124
     /tmp/ccRebiBI.s:57     .text.prvInsertTimerInActiveList:0000000000000000 .LFB16
     /tmp/ccRebiBI.s:136    .text.prvInsertTimerInActiveList:0000000000000078 .LFE16
     /tmp/ccRebiBI.s:5848   .debug_loc:00000000000009c6 .LLST2
     /tmp/ccRebiBI.s:5871   .debug_loc:0000000000000a26 .LLST3
     /tmp/ccRebiBI.s:7600   .debug_str:00000000000009a5 .LASF121
     /tmp/ccRebiBI.s:5930   .debug_loc:0000000000000b04 .LLST4
     /tmp/ccRebiBI.s:5990   .debug_loc:0000000000000bf2 .LLST5
     /tmp/ccRebiBI.s:7312   .debug_str:0000000000000023 .LASF122
     /tmp/ccRebiBI.s:6019   .debug_loc:0000000000000c67 .LLST6
     /tmp/ccRebiBI.s:7366   .debug_str:000000000000028c .LASF123
     /tmp/ccRebiBI.s:6059   .debug_loc:0000000000000d05 .LLST7
     /tmp/ccRebiBI.s:105    .text.prvInsertTimerInActiveList:0000000000000044 .LVL11
     /tmp/ccRebiBI.s:123    .text.prvInsertTimerInActiveList:0000000000000068 .LVL15
     /tmp/ccRebiBI.s:7454   .debug_str:0000000000000568 .LASF125
     /tmp/ccRebiBI.s:722    .text.prvSampleTimeNow:0000000000000000 .LFB15
     /tmp/ccRebiBI.s:785    .text.prvSampleTimeNow:0000000000000064 .LFE15
     /tmp/ccRebiBI.s:6077   .debug_loc:0000000000000d51 .LLST37
     /tmp/ccRebiBI.s:7612   .debug_str:0000000000000a1a .LASF126
     /tmp/ccRebiBI.s:6100   .debug_loc:0000000000000db1 .LLST38
     /tmp/ccRebiBI.s:6122   .debug_loc:0000000000000e10 .LLST39
     /tmp/ccRebiBI.s:7532   .debug_str:00000000000007c5 .LASF127
     /tmp/ccRebiBI.s:741    .text.prvSampleTimeNow:000000000000001c .LVL80
     /tmp/ccRebiBI.s:778    .text.prvSampleTimeNow:0000000000000058 .LVL85
GAS LISTING /tmp/ccRebiBI.s 			page 79


     /tmp/ccRebiBI.s:7610   .debug_str:0000000000000a05 .LASF128
     /tmp/ccRebiBI.s:14     .text.prvGetNextExpireTime:0000000000000000 .LFB14
     /tmp/ccRebiBI.s:51     .text.prvGetNextExpireTime:0000000000000038 .LFE14
     /tmp/ccRebiBI.s:7320   .debug_str:0000000000000067 .LASF129
     /tmp/ccRebiBI.s:6137   .debug_loc:0000000000000e59 .LLST0
     /tmp/ccRebiBI.s:6162   .debug_loc:0000000000000ebb .LLST1
     /tmp/ccRebiBI.s:7594   .debug_str:000000000000096a .LASF130
     /tmp/ccRebiBI.s:894    .text.prvProcessTimerOrBlockTask:0000000000000000 .LFB13
     /tmp/ccRebiBI.s:1009   .text.prvProcessTimerOrBlockTask:00000000000000d8 .LFE13
     /tmp/ccRebiBI.s:6174   .debug_loc:0000000000000ef2 .LLST44
     /tmp/ccRebiBI.s:6197   .debug_loc:0000000000000f52 .LLST45
     /tmp/ccRebiBI.s:7544   .debug_str:000000000000080d .LASF131
     /tmp/ccRebiBI.s:6219   .debug_loc:0000000000000fb1 .LLST46
     /tmp/ccRebiBI.s:6256   .debug_loc:000000000000104c .LLST47
     /tmp/ccRebiBI.s:915    .text.prvProcessTimerOrBlockTask:0000000000000024 .LVL98
     /tmp/ccRebiBI.s:920    .text.prvProcessTimerOrBlockTask:0000000000000030 .LVL99
     /tmp/ccRebiBI.s:940    .text.prvProcessTimerOrBlockTask:000000000000005c .LVL102
     /tmp/ccRebiBI.s:944    .text.prvProcessTimerOrBlockTask:0000000000000064 .LVL103
     /tmp/ccRebiBI.s:972    .text.prvProcessTimerOrBlockTask:0000000000000088 .LVL108
     /tmp/ccRebiBI.s:977    .text.prvProcessTimerOrBlockTask:0000000000000098 .LVL109
     /tmp/ccRebiBI.s:998    .text.prvProcessTimerOrBlockTask:00000000000000c8 .LVL114
     /tmp/ccRebiBI.s:1005   .text.prvProcessTimerOrBlockTask:00000000000000d4 .LVL116
     /tmp/ccRebiBI.s:7512   .debug_str:0000000000000704 .LASF132
     /tmp/ccRebiBI.s:1239   .text.prvTimerTask:0000000000000000 .LFB12
     /tmp/ccRebiBI.s:1269   .text.prvTimerTask:000000000000002c .LFE12
     /tmp/ccRebiBI.s:6275   .debug_loc:00000000000010a8 .LLST52
     /tmp/ccRebiBI.s:7350   .debug_str:0000000000000150 .LASF133
     /tmp/ccRebiBI.s:6288   .debug_loc:00000000000010e0 .LLST53
     /tmp/ccRebiBI.s:6302   .debug_loc:0000000000001119 .LLST54
     /tmp/ccRebiBI.s:1258   .text.prvTimerTask:0000000000000014 .LVL137
     /tmp/ccRebiBI.s:1262   .text.prvTimerTask:0000000000000020 .LVL138
     /tmp/ccRebiBI.s:1265   .text.prvTimerTask:0000000000000028 .LVL139
     /tmp/ccRebiBI.s:7310   .debug_str:000000000000000c .LASF134
     /tmp/ccRebiBI.s:791    .text.prvProcessExpiredTimer:0000000000000000 .LFB11
     /tmp/ccRebiBI.s:888    .text.prvProcessExpiredTimer:00000000000000b0 .LFE11
     /tmp/ccRebiBI.s:6309   .debug_loc:000000000000113c .LLST40
     /tmp/ccRebiBI.s:6332   .debug_loc:000000000000119c .LLST41
     /tmp/ccRebiBI.s:6354   .debug_loc:00000000000011fb .LLST42
     /tmp/ccRebiBI.s:6376   .debug_loc:000000000000125a .LLST43
     /tmp/ccRebiBI.s:821    .text.prvProcessExpiredTimer:0000000000000038 .LVL89
     /tmp/ccRebiBI.s:841    .text.prvProcessExpiredTimer:0000000000000058 .LVL90
     /tmp/ccRebiBI.s:872    .text.prvProcessExpiredTimer:000000000000008c .LVL95
     /tmp/ccRebiBI.s:883    .text.prvProcessExpiredTimer:00000000000000ac .LVL96
     /tmp/ccRebiBI.s:7584   .debug_str:0000000000000915 .LASF135
     /tmp/ccRebiBI.s:1460   .text.pcTimerGetName:0000000000000000 .LFB10
     /tmp/ccRebiBI.s:1472   .text.pcTimerGetName:0000000000000008 .LFE10
     /tmp/ccRebiBI.s:6387   .debug_loc:0000000000001290 .LLST68
     /tmp/ccRebiBI.s:6401   .debug_loc:00000000000012c9 .LLST69
     /tmp/ccRebiBI.s:7446   .debug_str:0000000000000523 .LASF136
     /tmp/ccRebiBI.s:1439   .text.xTimerGetExpiryTime:0000000000000000 .LFB9
     /tmp/ccRebiBI.s:1453   .text.xTimerGetExpiryTime:0000000000000008 .LFE9
     /tmp/ccRebiBI.s:6415   .debug_loc:0000000000001302 .LLST65
     /tmp/ccRebiBI.s:6429   .debug_loc:000000000000133b .LLST66
     /tmp/ccRebiBI.s:6443   .debug_loc:0000000000001374 .LLST67
     /tmp/ccRebiBI.s:7372   .debug_str:00000000000002c3 .LASF137
     /tmp/ccRebiBI.s:1378   .text.uxTimerGetReloadMode:0000000000000000 .LFB8
     /tmp/ccRebiBI.s:1432   .text.uxTimerGetReloadMode:000000000000004c .LFE8
GAS LISTING /tmp/ccRebiBI.s 			page 80


     /tmp/ccRebiBI.s:6455   .debug_loc:00000000000013ab .LLST61
     /tmp/ccRebiBI.s:6478   .debug_loc:000000000000140b .LLST62
     /tmp/ccRebiBI.s:6507   .debug_loc:0000000000001480 .LLST63
     /tmp/ccRebiBI.s:7362   .debug_str:000000000000026d .LASF138
     /tmp/ccRebiBI.s:6536   .debug_loc:00000000000014f5 .LLST64
     /tmp/ccRebiBI.s:1396   .text.uxTimerGetReloadMode:0000000000000018 .LVL151
     /tmp/ccRebiBI.s:1409   .text.uxTimerGetReloadMode:0000000000000030 .LVL153
     /tmp/ccRebiBI.s:7596   .debug_str:0000000000000985 .LASF139
     /tmp/ccRebiBI.s:1311   .text.vTimerSetReloadMode:0000000000000000 .LFB7
     /tmp/ccRebiBI.s:1371   .text.vTimerSetReloadMode:000000000000005c .LFE7
     /tmp/ccRebiBI.s:6547   .debug_loc:000000000000152b .LLST57
     /tmp/ccRebiBI.s:6570   .debug_loc:000000000000158b .LLST58
     /tmp/ccRebiBI.s:7548   .debug_str:0000000000000825 .LASF140
     /tmp/ccRebiBI.s:6592   .debug_loc:00000000000015ea .LLST59
     /tmp/ccRebiBI.s:6614   .debug_loc:0000000000001649 .LLST60
     /tmp/ccRebiBI.s:1331   .text.vTimerSetReloadMode:0000000000000020 .LVL144
     /tmp/ccRebiBI.s:1344   .text.vTimerSetReloadMode:0000000000000038 .LVL145
     /tmp/ccRebiBI.s:7568   .debug_str:00000000000008a6 .LASF141
     /tmp/ccRebiBI.s:1292   .text.xTimerGetPeriod:0000000000000000 .LFB6
     /tmp/ccRebiBI.s:1304   .text.xTimerGetPeriod:0000000000000008 .LFE6
     /tmp/ccRebiBI.s:6636   .debug_loc:00000000000016a8 .LLST55
     /tmp/ccRebiBI.s:6650   .debug_loc:00000000000016e1 .LLST56
     /tmp/ccRebiBI.s:7606   .debug_str:00000000000009db .LASF152
     /tmp/ccRebiBI.s:1276   .text.xTimerGetTimerDaemonTaskHandle:0000000000000000 .LFB5
     /tmp/ccRebiBI.s:1285   .text.xTimerGetTimerDaemonTaskHandle:000000000000000c .LFE5
     /tmp/ccRebiBI.s:7506   .debug_str:00000000000006d2 .LASF142
     /tmp/ccRebiBI.s:462    .text.xTimerGenericCommand:0000000000000000 .LFB4
     /tmp/ccRebiBI.s:563    .text.xTimerGenericCommand:00000000000000b4 .LFE4
     /tmp/ccRebiBI.s:6664   .debug_loc:000000000000171a .LLST25
     /tmp/ccRebiBI.s:6687   .debug_loc:000000000000177a .LLST26
     /tmp/ccRebiBI.s:7360   .debug_str:0000000000000262 .LASF143
     /tmp/ccRebiBI.s:6728   .debug_loc:0000000000001819 .LLST27
     /tmp/ccRebiBI.s:7330   .debug_str:00000000000000b2 .LASF144
     /tmp/ccRebiBI.s:6762   .debug_loc:00000000000018a2 .LLST28
     /tmp/ccRebiBI.s:6796   .debug_loc:000000000000192b .LLST29
     /tmp/ccRebiBI.s:6829   .debug_loc:00000000000019b3 .LLST30
     /tmp/ccRebiBI.s:6851   .debug_loc:0000000000001a12 .LLST31
     /tmp/ccRebiBI.s:502    .text.xTimerGenericCommand:000000000000003c .LVL53
     /tmp/ccRebiBI.s:513    .text.xTimerGenericCommand:0000000000000060 .LVL54
     /tmp/ccRebiBI.s:524    .text.xTimerGenericCommand:0000000000000080 .LVL56
     /tmp/ccRebiBI.s:538    .text.xTimerGenericCommand:000000000000009c .LVL61
     /tmp/ccRebiBI.s:7422   .debug_str:0000000000000470 .LASF145
     /tmp/ccRebiBI.s:218    .text.prvInitialiseNewTimer:0000000000000000 .LFB3
     /tmp/ccRebiBI.s:309    .text.prvInitialiseNewTimer:0000000000000098 .LFE3
     /tmp/ccRebiBI.s:6882   .debug_loc:0000000000001a98 .LLST9
     /tmp/ccRebiBI.s:6900   .debug_loc:0000000000001ae5 .LLST10
     /tmp/ccRebiBI.s:6922   .debug_loc:0000000000001b44 .LLST11
     /tmp/ccRebiBI.s:6944   .debug_loc:0000000000001ba3 .LLST12
     /tmp/ccRebiBI.s:6966   .debug_loc:0000000000001c02 .LLST13
     /tmp/ccRebiBI.s:6988   .debug_loc:0000000000001c61 .LLST14
     /tmp/ccRebiBI.s:7386   .debug_str:0000000000000345 .LASF146
     /tmp/ccRebiBI.s:7010   .debug_loc:0000000000001cc0 .LLST15
     /tmp/ccRebiBI.s:252    .text.prvInitialiseNewTimer:0000000000000044 .LVL25
     /tmp/ccRebiBI.s:268    .text.prvInitialiseNewTimer:0000000000000060 .LVL26
     /tmp/ccRebiBI.s:7452   .debug_str:000000000000055b .LASF147
     /tmp/ccRebiBI.s:376    .text.xTimerCreate:0000000000000000 .LFB2
     /tmp/ccRebiBI.s:455    .text.xTimerCreate:0000000000000094 .LFE2
GAS LISTING /tmp/ccRebiBI.s 			page 81


     /tmp/ccRebiBI.s:7032   .debug_loc:0000000000001d1f .LLST18
     /tmp/ccRebiBI.s:7050   .debug_loc:0000000000001d6c .LLST19
     /tmp/ccRebiBI.s:7068   .debug_loc:0000000000001db8 .LLST20
     /tmp/ccRebiBI.s:7086   .debug_loc:0000000000001e04 .LLST21
     /tmp/ccRebiBI.s:7104   .debug_loc:0000000000001e50 .LLST22
     /tmp/ccRebiBI.s:7122   .debug_loc:0000000000001e9c .LLST23
     /tmp/ccRebiBI.s:7140   .debug_loc:0000000000001ee8 .LLST24
     /tmp/ccRebiBI.s:408    .text.xTimerCreate:0000000000000040 .LVL40
     /tmp/ccRebiBI.s:425    .text.xTimerCreate:000000000000006c .LVL42
     /tmp/ccRebiBI.s:7364   .debug_str:0000000000000276 .LASF148
     /tmp/ccRebiBI.s:320    .text.xTimerCreateTimerTask:0000000000000000 .LFB1
     /tmp/ccRebiBI.s:369    .text.xTimerCreateTimerTask:000000000000005c .LFE1
     /tmp/ccRebiBI.s:7151   .debug_loc:0000000000001f1e .LLST16
     /tmp/ccRebiBI.s:7174   .debug_loc:0000000000001f7e .LLST17
     /tmp/ccRebiBI.s:332    .text.xTimerCreateTimerTask:0000000000000010 .LVL35
     /tmp/ccRebiBI.s:347    .text.xTimerCreateTimerTask:0000000000000048 .LVL36
     /tmp/ccRebiBI.s:1746   .text.uxTimerGetTimerNumber:0000000000000000 .LVL193
     /tmp/ccRebiBI.s:1750   .text.uxTimerGetTimerNumber:0000000000000004 .LVL194
     /tmp/ccRebiBI.s:1693   .text.xTimerPendFunctionCall:0000000000000004 .LCFI47
     /tmp/ccRebiBI.s:1732   .text.xTimerPendFunctionCall:0000000000000044 .LCFI48
     /tmp/ccRebiBI.s:1691   .text.xTimerPendFunctionCall:0000000000000000 .LVL187
     /tmp/ccRebiBI.s:1723   .text.xTimerPendFunctionCall:0000000000000034 .LVL191
     /tmp/ccRebiBI.s:1721   .text.xTimerPendFunctionCall:000000000000002c .LVL190
     /tmp/ccRebiBI.s:1719   .text.xTimerPendFunctionCall:0000000000000028 .LVL189
     /tmp/ccRebiBI.s:1717   .text.xTimerPendFunctionCall:0000000000000024 .LVL188
     /tmp/ccRebiBI.s:1639   .text.xTimerPendFunctionCallFromISR:0000000000000004 .LCFI45
     /tmp/ccRebiBI.s:1677   .text.xTimerPendFunctionCallFromISR:0000000000000044 .LCFI46
     /tmp/ccRebiBI.s:1637   .text.xTimerPendFunctionCallFromISR:0000000000000000 .LVL181
     /tmp/ccRebiBI.s:1668   .text.xTimerPendFunctionCallFromISR:0000000000000034 .LVL185
     /tmp/ccRebiBI.s:1666   .text.xTimerPendFunctionCallFromISR:000000000000002c .LVL184
     /tmp/ccRebiBI.s:1664   .text.xTimerPendFunctionCallFromISR:0000000000000028 .LVL183
     /tmp/ccRebiBI.s:1662   .text.xTimerPendFunctionCallFromISR:0000000000000024 .LVL182
     /tmp/ccRebiBI.s:1591   .text.vTimerSetTimerID:0000000000000004 .LCFI43
     /tmp/ccRebiBI.s:1623   .text.vTimerSetTimerID:000000000000003c .LCFI44
     /tmp/ccRebiBI.s:1589   .text.vTimerSetTimerID:0000000000000000 .LVL175
     /tmp/ccRebiBI.s:1618   .text.vTimerSetTimerID:0000000000000034 .LVL179
     /tmp/ccRebiBI.s:1621   .text.vTimerSetTimerID:0000000000000038 .LVL180
     /tmp/ccRebiBI.s:1602   .text.vTimerSetTimerID:0000000000000018 .LVL176
     /tmp/ccRebiBI.s:1545   .text.pvTimerGetTimerID:0000000000000004 .LCFI41
     /tmp/ccRebiBI.s:1575   .text.pvTimerGetTimerID:0000000000000034 .LCFI42
     /tmp/ccRebiBI.s:1543   .text.pvTimerGetTimerID:0000000000000000 .LVL169
     /tmp/ccRebiBI.s:1562   .text.pvTimerGetTimerID:000000000000001c .LVL172
     /tmp/ccRebiBI.s:1553   .text.pvTimerGetTimerID:0000000000000010 .LVL170
     /tmp/ccRebiBI.s:1573   .text.pvTimerGetTimerID:0000000000000030 .LVL174
     /tmp/ccRebiBI.s:1484   .text.xTimerIsTimerActive:0000000000000004 .LCFI38
     /tmp/ccRebiBI.s:1521   .text.xTimerIsTimerActive:0000000000000040 .LCFI39
     /tmp/ccRebiBI.s:1526   .text.xTimerIsTimerActive:0000000000000044 .LCFI40
     /tmp/ccRebiBI.s:1482   .text.xTimerIsTimerActive:0000000000000000 .LVL161
     /tmp/ccRebiBI.s:1506   .text.xTimerIsTimerActive:0000000000000028 .LVL164
     /tmp/ccRebiBI.s:1524   .text.xTimerIsTimerActive:0000000000000044 .LVL167
     /tmp/ccRebiBI.s:1530   .text.xTimerIsTimerActive:0000000000000048 .LVL168
     /tmp/ccRebiBI.s:1519   .text.xTimerIsTimerActive:000000000000003c .LVL166
     /tmp/ccRebiBI.s:1493   .text.xTimerIsTimerActive:0000000000000010 .LVL162
     /tmp/ccRebiBI.s:150    .text.prvCheckForValidListAndQueue:0000000000000004 .LCFI3
     /tmp/ccRebiBI.s:172    .text.prvCheckForValidListAndQueue:000000000000002c .LCFI4
     /tmp/ccRebiBI.s:176    .text.prvCheckForValidListAndQueue:0000000000000030 .LCFI5
     /tmp/ccRebiBI.s:586    .text.prvSwitchTimerLists:0000000000000014 .LCFI16
GAS LISTING /tmp/ccRebiBI.s 			page 82


     /tmp/ccRebiBI.s:659    .text.prvSwitchTimerLists:0000000000000094 .LCFI17
     /tmp/ccRebiBI.s:664    .text.prvSwitchTimerLists:0000000000000098 .LCFI18
     /tmp/ccRebiBI.s:699    .text.prvSwitchTimerLists:00000000000000e4 .LCFI19
     /tmp/ccRebiBI.s:602    .text.prvSwitchTimerLists:000000000000002c .LVL65
     /tmp/ccRebiBI.s:657    .text.prvSwitchTimerLists:0000000000000090 .LVL72
     /tmp/ccRebiBI.s:662    .text.prvSwitchTimerLists:0000000000000098 .LVL73
     /tmp/ccRebiBI.s:697    .text.prvSwitchTimerLists:00000000000000e4 .LVL78
     /tmp/ccRebiBI.s:671    .text.prvSwitchTimerLists:00000000000000a0 .LVL74
     /tmp/ccRebiBI.s:685    .text.prvSwitchTimerLists:00000000000000c4 .LVL76
     /tmp/ccRebiBI.s:636    .text.prvSwitchTimerLists:0000000000000068 .LVL69
     /tmp/ccRebiBI.s:606    .text.prvSwitchTimerLists:0000000000000030 .LVL66
     /tmp/ccRebiBI.s:651    .text.prvSwitchTimerLists:0000000000000088 .LVL70
     /tmp/ccRebiBI.s:654    .text.prvSwitchTimerLists:000000000000008c .LVL71
     /tmp/ccRebiBI.s:1019   .text.prvProcessReceivedCommands:0000000000000004 .LCFI29
     /tmp/ccRebiBI.s:1229   .text.prvProcessReceivedCommands:000000000000017c .LCFI30
     /tmp/ccRebiBI.s:1071   .text.prvProcessReceivedCommands:0000000000000054 .LVL121
     /tmp/ccRebiBI.s:1221   .text.prvProcessReceivedCommands:0000000000000170 .LVL134
     /tmp/ccRebiBI.s:1133   .text.prvProcessReceivedCommands:00000000000000bc .LVL124
     /tmp/ccRebiBI.s:1167   .text.prvProcessReceivedCommands:0000000000000108 .LVL128
     /tmp/ccRebiBI.s:1196   .text.prvProcessReceivedCommands:000000000000013c .LVL129
     /tmp/ccRebiBI.s:1201   .text.prvProcessReceivedCommands:0000000000000148 .LVL131
     /tmp/ccRebiBI.s:1217   .text.prvProcessReceivedCommands:0000000000000164 .LVL132
     /tmp/ccRebiBI.s:1056   .text.prvProcessReceivedCommands:000000000000003c .LVL118
     /tmp/ccRebiBI.s:1066   .text.prvProcessReceivedCommands:0000000000000050 .LVL120
     /tmp/ccRebiBI.s:62     .text.prvInsertTimerInActiveList:0000000000000004 .LCFI0
     /tmp/ccRebiBI.s:92     .text.prvInsertTimerInActiveList:000000000000002c .LCFI1
     /tmp/ccRebiBI.s:97     .text.prvInsertTimerInActiveList:0000000000000030 .LCFI2
     /tmp/ccRebiBI.s:60     .text.prvInsertTimerInActiveList:0000000000000000 .LVL4
     /tmp/ccRebiBI.s:85     .text.prvInsertTimerInActiveList:0000000000000024 .LVL7
     /tmp/ccRebiBI.s:95     .text.prvInsertTimerInActiveList:0000000000000030 .LVL8
     /tmp/ccRebiBI.s:103    .text.prvInsertTimerInActiveList:000000000000003c .LVL10
     /tmp/ccRebiBI.s:109    .text.prvInsertTimerInActiveList:000000000000004c .LVL12
     /tmp/ccRebiBI.s:121    .text.prvInsertTimerInActiveList:0000000000000060 .LVL14
     /tmp/ccRebiBI.s:127    .text.prvInsertTimerInActiveList:0000000000000070 .LVL16
     /tmp/ccRebiBI.s:131    .text.prvInsertTimerInActiveList:0000000000000074 .LVL17
     /tmp/ccRebiBI.s:101    .text.prvInsertTimerInActiveList:0000000000000034 .LVL9
     /tmp/ccRebiBI.s:119    .text.prvInsertTimerInActiveList:0000000000000058 .LVL13
     /tmp/ccRebiBI.s:78     .text.prvInsertTimerInActiveList:0000000000000018 .LVL6
     /tmp/ccRebiBI.s:67     .text.prvInsertTimerInActiveList:0000000000000008 .LVL5
     /tmp/ccRebiBI.s:727    .text.prvSampleTimeNow:0000000000000004 .LCFI20
     /tmp/ccRebiBI.s:769    .text.prvSampleTimeNow:000000000000004c .LCFI21
     /tmp/ccRebiBI.s:774    .text.prvSampleTimeNow:0000000000000050 .LCFI22
     /tmp/ccRebiBI.s:725    .text.prvSampleTimeNow:0000000000000000 .LVL79
     /tmp/ccRebiBI.s:767    .text.prvSampleTimeNow:0000000000000048 .LVL83
     /tmp/ccRebiBI.s:772    .text.prvSampleTimeNow:0000000000000050 .LVL84
     /tmp/ccRebiBI.s:743    .text.prvSampleTimeNow:0000000000000020 .LVL81
     /tmp/ccRebiBI.s:764    .text.prvSampleTimeNow:0000000000000044 .LVL82
     /tmp/ccRebiBI.s:17     .text.prvGetNextExpireTime:0000000000000000 .LVL0
     /tmp/ccRebiBI.s:36     .text.prvGetNextExpireTime:0000000000000024 .LVL1
     /tmp/ccRebiBI.s:38     .text.prvGetNextExpireTime:0000000000000028 .LVL2
     /tmp/ccRebiBI.s:46     .text.prvGetNextExpireTime:0000000000000034 .LVL3
     /tmp/ccRebiBI.s:899    .text.prvProcessTimerOrBlockTask:0000000000000004 .LCFI26
     /tmp/ccRebiBI.s:962    .text.prvProcessTimerOrBlockTask:000000000000007c .LCFI27
     /tmp/ccRebiBI.s:967    .text.prvProcessTimerOrBlockTask:0000000000000080 .LCFI28
     /tmp/ccRebiBI.s:897    .text.prvProcessTimerOrBlockTask:0000000000000000 .LVL97
     /tmp/ccRebiBI.s:960    .text.prvProcessTimerOrBlockTask:0000000000000078 .LVL106
     /tmp/ccRebiBI.s:965    .text.prvProcessTimerOrBlockTask:0000000000000080 .LVL107
GAS LISTING /tmp/ccRebiBI.s 			page 83


     /tmp/ccRebiBI.s:955    .text.prvProcessTimerOrBlockTask:0000000000000070 .LVL105
     /tmp/ccRebiBI.s:986    .text.prvProcessTimerOrBlockTask:00000000000000b0 .LVL110
     /tmp/ccRebiBI.s:988    .text.prvProcessTimerOrBlockTask:00000000000000b4 .LVL111
     /tmp/ccRebiBI.s:991    .text.prvProcessTimerOrBlockTask:00000000000000b8 .LVL112
     /tmp/ccRebiBI.s:993    .text.prvProcessTimerOrBlockTask:00000000000000bc .LVL113
     /tmp/ccRebiBI.s:938    .text.prvProcessTimerOrBlockTask:0000000000000054 .LVL101
     /tmp/ccRebiBI.s:947    .text.prvProcessTimerOrBlockTask:0000000000000068 .LVL104
     /tmp/ccRebiBI.s:1000   .text.prvProcessTimerOrBlockTask:00000000000000cc .LVL115
     /tmp/ccRebiBI.s:1244   .text.prvTimerTask:0000000000000004 .LCFI31
     /tmp/ccRebiBI.s:1242   .text.prvTimerTask:0000000000000000 .LVL135
     /tmp/ccRebiBI.s:1248   .text.prvTimerTask:0000000000000008 .LVL136
     /tmp/ccRebiBI.s:796    .text.prvProcessExpiredTimer:0000000000000004 .LCFI23
     /tmp/ccRebiBI.s:856    .text.prvProcessExpiredTimer:000000000000006c .LCFI24
     /tmp/ccRebiBI.s:861    .text.prvProcessExpiredTimer:0000000000000070 .LCFI25
     /tmp/ccRebiBI.s:794    .text.prvProcessExpiredTimer:0000000000000000 .LVL86
     /tmp/ccRebiBI.s:819    .text.prvProcessExpiredTimer:0000000000000030 .LVL88
     /tmp/ccRebiBI.s:851    .text.prvProcessExpiredTimer:0000000000000064 .LVL92
     /tmp/ccRebiBI.s:859    .text.prvProcessExpiredTimer:0000000000000070 .LVL94
     /tmp/ccRebiBI.s:854    .text.prvProcessExpiredTimer:0000000000000068 .LVL93
     /tmp/ccRebiBI.s:815    .text.prvProcessExpiredTimer:000000000000002c .LVL87
     /tmp/ccRebiBI.s:848    .text.prvProcessExpiredTimer:0000000000000060 .LVL91
     /tmp/ccRebiBI.s:1463   .text.pcTimerGetName:0000000000000000 .LVL159
     /tmp/ccRebiBI.s:1469   .text.pcTimerGetName:0000000000000004 .LVL160
     /tmp/ccRebiBI.s:1442   .text.xTimerGetExpiryTime:0000000000000000 .LVL157
     /tmp/ccRebiBI.s:1450   .text.xTimerGetExpiryTime:0000000000000004 .LVL158
     /tmp/ccRebiBI.s:1383   .text.uxTimerGetReloadMode:0000000000000004 .LCFI35
     /tmp/ccRebiBI.s:1420   .text.uxTimerGetReloadMode:0000000000000040 .LCFI36
     /tmp/ccRebiBI.s:1425   .text.uxTimerGetReloadMode:0000000000000044 .LCFI37
     /tmp/ccRebiBI.s:1381   .text.uxTimerGetReloadMode:0000000000000000 .LVL149
     /tmp/ccRebiBI.s:1405   .text.uxTimerGetReloadMode:0000000000000028 .LVL152
     /tmp/ccRebiBI.s:1423   .text.uxTimerGetReloadMode:0000000000000044 .LVL155
     /tmp/ccRebiBI.s:1429   .text.uxTimerGetReloadMode:0000000000000048 .LVL156
     /tmp/ccRebiBI.s:1391   .text.uxTimerGetReloadMode:0000000000000010 .LVL150
     /tmp/ccRebiBI.s:1418   .text.uxTimerGetReloadMode:000000000000003c .LVL154
     /tmp/ccRebiBI.s:1316   .text.vTimerSetReloadMode:0000000000000004 .LCFI32
     /tmp/ccRebiBI.s:1356   .text.vTimerSetReloadMode:0000000000000048 .LCFI33
     /tmp/ccRebiBI.s:1361   .text.vTimerSetReloadMode:000000000000004c .LCFI34
     /tmp/ccRebiBI.s:1314   .text.vTimerSetReloadMode:0000000000000000 .LVL142
     /tmp/ccRebiBI.s:1351   .text.vTimerSetReloadMode:0000000000000040 .LVL146
     /tmp/ccRebiBI.s:1359   .text.vTimerSetReloadMode:000000000000004c .LVL148
     /tmp/ccRebiBI.s:1354   .text.vTimerSetReloadMode:0000000000000044 .LVL147
     /tmp/ccRebiBI.s:1327   .text.vTimerSetReloadMode:0000000000000018 .LVL143
     /tmp/ccRebiBI.s:1295   .text.xTimerGetPeriod:0000000000000000 .LVL140
     /tmp/ccRebiBI.s:1301   .text.xTimerGetPeriod:0000000000000004 .LVL141
     /tmp/ccRebiBI.s:467    .text.xTimerGenericCommand:0000000000000004 .LCFI13
     /tmp/ccRebiBI.s:548    .text.xTimerGenericCommand:00000000000000a8 .LCFI14
     /tmp/ccRebiBI.s:553    .text.xTimerGenericCommand:00000000000000ac .LCFI15
     /tmp/ccRebiBI.s:465    .text.xTimerGenericCommand:0000000000000000 .LVL49
     /tmp/ccRebiBI.s:526    .text.xTimerGenericCommand:0000000000000084 .LVL57
     /tmp/ccRebiBI.s:536    .text.xTimerGenericCommand:0000000000000094 .LVL60
     /tmp/ccRebiBI.s:551    .text.xTimerGenericCommand:00000000000000ac .LVL63
     /tmp/ccRebiBI.s:557    .text.xTimerGenericCommand:00000000000000b0 .LVL64
     /tmp/ccRebiBI.s:534    .text.xTimerGenericCommand:0000000000000090 .LVL59
     /tmp/ccRebiBI.s:532    .text.xTimerGenericCommand:000000000000008c .LVL58
     /tmp/ccRebiBI.s:497    .text.xTimerGenericCommand:0000000000000030 .LVL52
     /tmp/ccRebiBI.s:481    .text.xTimerGenericCommand:0000000000000018 .LVL51
     /tmp/ccRebiBI.s:546    .text.xTimerGenericCommand:00000000000000a4 .LVL62
GAS LISTING /tmp/ccRebiBI.s 			page 84


     /tmp/ccRebiBI.s:475    .text.xTimerGenericCommand:0000000000000010 .LVL50
     /tmp/ccRebiBI.s:515    .text.xTimerGenericCommand:0000000000000064 .LVL55
     /tmp/ccRebiBI.s:228    .text.prvInitialiseNewTimer:0000000000000008 .LCFI6
     /tmp/ccRebiBI.s:302    .text.prvInitialiseNewTimer:0000000000000090 .LCFI7
     /tmp/ccRebiBI.s:221    .text.prvInitialiseNewTimer:0000000000000000 .LVL24
     /tmp/ccRebiBI.s:300    .text.prvInitialiseNewTimer:000000000000008c .LVL32
     /tmp/ccRebiBI.s:305    .text.prvInitialiseNewTimer:0000000000000094 .LVL33
     /tmp/ccRebiBI.s:297    .text.prvInitialiseNewTimer:0000000000000088 .LVL31
     /tmp/ccRebiBI.s:288    .text.prvInitialiseNewTimer:000000000000007c .LVL28
     /tmp/ccRebiBI.s:294    .text.prvInitialiseNewTimer:0000000000000084 .LVL30
     /tmp/ccRebiBI.s:291    .text.prvInitialiseNewTimer:0000000000000080 .LVL29
     /tmp/ccRebiBI.s:285    .text.prvInitialiseNewTimer:0000000000000078 .LVL27
     /tmp/ccRebiBI.s:381    .text.xTimerCreate:0000000000000004 .LCFI11
     /tmp/ccRebiBI.s:451    .text.xTimerCreate:0000000000000090 .LCFI12
     /tmp/ccRebiBI.s:379    .text.xTimerCreate:0000000000000000 .LVL38
     /tmp/ccRebiBI.s:406    .text.xTimerCreate:0000000000000038 .LVL39
     /tmp/ccRebiBI.s:437    .text.xTimerCreate:000000000000007c .LVL44
     /tmp/ccRebiBI.s:440    .text.xTimerCreate:0000000000000080 .LVL45
     /tmp/ccRebiBI.s:443    .text.xTimerCreate:0000000000000084 .LVL46
     /tmp/ccRebiBI.s:446    .text.xTimerCreate:0000000000000088 .LVL47
     /tmp/ccRebiBI.s:449    .text.xTimerCreate:000000000000008c .LVL48
     /tmp/ccRebiBI.s:410    .text.xTimerCreate:0000000000000044 .LVL41
     /tmp/ccRebiBI.s:434    .text.xTimerCreate:0000000000000078 .LVL43
     /tmp/ccRebiBI.s:324    .text.xTimerCreateTimerTask:0000000000000004 .LCFI8
     /tmp/ccRebiBI.s:354    .text.xTimerCreateTimerTask:0000000000000050 .LCFI9
     /tmp/ccRebiBI.s:359    .text.xTimerCreateTimerTask:0000000000000054 .LCFI10
     /tmp/ccRebiBI.s:329    .text.xTimerCreateTimerTask:0000000000000008 .LVL34
     /tmp/ccRebiBI.s:357    .text.xTimerCreateTimerTask:0000000000000054 .LVL37
     /tmp/ccRebiBI.s:1827   .debug_info:0000000000000000 .Ldebug_info0

UNDEFINED SYMBOLS
vListInsert
vTaskEnterCritical
vTaskExitCritical
vListInitialise
xQueueGenericCreate
vQueueAddToRegistry
vListInitialiseItem
xTaskCreate
pvPortMalloc
xTaskGetSchedulerState
xQueueGenericSend
xQueueGenericSendFromISR
uxListRemove
xTaskGetTickCount
vTaskSuspendAll
vQueueWaitForMessageRestricted
xTaskResumeAll
sbi_send_ipi
xQueueReceive
vPortFree
