
build/trusted_fw.elf：     文件格式 elf64-littleriscv


Disassembly of section .init:

00000000bf800000 <_start>:
    bf800000:	00101197          	auipc	gp,0x101
    bf800004:	80018193          	add	gp,gp,-2048 # bf900800 <__global_pointer$>
    bf800008:	00700593          	li	a1,7
    bf80000c:	08b51a63          	bne	a0,a1,bf8000a0 <secondary>
    bf800010:	10405073          	csrw	sie,0
    bf800014:	14405073          	csrw	sip,0
    bf800018:	000062b7          	lui	t0,0x6
    bf80001c:	1002b073          	csrc	sstatus,t0
    bf800020:	000402b7          	lui	t0,0x40
    bf800024:	1002a073          	csrs	sstatus,t0
    bf800028:	00118117          	auipc	sp,0x118
    bf80002c:	f8810113          	add	sp,sp,-120 # bf917fb0 <_stack_top>
    bf800030:	14011073          	csrw	sscratch,sp
    bf800034:	00003517          	auipc	a0,0x3
    bf800038:	f1050513          	add	a0,a0,-240 # bf802f44 <_data_lma>
    bf80003c:	00100597          	auipc	a1,0x100
    bf800040:	fc458593          	add	a1,a1,-60 # bf900000 <uxTopUsedPriority>
    bf800044:	81018613          	add	a2,gp,-2032 # bf900010 <uxSchedulerSuspended>
    bf800048:	00c5fc63          	bgeu	a1,a2,bf800060 <_start+0x60>
    bf80004c:	00053283          	ld	t0,0(a0)
    bf800050:	0055b023          	sd	t0,0(a1)
    bf800054:	00850513          	add	a0,a0,8
    bf800058:	00858593          	add	a1,a1,8
    bf80005c:	fec5e8e3          	bltu	a1,a2,bf80004c <_start+0x4c>
    bf800060:	00100517          	auipc	a0,0x100
    bf800064:	fb050513          	add	a0,a0,-80 # bf900010 <uxSchedulerSuspended>
    bf800068:	00114597          	auipc	a1,0x114
    bf80006c:	f3c58593          	add	a1,a1,-196 # bf913fa4 <_ebss>
    bf800070:	00b57863          	bgeu	a0,a1,bf800080 <_start+0x80>
    bf800074:	00053023          	sd	zero,0(a0)
    bf800078:	00850513          	add	a0,a0,8
    bf80007c:	feb56ce3          	bltu	a0,a1,bf800074 <_start+0x74>
    bf800080:	00000513          	li	a0,0
    bf800084:	00000593          	li	a1,0
    bf800088:	00000613          	li	a2,0
    bf80008c:	588020ef          	jal	bf802614 <main>
    bf800090:	10500073          	wfi
    bf800094:	ffdff06f          	j	bf800090 <_start+0x90>

00000000bf800098 <ecall_err>:
    bf800098:	10500073          	wfi
    bf80009c:	ffdff06f          	j	bf800098 <ecall_err>

00000000bf8000a0 <secondary>:
    bf8000a0:	10500073          	wfi
    bf8000a4:	ffdff06f          	j	bf8000a0 <secondary>

Disassembly of section .text:

00000000bf800100 <vListInitialise>:
void vListInitialise( List_t * const pxList )
{
    /* The list structure contains a list item which is used to mark the
     * end of the list.  To initialise the list the list end is inserted
     * as the only list entry. */
    pxList->pxIndex = ( ListItem_t * ) &( pxList->xListEnd ); /*lint !e826 !e740 !e9087 The mini list structure is used as the list end to save RAM.  This is checked and valid. */
    bf800100:	01050793          	add	a5,a0,16
    bf800104:	00f53423          	sd	a5,8(a0)

    /* The list end value is the highest possible value in the list to
     * ensure it remains at the end of the list. */
    pxList->xListEnd.xItemValue = portMAX_DELAY;
    bf800108:	fff00713          	li	a4,-1
    bf80010c:	00e53823          	sd	a4,16(a0)

    /* The list end next and previous pointers point to itself so we know
     * when the list is empty. */
    pxList->xListEnd.pxNext = ( ListItem_t * ) &( pxList->xListEnd );     /*lint !e826 !e740 !e9087 The mini list structure is used as the list end to save RAM.  This is checked and valid. */
    bf800110:	00f53c23          	sd	a5,24(a0)
    pxList->xListEnd.pxPrevious = ( ListItem_t * ) &( pxList->xListEnd ); /*lint !e826 !e740 !e9087 The mini list structure is used as the list end to save RAM.  This is checked and valid. */
    bf800114:	02f53023          	sd	a5,32(a0)

    pxList->uxNumberOfItems = ( UBaseType_t ) 0U;
    bf800118:	00053023          	sd	zero,0(a0)

    /* Write known values into the list if
     * configUSE_LIST_DATA_INTEGRITY_CHECK_BYTES is set to 1. */
    listSET_LIST_INTEGRITY_CHECK_1_VALUE( pxList );
    listSET_LIST_INTEGRITY_CHECK_2_VALUE( pxList );
}
    bf80011c:	00008067          	ret

00000000bf800120 <vListInitialiseItem>:
/*-----------------------------------------------------------*/

void vListInitialiseItem( ListItem_t * const pxItem )
{
    /* Make sure the list item is not recorded as being on a list. */
    pxItem->pxContainer = NULL;
    bf800120:	02053023          	sd	zero,32(a0)

    /* Write known values into the list item if
     * configUSE_LIST_DATA_INTEGRITY_CHECK_BYTES is set to 1. */
    listSET_FIRST_LIST_ITEM_INTEGRITY_CHECK_VALUE( pxItem );
    listSET_SECOND_LIST_ITEM_INTEGRITY_CHECK_VALUE( pxItem );
}
    bf800124:	00008067          	ret

00000000bf800128 <vListInsertEnd>:
/*-----------------------------------------------------------*/

void vListInsertEnd( List_t * const pxList,
                     ListItem_t * const pxNewListItem )
{
    ListItem_t * const pxIndex = pxList->pxIndex;
    bf800128:	00853783          	ld	a5,8(a0)
    listTEST_LIST_ITEM_INTEGRITY( pxNewListItem );

    /* Insert a new list item into pxList, but rather than sort the list,
     * makes the new list item the last item to be removed by a call to
     * listGET_OWNER_OF_NEXT_ENTRY(). */
    pxNewListItem->pxNext = pxIndex;
    bf80012c:	00f5b423          	sd	a5,8(a1)
    pxNewListItem->pxPrevious = pxIndex->pxPrevious;
    bf800130:	0107b703          	ld	a4,16(a5)
    bf800134:	00e5b823          	sd	a4,16(a1)

    /* Only used during decision coverage testing. */
    mtCOVERAGE_TEST_DELAY();

    pxIndex->pxPrevious->pxNext = pxNewListItem;
    bf800138:	00b73423          	sd	a1,8(a4)
    pxIndex->pxPrevious = pxNewListItem;
    bf80013c:	00b7b823          	sd	a1,16(a5)

    /* Remember which list the item is in. */
    pxNewListItem->pxContainer = pxList;
    bf800140:	02a5b023          	sd	a0,32(a1)

    ( pxList->uxNumberOfItems )++;
    bf800144:	00053783          	ld	a5,0(a0)
    bf800148:	00178793          	add	a5,a5,1
    bf80014c:	00f53023          	sd	a5,0(a0)
}
    bf800150:	00008067          	ret

00000000bf800154 <vListInsert>:

void vListInsert( List_t * const pxList,
                  ListItem_t * const pxNewListItem )
{
    ListItem_t * pxIterator;
    const TickType_t xValueOfInsertion = pxNewListItem->xItemValue;
    bf800154:	0005b603          	ld	a2,0(a1)
     * new list item should be placed after it.  This ensures that TCBs which are
     * stored in ready lists (all of which have the same xItemValue value) get a
     * share of the CPU.  However, if the xItemValue is the same as the back marker
     * the iteration loop below will not end.  Therefore the value is checked
     * first, and the algorithm slightly modified if necessary. */
    if( xValueOfInsertion == portMAX_DELAY )
    bf800158:	fff00793          	li	a5,-1
    bf80015c:	04f60063          	beq	a2,a5,bf80019c <vListInsert+0x48>
        *   4) Using a queue or semaphore before it has been initialised or
        *      before the scheduler has been started (are interrupts firing
        *      before vTaskStartScheduler() has been called?).
        **********************************************************************/

        for( pxIterator = ( ListItem_t * ) &( pxList->xListEnd ); pxIterator->pxNext->xItemValue <= xValueOfInsertion; pxIterator = pxIterator->pxNext ) /*lint !e826 !e740 !e9087 The mini list structure is used as the list end to save RAM.  This is checked and valid. *//*lint !e440 The iterator moves to a different value, not xValueOfInsertion. */
    bf800160:	01050793          	add	a5,a0,16
    bf800164:	00078693          	mv	a3,a5
    bf800168:	0087b783          	ld	a5,8(a5)
    bf80016c:	0007b703          	ld	a4,0(a5)
    bf800170:	fee67ae3          	bgeu	a2,a4,bf800164 <vListInsert+0x10>
            /* There is nothing to do here, just iterating to the wanted
             * insertion position. */
        }
    }

    pxNewListItem->pxNext = pxIterator->pxNext;
    bf800174:	0086b783          	ld	a5,8(a3)
    bf800178:	00f5b423          	sd	a5,8(a1)
    pxNewListItem->pxNext->pxPrevious = pxNewListItem;
    bf80017c:	00b7b823          	sd	a1,16(a5)
    pxNewListItem->pxPrevious = pxIterator;
    bf800180:	00d5b823          	sd	a3,16(a1)
    pxIterator->pxNext = pxNewListItem;
    bf800184:	00b6b423          	sd	a1,8(a3)

    /* Remember which list the item is in.  This allows fast removal of the
     * item later. */
    pxNewListItem->pxContainer = pxList;
    bf800188:	02a5b023          	sd	a0,32(a1)

    ( pxList->uxNumberOfItems )++;
    bf80018c:	00053783          	ld	a5,0(a0)
    bf800190:	00178793          	add	a5,a5,1
    bf800194:	00f53023          	sd	a5,0(a0)
}
    bf800198:	00008067          	ret
        pxIterator = pxList->xListEnd.pxPrevious;
    bf80019c:	02053683          	ld	a3,32(a0)
    bf8001a0:	fd5ff06f          	j	bf800174 <vListInsert+0x20>

00000000bf8001a4 <uxListRemove>:

UBaseType_t uxListRemove( ListItem_t * const pxItemToRemove )
{
/* The list item knows which list it is in.  Obtain the list from the list
 * item. */
    List_t * const pxList = pxItemToRemove->pxContainer;
    bf8001a4:	02053783          	ld	a5,32(a0)

    pxItemToRemove->pxNext->pxPrevious = pxItemToRemove->pxPrevious;
    bf8001a8:	00853683          	ld	a3,8(a0)
    bf8001ac:	01053703          	ld	a4,16(a0)
    bf8001b0:	00e6b823          	sd	a4,16(a3)
    pxItemToRemove->pxPrevious->pxNext = pxItemToRemove->pxNext;
    bf8001b4:	00853683          	ld	a3,8(a0)
    bf8001b8:	00d73423          	sd	a3,8(a4)

    /* Only used during decision coverage testing. */
    mtCOVERAGE_TEST_DELAY();

    /* Make sure the index is left pointing to a valid item. */
    if( pxList->pxIndex == pxItemToRemove )
    bf8001bc:	0087b703          	ld	a4,8(a5)
    bf8001c0:	00a70e63          	beq	a4,a0,bf8001dc <uxListRemove+0x38>
    else
    {
        mtCOVERAGE_TEST_MARKER();
    }

    pxItemToRemove->pxContainer = NULL;
    bf8001c4:	02053023          	sd	zero,32(a0)
    ( pxList->uxNumberOfItems )--;
    bf8001c8:	0007b703          	ld	a4,0(a5)
    bf8001cc:	fff70713          	add	a4,a4,-1
    bf8001d0:	00e7b023          	sd	a4,0(a5)

    return pxList->uxNumberOfItems;
    bf8001d4:	0007b503          	ld	a0,0(a5)
}
    bf8001d8:	00008067          	ret
        pxList->pxIndex = pxItemToRemove->pxPrevious;
    bf8001dc:	01053703          	ld	a4,16(a0)
    bf8001e0:	00e7b423          	sd	a4,8(a5)
    bf8001e4:	fe1ff06f          	j	bf8001c4 <uxListRemove+0x20>

00000000bf8001e8 <prvIsQueueFull>:
    return xReturn;
} /*lint !e818 xQueue could not be pointer to const because it is a typedef. */
/*-----------------------------------------------------------*/

static BaseType_t prvIsQueueFull( const Queue_t * pxQueue )
{
    bf8001e8:	ff010113          	add	sp,sp,-16
    bf8001ec:	00113423          	sd	ra,8(sp)
    bf8001f0:	00813023          	sd	s0,0(sp)
    bf8001f4:	00050413          	mv	s0,a0
    BaseType_t xReturn;

    taskENTER_CRITICAL();
    bf8001f8:	110010ef          	jal	bf801308 <vTaskEnterCritical>
    {
        if( pxQueue->uxMessagesWaiting == pxQueue->uxLength )
    bf8001fc:	07043703          	ld	a4,112(s0)
    bf800200:	07843783          	ld	a5,120(s0)
    bf800204:	02f70063          	beq	a4,a5,bf800224 <prvIsQueueFull+0x3c>
        {
            xReturn = pdTRUE;
        }
        else
        {
            xReturn = pdFALSE;
    bf800208:	00000413          	li	s0,0
        }
    }
    taskEXIT_CRITICAL();
    bf80020c:	12c010ef          	jal	bf801338 <vTaskExitCritical>

    return xReturn;
}
    bf800210:	00040513          	mv	a0,s0
    bf800214:	00813083          	ld	ra,8(sp)
    bf800218:	00013403          	ld	s0,0(sp)
    bf80021c:	01010113          	add	sp,sp,16
    bf800220:	00008067          	ret
            xReturn = pdTRUE;
    bf800224:	00100413          	li	s0,1
    bf800228:	fe5ff06f          	j	bf80020c <prvIsQueueFull+0x24>

00000000bf80022c <prvIsQueueEmpty>:
{
    bf80022c:	ff010113          	add	sp,sp,-16
    bf800230:	00113423          	sd	ra,8(sp)
    bf800234:	00813023          	sd	s0,0(sp)
    bf800238:	00050413          	mv	s0,a0
    taskENTER_CRITICAL();
    bf80023c:	0cc010ef          	jal	bf801308 <vTaskEnterCritical>
        if( pxQueue->uxMessagesWaiting == ( UBaseType_t ) 0 )
    bf800240:	07043783          	ld	a5,112(s0)
    bf800244:	02079063          	bnez	a5,bf800264 <prvIsQueueEmpty+0x38>
            xReturn = pdTRUE;
    bf800248:	00100413          	li	s0,1
    taskEXIT_CRITICAL();
    bf80024c:	0ec010ef          	jal	bf801338 <vTaskExitCritical>
}
    bf800250:	00040513          	mv	a0,s0
    bf800254:	00813083          	ld	ra,8(sp)
    bf800258:	00013403          	ld	s0,0(sp)
    bf80025c:	01010113          	add	sp,sp,16
    bf800260:	00008067          	ret
            xReturn = pdFALSE;
    bf800264:	00000413          	li	s0,0
    bf800268:	fe5ff06f          	j	bf80024c <prvIsQueueEmpty+0x20>

00000000bf80026c <prvCopyDataToQueue>:
{
    bf80026c:	fe010113          	add	sp,sp,-32
    bf800270:	00113c23          	sd	ra,24(sp)
    bf800274:	00813823          	sd	s0,16(sp)
    bf800278:	00913423          	sd	s1,8(sp)
    bf80027c:	01213023          	sd	s2,0(sp)
    bf800280:	00050413          	mv	s0,a0
    bf800284:	00060493          	mv	s1,a2
    uxMessagesWaiting = pxQueue->uxMessagesWaiting;
    bf800288:	07053903          	ld	s2,112(a0)
    if( pxQueue->uxItemSize == ( UBaseType_t ) 0 )
    bf80028c:	08053603          	ld	a2,128(a0)
    bf800290:	04061063          	bnez	a2,bf8002d0 <prvCopyDataToQueue+0x64>
                if( pxQueue->uxQueueType == queueQUEUE_IS_MUTEX )
    bf800294:	00053783          	ld	a5,0(a0)
    bf800298:	02078463          	beqz	a5,bf8002c0 <prvCopyDataToQueue+0x54>
    BaseType_t xReturn = pdFALSE;
    bf80029c:	00000513          	li	a0,0
    pxQueue->uxMessagesWaiting = uxMessagesWaiting + ( UBaseType_t ) 1;
    bf8002a0:	00190793          	add	a5,s2,1
    bf8002a4:	06f43823          	sd	a5,112(s0)
}
    bf8002a8:	01813083          	ld	ra,24(sp)
    bf8002ac:	01013403          	ld	s0,16(sp)
    bf8002b0:	00813483          	ld	s1,8(sp)
    bf8002b4:	00013903          	ld	s2,0(sp)
    bf8002b8:	02010113          	add	sp,sp,32
    bf8002bc:	00008067          	ret
                    xReturn = xTaskPriorityDisinherit( pxQueue->u.xSemaphore.xMutexHolder );
    bf8002c0:	01053503          	ld	a0,16(a0)
    bf8002c4:	761000ef          	jal	bf801224 <xTaskPriorityDisinherit>
                    pxQueue->u.xSemaphore.xMutexHolder = NULL;
    bf8002c8:	00043823          	sd	zero,16(s0)
    bf8002cc:	fd5ff06f          	j	bf8002a0 <prvCopyDataToQueue+0x34>
    else if( xPosition == queueSEND_TO_BACK )
    bf8002d0:	02049a63          	bnez	s1,bf800304 <prvCopyDataToQueue+0x98>
        ( void ) memcpy( ( void * ) pxQueue->pcWriteTo, pvItemToQueue, ( size_t ) pxQueue->uxItemSize ); /*lint !e961 !e418 !e9087 MISRA exception as the casts are only redundant for some ports, plus previous logic ensures a null pointer can only be passed to memcpy() if the copy size is 0.  Cast to void required by function signature and safe as no alignment requirement and copy length specified in bytes. */
    bf8002d4:	00853503          	ld	a0,8(a0)
    bf8002d8:	1d5020ef          	jal	bf802cac <memcpy>
        pxQueue->pcWriteTo += pxQueue->uxItemSize;                                                       /*lint !e9016 Pointer arithmetic on char types ok, especially in this use case where it is the clearest way of conveying intent. */
    bf8002dc:	00843783          	ld	a5,8(s0)
    bf8002e0:	08043703          	ld	a4,128(s0)
    bf8002e4:	00e787b3          	add	a5,a5,a4
    bf8002e8:	00f43423          	sd	a5,8(s0)
        if( pxQueue->pcWriteTo >= pxQueue->u.xQueue.pcTail )                                             /*lint !e946 MISRA exception justified as comparison of pointers is the cleanest solution. */
    bf8002ec:	01043703          	ld	a4,16(s0)
    bf8002f0:	06e7e263          	bltu	a5,a4,bf800354 <prvCopyDataToQueue+0xe8>
            pxQueue->pcWriteTo = pxQueue->pcHead;
    bf8002f4:	00043783          	ld	a5,0(s0)
    bf8002f8:	00f43423          	sd	a5,8(s0)
    BaseType_t xReturn = pdFALSE;
    bf8002fc:	00048513          	mv	a0,s1
    bf800300:	fa1ff06f          	j	bf8002a0 <prvCopyDataToQueue+0x34>
        ( void ) memcpy( ( void * ) pxQueue->u.xQueue.pcReadFrom, pvItemToQueue, ( size_t ) pxQueue->uxItemSize ); /*lint !e961 !e9087 !e418 MISRA exception as the casts are only redundant for some ports.  Cast to void required by function signature and safe as no alignment requirement and copy length specified in bytes.  Assert checks null pointer only used when length is 0. */
    bf800304:	01853503          	ld	a0,24(a0)
    bf800308:	1a5020ef          	jal	bf802cac <memcpy>
        pxQueue->u.xQueue.pcReadFrom -= pxQueue->uxItemSize;
    bf80030c:	01843783          	ld	a5,24(s0)
    bf800310:	08043703          	ld	a4,128(s0)
    bf800314:	40e006b3          	neg	a3,a4
    bf800318:	40e787b3          	sub	a5,a5,a4
    bf80031c:	00f43c23          	sd	a5,24(s0)
        if( pxQueue->u.xQueue.pcReadFrom < pxQueue->pcHead ) /*lint !e946 MISRA exception justified as comparison of pointers is the cleanest solution. */
    bf800320:	00043703          	ld	a4,0(s0)
    bf800324:	00e7f863          	bgeu	a5,a4,bf800334 <prvCopyDataToQueue+0xc8>
            pxQueue->u.xQueue.pcReadFrom = ( pxQueue->u.xQueue.pcTail - pxQueue->uxItemSize );
    bf800328:	01043783          	ld	a5,16(s0)
    bf80032c:	00d787b3          	add	a5,a5,a3
    bf800330:	00f43c23          	sd	a5,24(s0)
        if( xPosition == queueOVERWRITE )
    bf800334:	00200793          	li	a5,2
    bf800338:	00f48663          	beq	s1,a5,bf800344 <prvCopyDataToQueue+0xd8>
    BaseType_t xReturn = pdFALSE;
    bf80033c:	00000513          	li	a0,0
    bf800340:	f61ff06f          	j	bf8002a0 <prvCopyDataToQueue+0x34>
            if( uxMessagesWaiting > ( UBaseType_t ) 0 )
    bf800344:	00090c63          	beqz	s2,bf80035c <prvCopyDataToQueue+0xf0>
                --uxMessagesWaiting;
    bf800348:	fff90913          	add	s2,s2,-1
    BaseType_t xReturn = pdFALSE;
    bf80034c:	00000513          	li	a0,0
    bf800350:	f51ff06f          	j	bf8002a0 <prvCopyDataToQueue+0x34>
    bf800354:	00048513          	mv	a0,s1
    bf800358:	f49ff06f          	j	bf8002a0 <prvCopyDataToQueue+0x34>
    bf80035c:	00000513          	li	a0,0
    bf800360:	f41ff06f          	j	bf8002a0 <prvCopyDataToQueue+0x34>

00000000bf800364 <prvCopyDataFromQueue>:
{
    bf800364:	00050793          	mv	a5,a0
    if( pxQueue->uxItemSize != ( UBaseType_t ) 0 )
    bf800368:	08053603          	ld	a2,128(a0)
    bf80036c:	04060063          	beqz	a2,bf8003ac <prvCopyDataFromQueue+0x48>
{
    bf800370:	ff010113          	add	sp,sp,-16
    bf800374:	00113423          	sd	ra,8(sp)
    bf800378:	00058513          	mv	a0,a1
        pxQueue->u.xQueue.pcReadFrom += pxQueue->uxItemSize;           /*lint !e9016 Pointer arithmetic on char types ok, especially in this use case where it is the clearest way of conveying intent. */
    bf80037c:	0187b703          	ld	a4,24(a5)
    bf800380:	00c70733          	add	a4,a4,a2
    bf800384:	00e7bc23          	sd	a4,24(a5)
        if( pxQueue->u.xQueue.pcReadFrom >= pxQueue->u.xQueue.pcTail ) /*lint !e946 MISRA exception justified as use of the relational operator is the cleanest solutions. */
    bf800388:	0107b683          	ld	a3,16(a5)
    bf80038c:	00d76663          	bltu	a4,a3,bf800398 <prvCopyDataFromQueue+0x34>
            pxQueue->u.xQueue.pcReadFrom = pxQueue->pcHead;
    bf800390:	0007b703          	ld	a4,0(a5)
    bf800394:	00e7bc23          	sd	a4,24(a5)
        ( void ) memcpy( ( void * ) pvBuffer, ( void * ) pxQueue->u.xQueue.pcReadFrom, ( size_t ) pxQueue->uxItemSize ); /*lint !e961 !e418 !e9087 MISRA exception as the casts are only redundant for some ports.  Also previous logic ensures a null pointer can only be passed to memcpy() when the count is 0.  Cast to void required by function signature and safe as no alignment requirement and copy length specified in bytes. */
    bf800398:	0187b583          	ld	a1,24(a5)
    bf80039c:	111020ef          	jal	bf802cac <memcpy>
}
    bf8003a0:	00813083          	ld	ra,8(sp)
    bf8003a4:	01010113          	add	sp,sp,16
    bf8003a8:	00008067          	ret
    bf8003ac:	00008067          	ret

00000000bf8003b0 <prvUnlockQueue>:
{
    bf8003b0:	fe010113          	add	sp,sp,-32
    bf8003b4:	00113c23          	sd	ra,24(sp)
    bf8003b8:	00813823          	sd	s0,16(sp)
    bf8003bc:	00913423          	sd	s1,8(sp)
    bf8003c0:	00050493          	mv	s1,a0
    taskENTER_CRITICAL();
    bf8003c4:	745000ef          	jal	bf801308 <vTaskEnterCritical>
        int8_t cTxLock = pxQueue->cTxLock;
    bf8003c8:	0894c403          	lbu	s0,137(s1)
    bf8003cc:	0184141b          	sllw	s0,s0,0x18
    bf8003d0:	4184541b          	sraw	s0,s0,0x18
        while( cTxLock > queueLOCKED_UNMODIFIED )
    bf8003d4:	0100006f          	j	bf8003e4 <prvUnlockQueue+0x34>
            --cTxLock;
    bf8003d8:	fff4041b          	addw	s0,s0,-1
    bf8003dc:	0184141b          	sllw	s0,s0,0x18
    bf8003e0:	4184541b          	sraw	s0,s0,0x18
        while( cTxLock > queueLOCKED_UNMODIFIED )
    bf8003e4:	02805063          	blez	s0,bf800404 <prvUnlockQueue+0x54>
                    if( listLIST_IS_EMPTY( &( pxQueue->xTasksWaitingToReceive ) ) == pdFALSE )
    bf8003e8:	0484b783          	ld	a5,72(s1)
    bf8003ec:	00078c63          	beqz	a5,bf800404 <prvUnlockQueue+0x54>
                        if( xTaskRemoveFromEventList( &( pxQueue->xTasksWaitingToReceive ) ) != pdFALSE )
    bf8003f0:	04848513          	add	a0,s1,72
    bf8003f4:	50d000ef          	jal	bf801100 <xTaskRemoveFromEventList>
    bf8003f8:	fe0500e3          	beqz	a0,bf8003d8 <prvUnlockQueue+0x28>
                            vTaskMissedYield();
    bf8003fc:	5e9000ef          	jal	bf8011e4 <vTaskMissedYield>
    bf800400:	fd9ff06f          	j	bf8003d8 <prvUnlockQueue+0x28>
        pxQueue->cTxLock = queueUNLOCKED;
    bf800404:	fff00793          	li	a5,-1
    bf800408:	08f484a3          	sb	a5,137(s1)
    taskEXIT_CRITICAL();
    bf80040c:	72d000ef          	jal	bf801338 <vTaskExitCritical>
    taskENTER_CRITICAL();
    bf800410:	6f9000ef          	jal	bf801308 <vTaskEnterCritical>
        int8_t cRxLock = pxQueue->cRxLock;
    bf800414:	0884c403          	lbu	s0,136(s1)
    bf800418:	0184141b          	sllw	s0,s0,0x18
    bf80041c:	4184541b          	sraw	s0,s0,0x18
        while( cRxLock > queueLOCKED_UNMODIFIED )
    bf800420:	0100006f          	j	bf800430 <prvUnlockQueue+0x80>
                --cRxLock;
    bf800424:	fff4041b          	addw	s0,s0,-1
    bf800428:	0184141b          	sllw	s0,s0,0x18
    bf80042c:	4184541b          	sraw	s0,s0,0x18
        while( cRxLock > queueLOCKED_UNMODIFIED )
    bf800430:	02805063          	blez	s0,bf800450 <prvUnlockQueue+0xa0>
            if( listLIST_IS_EMPTY( &( pxQueue->xTasksWaitingToSend ) ) == pdFALSE )
    bf800434:	0204b783          	ld	a5,32(s1)
    bf800438:	00078c63          	beqz	a5,bf800450 <prvUnlockQueue+0xa0>
                if( xTaskRemoveFromEventList( &( pxQueue->xTasksWaitingToSend ) ) != pdFALSE )
    bf80043c:	02048513          	add	a0,s1,32
    bf800440:	4c1000ef          	jal	bf801100 <xTaskRemoveFromEventList>
    bf800444:	fe0500e3          	beqz	a0,bf800424 <prvUnlockQueue+0x74>
                    vTaskMissedYield();
    bf800448:	59d000ef          	jal	bf8011e4 <vTaskMissedYield>
    bf80044c:	fd9ff06f          	j	bf800424 <prvUnlockQueue+0x74>
        pxQueue->cRxLock = queueUNLOCKED;
    bf800450:	fff00793          	li	a5,-1
    bf800454:	08f48423          	sb	a5,136(s1)
    taskEXIT_CRITICAL();
    bf800458:	6e1000ef          	jal	bf801338 <vTaskExitCritical>
}
    bf80045c:	01813083          	ld	ra,24(sp)
    bf800460:	01013403          	ld	s0,16(sp)
    bf800464:	00813483          	ld	s1,8(sp)
    bf800468:	02010113          	add	sp,sp,32
    bf80046c:	00008067          	ret

00000000bf800470 <xQueueGenericReset>:
{
    bf800470:	fe010113          	add	sp,sp,-32
    bf800474:	00113c23          	sd	ra,24(sp)
    bf800478:	00813823          	sd	s0,16(sp)
    bf80047c:	00913423          	sd	s1,8(sp)
    bf800480:	00050413          	mv	s0,a0
    bf800484:	00058493          	mv	s1,a1
    taskENTER_CRITICAL();
    bf800488:	681000ef          	jal	bf801308 <vTaskEnterCritical>
        pxQueue->u.xQueue.pcTail = pxQueue->pcHead + ( pxQueue->uxLength * pxQueue->uxItemSize ); /*lint !e9016 Pointer arithmetic allowed on char types, especially when it assists conveying intent. */
    bf80048c:	00043783          	ld	a5,0(s0)
    bf800490:	07843683          	ld	a3,120(s0)
    bf800494:	08043703          	ld	a4,128(s0)
    bf800498:	02e68633          	mul	a2,a3,a4
    bf80049c:	00c78633          	add	a2,a5,a2
    bf8004a0:	00c43823          	sd	a2,16(s0)
        pxQueue->uxMessagesWaiting = ( UBaseType_t ) 0U;
    bf8004a4:	06043823          	sd	zero,112(s0)
        pxQueue->pcWriteTo = pxQueue->pcHead;
    bf8004a8:	00f43423          	sd	a5,8(s0)
        pxQueue->u.xQueue.pcReadFrom = pxQueue->pcHead + ( ( pxQueue->uxLength - 1U ) * pxQueue->uxItemSize ); /*lint !e9016 Pointer arithmetic allowed on char types, especially when it assists conveying intent. */
    bf8004ac:	fff68693          	add	a3,a3,-1
    bf8004b0:	02d70733          	mul	a4,a4,a3
    bf8004b4:	00e787b3          	add	a5,a5,a4
    bf8004b8:	00f43c23          	sd	a5,24(s0)
        pxQueue->cRxLock = queueUNLOCKED;
    bf8004bc:	fff00793          	li	a5,-1
    bf8004c0:	08f40423          	sb	a5,136(s0)
        pxQueue->cTxLock = queueUNLOCKED;
    bf8004c4:	08f404a3          	sb	a5,137(s0)
        if( xNewQueue == pdFALSE )
    bf8004c8:	04049063          	bnez	s1,bf800508 <xQueueGenericReset+0x98>
            if( listLIST_IS_EMPTY( &( pxQueue->xTasksWaitingToSend ) ) == pdFALSE )
    bf8004cc:	02043783          	ld	a5,32(s0)
    bf8004d0:	02079063          	bnez	a5,bf8004f0 <xQueueGenericReset+0x80>
    taskEXIT_CRITICAL();
    bf8004d4:	665000ef          	jal	bf801338 <vTaskExitCritical>
}
    bf8004d8:	00100513          	li	a0,1
    bf8004dc:	01813083          	ld	ra,24(sp)
    bf8004e0:	01013403          	ld	s0,16(sp)
    bf8004e4:	00813483          	ld	s1,8(sp)
    bf8004e8:	02010113          	add	sp,sp,32
    bf8004ec:	00008067          	ret
                if( xTaskRemoveFromEventList( &( pxQueue->xTasksWaitingToSend ) ) != pdFALSE )
    bf8004f0:	02040513          	add	a0,s0,32
    bf8004f4:	40d000ef          	jal	bf801100 <xTaskRemoveFromEventList>
    bf8004f8:	fc050ee3          	beqz	a0,bf8004d4 <xQueueGenericReset+0x64>
                    queueYIELD_IF_USING_PREEMPTION();
    bf8004fc:	08000513          	li	a0,128
    bf800500:	775010ef          	jal	bf802474 <sbi_send_ipi>
    bf800504:	fd1ff06f          	j	bf8004d4 <xQueueGenericReset+0x64>
            vListInitialise( &( pxQueue->xTasksWaitingToSend ) );
    bf800508:	02040513          	add	a0,s0,32
    bf80050c:	bf5ff0ef          	jal	bf800100 <vListInitialise>
            vListInitialise( &( pxQueue->xTasksWaitingToReceive ) );
    bf800510:	04840513          	add	a0,s0,72
    bf800514:	bedff0ef          	jal	bf800100 <vListInitialise>
    bf800518:	fbdff06f          	j	bf8004d4 <xQueueGenericReset+0x64>

00000000bf80051c <prvInitialiseNewQueue>:
{
    bf80051c:	fe010113          	add	sp,sp,-32
    bf800520:	00113c23          	sd	ra,24(sp)
    bf800524:	00813823          	sd	s0,16(sp)
    bf800528:	00913423          	sd	s1,8(sp)
    bf80052c:	00068493          	mv	s1,a3
    bf800530:	00070413          	mv	s0,a4
    if( uxItemSize == ( UBaseType_t ) 0 )
    bf800534:	02059a63          	bnez	a1,bf800568 <prvInitialiseNewQueue+0x4c>
        pxNewQueue->pcHead = ( int8_t * ) pxNewQueue;
    bf800538:	00e43023          	sd	a4,0(s0)
    pxNewQueue->uxLength = uxQueueLength;
    bf80053c:	06a43c23          	sd	a0,120(s0)
    pxNewQueue->uxItemSize = uxItemSize;
    bf800540:	08b43023          	sd	a1,128(s0)
    ( void ) xQueueGenericReset( pxNewQueue, pdTRUE );
    bf800544:	00100593          	li	a1,1
    bf800548:	00040513          	mv	a0,s0
    bf80054c:	f25ff0ef          	jal	bf800470 <xQueueGenericReset>
            pxNewQueue->ucQueueType = ucQueueType;
    bf800550:	08940c23          	sb	s1,152(s0)
}
    bf800554:	01813083          	ld	ra,24(sp)
    bf800558:	01013403          	ld	s0,16(sp)
    bf80055c:	00813483          	ld	s1,8(sp)
    bf800560:	02010113          	add	sp,sp,32
    bf800564:	00008067          	ret
        pxNewQueue->pcHead = ( int8_t * ) pucQueueStorage;
    bf800568:	00c73023          	sd	a2,0(a4)
    bf80056c:	fd1ff06f          	j	bf80053c <prvInitialiseNewQueue+0x20>

00000000bf800570 <xQueueGenericCreate>:
    {
    bf800570:	fd010113          	add	sp,sp,-48
    bf800574:	02113423          	sd	ra,40(sp)
    bf800578:	02813023          	sd	s0,32(sp)
    bf80057c:	00913c23          	sd	s1,24(sp)
    bf800580:	01213823          	sd	s2,16(sp)
    bf800584:	01313423          	sd	s3,8(sp)
    bf800588:	00050493          	mv	s1,a0
    bf80058c:	00058913          	mv	s2,a1
    bf800590:	00060993          	mv	s3,a2
        xQueueSizeInBytes = ( size_t ) ( uxQueueLength * uxItemSize ); /*lint !e961 MISRA exception as the casts are only redundant for some ports. */
    bf800594:	02b50533          	mul	a0,a0,a1
        pxNewQueue = ( Queue_t * ) pvPortMalloc( sizeof( Queue_t ) + xQueueSizeInBytes ); /*lint !e9087 !e9079 see comment above. */
    bf800598:	0a050513          	add	a0,a0,160
    bf80059c:	329010ef          	jal	bf8020c4 <pvPortMalloc>
    bf8005a0:	00050413          	mv	s0,a0
        if( pxNewQueue != NULL )
    bf8005a4:	00050e63          	beqz	a0,bf8005c0 <xQueueGenericCreate+0x50>
            prvInitialiseNewQueue( uxQueueLength, uxItemSize, pucQueueStorage, ucQueueType, pxNewQueue );
    bf8005a8:	00050713          	mv	a4,a0
    bf8005ac:	00098693          	mv	a3,s3
    bf8005b0:	0a050613          	add	a2,a0,160
    bf8005b4:	00090593          	mv	a1,s2
    bf8005b8:	00048513          	mv	a0,s1
    bf8005bc:	f61ff0ef          	jal	bf80051c <prvInitialiseNewQueue>
    }
    bf8005c0:	00040513          	mv	a0,s0
    bf8005c4:	02813083          	ld	ra,40(sp)
    bf8005c8:	02013403          	ld	s0,32(sp)
    bf8005cc:	01813483          	ld	s1,24(sp)
    bf8005d0:	01013903          	ld	s2,16(sp)
    bf8005d4:	00813983          	ld	s3,8(sp)
    bf8005d8:	03010113          	add	sp,sp,48
    bf8005dc:	00008067          	ret

00000000bf8005e0 <xQueueGenericSend>:
{
    bf8005e0:	fb010113          	add	sp,sp,-80
    bf8005e4:	04113423          	sd	ra,72(sp)
    bf8005e8:	04813023          	sd	s0,64(sp)
    bf8005ec:	02913c23          	sd	s1,56(sp)
    bf8005f0:	03213823          	sd	s2,48(sp)
    bf8005f4:	03313423          	sd	s3,40(sp)
    bf8005f8:	00050413          	mv	s0,a0
    bf8005fc:	00058993          	mv	s3,a1
    bf800600:	00c13423          	sd	a2,8(sp)
    bf800604:	00068493          	mv	s1,a3
    BaseType_t xEntryTimeSet = pdFALSE, xYieldRequired;
    bf800608:	00000913          	li	s2,0
    bf80060c:	0a00006f          	j	bf8006ac <xQueueGenericSend+0xcc>
                        xYieldRequired = prvCopyDataToQueue( pxQueue, pvItemToQueue, xCopyPosition );
    bf800610:	00048613          	mv	a2,s1
    bf800614:	00098593          	mv	a1,s3
    bf800618:	00040513          	mv	a0,s0
    bf80061c:	c51ff0ef          	jal	bf80026c <prvCopyDataToQueue>
                        if( listLIST_IS_EMPTY( &( pxQueue->xTasksWaitingToReceive ) ) == pdFALSE )
    bf800620:	04843783          	ld	a5,72(s0)
    bf800624:	02079663          	bnez	a5,bf800650 <xQueueGenericSend+0x70>
                        else if( xYieldRequired != pdFALSE )
    bf800628:	04051063          	bnez	a0,bf800668 <xQueueGenericSend+0x88>
                taskEXIT_CRITICAL();
    bf80062c:	50d000ef          	jal	bf801338 <vTaskExitCritical>
                return pdPASS;
    bf800630:	00100513          	li	a0,1
}
    bf800634:	04813083          	ld	ra,72(sp)
    bf800638:	04013403          	ld	s0,64(sp)
    bf80063c:	03813483          	ld	s1,56(sp)
    bf800640:	03013903          	ld	s2,48(sp)
    bf800644:	02813983          	ld	s3,40(sp)
    bf800648:	05010113          	add	sp,sp,80
    bf80064c:	00008067          	ret
                            if( xTaskRemoveFromEventList( &( pxQueue->xTasksWaitingToReceive ) ) != pdFALSE )
    bf800650:	04840513          	add	a0,s0,72
    bf800654:	2ad000ef          	jal	bf801100 <xTaskRemoveFromEventList>
    bf800658:	fc050ae3          	beqz	a0,bf80062c <xQueueGenericSend+0x4c>
                                queueYIELD_IF_USING_PREEMPTION();
    bf80065c:	08000513          	li	a0,128
    bf800660:	615010ef          	jal	bf802474 <sbi_send_ipi>
    bf800664:	fc9ff06f          	j	bf80062c <xQueueGenericSend+0x4c>
                            queueYIELD_IF_USING_PREEMPTION();
    bf800668:	08000513          	li	a0,128
    bf80066c:	609010ef          	jal	bf802474 <sbi_send_ipi>
    bf800670:	fbdff06f          	j	bf80062c <xQueueGenericSend+0x4c>
                    taskEXIT_CRITICAL();
    bf800674:	4c5000ef          	jal	bf801338 <vTaskExitCritical>
                    return errQUEUE_FULL;
    bf800678:	00000513          	li	a0,0
    bf80067c:	fb9ff06f          	j	bf800634 <xQueueGenericSend+0x54>
                    vTaskInternalSetTimeOutState( &xTimeOut );
    bf800680:	01010513          	add	a0,sp,16
    bf800684:	345000ef          	jal	bf8011c8 <vTaskInternalSetTimeOutState>
                    xEntryTimeSet = pdTRUE;
    bf800688:	00100913          	li	s2,1
    bf80068c:	0440006f          	j	bf8006d0 <xQueueGenericSend+0xf0>
        prvLockQueue( pxQueue );
    bf800690:	08040423          	sb	zero,136(s0)
    bf800694:	05c0006f          	j	bf8006f0 <xQueueGenericSend+0x110>
    bf800698:	080404a3          	sb	zero,137(s0)
    bf80069c:	0680006f          	j	bf800704 <xQueueGenericSend+0x124>
                prvUnlockQueue( pxQueue );
    bf8006a0:	00040513          	mv	a0,s0
    bf8006a4:	d0dff0ef          	jal	bf8003b0 <prvUnlockQueue>
                ( void ) xTaskResumeAll();
    bf8006a8:	7d9000ef          	jal	bf801680 <xTaskResumeAll>
        taskENTER_CRITICAL();
    bf8006ac:	45d000ef          	jal	bf801308 <vTaskEnterCritical>
            if( ( pxQueue->uxMessagesWaiting < pxQueue->uxLength ) || ( xCopyPosition == queueOVERWRITE ) )
    bf8006b0:	07043703          	ld	a4,112(s0)
    bf8006b4:	07843783          	ld	a5,120(s0)
    bf8006b8:	f4f76ce3          	bltu	a4,a5,bf800610 <xQueueGenericSend+0x30>
    bf8006bc:	00200793          	li	a5,2
    bf8006c0:	f4f488e3          	beq	s1,a5,bf800610 <xQueueGenericSend+0x30>
                if( xTicksToWait == ( TickType_t ) 0 )
    bf8006c4:	00813783          	ld	a5,8(sp)
    bf8006c8:	fa0786e3          	beqz	a5,bf800674 <xQueueGenericSend+0x94>
                else if( xEntryTimeSet == pdFALSE )
    bf8006cc:	fa090ae3          	beqz	s2,bf800680 <xQueueGenericSend+0xa0>
        taskEXIT_CRITICAL();
    bf8006d0:	469000ef          	jal	bf801338 <vTaskExitCritical>
        vTaskSuspendAll();
    bf8006d4:	6e8000ef          	jal	bf800dbc <vTaskSuspendAll>
        prvLockQueue( pxQueue );
    bf8006d8:	431000ef          	jal	bf801308 <vTaskEnterCritical>
    bf8006dc:	08844783          	lbu	a5,136(s0)
    bf8006e0:	0187979b          	sllw	a5,a5,0x18
    bf8006e4:	4187d79b          	sraw	a5,a5,0x18
    bf8006e8:	fff00713          	li	a4,-1
    bf8006ec:	fae782e3          	beq	a5,a4,bf800690 <xQueueGenericSend+0xb0>
    bf8006f0:	08944783          	lbu	a5,137(s0)
    bf8006f4:	0187979b          	sllw	a5,a5,0x18
    bf8006f8:	4187d79b          	sraw	a5,a5,0x18
    bf8006fc:	fff00713          	li	a4,-1
    bf800700:	f8e78ce3          	beq	a5,a4,bf800698 <xQueueGenericSend+0xb8>
    bf800704:	435000ef          	jal	bf801338 <vTaskExitCritical>
        if( xTaskCheckForTimeOut( &xTimeOut, &xTicksToWait ) == pdFALSE )
    bf800708:	00810593          	add	a1,sp,8
    bf80070c:	01010513          	add	a0,sp,16
    bf800710:	0fc010ef          	jal	bf80180c <xTaskCheckForTimeOut>
    bf800714:	02051c63          	bnez	a0,bf80074c <xQueueGenericSend+0x16c>
            if( prvIsQueueFull( pxQueue ) != pdFALSE )
    bf800718:	00040513          	mv	a0,s0
    bf80071c:	acdff0ef          	jal	bf8001e8 <prvIsQueueFull>
    bf800720:	f80500e3          	beqz	a0,bf8006a0 <xQueueGenericSend+0xc0>
                vTaskPlaceOnEventList( &( pxQueue->xTasksWaitingToSend ), xTicksToWait );
    bf800724:	00813583          	ld	a1,8(sp)
    bf800728:	02040513          	add	a0,s0,32
    bf80072c:	149000ef          	jal	bf801074 <vTaskPlaceOnEventList>
                prvUnlockQueue( pxQueue );
    bf800730:	00040513          	mv	a0,s0
    bf800734:	c7dff0ef          	jal	bf8003b0 <prvUnlockQueue>
                if( xTaskResumeAll() == pdFALSE )
    bf800738:	749000ef          	jal	bf801680 <xTaskResumeAll>
    bf80073c:	f60518e3          	bnez	a0,bf8006ac <xQueueGenericSend+0xcc>
                    portYIELD_WITHIN_API();
    bf800740:	08000513          	li	a0,128
    bf800744:	531010ef          	jal	bf802474 <sbi_send_ipi>
    bf800748:	f65ff06f          	j	bf8006ac <xQueueGenericSend+0xcc>
            prvUnlockQueue( pxQueue );
    bf80074c:	00040513          	mv	a0,s0
    bf800750:	c61ff0ef          	jal	bf8003b0 <prvUnlockQueue>
            ( void ) xTaskResumeAll();
    bf800754:	72d000ef          	jal	bf801680 <xTaskResumeAll>
            return errQUEUE_FULL;
    bf800758:	00000513          	li	a0,0
    bf80075c:	ed9ff06f          	j	bf800634 <xQueueGenericSend+0x54>

00000000bf800760 <xQueueGenericSendFromISR>:
{
    bf800760:	fe010113          	add	sp,sp,-32
    bf800764:	00113c23          	sd	ra,24(sp)
    bf800768:	00813823          	sd	s0,16(sp)
    bf80076c:	00913423          	sd	s1,8(sp)
    bf800770:	01213023          	sd	s2,0(sp)
    bf800774:	00050413          	mv	s0,a0
    bf800778:	00060913          	mv	s2,a2
    bf80077c:	00068613          	mv	a2,a3
        if( ( pxQueue->uxMessagesWaiting < pxQueue->uxLength ) || ( xCopyPosition == queueOVERWRITE ) )
    bf800780:	07053703          	ld	a4,112(a0)
    bf800784:	07853783          	ld	a5,120(a0)
    bf800788:	02f76463          	bltu	a4,a5,bf8007b0 <xQueueGenericSendFromISR+0x50>
    bf80078c:	00200793          	li	a5,2
    bf800790:	02f68063          	beq	a3,a5,bf8007b0 <xQueueGenericSendFromISR+0x50>
            xReturn = errQUEUE_FULL;
    bf800794:	00000513          	li	a0,0
}
    bf800798:	01813083          	ld	ra,24(sp)
    bf80079c:	01013403          	ld	s0,16(sp)
    bf8007a0:	00813483          	ld	s1,8(sp)
    bf8007a4:	00013903          	ld	s2,0(sp)
    bf8007a8:	02010113          	add	sp,sp,32
    bf8007ac:	00008067          	ret
            const int8_t cTxLock = pxQueue->cTxLock;
    bf8007b0:	08944483          	lbu	s1,137(s0)
    bf8007b4:	0184949b          	sllw	s1,s1,0x18
    bf8007b8:	4184d49b          	sraw	s1,s1,0x18
            const UBaseType_t uxPreviousMessagesWaiting = pxQueue->uxMessagesWaiting;
    bf8007bc:	07043783          	ld	a5,112(s0)
            ( void ) prvCopyDataToQueue( pxQueue, pvItemToQueue, xCopyPosition );
    bf8007c0:	00040513          	mv	a0,s0
    bf8007c4:	aa9ff0ef          	jal	bf80026c <prvCopyDataToQueue>
            if( cTxLock == queueUNLOCKED )
    bf8007c8:	fff00793          	li	a5,-1
    bf8007cc:	00f48e63          	beq	s1,a5,bf8007e8 <xQueueGenericSendFromISR+0x88>
                pxQueue->cTxLock = ( int8_t ) ( cTxLock + 1 );
    bf8007d0:	0014849b          	addw	s1,s1,1
    bf8007d4:	0184949b          	sllw	s1,s1,0x18
    bf8007d8:	4184d49b          	sraw	s1,s1,0x18
    bf8007dc:	089404a3          	sb	s1,137(s0)
            xReturn = pdPASS;
    bf8007e0:	00100513          	li	a0,1
    bf8007e4:	fb5ff06f          	j	bf800798 <xQueueGenericSendFromISR+0x38>
                        if( listLIST_IS_EMPTY( &( pxQueue->xTasksWaitingToReceive ) ) == pdFALSE )
    bf8007e8:	04843783          	ld	a5,72(s0)
    bf8007ec:	00079663          	bnez	a5,bf8007f8 <xQueueGenericSendFromISR+0x98>
            xReturn = pdPASS;
    bf8007f0:	00100513          	li	a0,1
    bf8007f4:	fa5ff06f          	j	bf800798 <xQueueGenericSendFromISR+0x38>
                            if( xTaskRemoveFromEventList( &( pxQueue->xTasksWaitingToReceive ) ) != pdFALSE )
    bf8007f8:	04840513          	add	a0,s0,72
    bf8007fc:	105000ef          	jal	bf801100 <xTaskRemoveFromEventList>
    bf800800:	00050c63          	beqz	a0,bf800818 <xQueueGenericSendFromISR+0xb8>
                                if( pxHigherPriorityTaskWoken != NULL )
    bf800804:	00090e63          	beqz	s2,bf800820 <xQueueGenericSendFromISR+0xc0>
                                    *pxHigherPriorityTaskWoken = pdTRUE;
    bf800808:	00100793          	li	a5,1
    bf80080c:	00f93023          	sd	a5,0(s2)
            xReturn = pdPASS;
    bf800810:	00100513          	li	a0,1
    bf800814:	f85ff06f          	j	bf800798 <xQueueGenericSendFromISR+0x38>
    bf800818:	00100513          	li	a0,1
    bf80081c:	f7dff06f          	j	bf800798 <xQueueGenericSendFromISR+0x38>
    bf800820:	00100513          	li	a0,1
    return xReturn;
    bf800824:	f75ff06f          	j	bf800798 <xQueueGenericSendFromISR+0x38>

00000000bf800828 <xQueueReceive>:
{
    bf800828:	fb010113          	add	sp,sp,-80
    bf80082c:	04113423          	sd	ra,72(sp)
    bf800830:	04813023          	sd	s0,64(sp)
    bf800834:	02913c23          	sd	s1,56(sp)
    bf800838:	03213823          	sd	s2,48(sp)
    bf80083c:	03313423          	sd	s3,40(sp)
    bf800840:	00050413          	mv	s0,a0
    bf800844:	00058993          	mv	s3,a1
    bf800848:	00c13423          	sd	a2,8(sp)
    BaseType_t xEntryTimeSet = pdFALSE;
    bf80084c:	00000913          	li	s2,0
    bf800850:	0b00006f          	j	bf800900 <xQueueReceive+0xd8>
                prvCopyDataFromQueue( pxQueue, pvBuffer );
    bf800854:	00098593          	mv	a1,s3
    bf800858:	00040513          	mv	a0,s0
    bf80085c:	b09ff0ef          	jal	bf800364 <prvCopyDataFromQueue>
                pxQueue->uxMessagesWaiting = uxMessagesWaiting - ( UBaseType_t ) 1;
    bf800860:	fff48493          	add	s1,s1,-1
    bf800864:	06943823          	sd	s1,112(s0)
                if( listLIST_IS_EMPTY( &( pxQueue->xTasksWaitingToSend ) ) == pdFALSE )
    bf800868:	02043783          	ld	a5,32(s0)
    bf80086c:	02079463          	bnez	a5,bf800894 <xQueueReceive+0x6c>
                taskEXIT_CRITICAL();
    bf800870:	2c9000ef          	jal	bf801338 <vTaskExitCritical>
                return pdPASS;
    bf800874:	00100513          	li	a0,1
}
    bf800878:	04813083          	ld	ra,72(sp)
    bf80087c:	04013403          	ld	s0,64(sp)
    bf800880:	03813483          	ld	s1,56(sp)
    bf800884:	03013903          	ld	s2,48(sp)
    bf800888:	02813983          	ld	s3,40(sp)
    bf80088c:	05010113          	add	sp,sp,80
    bf800890:	00008067          	ret
                    if( xTaskRemoveFromEventList( &( pxQueue->xTasksWaitingToSend ) ) != pdFALSE )
    bf800894:	02040513          	add	a0,s0,32
    bf800898:	069000ef          	jal	bf801100 <xTaskRemoveFromEventList>
    bf80089c:	fc050ae3          	beqz	a0,bf800870 <xQueueReceive+0x48>
                        queueYIELD_IF_USING_PREEMPTION();
    bf8008a0:	08000513          	li	a0,128
    bf8008a4:	3d1010ef          	jal	bf802474 <sbi_send_ipi>
    bf8008a8:	fc9ff06f          	j	bf800870 <xQueueReceive+0x48>
                    taskEXIT_CRITICAL();
    bf8008ac:	28d000ef          	jal	bf801338 <vTaskExitCritical>
                    return errQUEUE_EMPTY;
    bf8008b0:	00000513          	li	a0,0
    bf8008b4:	fc5ff06f          	j	bf800878 <xQueueReceive+0x50>
                    vTaskInternalSetTimeOutState( &xTimeOut );
    bf8008b8:	01010513          	add	a0,sp,16
    bf8008bc:	10d000ef          	jal	bf8011c8 <vTaskInternalSetTimeOutState>
                    xEntryTimeSet = pdTRUE;
    bf8008c0:	00100913          	li	s2,1
    bf8008c4:	0540006f          	j	bf800918 <xQueueReceive+0xf0>
        prvLockQueue( pxQueue );
    bf8008c8:	08040423          	sb	zero,136(s0)
    bf8008cc:	06c0006f          	j	bf800938 <xQueueReceive+0x110>
    bf8008d0:	080404a3          	sb	zero,137(s0)
    bf8008d4:	0780006f          	j	bf80094c <xQueueReceive+0x124>
                prvUnlockQueue( pxQueue );
    bf8008d8:	00040513          	mv	a0,s0
    bf8008dc:	ad5ff0ef          	jal	bf8003b0 <prvUnlockQueue>
                ( void ) xTaskResumeAll();
    bf8008e0:	5a1000ef          	jal	bf801680 <xTaskResumeAll>
    bf8008e4:	01c0006f          	j	bf800900 <xQueueReceive+0xd8>
            prvUnlockQueue( pxQueue );
    bf8008e8:	00040513          	mv	a0,s0
    bf8008ec:	ac5ff0ef          	jal	bf8003b0 <prvUnlockQueue>
            ( void ) xTaskResumeAll();
    bf8008f0:	591000ef          	jal	bf801680 <xTaskResumeAll>
            if( prvIsQueueEmpty( pxQueue ) != pdFALSE )
    bf8008f4:	00040513          	mv	a0,s0
    bf8008f8:	935ff0ef          	jal	bf80022c <prvIsQueueEmpty>
    bf8008fc:	08051c63          	bnez	a0,bf800994 <xQueueReceive+0x16c>
        taskENTER_CRITICAL();
    bf800900:	209000ef          	jal	bf801308 <vTaskEnterCritical>
            const UBaseType_t uxMessagesWaiting = pxQueue->uxMessagesWaiting;
    bf800904:	07043483          	ld	s1,112(s0)
            if( uxMessagesWaiting > ( UBaseType_t ) 0 )
    bf800908:	f40496e3          	bnez	s1,bf800854 <xQueueReceive+0x2c>
                if( xTicksToWait == ( TickType_t ) 0 )
    bf80090c:	00813783          	ld	a5,8(sp)
    bf800910:	f8078ee3          	beqz	a5,bf8008ac <xQueueReceive+0x84>
                else if( xEntryTimeSet == pdFALSE )
    bf800914:	fa0902e3          	beqz	s2,bf8008b8 <xQueueReceive+0x90>
        taskEXIT_CRITICAL();
    bf800918:	221000ef          	jal	bf801338 <vTaskExitCritical>
        vTaskSuspendAll();
    bf80091c:	4a0000ef          	jal	bf800dbc <vTaskSuspendAll>
        prvLockQueue( pxQueue );
    bf800920:	1e9000ef          	jal	bf801308 <vTaskEnterCritical>
    bf800924:	08844783          	lbu	a5,136(s0)
    bf800928:	0187979b          	sllw	a5,a5,0x18
    bf80092c:	4187d79b          	sraw	a5,a5,0x18
    bf800930:	fff00713          	li	a4,-1
    bf800934:	f8e78ae3          	beq	a5,a4,bf8008c8 <xQueueReceive+0xa0>
    bf800938:	08944783          	lbu	a5,137(s0)
    bf80093c:	0187979b          	sllw	a5,a5,0x18
    bf800940:	4187d79b          	sraw	a5,a5,0x18
    bf800944:	fff00713          	li	a4,-1
    bf800948:	f8e784e3          	beq	a5,a4,bf8008d0 <xQueueReceive+0xa8>
    bf80094c:	1ed000ef          	jal	bf801338 <vTaskExitCritical>
        if( xTaskCheckForTimeOut( &xTimeOut, &xTicksToWait ) == pdFALSE )
    bf800950:	00810593          	add	a1,sp,8
    bf800954:	01010513          	add	a0,sp,16
    bf800958:	6b5000ef          	jal	bf80180c <xTaskCheckForTimeOut>
    bf80095c:	f80516e3          	bnez	a0,bf8008e8 <xQueueReceive+0xc0>
            if( prvIsQueueEmpty( pxQueue ) != pdFALSE )
    bf800960:	00040513          	mv	a0,s0
    bf800964:	8c9ff0ef          	jal	bf80022c <prvIsQueueEmpty>
    bf800968:	f60508e3          	beqz	a0,bf8008d8 <xQueueReceive+0xb0>
                vTaskPlaceOnEventList( &( pxQueue->xTasksWaitingToReceive ), xTicksToWait );
    bf80096c:	00813583          	ld	a1,8(sp)
    bf800970:	04840513          	add	a0,s0,72
    bf800974:	700000ef          	jal	bf801074 <vTaskPlaceOnEventList>
                prvUnlockQueue( pxQueue );
    bf800978:	00040513          	mv	a0,s0
    bf80097c:	a35ff0ef          	jal	bf8003b0 <prvUnlockQueue>
                if( xTaskResumeAll() == pdFALSE )
    bf800980:	501000ef          	jal	bf801680 <xTaskResumeAll>
    bf800984:	f6051ee3          	bnez	a0,bf800900 <xQueueReceive+0xd8>
                    portYIELD_WITHIN_API();
    bf800988:	08000513          	li	a0,128
    bf80098c:	2e9010ef          	jal	bf802474 <sbi_send_ipi>
    bf800990:	f71ff06f          	j	bf800900 <xQueueReceive+0xd8>
                return errQUEUE_EMPTY;
    bf800994:	00000513          	li	a0,0
    bf800998:	ee1ff06f          	j	bf800878 <xQueueReceive+0x50>

00000000bf80099c <vQueueAddToRegistry>:
    {
        UBaseType_t ux;

        /* See if there is an empty space in the registry.  A NULL name denotes
         * a free slot. */
        for( ux = ( UBaseType_t ) 0U; ux < ( UBaseType_t ) configQUEUE_REGISTRY_SIZE; ux++ )
    bf80099c:	00000793          	li	a5,0
    bf8009a0:	00700713          	li	a4,7
    bf8009a4:	02f76e63          	bltu	a4,a5,bf8009e0 <vQueueAddToRegistry+0x44>
        {
            if( xQueueRegistry[ ux ].pcQueueName == NULL )
    bf8009a8:	00479693          	sll	a3,a5,0x4
    bf8009ac:	000ff717          	auipc	a4,0xff
    bf8009b0:	74470713          	add	a4,a4,1860 # bf9000f0 <xQueueRegistry>
    bf8009b4:	00d70733          	add	a4,a4,a3
    bf8009b8:	00073703          	ld	a4,0(a4)
    bf8009bc:	00070663          	beqz	a4,bf8009c8 <vQueueAddToRegistry+0x2c>
        for( ux = ( UBaseType_t ) 0U; ux < ( UBaseType_t ) configQUEUE_REGISTRY_SIZE; ux++ )
    bf8009c0:	00178793          	add	a5,a5,1
    bf8009c4:	fddff06f          	j	bf8009a0 <vQueueAddToRegistry+0x4>
            {
                /* Store the information on this queue. */
                xQueueRegistry[ ux ].pcQueueName = pcQueueName;
    bf8009c8:	000ff717          	auipc	a4,0xff
    bf8009cc:	72870713          	add	a4,a4,1832 # bf9000f0 <xQueueRegistry>
    bf8009d0:	00d707b3          	add	a5,a4,a3
    bf8009d4:	00b7b023          	sd	a1,0(a5)
                xQueueRegistry[ ux ].xHandle = xQueue;
    bf8009d8:	00a7b423          	sd	a0,8(a5)

                traceQUEUE_REGISTRY_ADD( xQueue, pcQueueName );
                break;
    bf8009dc:	00008067          	ret
            else
            {
                mtCOVERAGE_TEST_MARKER();
            }
        }
    }
    bf8009e0:	00008067          	ret

00000000bf8009e4 <vQueueWaitForMessageRestricted>:
#if ( configUSE_TIMERS == 1 )

    void vQueueWaitForMessageRestricted( QueueHandle_t xQueue,
                                         TickType_t xTicksToWait,
                                         const BaseType_t xWaitIndefinitely )
    {
    bf8009e4:	fe010113          	add	sp,sp,-32
    bf8009e8:	00113c23          	sd	ra,24(sp)
    bf8009ec:	00813823          	sd	s0,16(sp)
    bf8009f0:	00913423          	sd	s1,8(sp)
    bf8009f4:	01213023          	sd	s2,0(sp)
    bf8009f8:	00050413          	mv	s0,a0
    bf8009fc:	00058493          	mv	s1,a1
    bf800a00:	00060913          	mv	s2,a2
         *  will not actually cause the task to block, just place it on a blocked
         *  list.  It will not block until the scheduler is unlocked - at which
         *  time a yield will be performed.  If an item is added to the queue while
         *  the queue is locked, and the calling task blocks on the queue, then the
         *  calling task will be immediately unblocked when the queue is unlocked. */
        prvLockQueue( pxQueue );
    bf800a04:	105000ef          	jal	bf801308 <vTaskEnterCritical>
    bf800a08:	08844783          	lbu	a5,136(s0)
    bf800a0c:	0187979b          	sllw	a5,a5,0x18
    bf800a10:	4187d79b          	sraw	a5,a5,0x18
    bf800a14:	fff00713          	li	a4,-1
    bf800a18:	04e78263          	beq	a5,a4,bf800a5c <vQueueWaitForMessageRestricted+0x78>
    bf800a1c:	08944783          	lbu	a5,137(s0)
    bf800a20:	0187979b          	sllw	a5,a5,0x18
    bf800a24:	4187d79b          	sraw	a5,a5,0x18
    bf800a28:	fff00713          	li	a4,-1
    bf800a2c:	02e78c63          	beq	a5,a4,bf800a64 <vQueueWaitForMessageRestricted+0x80>
    bf800a30:	109000ef          	jal	bf801338 <vTaskExitCritical>

        if( pxQueue->uxMessagesWaiting == ( UBaseType_t ) 0U )
    bf800a34:	07043783          	ld	a5,112(s0)
    bf800a38:	02078a63          	beqz	a5,bf800a6c <vQueueWaitForMessageRestricted+0x88>
        else
        {
            mtCOVERAGE_TEST_MARKER();
        }

        prvUnlockQueue( pxQueue );
    bf800a3c:	00040513          	mv	a0,s0
    bf800a40:	971ff0ef          	jal	bf8003b0 <prvUnlockQueue>
    }
    bf800a44:	01813083          	ld	ra,24(sp)
    bf800a48:	01013403          	ld	s0,16(sp)
    bf800a4c:	00813483          	ld	s1,8(sp)
    bf800a50:	00013903          	ld	s2,0(sp)
    bf800a54:	02010113          	add	sp,sp,32
    bf800a58:	00008067          	ret
        prvLockQueue( pxQueue );
    bf800a5c:	08040423          	sb	zero,136(s0)
    bf800a60:	fbdff06f          	j	bf800a1c <vQueueWaitForMessageRestricted+0x38>
    bf800a64:	080404a3          	sb	zero,137(s0)
    bf800a68:	fc9ff06f          	j	bf800a30 <vQueueWaitForMessageRestricted+0x4c>
            vTaskPlaceOnEventListRestricted( &( pxQueue->xTasksWaitingToReceive ), xTicksToWait, xWaitIndefinitely );
    bf800a6c:	00090613          	mv	a2,s2
    bf800a70:	00048593          	mv	a1,s1
    bf800a74:	04840513          	add	a0,s0,72
    bf800a78:	638000ef          	jal	bf8010b0 <vTaskPlaceOnEventListRestricted>
    bf800a7c:	fc1ff06f          	j	bf800a3c <vQueueWaitForMessageRestricted+0x58>

00000000bf800a80 <prvResetNextTaskUnblockTime>:
#endif /* INCLUDE_vTaskDelete */
/*-----------------------------------------------------------*/

static void prvResetNextTaskUnblockTime( void )
{
    if( listLIST_IS_EMPTY( pxDelayedTaskList ) != pdFALSE )
    bf800a80:	000ff797          	auipc	a5,0xff
    bf800a84:	5f87b783          	ld	a5,1528(a5) # bf900078 <pxDelayedTaskList>
    bf800a88:	0007b783          	ld	a5,0(a5)
    bf800a8c:	00079a63          	bnez	a5,bf800aa0 <prvResetNextTaskUnblockTime+0x20>
    {
        /* The new current delayed list is empty.  Set xNextTaskUnblockTime to
         * the maximum possible value so it is  extremely unlikely that the
         * if( xTickCount >= xNextTaskUnblockTime ) test will pass until
         * there is an item in the delayed list. */
        xNextTaskUnblockTime = portMAX_DELAY;
    bf800a90:	fff00793          	li	a5,-1
    bf800a94:	000ff717          	auipc	a4,0xff
    bf800a98:	58f73623          	sd	a5,1420(a4) # bf900020 <xNextTaskUnblockTime>
    bf800a9c:	00008067          	ret
    {
        /* The new current delayed list is not empty, get the value of
         * the item at the head of the delayed list.  This is the time at
         * which the task at the head of the delayed list should be removed
         * from the Blocked state. */
        xNextTaskUnblockTime = listGET_ITEM_VALUE_OF_HEAD_ENTRY( pxDelayedTaskList );
    bf800aa0:	000ff797          	auipc	a5,0xff
    bf800aa4:	5d87b783          	ld	a5,1496(a5) # bf900078 <pxDelayedTaskList>
    bf800aa8:	0187b783          	ld	a5,24(a5)
    bf800aac:	0007b783          	ld	a5,0(a5)
    bf800ab0:	000ff717          	auipc	a4,0xff
    bf800ab4:	56f73823          	sd	a5,1392(a4) # bf900020 <xNextTaskUnblockTime>
    }
}
    bf800ab8:	00008067          	ret

00000000bf800abc <prvDeleteTCB>:
    {
    bf800abc:	ff010113          	add	sp,sp,-16
    bf800ac0:	00113423          	sd	ra,8(sp)
    bf800ac4:	00813023          	sd	s0,0(sp)
    bf800ac8:	00050413          	mv	s0,a0
                vPortFree( pxTCB->pxStack );
    bf800acc:	06053503          	ld	a0,96(a0)
    bf800ad0:	770010ef          	jal	bf802240 <vPortFree>
                vPortFree( pxTCB );
    bf800ad4:	00040513          	mv	a0,s0
    bf800ad8:	768010ef          	jal	bf802240 <vPortFree>
    }
    bf800adc:	00813083          	ld	ra,8(sp)
    bf800ae0:	00013403          	ld	s0,0(sp)
    bf800ae4:	01010113          	add	sp,sp,16
    bf800ae8:	00008067          	ret

00000000bf800aec <prvInitialiseNewTask>:
{
    bf800aec:	fc010113          	add	sp,sp,-64
    bf800af0:	02113c23          	sd	ra,56(sp)
    bf800af4:	02813823          	sd	s0,48(sp)
    bf800af8:	02913423          	sd	s1,40(sp)
    bf800afc:	03213023          	sd	s2,32(sp)
    bf800b00:	01313c23          	sd	s3,24(sp)
    bf800b04:	01413823          	sd	s4,16(sp)
    bf800b08:	01513423          	sd	s5,8(sp)
    bf800b0c:	01613023          	sd	s6,0(sp)
    bf800b10:	00050a93          	mv	s5,a0
    bf800b14:	00058493          	mv	s1,a1
    bf800b18:	00060913          	mv	s2,a2
    bf800b1c:	00068b13          	mv	s6,a3
    bf800b20:	00070993          	mv	s3,a4
    bf800b24:	00078a13          	mv	s4,a5
    bf800b28:	00080413          	mv	s0,a6
            ( void ) memset( pxNewTCB->pxStack, ( int ) tskSTACK_FILL_BYTE, ( size_t ) ulStackDepth * sizeof( StackType_t ) );
    bf800b2c:	02061793          	sll	a5,a2,0x20
    bf800b30:	01d7d613          	srl	a2,a5,0x1d
    bf800b34:	0a500593          	li	a1,165
    bf800b38:	06083503          	ld	a0,96(a6)
    bf800b3c:	2b6020ef          	jal	bf802df2 <memset>
            pxTopOfStack = &( pxNewTCB->pxStack[ ulStackDepth - ( uint32_t ) 1 ] );
    bf800b40:	06043783          	ld	a5,96(s0)
    bf800b44:	fff9091b          	addw	s2,s2,-1
    bf800b48:	02091713          	sll	a4,s2,0x20
    bf800b4c:	01d75913          	srl	s2,a4,0x1d
    bf800b50:	01278933          	add	s2,a5,s2
            pxTopOfStack = ( StackType_t * ) ( ( ( portPOINTER_SIZE_TYPE ) pxTopOfStack ) & ( ~( ( portPOINTER_SIZE_TYPE ) portBYTE_ALIGNMENT_MASK ) ) ); /*lint !e923 !e9033 !e9078 MISRA exception.  Avoiding casts between pointers and integers is not practical.  Size differences accounted for using portPOINTER_SIZE_TYPE type.  Checked by assert(). */
    bf800b54:	ff097913          	and	s2,s2,-16
    if( pcName != NULL )
    bf800b58:	0c048663          	beqz	s1,bf800c24 <prvInitialiseNewTask+0x138>
        for( x = ( UBaseType_t ) 0; x < ( UBaseType_t ) configMAX_TASK_NAME_LEN; x++ )
    bf800b5c:	00000893          	li	a7,0
    bf800b60:	00f00813          	li	a6,15
    bf800b64:	03186063          	bltu	a6,a7,bf800b84 <prvInitialiseNewTask+0x98>
            pxNewTCB->pcTaskName[ x ] = pcName[ x ];
    bf800b68:	01148833          	add	a6,s1,a7
    bf800b6c:	00080803          	lb	a6,0(a6)
    bf800b70:	01140333          	add	t1,s0,a7
    bf800b74:	07030423          	sb	a6,104(t1)
            if( pcName[ x ] == ( char ) 0x00 )
    bf800b78:	00080663          	beqz	a6,bf800b84 <prvInitialiseNewTask+0x98>
        for( x = ( UBaseType_t ) 0; x < ( UBaseType_t ) configMAX_TASK_NAME_LEN; x++ )
    bf800b7c:	00188893          	add	a7,a7,1
    bf800b80:	fe1ff06f          	j	bf800b60 <prvInitialiseNewTask+0x74>
        pxNewTCB->pcTaskName[ configMAX_TASK_NAME_LEN - 1 ] = '\0';
    bf800b84:	06040ba3          	sb	zero,119(s0)
    if( uxPriority >= ( UBaseType_t ) configMAX_PRIORITIES )
    bf800b88:	00600793          	li	a5,6
    bf800b8c:	0137f463          	bgeu	a5,s3,bf800b94 <prvInitialiseNewTask+0xa8>
        uxPriority = ( UBaseType_t ) configMAX_PRIORITIES - ( UBaseType_t ) 1U;
    bf800b90:	00600993          	li	s3,6
    pxNewTCB->uxPriority = uxPriority;
    bf800b94:	05343c23          	sd	s3,88(s0)
            pxNewTCB->uxBasePriority = uxPriority;
    bf800b98:	09343823          	sd	s3,144(s0)
            pxNewTCB->uxMutexesHeld = 0;
    bf800b9c:	08043c23          	sd	zero,152(s0)
    vListInitialiseItem( &( pxNewTCB->xStateListItem ) );
    bf800ba0:	00840513          	add	a0,s0,8
    bf800ba4:	d7cff0ef          	jal	bf800120 <vListInitialiseItem>
    vListInitialiseItem( &( pxNewTCB->xEventListItem ) );
    bf800ba8:	03040513          	add	a0,s0,48
    bf800bac:	d74ff0ef          	jal	bf800120 <vListInitialiseItem>
    listSET_LIST_ITEM_OWNER( &( pxNewTCB->xStateListItem ), pxNewTCB );
    bf800bb0:	02843023          	sd	s0,32(s0)
    listSET_LIST_ITEM_VALUE( &( pxNewTCB->xEventListItem ), ( TickType_t ) configMAX_PRIORITIES - ( TickType_t ) uxPriority ); /*lint !e961 MISRA exception as the casts are only redundant for some ports. */
    bf800bb4:	00700793          	li	a5,7
    bf800bb8:	413787b3          	sub	a5,a5,s3
    bf800bbc:	02f43823          	sd	a5,48(s0)
    listSET_LIST_ITEM_OWNER( &( pxNewTCB->xEventListItem ), pxNewTCB );
    bf800bc0:	04843423          	sd	s0,72(s0)
            pxNewTCB->uxCriticalNesting = ( UBaseType_t ) 0U;
    bf800bc4:	06043c23          	sd	zero,120(s0)
            memset( ( void * ) &( pxNewTCB->ulNotifiedValue[ 0 ] ), 0x00, sizeof( pxNewTCB->ulNotifiedValue ) );
    bf800bc8:	0a040023          	sb	zero,160(s0)
    bf800bcc:	0a0400a3          	sb	zero,161(s0)
    bf800bd0:	0a040123          	sb	zero,162(s0)
    bf800bd4:	0a0401a3          	sb	zero,163(s0)
            memset( ( void * ) &( pxNewTCB->ucNotifyState[ 0 ] ), 0x00, sizeof( pxNewTCB->ucNotifyState ) );
    bf800bd8:	0a040223          	sb	zero,164(s0)
            pxNewTCB->ucDelayAborted = pdFALSE;
    bf800bdc:	0a0402a3          	sb	zero,165(s0)
                    pxNewTCB->pxTopOfStack = pxPortInitialiseStack( pxTopOfStack, pxTaskCode, pvParameters );
    bf800be0:	000b0613          	mv	a2,s6
    bf800be4:	000a8593          	mv	a1,s5
    bf800be8:	00090513          	mv	a0,s2
    bf800bec:	014020ef          	jal	bf802c00 <pxPortInitialiseStack>
    bf800bf0:	00a43023          	sd	a0,0(s0)
    if( pxCreatedTask != NULL )
    bf800bf4:	000a0463          	beqz	s4,bf800bfc <prvInitialiseNewTask+0x110>
        *pxCreatedTask = ( TaskHandle_t ) pxNewTCB;
    bf800bf8:	008a3023          	sd	s0,0(s4)
}
    bf800bfc:	03813083          	ld	ra,56(sp)
    bf800c00:	03013403          	ld	s0,48(sp)
    bf800c04:	02813483          	ld	s1,40(sp)
    bf800c08:	02013903          	ld	s2,32(sp)
    bf800c0c:	01813983          	ld	s3,24(sp)
    bf800c10:	01013a03          	ld	s4,16(sp)
    bf800c14:	00813a83          	ld	s5,8(sp)
    bf800c18:	00013b03          	ld	s6,0(sp)
    bf800c1c:	04010113          	add	sp,sp,64
    bf800c20:	00008067          	ret
        pxNewTCB->pcTaskName[ 0 ] = 0x00;
    bf800c24:	06040423          	sb	zero,104(s0)
    bf800c28:	f61ff06f          	j	bf800b88 <prvInitialiseNewTask+0x9c>

00000000bf800c2c <prvInitialiseTaskLists>:
{
    bf800c2c:	ff010113          	add	sp,sp,-16
    bf800c30:	00113423          	sd	ra,8(sp)
    bf800c34:	00813023          	sd	s0,0(sp)
    for( uxPriority = ( UBaseType_t ) 0U; uxPriority < ( UBaseType_t ) configMAX_PRIORITIES; uxPriority++ )
    bf800c38:	00000413          	li	s0,0
    bf800c3c:	0200006f          	j	bf800c5c <prvInitialiseTaskLists+0x30>
        vListInitialise( &( pxReadyTasksLists[ uxPriority ] ) );
    bf800c40:	00241793          	sll	a5,s0,0x2
    bf800c44:	008787b3          	add	a5,a5,s0
    bf800c48:	00379713          	sll	a4,a5,0x3
    bf800c4c:	a3818513          	add	a0,gp,-1480 # bf900238 <pxReadyTasksLists>
    bf800c50:	00e50533          	add	a0,a0,a4
    bf800c54:	cacff0ef          	jal	bf800100 <vListInitialise>
    for( uxPriority = ( UBaseType_t ) 0U; uxPriority < ( UBaseType_t ) configMAX_PRIORITIES; uxPriority++ )
    bf800c58:	00140413          	add	s0,s0,1
    bf800c5c:	00600793          	li	a5,6
    bf800c60:	fe87f0e3          	bgeu	a5,s0,bf800c40 <prvInitialiseTaskLists+0x14>
    vListInitialise( &xDelayedTaskList1 );
    bf800c64:	a1018513          	add	a0,gp,-1520 # bf900210 <xDelayedTaskList1>
    bf800c68:	c98ff0ef          	jal	bf800100 <vListInitialise>
    vListInitialise( &xDelayedTaskList2 );
    bf800c6c:	9e818513          	add	a0,gp,-1560 # bf9001e8 <xDelayedTaskList2>
    bf800c70:	c90ff0ef          	jal	bf800100 <vListInitialise>
    vListInitialise( &xPendingReadyList );
    bf800c74:	9c018513          	add	a0,gp,-1600 # bf9001c0 <xPendingReadyList>
    bf800c78:	c88ff0ef          	jal	bf800100 <vListInitialise>
            vListInitialise( &xTasksWaitingTermination );
    bf800c7c:	99818513          	add	a0,gp,-1640 # bf900198 <xTasksWaitingTermination>
    bf800c80:	c80ff0ef          	jal	bf800100 <vListInitialise>
            vListInitialise( &xSuspendedTaskList );
    bf800c84:	97018513          	add	a0,gp,-1680 # bf900170 <xSuspendedTaskList>
    bf800c88:	c78ff0ef          	jal	bf800100 <vListInitialise>
    pxDelayedTaskList = &xDelayedTaskList1;
    bf800c8c:	a1018793          	add	a5,gp,-1520 # bf900210 <xDelayedTaskList1>
    bf800c90:	000ff717          	auipc	a4,0xff
    bf800c94:	3ef73423          	sd	a5,1000(a4) # bf900078 <pxDelayedTaskList>
    pxOverflowDelayedTaskList = &xDelayedTaskList2;
    bf800c98:	9e818793          	add	a5,gp,-1560 # bf9001e8 <xDelayedTaskList2>
    bf800c9c:	000ff717          	auipc	a4,0xff
    bf800ca0:	3cf73a23          	sd	a5,980(a4) # bf900070 <pxOverflowDelayedTaskList>
}
    bf800ca4:	00813083          	ld	ra,8(sp)
    bf800ca8:	00013403          	ld	s0,0(sp)
    bf800cac:	01010113          	add	sp,sp,16
    bf800cb0:	00008067          	ret

00000000bf800cb4 <prvAddCurrentTaskToDelayedList>:
#endif
/*-----------------------------------------------------------*/

static void prvAddCurrentTaskToDelayedList( TickType_t xTicksToWait,
                                            const BaseType_t xCanBlockIndefinitely )
{
    bf800cb4:	fe010113          	add	sp,sp,-32
    bf800cb8:	00113c23          	sd	ra,24(sp)
    bf800cbc:	00813823          	sd	s0,16(sp)
    bf800cc0:	00913423          	sd	s1,8(sp)
    bf800cc4:	01213023          	sd	s2,0(sp)
    bf800cc8:	00050413          	mv	s0,a0
    bf800ccc:	00058493          	mv	s1,a1
    TickType_t xTimeToWake;
    const TickType_t xConstTickCount = xTickCount;
    bf800cd0:	000ff917          	auipc	s2,0xff
    bf800cd4:	38893903          	ld	s2,904(s2) # bf900058 <xTickCount>
    #if ( INCLUDE_xTaskAbortDelay == 1 )
        {
            /* About to enter a delayed list, so ensure the ucDelayAborted flag is
             * reset to pdFALSE so it can be detected as having been set to pdTRUE
             * when the task leaves the Blocked state. */
            pxCurrentTCB->ucDelayAborted = pdFALSE;
    bf800cd8:	000ff797          	auipc	a5,0xff
    bf800cdc:	3a878793          	add	a5,a5,936 # bf900080 <pxCurrentTCB>
    bf800ce0:	0007b703          	ld	a4,0(a5)
    bf800ce4:	0a0702a3          	sb	zero,165(a4)
        }
    #endif

    /* Remove the task from the ready list before adding it to the blocked list
     * as the same list item is used for both lists. */
    if( uxListRemove( &( pxCurrentTCB->xStateListItem ) ) == ( UBaseType_t ) 0 )
    bf800ce8:	0007b503          	ld	a0,0(a5)
    bf800cec:	00850513          	add	a0,a0,8
    bf800cf0:	cb4ff0ef          	jal	bf8001a4 <uxListRemove>
    bf800cf4:	02051863          	bnez	a0,bf800d24 <prvAddCurrentTaskToDelayedList+0x70>
    {
        /* The current task must be in a ready list, so there is no need to
         * check, and the port reset macro can be called directly. */
        portRESET_READY_PRIORITY( pxCurrentTCB->uxPriority, uxTopReadyPriority ); /*lint !e931 pxCurrentTCB cannot change as it is the calling task.  pxCurrentTCB->uxPriority and uxTopReadyPriority cannot change as called with scheduler suspended or in a critical section. */
    bf800cf8:	000ff797          	auipc	a5,0xff
    bf800cfc:	3887b783          	ld	a5,904(a5) # bf900080 <pxCurrentTCB>
    bf800d00:	0587b703          	ld	a4,88(a5)
    bf800d04:	00100793          	li	a5,1
    bf800d08:	00e797b3          	sll	a5,a5,a4
    bf800d0c:	fff7c793          	not	a5,a5
    bf800d10:	000ff697          	auipc	a3,0xff
    bf800d14:	34068693          	add	a3,a3,832 # bf900050 <uxTopReadyPriority>
    bf800d18:	0006b703          	ld	a4,0(a3)
    bf800d1c:	00f777b3          	and	a5,a4,a5
    bf800d20:	00f6b023          	sd	a5,0(a3)
        mtCOVERAGE_TEST_MARKER();
    }

    #if ( INCLUDE_vTaskSuspend == 1 )
        {
            if( ( xTicksToWait == portMAX_DELAY ) && ( xCanBlockIndefinitely != pdFALSE ) )
    bf800d24:	fff00793          	li	a5,-1
    bf800d28:	04f40463          	beq	s0,a5,bf800d70 <prvAddCurrentTaskToDelayedList+0xbc>
            else
            {
                /* Calculate the time at which the task should be woken if the event
                 * does not occur.  This may overflow but this doesn't matter, the
                 * kernel will manage it correctly. */
                xTimeToWake = xConstTickCount + xTicksToWait;
    bf800d2c:	00890433          	add	s0,s2,s0

                /* The list item will be inserted in wake time order. */
                listSET_LIST_ITEM_VALUE( &( pxCurrentTCB->xStateListItem ), xTimeToWake );
    bf800d30:	000ff797          	auipc	a5,0xff
    bf800d34:	3507b783          	ld	a5,848(a5) # bf900080 <pxCurrentTCB>
    bf800d38:	0087b423          	sd	s0,8(a5)

                if( xTimeToWake < xConstTickCount )
    bf800d3c:	05247863          	bgeu	s0,s2,bf800d8c <prvAddCurrentTaskToDelayedList+0xd8>
                {
                    /* Wake time has overflowed.  Place this item in the overflow
                     * list. */
                    vListInsert( pxOverflowDelayedTaskList, &( pxCurrentTCB->xStateListItem ) );
    bf800d40:	000ff517          	auipc	a0,0xff
    bf800d44:	33053503          	ld	a0,816(a0) # bf900070 <pxOverflowDelayedTaskList>
    bf800d48:	000ff597          	auipc	a1,0xff
    bf800d4c:	3385b583          	ld	a1,824(a1) # bf900080 <pxCurrentTCB>
    bf800d50:	00858593          	add	a1,a1,8
    bf800d54:	c00ff0ef          	jal	bf800154 <vListInsert>

            /* Avoid compiler warning when INCLUDE_vTaskSuspend is not 1. */
            ( void ) xCanBlockIndefinitely;
        }
    #endif /* INCLUDE_vTaskSuspend */
}
    bf800d58:	01813083          	ld	ra,24(sp)
    bf800d5c:	01013403          	ld	s0,16(sp)
    bf800d60:	00813483          	ld	s1,8(sp)
    bf800d64:	00013903          	ld	s2,0(sp)
    bf800d68:	02010113          	add	sp,sp,32
    bf800d6c:	00008067          	ret
            if( ( xTicksToWait == portMAX_DELAY ) && ( xCanBlockIndefinitely != pdFALSE ) )
    bf800d70:	fa048ee3          	beqz	s1,bf800d2c <prvAddCurrentTaskToDelayedList+0x78>
                vListInsertEnd( &xSuspendedTaskList, &( pxCurrentTCB->xStateListItem ) );
    bf800d74:	000ff597          	auipc	a1,0xff
    bf800d78:	30c5b583          	ld	a1,780(a1) # bf900080 <pxCurrentTCB>
    bf800d7c:	00858593          	add	a1,a1,8
    bf800d80:	97018513          	add	a0,gp,-1680 # bf900170 <xSuspendedTaskList>
    bf800d84:	ba4ff0ef          	jal	bf800128 <vListInsertEnd>
    bf800d88:	fd1ff06f          	j	bf800d58 <prvAddCurrentTaskToDelayedList+0xa4>
                    vListInsert( pxDelayedTaskList, &( pxCurrentTCB->xStateListItem ) );
    bf800d8c:	000ff517          	auipc	a0,0xff
    bf800d90:	2ec53503          	ld	a0,748(a0) # bf900078 <pxDelayedTaskList>
    bf800d94:	000ff597          	auipc	a1,0xff
    bf800d98:	2ec5b583          	ld	a1,748(a1) # bf900080 <pxCurrentTCB>
    bf800d9c:	00858593          	add	a1,a1,8
    bf800da0:	bb4ff0ef          	jal	bf800154 <vListInsert>
                    if( xTimeToWake < xNextTaskUnblockTime )
    bf800da4:	000ff797          	auipc	a5,0xff
    bf800da8:	27c7b783          	ld	a5,636(a5) # bf900020 <xNextTaskUnblockTime>
    bf800dac:	faf476e3          	bgeu	s0,a5,bf800d58 <prvAddCurrentTaskToDelayedList+0xa4>
                        xNextTaskUnblockTime = xTimeToWake;
    bf800db0:	000ff797          	auipc	a5,0xff
    bf800db4:	2687b823          	sd	s0,624(a5) # bf900020 <xNextTaskUnblockTime>
}
    bf800db8:	fa1ff06f          	j	bf800d58 <prvAddCurrentTaskToDelayedList+0xa4>

00000000bf800dbc <vTaskSuspendAll>:
    ++uxSchedulerSuspended;
    bf800dbc:	000ff717          	auipc	a4,0xff
    bf800dc0:	25470713          	add	a4,a4,596 # bf900010 <uxSchedulerSuspended>
    bf800dc4:	00073783          	ld	a5,0(a4)
    bf800dc8:	00178793          	add	a5,a5,1
    bf800dcc:	00f73023          	sd	a5,0(a4)
}
    bf800dd0:	00008067          	ret

00000000bf800dd4 <xTaskGetTickCount>:
}
    bf800dd4:	000ff517          	auipc	a0,0xff
    bf800dd8:	28453503          	ld	a0,644(a0) # bf900058 <xTickCount>
    bf800ddc:	00008067          	ret

00000000bf800de0 <xTaskIncrementTick>:
{
    bf800de0:	fd010113          	add	sp,sp,-48
    bf800de4:	02113423          	sd	ra,40(sp)
    bf800de8:	02813023          	sd	s0,32(sp)
    bf800dec:	00913c23          	sd	s1,24(sp)
    bf800df0:	01213823          	sd	s2,16(sp)
    bf800df4:	01313423          	sd	s3,8(sp)
    if( uxSchedulerSuspended == ( UBaseType_t ) pdFALSE )
    bf800df8:	000ff797          	auipc	a5,0xff
    bf800dfc:	2187b783          	ld	a5,536(a5) # bf900010 <uxSchedulerSuspended>
    bf800e00:	16079663          	bnez	a5,bf800f6c <xTaskIncrementTick+0x18c>
        const TickType_t xConstTickCount = xTickCount + ( TickType_t ) 1;
    bf800e04:	000ff797          	auipc	a5,0xff
    bf800e08:	25478793          	add	a5,a5,596 # bf900058 <xTickCount>
    bf800e0c:	0007b903          	ld	s2,0(a5)
    bf800e10:	00190913          	add	s2,s2,1
        xTickCount = xConstTickCount;
    bf800e14:	0127b023          	sd	s2,0(a5)
        if( xConstTickCount == ( TickType_t ) 0U ) /*lint !e774 'if' does not always evaluate to false as it is looking for an overflow. */
    bf800e18:	04090c63          	beqz	s2,bf800e70 <xTaskIncrementTick+0x90>
        if( xConstTickCount >= xNextTaskUnblockTime )
    bf800e1c:	000ff797          	auipc	a5,0xff
    bf800e20:	2047b783          	ld	a5,516(a5) # bf900020 <xNextTaskUnblockTime>
    bf800e24:	12f97263          	bgeu	s2,a5,bf800f48 <xTaskIncrementTick+0x168>
    BaseType_t xSwitchRequired = pdFALSE;
    bf800e28:	00000993          	li	s3,0
                if( listCURRENT_LIST_LENGTH( &( pxReadyTasksLists[ pxCurrentTCB->uxPriority ] ) ) > ( UBaseType_t ) 1 )
    bf800e2c:	000ff797          	auipc	a5,0xff
    bf800e30:	2547b783          	ld	a5,596(a5) # bf900080 <pxCurrentTCB>
    bf800e34:	0587b703          	ld	a4,88(a5)
    bf800e38:	00271793          	sll	a5,a4,0x2
    bf800e3c:	00e787b3          	add	a5,a5,a4
    bf800e40:	00379713          	sll	a4,a5,0x3
    bf800e44:	a3818793          	add	a5,gp,-1480 # bf900238 <pxReadyTasksLists>
    bf800e48:	00e787b3          	add	a5,a5,a4
    bf800e4c:	0007b703          	ld	a4,0(a5)
    bf800e50:	00100793          	li	a5,1
    bf800e54:	00e7f463          	bgeu	a5,a4,bf800e5c <xTaskIncrementTick+0x7c>
                    xSwitchRequired = pdTRUE;
    bf800e58:	00100993          	li	s3,1
                if( xYieldPending != pdFALSE )
    bf800e5c:	000ff797          	auipc	a5,0xff
    bf800e60:	1dc7b783          	ld	a5,476(a5) # bf900038 <xYieldPending>
    bf800e64:	12078063          	beqz	a5,bf800f84 <xTaskIncrementTick+0x1a4>
                    xSwitchRequired = pdTRUE;
    bf800e68:	00100993          	li	s3,1
    return xSwitchRequired;
    bf800e6c:	1180006f          	j	bf800f84 <xTaskIncrementTick+0x1a4>
            taskSWITCH_DELAYED_LISTS();
    bf800e70:	000ff717          	auipc	a4,0xff
    bf800e74:	20870713          	add	a4,a4,520 # bf900078 <pxDelayedTaskList>
    bf800e78:	00073683          	ld	a3,0(a4)
    bf800e7c:	000ff797          	auipc	a5,0xff
    bf800e80:	1f478793          	add	a5,a5,500 # bf900070 <pxOverflowDelayedTaskList>
    bf800e84:	0007b603          	ld	a2,0(a5)
    bf800e88:	00c73023          	sd	a2,0(a4)
    bf800e8c:	00d7b023          	sd	a3,0(a5)
    bf800e90:	000ff717          	auipc	a4,0xff
    bf800e94:	1a070713          	add	a4,a4,416 # bf900030 <xNumOfOverflows>
    bf800e98:	00073783          	ld	a5,0(a4)
    bf800e9c:	00178793          	add	a5,a5,1
    bf800ea0:	00f73023          	sd	a5,0(a4)
    bf800ea4:	bddff0ef          	jal	bf800a80 <prvResetNextTaskUnblockTime>
    bf800ea8:	f75ff06f          	j	bf800e1c <xTaskIncrementTick+0x3c>
                                xSwitchRequired = pdTRUE;
    bf800eac:	00100993          	li	s3,1
                if( listLIST_IS_EMPTY( pxDelayedTaskList ) != pdFALSE )
    bf800eb0:	000ff797          	auipc	a5,0xff
    bf800eb4:	1c87b783          	ld	a5,456(a5) # bf900078 <pxDelayedTaskList>
    bf800eb8:	0007b783          	ld	a5,0(a5)
    bf800ebc:	08078a63          	beqz	a5,bf800f50 <xTaskIncrementTick+0x170>
                    pxTCB = listGET_OWNER_OF_HEAD_ENTRY( pxDelayedTaskList ); /*lint !e9079 void * is used as this macro is used with timers and co-routines too.  Alignment is known to be fine as the type of the pointer stored and retrieved is the same. */
    bf800ec0:	000ff797          	auipc	a5,0xff
    bf800ec4:	1b87b783          	ld	a5,440(a5) # bf900078 <pxDelayedTaskList>
    bf800ec8:	0187b783          	ld	a5,24(a5)
    bf800ecc:	0187b403          	ld	s0,24(a5)
                    xItemValue = listGET_LIST_ITEM_VALUE( &( pxTCB->xStateListItem ) );
    bf800ed0:	00843783          	ld	a5,8(s0)
                    if( xConstTickCount < xItemValue )
    bf800ed4:	08f96663          	bltu	s2,a5,bf800f60 <xTaskIncrementTick+0x180>
                    ( void ) uxListRemove( &( pxTCB->xStateListItem ) );
    bf800ed8:	00840493          	add	s1,s0,8
    bf800edc:	00048513          	mv	a0,s1
    bf800ee0:	ac4ff0ef          	jal	bf8001a4 <uxListRemove>
                    if( listLIST_ITEM_CONTAINER( &( pxTCB->xEventListItem ) ) != NULL )
    bf800ee4:	05043783          	ld	a5,80(s0)
    bf800ee8:	00078663          	beqz	a5,bf800ef4 <xTaskIncrementTick+0x114>
                        ( void ) uxListRemove( &( pxTCB->xEventListItem ) );
    bf800eec:	03040513          	add	a0,s0,48
    bf800ef0:	ab4ff0ef          	jal	bf8001a4 <uxListRemove>
                    prvAddTaskToReadyList( pxTCB );
    bf800ef4:	05843703          	ld	a4,88(s0)
    bf800ef8:	00100793          	li	a5,1
    bf800efc:	00e797b3          	sll	a5,a5,a4
    bf800f00:	000ff697          	auipc	a3,0xff
    bf800f04:	15068693          	add	a3,a3,336 # bf900050 <uxTopReadyPriority>
    bf800f08:	0006b603          	ld	a2,0(a3)
    bf800f0c:	00c7e7b3          	or	a5,a5,a2
    bf800f10:	00f6b023          	sd	a5,0(a3)
    bf800f14:	00271793          	sll	a5,a4,0x2
    bf800f18:	00e787b3          	add	a5,a5,a4
    bf800f1c:	00379713          	sll	a4,a5,0x3
    bf800f20:	00048593          	mv	a1,s1
    bf800f24:	a3818513          	add	a0,gp,-1480 # bf900238 <pxReadyTasksLists>
    bf800f28:	00e50533          	add	a0,a0,a4
    bf800f2c:	9fcff0ef          	jal	bf800128 <vListInsertEnd>
                            if( pxTCB->uxPriority >= pxCurrentTCB->uxPriority )
    bf800f30:	05843703          	ld	a4,88(s0)
    bf800f34:	000ff797          	auipc	a5,0xff
    bf800f38:	14c7b783          	ld	a5,332(a5) # bf900080 <pxCurrentTCB>
    bf800f3c:	0587b783          	ld	a5,88(a5)
    bf800f40:	f6f776e3          	bgeu	a4,a5,bf800eac <xTaskIncrementTick+0xcc>
    bf800f44:	f6dff06f          	j	bf800eb0 <xTaskIncrementTick+0xd0>
    BaseType_t xSwitchRequired = pdFALSE;
    bf800f48:	00000993          	li	s3,0
    bf800f4c:	f65ff06f          	j	bf800eb0 <xTaskIncrementTick+0xd0>
                    xNextTaskUnblockTime = portMAX_DELAY; /*lint !e961 MISRA exception as the casts are only redundant for some ports. */
    bf800f50:	fff00793          	li	a5,-1
    bf800f54:	000ff717          	auipc	a4,0xff
    bf800f58:	0cf73623          	sd	a5,204(a4) # bf900020 <xNextTaskUnblockTime>
                    break;
    bf800f5c:	ed1ff06f          	j	bf800e2c <xTaskIncrementTick+0x4c>
                        xNextTaskUnblockTime = xItemValue;
    bf800f60:	000ff717          	auipc	a4,0xff
    bf800f64:	0cf73023          	sd	a5,192(a4) # bf900020 <xNextTaskUnblockTime>
                        break; /*lint !e9011 Code structure here is deedmed easier to understand with multiple breaks. */
    bf800f68:	ec5ff06f          	j	bf800e2c <xTaskIncrementTick+0x4c>
        ++xPendedTicks;
    bf800f6c:	000ff717          	auipc	a4,0xff
    bf800f70:	0d470713          	add	a4,a4,212 # bf900040 <xPendedTicks>
    bf800f74:	00073783          	ld	a5,0(a4)
    bf800f78:	00178793          	add	a5,a5,1
    bf800f7c:	00f73023          	sd	a5,0(a4)
    BaseType_t xSwitchRequired = pdFALSE;
    bf800f80:	00000993          	li	s3,0
}
    bf800f84:	00098513          	mv	a0,s3
    bf800f88:	02813083          	ld	ra,40(sp)
    bf800f8c:	02013403          	ld	s0,32(sp)
    bf800f90:	01813483          	ld	s1,24(sp)
    bf800f94:	01013903          	ld	s2,16(sp)
    bf800f98:	00813983          	ld	s3,8(sp)
    bf800f9c:	03010113          	add	sp,sp,48
    bf800fa0:	00008067          	ret

00000000bf800fa4 <vTaskSwitchContext>:
    if( uxSchedulerSuspended != ( UBaseType_t ) pdFALSE )
    bf800fa4:	000ff797          	auipc	a5,0xff
    bf800fa8:	06c7b783          	ld	a5,108(a5) # bf900010 <uxSchedulerSuspended>
    bf800fac:	00078a63          	beqz	a5,bf800fc0 <vTaskSwitchContext+0x1c>
        xYieldPending = pdTRUE;
    bf800fb0:	00100793          	li	a5,1
    bf800fb4:	000ff717          	auipc	a4,0xff
    bf800fb8:	08f73223          	sd	a5,132(a4) # bf900038 <xYieldPending>
    bf800fbc:	00008067          	ret
        xYieldPending = pdFALSE;
    bf800fc0:	000ff797          	auipc	a5,0xff
    bf800fc4:	0607bc23          	sd	zero,120(a5) # bf900038 <xYieldPending>
        taskSELECT_HIGHEST_PRIORITY_TASK(); /*lint !e9079 void * is used as this macro is used with timers and co-routines too.  Alignment is known to be fine as the type of the pointer stored and retrieved is the same. */
    bf800fc8:	000ff797          	auipc	a5,0xff
    bf800fcc:	0887b783          	ld	a5,136(a5) # bf900050 <uxTopReadyPriority>
    bf800fd0:	0007879b          	sext.w	a5,a5

	/*-----------------------------------------------------------*/
	static inline uint32_t ucPortCountLeadingZeros(uint32_t x)
	{
		uint32_t numZeros;
		if (!x)
    bf800fd4:	08078263          	beqz	a5,bf801058 <vTaskSwitchContext+0xb4>
			return (sizeof(int) * 8);
		numZeros = 0;
    bf800fd8:	00000713          	li	a4,0
    bf800fdc:	00c0006f          	j	bf800fe8 <vTaskSwitchContext+0x44>
		while (!(x & 0x80000000)) {
			numZeros++;
    bf800fe0:	0017071b          	addw	a4,a4,1
			x <<= 1;
    bf800fe4:	0017979b          	sllw	a5,a5,0x1
		while (!(x & 0x80000000)) {
    bf800fe8:	fe07dce3          	bgez	a5,bf800fe0 <vTaskSwitchContext+0x3c>
    bf800fec:	02071713          	sll	a4,a4,0x20
    bf800ff0:	02075713          	srl	a4,a4,0x20
    bf800ff4:	01f00793          	li	a5,31
    bf800ff8:	40e787b3          	sub	a5,a5,a4
    bf800ffc:	a3818593          	add	a1,gp,-1480 # bf900238 <pxReadyTasksLists>
    bf801000:	00279693          	sll	a3,a5,0x2
    bf801004:	00f68633          	add	a2,a3,a5
    bf801008:	00361713          	sll	a4,a2,0x3
    bf80100c:	00e58733          	add	a4,a1,a4
    bf801010:	00873603          	ld	a2,8(a4)
    bf801014:	00863603          	ld	a2,8(a2)
    bf801018:	00c73423          	sd	a2,8(a4)
    bf80101c:	00f686b3          	add	a3,a3,a5
    bf801020:	00369713          	sll	a4,a3,0x3
    bf801024:	01070713          	add	a4,a4,16
    bf801028:	00b70733          	add	a4,a4,a1
    bf80102c:	02e60a63          	beq	a2,a4,bf801060 <vTaskSwitchContext+0xbc>
    bf801030:	00279713          	sll	a4,a5,0x2
    bf801034:	00f707b3          	add	a5,a4,a5
    bf801038:	00379713          	sll	a4,a5,0x3
    bf80103c:	a3818793          	add	a5,gp,-1480 # bf900238 <pxReadyTasksLists>
    bf801040:	00e787b3          	add	a5,a5,a4
    bf801044:	0087b783          	ld	a5,8(a5)
    bf801048:	0187b783          	ld	a5,24(a5)
    bf80104c:	000ff717          	auipc	a4,0xff
    bf801050:	02f73a23          	sd	a5,52(a4) # bf900080 <pxCurrentTCB>
}
    bf801054:	00008067          	ret
			return (sizeof(int) * 8);
    bf801058:	02000713          	li	a4,32
    bf80105c:	f91ff06f          	j	bf800fec <vTaskSwitchContext+0x48>
        taskSELECT_HIGHEST_PRIORITY_TASK(); /*lint !e9079 void * is used as this macro is used with timers and co-routines too.  Alignment is known to be fine as the type of the pointer stored and retrieved is the same. */
    bf801060:	00863603          	ld	a2,8(a2)
    bf801064:	00369693          	sll	a3,a3,0x3
    bf801068:	00d58733          	add	a4,a1,a3
    bf80106c:	00c73423          	sd	a2,8(a4)
    bf801070:	fc1ff06f          	j	bf801030 <vTaskSwitchContext+0x8c>

00000000bf801074 <vTaskPlaceOnEventList>:
{
    bf801074:	ff010113          	add	sp,sp,-16
    bf801078:	00113423          	sd	ra,8(sp)
    bf80107c:	00813023          	sd	s0,0(sp)
    bf801080:	00058413          	mv	s0,a1
    vListInsert( pxEventList, &( pxCurrentTCB->xEventListItem ) );
    bf801084:	000ff597          	auipc	a1,0xff
    bf801088:	ffc5b583          	ld	a1,-4(a1) # bf900080 <pxCurrentTCB>
    bf80108c:	03058593          	add	a1,a1,48
    bf801090:	8c4ff0ef          	jal	bf800154 <vListInsert>
    prvAddCurrentTaskToDelayedList( xTicksToWait, pdTRUE );
    bf801094:	00100593          	li	a1,1
    bf801098:	00040513          	mv	a0,s0
    bf80109c:	c19ff0ef          	jal	bf800cb4 <prvAddCurrentTaskToDelayedList>
}
    bf8010a0:	00813083          	ld	ra,8(sp)
    bf8010a4:	00013403          	ld	s0,0(sp)
    bf8010a8:	01010113          	add	sp,sp,16
    bf8010ac:	00008067          	ret

00000000bf8010b0 <vTaskPlaceOnEventListRestricted>:
    {
    bf8010b0:	fe010113          	add	sp,sp,-32
    bf8010b4:	00113c23          	sd	ra,24(sp)
    bf8010b8:	00813823          	sd	s0,16(sp)
    bf8010bc:	00913423          	sd	s1,8(sp)
    bf8010c0:	00058493          	mv	s1,a1
    bf8010c4:	00060413          	mv	s0,a2
        vListInsertEnd( pxEventList, &( pxCurrentTCB->xEventListItem ) );
    bf8010c8:	000ff597          	auipc	a1,0xff
    bf8010cc:	fb85b583          	ld	a1,-72(a1) # bf900080 <pxCurrentTCB>
    bf8010d0:	03058593          	add	a1,a1,48
    bf8010d4:	854ff0ef          	jal	bf800128 <vListInsertEnd>
        if( xWaitIndefinitely != pdFALSE )
    bf8010d8:	00040463          	beqz	s0,bf8010e0 <vTaskPlaceOnEventListRestricted+0x30>
            xTicksToWait = portMAX_DELAY;
    bf8010dc:	fff00493          	li	s1,-1
        prvAddCurrentTaskToDelayedList( xTicksToWait, xWaitIndefinitely );
    bf8010e0:	00040593          	mv	a1,s0
    bf8010e4:	00048513          	mv	a0,s1
    bf8010e8:	bcdff0ef          	jal	bf800cb4 <prvAddCurrentTaskToDelayedList>
    }
    bf8010ec:	01813083          	ld	ra,24(sp)
    bf8010f0:	01013403          	ld	s0,16(sp)
    bf8010f4:	00813483          	ld	s1,8(sp)
    bf8010f8:	02010113          	add	sp,sp,32
    bf8010fc:	00008067          	ret

00000000bf801100 <xTaskRemoveFromEventList>:
{
    bf801100:	fe010113          	add	sp,sp,-32
    bf801104:	00113c23          	sd	ra,24(sp)
    bf801108:	00813823          	sd	s0,16(sp)
    bf80110c:	00913423          	sd	s1,8(sp)
    pxUnblockedTCB = listGET_OWNER_OF_HEAD_ENTRY( pxEventList ); /*lint !e9079 void * is used as this macro is used with timers and co-routines too.  Alignment is known to be fine as the type of the pointer stored and retrieved is the same. */
    bf801110:	01853783          	ld	a5,24(a0)
    bf801114:	0187b403          	ld	s0,24(a5)
    ( void ) uxListRemove( &( pxUnblockedTCB->xEventListItem ) );
    bf801118:	03040493          	add	s1,s0,48
    bf80111c:	00048513          	mv	a0,s1
    bf801120:	884ff0ef          	jal	bf8001a4 <uxListRemove>
    if( uxSchedulerSuspended == ( UBaseType_t ) pdFALSE )
    bf801124:	000ff797          	auipc	a5,0xff
    bf801128:	eec7b783          	ld	a5,-276(a5) # bf900010 <uxSchedulerSuspended>
    bf80112c:	08079263          	bnez	a5,bf8011b0 <xTaskRemoveFromEventList+0xb0>
        ( void ) uxListRemove( &( pxUnblockedTCB->xStateListItem ) );
    bf801130:	00840493          	add	s1,s0,8
    bf801134:	00048513          	mv	a0,s1
    bf801138:	86cff0ef          	jal	bf8001a4 <uxListRemove>
        prvAddTaskToReadyList( pxUnblockedTCB );
    bf80113c:	05843703          	ld	a4,88(s0)
    bf801140:	00100793          	li	a5,1
    bf801144:	00e797b3          	sll	a5,a5,a4
    bf801148:	000ff697          	auipc	a3,0xff
    bf80114c:	f0868693          	add	a3,a3,-248 # bf900050 <uxTopReadyPriority>
    bf801150:	0006b603          	ld	a2,0(a3)
    bf801154:	00c7e7b3          	or	a5,a5,a2
    bf801158:	00f6b023          	sd	a5,0(a3)
    bf80115c:	00271793          	sll	a5,a4,0x2
    bf801160:	00e787b3          	add	a5,a5,a4
    bf801164:	00379793          	sll	a5,a5,0x3
    bf801168:	00048593          	mv	a1,s1
    bf80116c:	a3818513          	add	a0,gp,-1480 # bf900238 <pxReadyTasksLists>
    bf801170:	00f50533          	add	a0,a0,a5
    bf801174:	fb5fe0ef          	jal	bf800128 <vListInsertEnd>
    if( pxUnblockedTCB->uxPriority > pxCurrentTCB->uxPriority )
    bf801178:	05843703          	ld	a4,88(s0)
    bf80117c:	000ff797          	auipc	a5,0xff
    bf801180:	f047b783          	ld	a5,-252(a5) # bf900080 <pxCurrentTCB>
    bf801184:	0587b783          	ld	a5,88(a5)
    bf801188:	02e7fc63          	bgeu	a5,a4,bf8011c0 <xTaskRemoveFromEventList+0xc0>
        xYieldPending = pdTRUE;
    bf80118c:	00100793          	li	a5,1
    bf801190:	000ff717          	auipc	a4,0xff
    bf801194:	eaf73423          	sd	a5,-344(a4) # bf900038 <xYieldPending>
        xReturn = pdTRUE;
    bf801198:	00100513          	li	a0,1
}
    bf80119c:	01813083          	ld	ra,24(sp)
    bf8011a0:	01013403          	ld	s0,16(sp)
    bf8011a4:	00813483          	ld	s1,8(sp)
    bf8011a8:	02010113          	add	sp,sp,32
    bf8011ac:	00008067          	ret
        vListInsertEnd( &( xPendingReadyList ), &( pxUnblockedTCB->xEventListItem ) );
    bf8011b0:	00048593          	mv	a1,s1
    bf8011b4:	9c018513          	add	a0,gp,-1600 # bf9001c0 <xPendingReadyList>
    bf8011b8:	f71fe0ef          	jal	bf800128 <vListInsertEnd>
    bf8011bc:	fbdff06f          	j	bf801178 <xTaskRemoveFromEventList+0x78>
        xReturn = pdFALSE;
    bf8011c0:	00000513          	li	a0,0
    return xReturn;
    bf8011c4:	fd9ff06f          	j	bf80119c <xTaskRemoveFromEventList+0x9c>

00000000bf8011c8 <vTaskInternalSetTimeOutState>:
    pxTimeOut->xOverflowCount = xNumOfOverflows;
    bf8011c8:	000ff797          	auipc	a5,0xff
    bf8011cc:	e687b783          	ld	a5,-408(a5) # bf900030 <xNumOfOverflows>
    bf8011d0:	00f53023          	sd	a5,0(a0)
    pxTimeOut->xTimeOnEntering = xTickCount;
    bf8011d4:	000ff797          	auipc	a5,0xff
    bf8011d8:	e847b783          	ld	a5,-380(a5) # bf900058 <xTickCount>
    bf8011dc:	00f53423          	sd	a5,8(a0)
}
    bf8011e0:	00008067          	ret

00000000bf8011e4 <vTaskMissedYield>:
    xYieldPending = pdTRUE;
    bf8011e4:	00100793          	li	a5,1
    bf8011e8:	000ff717          	auipc	a4,0xff
    bf8011ec:	e4f73823          	sd	a5,-432(a4) # bf900038 <xYieldPending>
}
    bf8011f0:	00008067          	ret

00000000bf8011f4 <xTaskGetSchedulerState>:
        if( xSchedulerRunning == pdFALSE )
    bf8011f4:	000ff797          	auipc	a5,0xff
    bf8011f8:	e547b783          	ld	a5,-428(a5) # bf900048 <xSchedulerRunning>
    bf8011fc:	02078063          	beqz	a5,bf80121c <xTaskGetSchedulerState+0x28>
            if( uxSchedulerSuspended == ( UBaseType_t ) pdFALSE )
    bf801200:	000ff797          	auipc	a5,0xff
    bf801204:	e107b783          	ld	a5,-496(a5) # bf900010 <uxSchedulerSuspended>
    bf801208:	00078663          	beqz	a5,bf801214 <xTaskGetSchedulerState+0x20>
                xReturn = taskSCHEDULER_SUSPENDED;
    bf80120c:	00000513          	li	a0,0
    }
    bf801210:	00008067          	ret
                xReturn = taskSCHEDULER_RUNNING;
    bf801214:	00200513          	li	a0,2
    bf801218:	00008067          	ret
            xReturn = taskSCHEDULER_NOT_STARTED;
    bf80121c:	00100513          	li	a0,1
    bf801220:	00008067          	ret

00000000bf801224 <xTaskPriorityDisinherit>:
        if( pxMutexHolder != NULL )
    bf801224:	0c050a63          	beqz	a0,bf8012f8 <xTaskPriorityDisinherit+0xd4>
    {
    bf801228:	fe010113          	add	sp,sp,-32
    bf80122c:	00113c23          	sd	ra,24(sp)
    bf801230:	00813823          	sd	s0,16(sp)
    bf801234:	00913423          	sd	s1,8(sp)
    bf801238:	00050413          	mv	s0,a0
            ( pxTCB->uxMutexesHeld )--;
    bf80123c:	09853783          	ld	a5,152(a0)
    bf801240:	fff78793          	add	a5,a5,-1
    bf801244:	08f53c23          	sd	a5,152(a0)
            if( pxTCB->uxPriority != pxTCB->uxBasePriority )
    bf801248:	05853683          	ld	a3,88(a0)
    bf80124c:	09053703          	ld	a4,144(a0)
    bf801250:	0ae68863          	beq	a3,a4,bf801300 <xTaskPriorityDisinherit+0xdc>
                if( pxTCB->uxMutexesHeld == ( UBaseType_t ) 0 )
    bf801254:	00078e63          	beqz	a5,bf801270 <xTaskPriorityDisinherit+0x4c>
        BaseType_t xReturn = pdFALSE;
    bf801258:	00000513          	li	a0,0
    }
    bf80125c:	01813083          	ld	ra,24(sp)
    bf801260:	01013403          	ld	s0,16(sp)
    bf801264:	00813483          	ld	s1,8(sp)
    bf801268:	02010113          	add	sp,sp,32
    bf80126c:	00008067          	ret
                    if( uxListRemove( &( pxTCB->xStateListItem ) ) == ( UBaseType_t ) 0 )
    bf801270:	00850493          	add	s1,a0,8
    bf801274:	00048513          	mv	a0,s1
    bf801278:	f2dfe0ef          	jal	bf8001a4 <uxListRemove>
    bf80127c:	02051463          	bnez	a0,bf8012a4 <xTaskPriorityDisinherit+0x80>
                        portRESET_READY_PRIORITY( pxTCB->uxPriority, uxTopReadyPriority );
    bf801280:	05843703          	ld	a4,88(s0)
    bf801284:	00100793          	li	a5,1
    bf801288:	00e797b3          	sll	a5,a5,a4
    bf80128c:	fff7c793          	not	a5,a5
    bf801290:	000ff717          	auipc	a4,0xff
    bf801294:	dc070713          	add	a4,a4,-576 # bf900050 <uxTopReadyPriority>
    bf801298:	00073683          	ld	a3,0(a4)
    bf80129c:	00d7f7b3          	and	a5,a5,a3
    bf8012a0:	00f73023          	sd	a5,0(a4)
                    pxTCB->uxPriority = pxTCB->uxBasePriority;
    bf8012a4:	09043703          	ld	a4,144(s0)
    bf8012a8:	04e43c23          	sd	a4,88(s0)
                    listSET_LIST_ITEM_VALUE( &( pxTCB->xEventListItem ), ( TickType_t ) configMAX_PRIORITIES - ( TickType_t ) pxTCB->uxPriority ); /*lint !e961 MISRA exception as the casts are only redundant for some ports. */
    bf8012ac:	00700793          	li	a5,7
    bf8012b0:	40e787b3          	sub	a5,a5,a4
    bf8012b4:	02f43823          	sd	a5,48(s0)
                    prvAddTaskToReadyList( pxTCB );
    bf8012b8:	00100793          	li	a5,1
    bf8012bc:	00e797b3          	sll	a5,a5,a4
    bf8012c0:	000ff697          	auipc	a3,0xff
    bf8012c4:	d9068693          	add	a3,a3,-624 # bf900050 <uxTopReadyPriority>
    bf8012c8:	0006b603          	ld	a2,0(a3)
    bf8012cc:	00c7e7b3          	or	a5,a5,a2
    bf8012d0:	00f6b023          	sd	a5,0(a3)
    bf8012d4:	00271793          	sll	a5,a4,0x2
    bf8012d8:	00e787b3          	add	a5,a5,a4
    bf8012dc:	00379793          	sll	a5,a5,0x3
    bf8012e0:	00048593          	mv	a1,s1
    bf8012e4:	a3818513          	add	a0,gp,-1480 # bf900238 <pxReadyTasksLists>
    bf8012e8:	00f50533          	add	a0,a0,a5
    bf8012ec:	e3dfe0ef          	jal	bf800128 <vListInsertEnd>
                    xReturn = pdTRUE;
    bf8012f0:	00100513          	li	a0,1
    bf8012f4:	f69ff06f          	j	bf80125c <xTaskPriorityDisinherit+0x38>
        BaseType_t xReturn = pdFALSE;
    bf8012f8:	00000513          	li	a0,0
    }
    bf8012fc:	00008067          	ret
        BaseType_t xReturn = pdFALSE;
    bf801300:	00000513          	li	a0,0
    bf801304:	f59ff06f          	j	bf80125c <xTaskPriorityDisinherit+0x38>

00000000bf801308 <vTaskEnterCritical>:
        portDISABLE_INTERRUPTS();
    bf801308:	10017073          	csrc	sstatus,2
        if( xSchedulerRunning != pdFALSE )
    bf80130c:	000ff797          	auipc	a5,0xff
    bf801310:	d3c7b783          	ld	a5,-708(a5) # bf900048 <xSchedulerRunning>
    bf801314:	02078063          	beqz	a5,bf801334 <vTaskEnterCritical+0x2c>
            ( pxCurrentTCB->uxCriticalNesting )++;
    bf801318:	000ff717          	auipc	a4,0xff
    bf80131c:	d6870713          	add	a4,a4,-664 # bf900080 <pxCurrentTCB>
    bf801320:	00073683          	ld	a3,0(a4)
    bf801324:	0786b783          	ld	a5,120(a3)
    bf801328:	00178793          	add	a5,a5,1
    bf80132c:	06f6bc23          	sd	a5,120(a3)
            if( pxCurrentTCB->uxCriticalNesting == 1 )
    bf801330:	00073783          	ld	a5,0(a4)
    }
    bf801334:	00008067          	ret

00000000bf801338 <vTaskExitCritical>:
        if( xSchedulerRunning != pdFALSE )
    bf801338:	000ff797          	auipc	a5,0xff
    bf80133c:	d107b783          	ld	a5,-752(a5) # bf900048 <xSchedulerRunning>
    bf801340:	02078e63          	beqz	a5,bf80137c <vTaskExitCritical+0x44>
            if( pxCurrentTCB->uxCriticalNesting > 0U )
    bf801344:	000ff797          	auipc	a5,0xff
    bf801348:	d3c7b783          	ld	a5,-708(a5) # bf900080 <pxCurrentTCB>
    bf80134c:	0787b783          	ld	a5,120(a5)
    bf801350:	02078663          	beqz	a5,bf80137c <vTaskExitCritical+0x44>
                ( pxCurrentTCB->uxCriticalNesting )--;
    bf801354:	000ff717          	auipc	a4,0xff
    bf801358:	d2c70713          	add	a4,a4,-724 # bf900080 <pxCurrentTCB>
    bf80135c:	00073683          	ld	a3,0(a4)
    bf801360:	0786b783          	ld	a5,120(a3)
    bf801364:	fff78793          	add	a5,a5,-1
    bf801368:	06f6bc23          	sd	a5,120(a3)
                if( pxCurrentTCB->uxCriticalNesting == 0U )
    bf80136c:	00073783          	ld	a5,0(a4)
    bf801370:	0787b783          	ld	a5,120(a5)
    bf801374:	00079463          	bnez	a5,bf80137c <vTaskExitCritical+0x44>
                    portENABLE_INTERRUPTS();
    bf801378:	10016073          	csrs	sstatus,2
    }
    bf80137c:	00008067          	ret

00000000bf801380 <prvAddNewTaskToReadyList>:
{
    bf801380:	ff010113          	add	sp,sp,-16
    bf801384:	00113423          	sd	ra,8(sp)
    bf801388:	00813023          	sd	s0,0(sp)
    bf80138c:	00050413          	mv	s0,a0
    taskENTER_CRITICAL();
    bf801390:	f79ff0ef          	jal	bf801308 <vTaskEnterCritical>
        uxCurrentNumberOfTasks++;
    bf801394:	000ff717          	auipc	a4,0xff
    bf801398:	ccc70713          	add	a4,a4,-820 # bf900060 <uxCurrentNumberOfTasks>
    bf80139c:	00073783          	ld	a5,0(a4)
    bf8013a0:	00178793          	add	a5,a5,1
    bf8013a4:	00f73023          	sd	a5,0(a4)
        if( pxCurrentTCB == NULL )
    bf8013a8:	000ff797          	auipc	a5,0xff
    bf8013ac:	cd87b783          	ld	a5,-808(a5) # bf900080 <pxCurrentTCB>
    bf8013b0:	02078863          	beqz	a5,bf8013e0 <prvAddNewTaskToReadyList+0x60>
            if( xSchedulerRunning == pdFALSE )
    bf8013b4:	000ff797          	auipc	a5,0xff
    bf8013b8:	c947b783          	ld	a5,-876(a5) # bf900048 <xSchedulerRunning>
    bf8013bc:	02079e63          	bnez	a5,bf8013f8 <prvAddNewTaskToReadyList+0x78>
                if( pxCurrentTCB->uxPriority <= pxNewTCB->uxPriority )
    bf8013c0:	000ff797          	auipc	a5,0xff
    bf8013c4:	cc07b783          	ld	a5,-832(a5) # bf900080 <pxCurrentTCB>
    bf8013c8:	0587b703          	ld	a4,88(a5)
    bf8013cc:	05843783          	ld	a5,88(s0)
    bf8013d0:	02e7e463          	bltu	a5,a4,bf8013f8 <prvAddNewTaskToReadyList+0x78>
                    pxCurrentTCB = pxNewTCB;
    bf8013d4:	000ff797          	auipc	a5,0xff
    bf8013d8:	ca87b623          	sd	s0,-852(a5) # bf900080 <pxCurrentTCB>
    bf8013dc:	01c0006f          	j	bf8013f8 <prvAddNewTaskToReadyList+0x78>
            pxCurrentTCB = pxNewTCB;
    bf8013e0:	000ff797          	auipc	a5,0xff
    bf8013e4:	ca87b023          	sd	s0,-864(a5) # bf900080 <pxCurrentTCB>
            if( uxCurrentNumberOfTasks == ( UBaseType_t ) 1 )
    bf8013e8:	000ff717          	auipc	a4,0xff
    bf8013ec:	c7873703          	ld	a4,-904(a4) # bf900060 <uxCurrentNumberOfTasks>
    bf8013f0:	00100793          	li	a5,1
    bf8013f4:	08f70663          	beq	a4,a5,bf801480 <prvAddNewTaskToReadyList+0x100>
        uxTaskNumber++;
    bf8013f8:	000ff717          	auipc	a4,0xff
    bf8013fc:	c3070713          	add	a4,a4,-976 # bf900028 <uxTaskNumber>
    bf801400:	00073783          	ld	a5,0(a4)
    bf801404:	00178793          	add	a5,a5,1
    bf801408:	00f73023          	sd	a5,0(a4)
                pxNewTCB->uxTCBNumber = uxTaskNumber;
    bf80140c:	08f43023          	sd	a5,128(s0)
        prvAddTaskToReadyList( pxNewTCB );
    bf801410:	05843703          	ld	a4,88(s0)
    bf801414:	00100793          	li	a5,1
    bf801418:	00e797b3          	sll	a5,a5,a4
    bf80141c:	000ff697          	auipc	a3,0xff
    bf801420:	c3468693          	add	a3,a3,-972 # bf900050 <uxTopReadyPriority>
    bf801424:	0006b603          	ld	a2,0(a3)
    bf801428:	00c7e7b3          	or	a5,a5,a2
    bf80142c:	00f6b023          	sd	a5,0(a3)
    bf801430:	00271793          	sll	a5,a4,0x2
    bf801434:	00e787b3          	add	a5,a5,a4
    bf801438:	00379793          	sll	a5,a5,0x3
    bf80143c:	00840593          	add	a1,s0,8
    bf801440:	a3818513          	add	a0,gp,-1480 # bf900238 <pxReadyTasksLists>
    bf801444:	00f50533          	add	a0,a0,a5
    bf801448:	ce1fe0ef          	jal	bf800128 <vListInsertEnd>
    taskEXIT_CRITICAL();
    bf80144c:	eedff0ef          	jal	bf801338 <vTaskExitCritical>
    if( xSchedulerRunning != pdFALSE )
    bf801450:	000ff797          	auipc	a5,0xff
    bf801454:	bf87b783          	ld	a5,-1032(a5) # bf900048 <xSchedulerRunning>
    bf801458:	00078c63          	beqz	a5,bf801470 <prvAddNewTaskToReadyList+0xf0>
        if( pxCurrentTCB->uxPriority < pxNewTCB->uxPriority )
    bf80145c:	000ff797          	auipc	a5,0xff
    bf801460:	c247b783          	ld	a5,-988(a5) # bf900080 <pxCurrentTCB>
    bf801464:	0587b703          	ld	a4,88(a5)
    bf801468:	05843783          	ld	a5,88(s0)
    bf80146c:	00f76e63          	bltu	a4,a5,bf801488 <prvAddNewTaskToReadyList+0x108>
}
    bf801470:	00813083          	ld	ra,8(sp)
    bf801474:	00013403          	ld	s0,0(sp)
    bf801478:	01010113          	add	sp,sp,16
    bf80147c:	00008067          	ret
                prvInitialiseTaskLists();
    bf801480:	facff0ef          	jal	bf800c2c <prvInitialiseTaskLists>
    bf801484:	f75ff06f          	j	bf8013f8 <prvAddNewTaskToReadyList+0x78>
            taskYIELD_IF_USING_PREEMPTION();
    bf801488:	08000513          	li	a0,128
    bf80148c:	7e9000ef          	jal	bf802474 <sbi_send_ipi>
}
    bf801490:	fe1ff06f          	j	bf801470 <prvAddNewTaskToReadyList+0xf0>

00000000bf801494 <xTaskCreate>:
    {
    bf801494:	fb010113          	add	sp,sp,-80
    bf801498:	04113423          	sd	ra,72(sp)
    bf80149c:	04813023          	sd	s0,64(sp)
    bf8014a0:	02913c23          	sd	s1,56(sp)
    bf8014a4:	03213823          	sd	s2,48(sp)
    bf8014a8:	03313423          	sd	s3,40(sp)
    bf8014ac:	03413023          	sd	s4,32(sp)
    bf8014b0:	01513c23          	sd	s5,24(sp)
    bf8014b4:	01613823          	sd	s6,16(sp)
    bf8014b8:	01713423          	sd	s7,8(sp)
    bf8014bc:	00050913          	mv	s2,a0
    bf8014c0:	00058993          	mv	s3,a1
    bf8014c4:	00060493          	mv	s1,a2
    bf8014c8:	00068a13          	mv	s4,a3
    bf8014cc:	00070a93          	mv	s5,a4
    bf8014d0:	00078b13          	mv	s6,a5
                pxStack = pvPortMalloc( ( ( ( size_t ) usStackDepth ) * sizeof( StackType_t ) ) ); /*lint !e9079 All values returned by pvPortMalloc() have at least the alignment required by the MCU's stack and this allocation is the stack. */
    bf8014d4:	00361513          	sll	a0,a2,0x3
    bf8014d8:	3ed000ef          	jal	bf8020c4 <pvPortMalloc>
                if( pxStack != NULL )
    bf8014dc:	06050063          	beqz	a0,bf80153c <xTaskCreate+0xa8>
    bf8014e0:	00050413          	mv	s0,a0
                    pxNewTCB = ( TCB_t * ) pvPortMalloc( sizeof( TCB_t ) ); /*lint !e9087 !e9079 All values returned by pvPortMalloc() have at least the alignment required by the MCU's stack, and the first member of TCB_t is always a pointer to the task's stack. */
    bf8014e4:	0a800513          	li	a0,168
    bf8014e8:	3dd000ef          	jal	bf8020c4 <pvPortMalloc>
    bf8014ec:	00050b93          	mv	s7,a0
                    if( pxNewTCB != NULL )
    bf8014f0:	02050e63          	beqz	a0,bf80152c <xTaskCreate+0x98>
                        pxNewTCB->pxStack = pxStack;
    bf8014f4:	06853023          	sd	s0,96(a0)
            prvInitialiseNewTask( pxTaskCode, pcName, ( uint32_t ) usStackDepth, pvParameters, uxPriority, pxCreatedTask, pxNewTCB, NULL );
    bf8014f8:	00000893          	li	a7,0
    bf8014fc:	00050813          	mv	a6,a0
    bf801500:	000b0793          	mv	a5,s6
    bf801504:	000a8713          	mv	a4,s5
    bf801508:	000a0693          	mv	a3,s4
    bf80150c:	00048613          	mv	a2,s1
    bf801510:	00098593          	mv	a1,s3
    bf801514:	00090513          	mv	a0,s2
    bf801518:	dd4ff0ef          	jal	bf800aec <prvInitialiseNewTask>
            prvAddNewTaskToReadyList( pxNewTCB );
    bf80151c:	000b8513          	mv	a0,s7
    bf801520:	e61ff0ef          	jal	bf801380 <prvAddNewTaskToReadyList>
            xReturn = pdPASS;
    bf801524:	00100513          	li	a0,1
    bf801528:	0180006f          	j	bf801540 <xTaskCreate+0xac>
                        vPortFree( pxStack );
    bf80152c:	00040513          	mv	a0,s0
    bf801530:	511000ef          	jal	bf802240 <vPortFree>
            xReturn = errCOULD_NOT_ALLOCATE_REQUIRED_MEMORY;
    bf801534:	fff00513          	li	a0,-1
    bf801538:	0080006f          	j	bf801540 <xTaskCreate+0xac>
    bf80153c:	fff00513          	li	a0,-1
    }
    bf801540:	04813083          	ld	ra,72(sp)
    bf801544:	04013403          	ld	s0,64(sp)
    bf801548:	03813483          	ld	s1,56(sp)
    bf80154c:	03013903          	ld	s2,48(sp)
    bf801550:	02813983          	ld	s3,40(sp)
    bf801554:	02013a03          	ld	s4,32(sp)
    bf801558:	01813a83          	ld	s5,24(sp)
    bf80155c:	01013b03          	ld	s6,16(sp)
    bf801560:	00813b83          	ld	s7,8(sp)
    bf801564:	05010113          	add	sp,sp,80
    bf801568:	00008067          	ret

00000000bf80156c <vTaskStartScheduler>:
{
    bf80156c:	ff010113          	add	sp,sp,-16
    bf801570:	00113423          	sd	ra,8(sp)
            xReturn = xTaskCreate( prvIdleTask,
    bf801574:	000ff797          	auipc	a5,0xff
    bf801578:	aa478793          	add	a5,a5,-1372 # bf900018 <xIdleTaskHandle>
    bf80157c:	00000713          	li	a4,0
    bf801580:	00000693          	li	a3,0
    bf801584:	20000613          	li	a2,512
    bf801588:	00002597          	auipc	a1,0x2
    bf80158c:	91858593          	add	a1,a1,-1768 # bf802ea0 <memset+0xae>
    bf801590:	00000517          	auipc	a0,0x0
    bf801594:	0e050513          	add	a0,a0,224 # bf801670 <prvIdleTask>
    bf801598:	efdff0ef          	jal	bf801494 <xTaskCreate>
            if( xReturn == pdPASS )
    bf80159c:	00100793          	li	a5,1
    bf8015a0:	00f50c63          	beq	a0,a5,bf8015b8 <vTaskStartScheduler+0x4c>
    ( void ) uxTopUsedPriority;
    bf8015a4:	000ff797          	auipc	a5,0xff
    bf8015a8:	a5c7b783          	ld	a5,-1444(a5) # bf900000 <uxTopUsedPriority>
}
    bf8015ac:	00813083          	ld	ra,8(sp)
    bf8015b0:	01010113          	add	sp,sp,16
    bf8015b4:	00008067          	ret
                xReturn = xTimerCreateTimerTask();
    bf8015b8:	440000ef          	jal	bf8019f8 <xTimerCreateTimerTask>
    if( xReturn == pdPASS )
    bf8015bc:	00100793          	li	a5,1
    bf8015c0:	fef512e3          	bne	a0,a5,bf8015a4 <vTaskStartScheduler+0x38>
        portDISABLE_INTERRUPTS();
    bf8015c4:	10017073          	csrc	sstatus,2
        xNextTaskUnblockTime = portMAX_DELAY;
    bf8015c8:	fff00793          	li	a5,-1
    bf8015cc:	000ff717          	auipc	a4,0xff
    bf8015d0:	a4f73a23          	sd	a5,-1452(a4) # bf900020 <xNextTaskUnblockTime>
        xSchedulerRunning = pdTRUE;
    bf8015d4:	00100793          	li	a5,1
    bf8015d8:	000ff717          	auipc	a4,0xff
    bf8015dc:	a6f73823          	sd	a5,-1424(a4) # bf900048 <xSchedulerRunning>
        xTickCount = ( TickType_t ) configINITIAL_TICK_COUNT;
    bf8015e0:	000ff797          	auipc	a5,0xff
    bf8015e4:	a607bc23          	sd	zero,-1416(a5) # bf900058 <xTickCount>
        if( xPortStartScheduler() != pdFALSE )
    bf8015e8:	191000ef          	jal	bf801f78 <xPortStartScheduler>
    bf8015ec:	fb9ff06f          	j	bf8015a4 <vTaskStartScheduler+0x38>

00000000bf8015f0 <prvCheckTasksWaitingTermination>:
            while( uxDeletedTasksWaitingCleanUp > ( UBaseType_t ) 0U )
    bf8015f0:	000ff797          	auipc	a5,0xff
    bf8015f4:	a787b783          	ld	a5,-1416(a5) # bf900068 <uxDeletedTasksWaitingCleanUp>
    bf8015f8:	06078a63          	beqz	a5,bf80166c <prvCheckTasksWaitingTermination+0x7c>
{
    bf8015fc:	ff010113          	add	sp,sp,-16
    bf801600:	00113423          	sd	ra,8(sp)
    bf801604:	00813023          	sd	s0,0(sp)
                taskENTER_CRITICAL();
    bf801608:	d01ff0ef          	jal	bf801308 <vTaskEnterCritical>
                    pxTCB = listGET_OWNER_OF_HEAD_ENTRY( ( &xTasksWaitingTermination ) ); /*lint !e9079 void * is used as this macro is used with timers and co-routines too.  Alignment is known to be fine as the type of the pointer stored and retrieved is the same. */
    bf80160c:	9b01b783          	ld	a5,-1616(gp) # bf9001b0 <xTasksWaitingTermination+0x18>
    bf801610:	0187b403          	ld	s0,24(a5)
                    ( void ) uxListRemove( &( pxTCB->xStateListItem ) );
    bf801614:	00840513          	add	a0,s0,8
    bf801618:	b8dfe0ef          	jal	bf8001a4 <uxListRemove>
                    --uxCurrentNumberOfTasks;
    bf80161c:	000ff717          	auipc	a4,0xff
    bf801620:	a4470713          	add	a4,a4,-1468 # bf900060 <uxCurrentNumberOfTasks>
    bf801624:	00073783          	ld	a5,0(a4)
    bf801628:	fff78793          	add	a5,a5,-1
    bf80162c:	00f73023          	sd	a5,0(a4)
                    --uxDeletedTasksWaitingCleanUp;
    bf801630:	000ff717          	auipc	a4,0xff
    bf801634:	a3870713          	add	a4,a4,-1480 # bf900068 <uxDeletedTasksWaitingCleanUp>
    bf801638:	00073783          	ld	a5,0(a4)
    bf80163c:	fff78793          	add	a5,a5,-1
    bf801640:	00f73023          	sd	a5,0(a4)
                taskEXIT_CRITICAL();
    bf801644:	cf5ff0ef          	jal	bf801338 <vTaskExitCritical>
                prvDeleteTCB( pxTCB );
    bf801648:	00040513          	mv	a0,s0
    bf80164c:	c70ff0ef          	jal	bf800abc <prvDeleteTCB>
            while( uxDeletedTasksWaitingCleanUp > ( UBaseType_t ) 0U )
    bf801650:	000ff797          	auipc	a5,0xff
    bf801654:	a187b783          	ld	a5,-1512(a5) # bf900068 <uxDeletedTasksWaitingCleanUp>
    bf801658:	fa0798e3          	bnez	a5,bf801608 <prvCheckTasksWaitingTermination+0x18>
}
    bf80165c:	00813083          	ld	ra,8(sp)
    bf801660:	00013403          	ld	s0,0(sp)
    bf801664:	01010113          	add	sp,sp,16
    bf801668:	00008067          	ret
    bf80166c:	00008067          	ret

00000000bf801670 <prvIdleTask>:
{
    bf801670:	ff010113          	add	sp,sp,-16
    bf801674:	00113423          	sd	ra,8(sp)
        prvCheckTasksWaitingTermination();
    bf801678:	f79ff0ef          	jal	bf8015f0 <prvCheckTasksWaitingTermination>
    for( ; ; )
    bf80167c:	ffdff06f          	j	bf801678 <prvIdleTask+0x8>

00000000bf801680 <xTaskResumeAll>:
{
    bf801680:	fe010113          	add	sp,sp,-32
    bf801684:	00113c23          	sd	ra,24(sp)
    bf801688:	00813823          	sd	s0,16(sp)
    bf80168c:	00913423          	sd	s1,8(sp)
    taskENTER_CRITICAL();
    bf801690:	c79ff0ef          	jal	bf801308 <vTaskEnterCritical>
        --uxSchedulerSuspended;
    bf801694:	000ff797          	auipc	a5,0xff
    bf801698:	97c78793          	add	a5,a5,-1668 # bf900010 <uxSchedulerSuspended>
    bf80169c:	0007b703          	ld	a4,0(a5)
    bf8016a0:	fff70713          	add	a4,a4,-1
    bf8016a4:	00e7b023          	sd	a4,0(a5)
        if( uxSchedulerSuspended == ( UBaseType_t ) pdFALSE )
    bf8016a8:	0007b783          	ld	a5,0(a5)
    bf8016ac:	0e079e63          	bnez	a5,bf8017a8 <xTaskResumeAll+0x128>
            if( uxCurrentNumberOfTasks > ( UBaseType_t ) 0U )
    bf8016b0:	000ff797          	auipc	a5,0xff
    bf8016b4:	9b07b783          	ld	a5,-1616(a5) # bf900060 <uxCurrentNumberOfTasks>
    bf8016b8:	00079663          	bnez	a5,bf8016c4 <xTaskResumeAll+0x44>
    BaseType_t xAlreadyYielded = pdFALSE;
    bf8016bc:	00000413          	li	s0,0
    bf8016c0:	0ec0006f          	j	bf8017ac <xTaskResumeAll+0x12c>
    TCB_t * pxTCB = NULL;
    bf8016c4:	00000413          	li	s0,0
                while( listLIST_IS_EMPTY( &xPendingReadyList ) == pdFALSE )
    bf8016c8:	9c01b783          	ld	a5,-1600(gp) # bf9001c0 <xPendingReadyList>
    bf8016cc:	08078063          	beqz	a5,bf80174c <xTaskResumeAll+0xcc>
                    pxTCB = listGET_OWNER_OF_HEAD_ENTRY( ( &xPendingReadyList ) ); /*lint !e9079 void * is used as this macro is used with timers and co-routines too.  Alignment is known to be fine as the type of the pointer stored and retrieved is the same. */
    bf8016d0:	9d81b783          	ld	a5,-1576(gp) # bf9001d8 <xPendingReadyList+0x18>
    bf8016d4:	0187b403          	ld	s0,24(a5)
                    ( void ) uxListRemove( &( pxTCB->xEventListItem ) );
    bf8016d8:	03040513          	add	a0,s0,48
    bf8016dc:	ac9fe0ef          	jal	bf8001a4 <uxListRemove>
                    ( void ) uxListRemove( &( pxTCB->xStateListItem ) );
    bf8016e0:	00840493          	add	s1,s0,8
    bf8016e4:	00048513          	mv	a0,s1
    bf8016e8:	abdfe0ef          	jal	bf8001a4 <uxListRemove>
                    prvAddTaskToReadyList( pxTCB );
    bf8016ec:	05843703          	ld	a4,88(s0)
    bf8016f0:	00100793          	li	a5,1
    bf8016f4:	00e797b3          	sll	a5,a5,a4
    bf8016f8:	000ff697          	auipc	a3,0xff
    bf8016fc:	95868693          	add	a3,a3,-1704 # bf900050 <uxTopReadyPriority>
    bf801700:	0006b603          	ld	a2,0(a3)
    bf801704:	00c7e7b3          	or	a5,a5,a2
    bf801708:	00f6b023          	sd	a5,0(a3)
    bf80170c:	00271793          	sll	a5,a4,0x2
    bf801710:	00e787b3          	add	a5,a5,a4
    bf801714:	00379793          	sll	a5,a5,0x3
    bf801718:	00048593          	mv	a1,s1
    bf80171c:	a3818513          	add	a0,gp,-1480 # bf900238 <pxReadyTasksLists>
    bf801720:	00f50533          	add	a0,a0,a5
    bf801724:	a05fe0ef          	jal	bf800128 <vListInsertEnd>
                    if( pxTCB->uxPriority >= pxCurrentTCB->uxPriority )
    bf801728:	05843703          	ld	a4,88(s0)
    bf80172c:	000ff797          	auipc	a5,0xff
    bf801730:	9547b783          	ld	a5,-1708(a5) # bf900080 <pxCurrentTCB>
    bf801734:	0587b783          	ld	a5,88(a5)
    bf801738:	f8f768e3          	bltu	a4,a5,bf8016c8 <xTaskResumeAll+0x48>
                        xYieldPending = pdTRUE;
    bf80173c:	00100793          	li	a5,1
    bf801740:	000ff717          	auipc	a4,0xff
    bf801744:	8ef73c23          	sd	a5,-1800(a4) # bf900038 <xYieldPending>
    bf801748:	f81ff06f          	j	bf8016c8 <xTaskResumeAll+0x48>
                if( pxTCB != NULL )
    bf80174c:	00040463          	beqz	s0,bf801754 <xTaskResumeAll+0xd4>
                    prvResetNextTaskUnblockTime();
    bf801750:	b30ff0ef          	jal	bf800a80 <prvResetNextTaskUnblockTime>
                    TickType_t xPendedCounts = xPendedTicks; /* Non-volatile copy. */
    bf801754:	000ff417          	auipc	s0,0xff
    bf801758:	8ec43403          	ld	s0,-1812(s0) # bf900040 <xPendedTicks>
                    if( xPendedCounts > ( TickType_t ) 0U )
    bf80175c:	02041463          	bnez	s0,bf801784 <xTaskResumeAll+0x104>
                if( xYieldPending != pdFALSE )
    bf801760:	000ff417          	auipc	s0,0xff
    bf801764:	8d843403          	ld	s0,-1832(s0) # bf900038 <xYieldPending>
    bf801768:	04040263          	beqz	s0,bf8017ac <xTaskResumeAll+0x12c>
                    taskYIELD_IF_USING_PREEMPTION();
    bf80176c:	08000513          	li	a0,128
    bf801770:	505000ef          	jal	bf802474 <sbi_send_ipi>
                            xAlreadyYielded = pdTRUE;
    bf801774:	00100413          	li	s0,1
    bf801778:	0340006f          	j	bf8017ac <xTaskResumeAll+0x12c>
                            --xPendedCounts;
    bf80177c:	fff40413          	add	s0,s0,-1
                        } while( xPendedCounts > ( TickType_t ) 0U );
    bf801780:	00040e63          	beqz	s0,bf80179c <xTaskResumeAll+0x11c>
                            if( xTaskIncrementTick() != pdFALSE )
    bf801784:	e5cff0ef          	jal	bf800de0 <xTaskIncrementTick>
    bf801788:	fe050ae3          	beqz	a0,bf80177c <xTaskResumeAll+0xfc>
                                xYieldPending = pdTRUE;
    bf80178c:	00100793          	li	a5,1
    bf801790:	000ff717          	auipc	a4,0xff
    bf801794:	8af73423          	sd	a5,-1880(a4) # bf900038 <xYieldPending>
    bf801798:	fe5ff06f          	j	bf80177c <xTaskResumeAll+0xfc>
                        xPendedTicks = 0;
    bf80179c:	000ff797          	auipc	a5,0xff
    bf8017a0:	8a07b223          	sd	zero,-1884(a5) # bf900040 <xPendedTicks>
    bf8017a4:	fbdff06f          	j	bf801760 <xTaskResumeAll+0xe0>
    BaseType_t xAlreadyYielded = pdFALSE;
    bf8017a8:	00000413          	li	s0,0
    taskEXIT_CRITICAL();
    bf8017ac:	b8dff0ef          	jal	bf801338 <vTaskExitCritical>
}
    bf8017b0:	00040513          	mv	a0,s0
    bf8017b4:	01813083          	ld	ra,24(sp)
    bf8017b8:	01013403          	ld	s0,16(sp)
    bf8017bc:	00813483          	ld	s1,8(sp)
    bf8017c0:	02010113          	add	sp,sp,32
    bf8017c4:	00008067          	ret

00000000bf8017c8 <vTaskDelay>:
    {
    bf8017c8:	ff010113          	add	sp,sp,-16
    bf8017cc:	00113423          	sd	ra,8(sp)
    bf8017d0:	00813023          	sd	s0,0(sp)
        if( xTicksToDelay > ( TickType_t ) 0U )
    bf8017d4:	02050063          	beqz	a0,bf8017f4 <vTaskDelay+0x2c>
    bf8017d8:	00050413          	mv	s0,a0
            vTaskSuspendAll();
    bf8017dc:	de0ff0ef          	jal	bf800dbc <vTaskSuspendAll>
                prvAddCurrentTaskToDelayedList( xTicksToDelay, pdFALSE );
    bf8017e0:	00000593          	li	a1,0
    bf8017e4:	00040513          	mv	a0,s0
    bf8017e8:	cccff0ef          	jal	bf800cb4 <prvAddCurrentTaskToDelayedList>
            xAlreadyYielded = xTaskResumeAll();
    bf8017ec:	e95ff0ef          	jal	bf801680 <xTaskResumeAll>
        if( xAlreadyYielded == pdFALSE )
    bf8017f0:	00051663          	bnez	a0,bf8017fc <vTaskDelay+0x34>
            portYIELD_WITHIN_API();
    bf8017f4:	08000513          	li	a0,128
    bf8017f8:	47d000ef          	jal	bf802474 <sbi_send_ipi>
    }
    bf8017fc:	00813083          	ld	ra,8(sp)
    bf801800:	00013403          	ld	s0,0(sp)
    bf801804:	01010113          	add	sp,sp,16
    bf801808:	00008067          	ret

00000000bf80180c <xTaskCheckForTimeOut>:
{
    bf80180c:	fe010113          	add	sp,sp,-32
    bf801810:	00113c23          	sd	ra,24(sp)
    bf801814:	00813823          	sd	s0,16(sp)
    bf801818:	00913423          	sd	s1,8(sp)
    bf80181c:	00050413          	mv	s0,a0
    bf801820:	00058493          	mv	s1,a1
    taskENTER_CRITICAL();
    bf801824:	ae5ff0ef          	jal	bf801308 <vTaskEnterCritical>
        const TickType_t xConstTickCount = xTickCount;
    bf801828:	000ff717          	auipc	a4,0xff
    bf80182c:	83073703          	ld	a4,-2000(a4) # bf900058 <xTickCount>
        const TickType_t xElapsedTime = xConstTickCount - pxTimeOut->xTimeOnEntering;
    bf801830:	00843783          	ld	a5,8(s0)
    bf801834:	40f70633          	sub	a2,a4,a5
            if( pxCurrentTCB->ucDelayAborted != ( uint8_t ) pdFALSE )
    bf801838:	000ff697          	auipc	a3,0xff
    bf80183c:	8486b683          	ld	a3,-1976(a3) # bf900080 <pxCurrentTCB>
    bf801840:	0a56c683          	lbu	a3,165(a3)
    bf801844:	02068863          	beqz	a3,bf801874 <xTaskCheckForTimeOut+0x68>
                pxCurrentTCB->ucDelayAborted = pdFALSE;
    bf801848:	000ff797          	auipc	a5,0xff
    bf80184c:	8387b783          	ld	a5,-1992(a5) # bf900080 <pxCurrentTCB>
    bf801850:	0a0782a3          	sb	zero,165(a5)
                xReturn = pdTRUE;
    bf801854:	00100413          	li	s0,1
    taskEXIT_CRITICAL();
    bf801858:	ae1ff0ef          	jal	bf801338 <vTaskExitCritical>
}
    bf80185c:	00040513          	mv	a0,s0
    bf801860:	01813083          	ld	ra,24(sp)
    bf801864:	01013403          	ld	s0,16(sp)
    bf801868:	00813483          	ld	s1,8(sp)
    bf80186c:	02010113          	add	sp,sp,32
    bf801870:	00008067          	ret
            if( *pxTicksToWait == portMAX_DELAY )
    bf801874:	0004b683          	ld	a3,0(s1)
    bf801878:	fff00593          	li	a1,-1
    bf80187c:	04b68863          	beq	a3,a1,bf8018cc <xTaskCheckForTimeOut+0xc0>
        if( ( xNumOfOverflows != pxTimeOut->xOverflowCount ) && ( xConstTickCount >= pxTimeOut->xTimeOnEntering ) ) /*lint !e525 Indentation preferred as is to make code within pre-processor directives clearer. */
    bf801880:	00043503          	ld	a0,0(s0)
    bf801884:	000fe597          	auipc	a1,0xfe
    bf801888:	7ac5b583          	ld	a1,1964(a1) # bf900030 <xNumOfOverflows>
    bf80188c:	00b50a63          	beq	a0,a1,bf8018a0 <xTaskCheckForTimeOut+0x94>
    bf801890:	00f76863          	bltu	a4,a5,bf8018a0 <xTaskCheckForTimeOut+0x94>
            *pxTicksToWait = ( TickType_t ) 0;
    bf801894:	0004b023          	sd	zero,0(s1)
            xReturn = pdTRUE;
    bf801898:	00100413          	li	s0,1
            *pxTicksToWait = ( TickType_t ) 0;
    bf80189c:	fbdff06f          	j	bf801858 <xTaskCheckForTimeOut+0x4c>
        else if( xElapsedTime < *pxTicksToWait ) /*lint !e961 Explicit casting is only redundant with some compilers, whereas others require it to prevent integer conversion errors. */
    bf8018a0:	00d66863          	bltu	a2,a3,bf8018b0 <xTaskCheckForTimeOut+0xa4>
            *pxTicksToWait = ( TickType_t ) 0;
    bf8018a4:	0004b023          	sd	zero,0(s1)
            xReturn = pdTRUE;
    bf8018a8:	00100413          	li	s0,1
    bf8018ac:	fadff06f          	j	bf801858 <xTaskCheckForTimeOut+0x4c>
            *pxTicksToWait -= xElapsedTime;
    bf8018b0:	40e787b3          	sub	a5,a5,a4
    bf8018b4:	00d787b3          	add	a5,a5,a3
    bf8018b8:	00f4b023          	sd	a5,0(s1)
            vTaskInternalSetTimeOutState( pxTimeOut );
    bf8018bc:	00040513          	mv	a0,s0
    bf8018c0:	909ff0ef          	jal	bf8011c8 <vTaskInternalSetTimeOutState>
            xReturn = pdFALSE;
    bf8018c4:	00000413          	li	s0,0
    bf8018c8:	f91ff06f          	j	bf801858 <xTaskCheckForTimeOut+0x4c>
                xReturn = pdFALSE;
    bf8018cc:	00000413          	li	s0,0
    bf8018d0:	f89ff06f          	j	bf801858 <xTaskCheckForTimeOut+0x4c>

00000000bf8018d4 <prvGetNextExpireTime>:
         * the timer with the nearest expiry time will expire.  If there are no
         * active timers then just set the next expire time to 0.  That will cause
         * this task to unblock when the tick count overflows, at which point the
         * timer lists will be switched and the next expiry time can be
         * re-assessed.  */
        *pxListWasEmpty = listLIST_IS_EMPTY( pxCurrentTimerList );
    bf8018d4:	000fe717          	auipc	a4,0xfe
    bf8018d8:	7d473703          	ld	a4,2004(a4) # bf9000a8 <pxCurrentTimerList>
    bf8018dc:	00073783          	ld	a5,0(a4)
    bf8018e0:	00079e63          	bnez	a5,bf8018fc <prvGetNextExpireTime+0x28>
    bf8018e4:	00100793          	li	a5,1
    bf8018e8:	00f53023          	sd	a5,0(a0)

        if( *pxListWasEmpty == pdFALSE )
    bf8018ec:	00079c63          	bnez	a5,bf801904 <prvGetNextExpireTime+0x30>
        {
            xNextExpireTime = listGET_ITEM_VALUE_OF_HEAD_ENTRY( pxCurrentTimerList );
    bf8018f0:	01873783          	ld	a5,24(a4)
    bf8018f4:	0007b503          	ld	a0,0(a5)
    bf8018f8:	00008067          	ret
        *pxListWasEmpty = listLIST_IS_EMPTY( pxCurrentTimerList );
    bf8018fc:	00000793          	li	a5,0
    bf801900:	fe9ff06f          	j	bf8018e8 <prvGetNextExpireTime+0x14>
        }
        else
        {
            /* Ensure the task unblocks when the tick count rolls over. */
            xNextExpireTime = ( TickType_t ) 0U;
    bf801904:	00000513          	li	a0,0
        }

        return xNextExpireTime;
    }
    bf801908:	00008067          	ret

00000000bf80190c <prvInsertTimerInActiveList>:

    static BaseType_t prvInsertTimerInActiveList( Timer_t * const pxTimer,
                                                  const TickType_t xNextExpiryTime,
                                                  const TickType_t xTimeNow,
                                                  const TickType_t xCommandTime )
    {
    bf80190c:	ff010113          	add	sp,sp,-16
    bf801910:	00113423          	sd	ra,8(sp)
        BaseType_t xProcessTimerNow = pdFALSE;

        listSET_LIST_ITEM_VALUE( &( pxTimer->xTimerListItem ), xNextExpiryTime );
    bf801914:	00b53423          	sd	a1,8(a0)
        listSET_LIST_ITEM_OWNER( &( pxTimer->xTimerListItem ), pxTimer );
    bf801918:	02a53023          	sd	a0,32(a0)

        if( xNextExpiryTime <= xTimeNow )
    bf80191c:	02b66c63          	bltu	a2,a1,bf801954 <prvInsertTimerInActiveList+0x48>
        {
            /* Has the expiry time elapsed between the command to start/reset a
             * timer was issued, and the time the command was processed? */
            if( ( ( TickType_t ) ( xTimeNow - xCommandTime ) ) >= pxTimer->xTimerPeriodInTicks ) /*lint !e961 MISRA exception as the casts are only redundant for some ports. */
    bf801920:	40d60633          	sub	a2,a2,a3
    bf801924:	03053783          	ld	a5,48(a0)
    bf801928:	00f66a63          	bltu	a2,a5,bf80193c <prvInsertTimerInActiveList+0x30>
            {
                /* The time between a command being issued and the command being
                 * processed actually exceeds the timers period.  */
                xProcessTimerNow = pdTRUE;
    bf80192c:	00100513          	li	a0,1
                vListInsert( pxCurrentTimerList, &( pxTimer->xTimerListItem ) );
            }
        }

        return xProcessTimerNow;
    }
    bf801930:	00813083          	ld	ra,8(sp)
    bf801934:	01010113          	add	sp,sp,16
    bf801938:	00008067          	ret
                vListInsert( pxOverflowTimerList, &( pxTimer->xTimerListItem ) );
    bf80193c:	00850593          	add	a1,a0,8
    bf801940:	000fe517          	auipc	a0,0xfe
    bf801944:	76053503          	ld	a0,1888(a0) # bf9000a0 <pxOverflowTimerList>
    bf801948:	80dfe0ef          	jal	bf800154 <vListInsert>
        BaseType_t xProcessTimerNow = pdFALSE;
    bf80194c:	00000513          	li	a0,0
    bf801950:	fe1ff06f          	j	bf801930 <prvInsertTimerInActiveList+0x24>
            if( ( xTimeNow < xCommandTime ) && ( xNextExpiryTime >= xCommandTime ) )
    bf801954:	00d67463          	bgeu	a2,a3,bf80195c <prvInsertTimerInActiveList+0x50>
    bf801958:	00d5fe63          	bgeu	a1,a3,bf801974 <prvInsertTimerInActiveList+0x68>
                vListInsert( pxCurrentTimerList, &( pxTimer->xTimerListItem ) );
    bf80195c:	00850593          	add	a1,a0,8
    bf801960:	000fe517          	auipc	a0,0xfe
    bf801964:	74853503          	ld	a0,1864(a0) # bf9000a8 <pxCurrentTimerList>
    bf801968:	fecfe0ef          	jal	bf800154 <vListInsert>
        BaseType_t xProcessTimerNow = pdFALSE;
    bf80196c:	00000513          	li	a0,0
    bf801970:	fc1ff06f          	j	bf801930 <prvInsertTimerInActiveList+0x24>
                xProcessTimerNow = pdTRUE;
    bf801974:	00100513          	li	a0,1
        return xProcessTimerNow;
    bf801978:	fb9ff06f          	j	bf801930 <prvInsertTimerInActiveList+0x24>

00000000bf80197c <prvCheckForValidListAndQueue>:
        pxOverflowTimerList = pxTemp;
    }
/*-----------------------------------------------------------*/

    static void prvCheckForValidListAndQueue( void )
    {
    bf80197c:	ff010113          	add	sp,sp,-16
    bf801980:	00113423          	sd	ra,8(sp)
        /* Check that the list from which active timers are referenced, and the
         * queue used to communicate with the timer service, have been
         * initialised. */
        taskENTER_CRITICAL();
    bf801984:	985ff0ef          	jal	bf801308 <vTaskEnterCritical>
        {
            if( xTimerQueue == NULL )
    bf801988:	000fe797          	auipc	a5,0xfe
    bf80198c:	7107b783          	ld	a5,1808(a5) # bf900098 <xTimerQueue>
    bf801990:	00078a63          	beqz	a5,bf8019a4 <prvCheckForValidListAndQueue+0x28>
            else
            {
                mtCOVERAGE_TEST_MARKER();
            }
        }
        taskEXIT_CRITICAL();
    bf801994:	9a5ff0ef          	jal	bf801338 <vTaskExitCritical>
    }
    bf801998:	00813083          	ld	ra,8(sp)
    bf80199c:	01010113          	add	sp,sp,16
    bf8019a0:	00008067          	ret
                vListInitialise( &xActiveTimerList1 );
    bf8019a4:	b7818513          	add	a0,gp,-1160 # bf900378 <xActiveTimerList1>
    bf8019a8:	f58fe0ef          	jal	bf800100 <vListInitialise>
                vListInitialise( &xActiveTimerList2 );
    bf8019ac:	b5018513          	add	a0,gp,-1200 # bf900350 <xActiveTimerList2>
    bf8019b0:	f50fe0ef          	jal	bf800100 <vListInitialise>
                pxCurrentTimerList = &xActiveTimerList1;
    bf8019b4:	b7818793          	add	a5,gp,-1160 # bf900378 <xActiveTimerList1>
    bf8019b8:	000fe717          	auipc	a4,0xfe
    bf8019bc:	6ef73823          	sd	a5,1776(a4) # bf9000a8 <pxCurrentTimerList>
                pxOverflowTimerList = &xActiveTimerList2;
    bf8019c0:	b5018793          	add	a5,gp,-1200 # bf900350 <xActiveTimerList2>
    bf8019c4:	000fe717          	auipc	a4,0xfe
    bf8019c8:	6cf73e23          	sd	a5,1756(a4) # bf9000a0 <pxOverflowTimerList>
                        xTimerQueue = xQueueCreate( ( UBaseType_t ) configTIMER_QUEUE_LENGTH, sizeof( DaemonTaskMessage_t ) );
    bf8019cc:	00000613          	li	a2,0
    bf8019d0:	02000593          	li	a1,32
    bf8019d4:	00600513          	li	a0,6
    bf8019d8:	b99fe0ef          	jal	bf800570 <xQueueGenericCreate>
    bf8019dc:	000fe797          	auipc	a5,0xfe
    bf8019e0:	6aa7be23          	sd	a0,1724(a5) # bf900098 <xTimerQueue>
                        if( xTimerQueue != NULL )
    bf8019e4:	fa0508e3          	beqz	a0,bf801994 <prvCheckForValidListAndQueue+0x18>
                            vQueueAddToRegistry( xTimerQueue, "TmrQ" );
    bf8019e8:	00001597          	auipc	a1,0x1
    bf8019ec:	4c058593          	add	a1,a1,1216 # bf802ea8 <memset+0xb6>
    bf8019f0:	fadfe0ef          	jal	bf80099c <vQueueAddToRegistry>
    bf8019f4:	fa1ff06f          	j	bf801994 <prvCheckForValidListAndQueue+0x18>

00000000bf8019f8 <xTimerCreateTimerTask>:
    {
    bf8019f8:	ff010113          	add	sp,sp,-16
    bf8019fc:	00113423          	sd	ra,8(sp)
        prvCheckForValidListAndQueue();
    bf801a00:	f7dff0ef          	jal	bf80197c <prvCheckForValidListAndQueue>
        if( xTimerQueue != NULL )
    bf801a04:	000fe797          	auipc	a5,0xfe
    bf801a08:	6947b783          	ld	a5,1684(a5) # bf900098 <xTimerQueue>
    bf801a0c:	02078c63          	beqz	a5,bf801a44 <xTimerCreateTimerTask+0x4c>
                    xReturn = xTaskCreate( prvTimerTask,
    bf801a10:	000fe797          	auipc	a5,0xfe
    bf801a14:	68078793          	add	a5,a5,1664 # bf900090 <xTimerTaskHandle>
    bf801a18:	00600713          	li	a4,6
    bf801a1c:	00000693          	li	a3,0
    bf801a20:	06e00613          	li	a2,110
    bf801a24:	00001597          	auipc	a1,0x1
    bf801a28:	48c58593          	add	a1,a1,1164 # bf802eb0 <memset+0xbe>
    bf801a2c:	00000517          	auipc	a0,0x0
    bf801a30:	4d450513          	add	a0,a0,1236 # bf801f00 <prvTimerTask>
    bf801a34:	a61ff0ef          	jal	bf801494 <xTaskCreate>
    }
    bf801a38:	00813083          	ld	ra,8(sp)
    bf801a3c:	01010113          	add	sp,sp,16
    bf801a40:	00008067          	ret
        BaseType_t xReturn = pdFAIL;
    bf801a44:	00000513          	li	a0,0
        return xReturn;
    bf801a48:	ff1ff06f          	j	bf801a38 <xTimerCreateTimerTask+0x40>

00000000bf801a4c <xTimerGenericCommand>:
    {
    bf801a4c:	fd010113          	add	sp,sp,-48
    bf801a50:	02113423          	sd	ra,40(sp)
    bf801a54:	02813023          	sd	s0,32(sp)
    bf801a58:	00070413          	mv	s0,a4
        if( xTimerQueue != NULL )
    bf801a5c:	000fe717          	auipc	a4,0xfe
    bf801a60:	63c73703          	ld	a4,1596(a4) # bf900098 <xTimerQueue>
    bf801a64:	08070263          	beqz	a4,bf801ae8 <xTimerGenericCommand+0x9c>
    bf801a68:	00068793          	mv	a5,a3
            xMessage.xMessageID = xCommandID;
    bf801a6c:	00b13023          	sd	a1,0(sp)
            xMessage.u.xTimerParameters.xMessageValue = xOptionalValue;
    bf801a70:	00c13423          	sd	a2,8(sp)
            xMessage.u.xTimerParameters.pxTimer = xTimer;
    bf801a74:	00a13823          	sd	a0,16(sp)
            if( xCommandID < tmrFIRST_FROM_ISR_COMMAND )
    bf801a78:	00500693          	li	a3,5
    bf801a7c:	04b6c463          	blt	a3,a1,bf801ac4 <xTimerGenericCommand+0x78>
                if( xTaskGetSchedulerState() == taskSCHEDULER_RUNNING )
    bf801a80:	f74ff0ef          	jal	bf8011f4 <xTaskGetSchedulerState>
    bf801a84:	00200793          	li	a5,2
    bf801a88:	02f50063          	beq	a0,a5,bf801aa8 <xTimerGenericCommand+0x5c>
                    xReturn = xQueueSendToBack( xTimerQueue, &xMessage, tmrNO_DELAY );
    bf801a8c:	00000693          	li	a3,0
    bf801a90:	00000613          	li	a2,0
    bf801a94:	00010593          	mv	a1,sp
    bf801a98:	000fe517          	auipc	a0,0xfe
    bf801a9c:	60053503          	ld	a0,1536(a0) # bf900098 <xTimerQueue>
    bf801aa0:	b41fe0ef          	jal	bf8005e0 <xQueueGenericSend>
    bf801aa4:	0340006f          	j	bf801ad8 <xTimerGenericCommand+0x8c>
                    xReturn = xQueueSendToBack( xTimerQueue, &xMessage, xTicksToWait );
    bf801aa8:	00000693          	li	a3,0
    bf801aac:	00040613          	mv	a2,s0
    bf801ab0:	00010593          	mv	a1,sp
    bf801ab4:	000fe517          	auipc	a0,0xfe
    bf801ab8:	5e453503          	ld	a0,1508(a0) # bf900098 <xTimerQueue>
    bf801abc:	b25fe0ef          	jal	bf8005e0 <xQueueGenericSend>
    bf801ac0:	0180006f          	j	bf801ad8 <xTimerGenericCommand+0x8c>
                xReturn = xQueueSendToBackFromISR( xTimerQueue, &xMessage, pxHigherPriorityTaskWoken );
    bf801ac4:	00000693          	li	a3,0
    bf801ac8:	00078613          	mv	a2,a5
    bf801acc:	00010593          	mv	a1,sp
    bf801ad0:	00070513          	mv	a0,a4
    bf801ad4:	c8dfe0ef          	jal	bf800760 <xQueueGenericSendFromISR>
    }
    bf801ad8:	02813083          	ld	ra,40(sp)
    bf801adc:	02013403          	ld	s0,32(sp)
    bf801ae0:	03010113          	add	sp,sp,48
    bf801ae4:	00008067          	ret
        BaseType_t xReturn = pdFAIL;
    bf801ae8:	00000513          	li	a0,0
        return xReturn;
    bf801aec:	fedff06f          	j	bf801ad8 <xTimerGenericCommand+0x8c>

00000000bf801af0 <prvSwitchTimerLists>:
        while( listLIST_IS_EMPTY( pxCurrentTimerList ) == pdFALSE )
    bf801af0:	000fe797          	auipc	a5,0xfe
    bf801af4:	5b87b783          	ld	a5,1464(a5) # bf9000a8 <pxCurrentTimerList>
    bf801af8:	0007b703          	ld	a4,0(a5)
    bf801afc:	0c070663          	beqz	a4,bf801bc8 <prvSwitchTimerLists+0xd8>
    {
    bf801b00:	fe010113          	add	sp,sp,-32
    bf801b04:	00113c23          	sd	ra,24(sp)
    bf801b08:	00813823          	sd	s0,16(sp)
    bf801b0c:	00913423          	sd	s1,8(sp)
    bf801b10:	01213023          	sd	s2,0(sp)
            xNextExpireTime = listGET_ITEM_VALUE_OF_HEAD_ENTRY( pxCurrentTimerList );
    bf801b14:	0187b783          	ld	a5,24(a5)
    bf801b18:	0007b903          	ld	s2,0(a5)
            pxTimer = ( Timer_t * ) listGET_OWNER_OF_HEAD_ENTRY( pxCurrentTimerList ); /*lint !e9087 !e9079 void * is used as this macro is used with tasks and co-routines too.  Alignment is known to be fine as the type of the pointer stored and retrieved is the same. */
    bf801b1c:	0187b403          	ld	s0,24(a5)
            ( void ) uxListRemove( &( pxTimer->xTimerListItem ) );
    bf801b20:	00840493          	add	s1,s0,8
    bf801b24:	00048513          	mv	a0,s1
    bf801b28:	e7cfe0ef          	jal	bf8001a4 <uxListRemove>
            pxTimer->pxCallbackFunction( ( TimerHandle_t ) pxTimer );
    bf801b2c:	04043783          	ld	a5,64(s0)
    bf801b30:	00040513          	mv	a0,s0
    bf801b34:	000780e7          	jalr	a5
            if( ( pxTimer->ucStatus & tmrSTATUS_IS_AUTORELOAD ) != 0 )
    bf801b38:	05044783          	lbu	a5,80(s0)
    bf801b3c:	0047f793          	and	a5,a5,4
    bf801b40:	04079263          	bnez	a5,bf801b84 <prvSwitchTimerLists+0x94>
        while( listLIST_IS_EMPTY( pxCurrentTimerList ) == pdFALSE )
    bf801b44:	000fe797          	auipc	a5,0xfe
    bf801b48:	5647b783          	ld	a5,1380(a5) # bf9000a8 <pxCurrentTimerList>
    bf801b4c:	0007b703          	ld	a4,0(a5)
    bf801b50:	fc0712e3          	bnez	a4,bf801b14 <prvSwitchTimerLists+0x24>
        pxCurrentTimerList = pxOverflowTimerList;
    bf801b54:	000fe717          	auipc	a4,0xfe
    bf801b58:	54c70713          	add	a4,a4,1356 # bf9000a0 <pxOverflowTimerList>
    bf801b5c:	00073683          	ld	a3,0(a4)
    bf801b60:	000fe617          	auipc	a2,0xfe
    bf801b64:	54d63423          	sd	a3,1352(a2) # bf9000a8 <pxCurrentTimerList>
        pxOverflowTimerList = pxTemp;
    bf801b68:	00f73023          	sd	a5,0(a4)
    }
    bf801b6c:	01813083          	ld	ra,24(sp)
    bf801b70:	01013403          	ld	s0,16(sp)
    bf801b74:	00813483          	ld	s1,8(sp)
    bf801b78:	00013903          	ld	s2,0(sp)
    bf801b7c:	02010113          	add	sp,sp,32
    bf801b80:	00008067          	ret
                xReloadTime = ( xNextExpireTime + pxTimer->xTimerPeriodInTicks );
    bf801b84:	03043783          	ld	a5,48(s0)
    bf801b88:	012787b3          	add	a5,a5,s2
                if( xReloadTime > xNextExpireTime )
    bf801b8c:	02f97063          	bgeu	s2,a5,bf801bac <prvSwitchTimerLists+0xbc>
                    listSET_LIST_ITEM_VALUE( &( pxTimer->xTimerListItem ), xReloadTime );
    bf801b90:	00f43423          	sd	a5,8(s0)
                    listSET_LIST_ITEM_OWNER( &( pxTimer->xTimerListItem ), pxTimer );
    bf801b94:	02843023          	sd	s0,32(s0)
                    vListInsert( pxCurrentTimerList, &( pxTimer->xTimerListItem ) );
    bf801b98:	00048593          	mv	a1,s1
    bf801b9c:	000fe517          	auipc	a0,0xfe
    bf801ba0:	50c53503          	ld	a0,1292(a0) # bf9000a8 <pxCurrentTimerList>
    bf801ba4:	db0fe0ef          	jal	bf800154 <vListInsert>
    bf801ba8:	f9dff06f          	j	bf801b44 <prvSwitchTimerLists+0x54>
                    xResult = xTimerGenericCommand( pxTimer, tmrCOMMAND_START_DONT_TRACE, xNextExpireTime, NULL, tmrNO_DELAY );
    bf801bac:	00000713          	li	a4,0
    bf801bb0:	00000693          	li	a3,0
    bf801bb4:	00090613          	mv	a2,s2
    bf801bb8:	00000593          	li	a1,0
    bf801bbc:	00040513          	mv	a0,s0
    bf801bc0:	e8dff0ef          	jal	bf801a4c <xTimerGenericCommand>
    bf801bc4:	f81ff06f          	j	bf801b44 <prvSwitchTimerLists+0x54>
        pxCurrentTimerList = pxOverflowTimerList;
    bf801bc8:	000fe717          	auipc	a4,0xfe
    bf801bcc:	4d870713          	add	a4,a4,1240 # bf9000a0 <pxOverflowTimerList>
    bf801bd0:	00073683          	ld	a3,0(a4)
    bf801bd4:	000fe617          	auipc	a2,0xfe
    bf801bd8:	4cd63a23          	sd	a3,1236(a2) # bf9000a8 <pxCurrentTimerList>
        pxOverflowTimerList = pxTemp;
    bf801bdc:	00f73023          	sd	a5,0(a4)
    bf801be0:	00008067          	ret

00000000bf801be4 <prvSampleTimeNow>:
    {
    bf801be4:	fe010113          	add	sp,sp,-32
    bf801be8:	00113c23          	sd	ra,24(sp)
    bf801bec:	00813823          	sd	s0,16(sp)
    bf801bf0:	00913423          	sd	s1,8(sp)
    bf801bf4:	00050493          	mv	s1,a0
        xTimeNow = xTaskGetTickCount();
    bf801bf8:	9dcff0ef          	jal	bf800dd4 <xTaskGetTickCount>
    bf801bfc:	00050413          	mv	s0,a0
        if( xTimeNow < xLastTime )
    bf801c00:	000fe797          	auipc	a5,0xfe
    bf801c04:	4887b783          	ld	a5,1160(a5) # bf900088 <xLastTime.0>
    bf801c08:	02f56463          	bltu	a0,a5,bf801c30 <prvSampleTimeNow+0x4c>
            *pxTimerListsWereSwitched = pdFALSE;
    bf801c0c:	0004b023          	sd	zero,0(s1)
        xLastTime = xTimeNow;
    bf801c10:	000fe797          	auipc	a5,0xfe
    bf801c14:	4687bc23          	sd	s0,1144(a5) # bf900088 <xLastTime.0>
    }
    bf801c18:	00040513          	mv	a0,s0
    bf801c1c:	01813083          	ld	ra,24(sp)
    bf801c20:	01013403          	ld	s0,16(sp)
    bf801c24:	00813483          	ld	s1,8(sp)
    bf801c28:	02010113          	add	sp,sp,32
    bf801c2c:	00008067          	ret
            prvSwitchTimerLists();
    bf801c30:	ec1ff0ef          	jal	bf801af0 <prvSwitchTimerLists>
            *pxTimerListsWereSwitched = pdTRUE;
    bf801c34:	00100793          	li	a5,1
    bf801c38:	00f4b023          	sd	a5,0(s1)
    bf801c3c:	fd5ff06f          	j	bf801c10 <prvSampleTimeNow+0x2c>

00000000bf801c40 <prvProcessExpiredTimer>:
    {
    bf801c40:	fe010113          	add	sp,sp,-32
    bf801c44:	00113c23          	sd	ra,24(sp)
    bf801c48:	00813823          	sd	s0,16(sp)
    bf801c4c:	00913423          	sd	s1,8(sp)
    bf801c50:	01213023          	sd	s2,0(sp)
    bf801c54:	00050493          	mv	s1,a0
    bf801c58:	00058913          	mv	s2,a1
        Timer_t * const pxTimer = ( Timer_t * ) listGET_OWNER_OF_HEAD_ENTRY( pxCurrentTimerList ); /*lint !e9087 !e9079 void * is used as this macro is used with tasks and co-routines too.  Alignment is known to be fine as the type of the pointer stored and retrieved is the same. */
    bf801c5c:	000fe797          	auipc	a5,0xfe
    bf801c60:	44c7b783          	ld	a5,1100(a5) # bf9000a8 <pxCurrentTimerList>
    bf801c64:	0187b783          	ld	a5,24(a5)
    bf801c68:	0187b403          	ld	s0,24(a5)
        ( void ) uxListRemove( &( pxTimer->xTimerListItem ) );
    bf801c6c:	00840513          	add	a0,s0,8
    bf801c70:	d34fe0ef          	jal	bf8001a4 <uxListRemove>
        if( ( pxTimer->ucStatus & tmrSTATUS_IS_AUTORELOAD ) != 0 )
    bf801c74:	05044783          	lbu	a5,80(s0)
    bf801c78:	0047f713          	and	a4,a5,4
    bf801c7c:	02071863          	bnez	a4,bf801cac <prvProcessExpiredTimer+0x6c>
            pxTimer->ucStatus &= ~tmrSTATUS_IS_ACTIVE;
    bf801c80:	ffe7f793          	and	a5,a5,-2
    bf801c84:	04f40823          	sb	a5,80(s0)
        pxTimer->pxCallbackFunction( ( TimerHandle_t ) pxTimer );
    bf801c88:	04043783          	ld	a5,64(s0)
    bf801c8c:	00040513          	mv	a0,s0
    bf801c90:	000780e7          	jalr	a5
    }
    bf801c94:	01813083          	ld	ra,24(sp)
    bf801c98:	01013403          	ld	s0,16(sp)
    bf801c9c:	00813483          	ld	s1,8(sp)
    bf801ca0:	00013903          	ld	s2,0(sp)
    bf801ca4:	02010113          	add	sp,sp,32
    bf801ca8:	00008067          	ret
            if( prvInsertTimerInActiveList( pxTimer, ( xNextExpireTime + pxTimer->xTimerPeriodInTicks ), xTimeNow, xNextExpireTime ) != pdFALSE )
    bf801cac:	03043583          	ld	a1,48(s0)
    bf801cb0:	00048693          	mv	a3,s1
    bf801cb4:	00090613          	mv	a2,s2
    bf801cb8:	009585b3          	add	a1,a1,s1
    bf801cbc:	00040513          	mv	a0,s0
    bf801cc0:	c4dff0ef          	jal	bf80190c <prvInsertTimerInActiveList>
    bf801cc4:	fc0502e3          	beqz	a0,bf801c88 <prvProcessExpiredTimer+0x48>
                xResult = xTimerGenericCommand( pxTimer, tmrCOMMAND_START_DONT_TRACE, xNextExpireTime, NULL, tmrNO_DELAY );
    bf801cc8:	00000713          	li	a4,0
    bf801ccc:	00000693          	li	a3,0
    bf801cd0:	00048613          	mv	a2,s1
    bf801cd4:	00000593          	li	a1,0
    bf801cd8:	00040513          	mv	a0,s0
    bf801cdc:	d71ff0ef          	jal	bf801a4c <xTimerGenericCommand>
                ( void ) xResult;
    bf801ce0:	fa9ff06f          	j	bf801c88 <prvProcessExpiredTimer+0x48>

00000000bf801ce4 <prvProcessTimerOrBlockTask>:
    {
    bf801ce4:	fd010113          	add	sp,sp,-48
    bf801ce8:	02113423          	sd	ra,40(sp)
    bf801cec:	02813023          	sd	s0,32(sp)
    bf801cf0:	00913c23          	sd	s1,24(sp)
    bf801cf4:	01213823          	sd	s2,16(sp)
    bf801cf8:	00050913          	mv	s2,a0
    bf801cfc:	00058413          	mv	s0,a1
        vTaskSuspendAll();
    bf801d00:	8bcff0ef          	jal	bf800dbc <vTaskSuspendAll>
            xTimeNow = prvSampleTimeNow( &xTimerListsWereSwitched );
    bf801d04:	00810513          	add	a0,sp,8
    bf801d08:	eddff0ef          	jal	bf801be4 <prvSampleTimeNow>
            if( xTimerListsWereSwitched == pdFALSE )
    bf801d0c:	00813783          	ld	a5,8(sp)
    bf801d10:	08079263          	bnez	a5,bf801d94 <prvProcessTimerOrBlockTask+0xb0>
    bf801d14:	00050493          	mv	s1,a0
                if( ( xListWasEmpty == pdFALSE ) && ( xNextExpireTime <= xTimeNow ) )
    bf801d18:	04041863          	bnez	s0,bf801d68 <prvProcessTimerOrBlockTask+0x84>
    bf801d1c:	03257c63          	bgeu	a0,s2,bf801d54 <prvProcessTimerOrBlockTask+0x70>
                    vQueueWaitForMessageRestricted( xTimerQueue, ( xNextExpireTime - xTimeNow ), xListWasEmpty );
    bf801d20:	00040613          	mv	a2,s0
    bf801d24:	409905b3          	sub	a1,s2,s1
    bf801d28:	000fe517          	auipc	a0,0xfe
    bf801d2c:	37053503          	ld	a0,880(a0) # bf900098 <xTimerQueue>
    bf801d30:	cb5fe0ef          	jal	bf8009e4 <vQueueWaitForMessageRestricted>
                    if( xTaskResumeAll() == pdFALSE )
    bf801d34:	94dff0ef          	jal	bf801680 <xTaskResumeAll>
    bf801d38:	04050863          	beqz	a0,bf801d88 <prvProcessTimerOrBlockTask+0xa4>
    }
    bf801d3c:	02813083          	ld	ra,40(sp)
    bf801d40:	02013403          	ld	s0,32(sp)
    bf801d44:	01813483          	ld	s1,24(sp)
    bf801d48:	01013903          	ld	s2,16(sp)
    bf801d4c:	03010113          	add	sp,sp,48
    bf801d50:	00008067          	ret
                    ( void ) xTaskResumeAll();
    bf801d54:	92dff0ef          	jal	bf801680 <xTaskResumeAll>
                    prvProcessExpiredTimer( xNextExpireTime, xTimeNow );
    bf801d58:	00048593          	mv	a1,s1
    bf801d5c:	00090513          	mv	a0,s2
    bf801d60:	ee1ff0ef          	jal	bf801c40 <prvProcessExpiredTimer>
    bf801d64:	fd9ff06f          	j	bf801d3c <prvProcessTimerOrBlockTask+0x58>
                        xListWasEmpty = listLIST_IS_EMPTY( pxOverflowTimerList );
    bf801d68:	000fe717          	auipc	a4,0xfe
    bf801d6c:	33873703          	ld	a4,824(a4) # bf9000a0 <pxOverflowTimerList>
    bf801d70:	00073703          	ld	a4,0(a4)
    bf801d74:	00071663          	bnez	a4,bf801d80 <prvProcessTimerOrBlockTask+0x9c>
    bf801d78:	00100413          	li	s0,1
    bf801d7c:	fa5ff06f          	j	bf801d20 <prvProcessTimerOrBlockTask+0x3c>
    bf801d80:	00078413          	mv	s0,a5
    bf801d84:	f9dff06f          	j	bf801d20 <prvProcessTimerOrBlockTask+0x3c>
                        portYIELD_WITHIN_API();
    bf801d88:	08000513          	li	a0,128
    bf801d8c:	6e8000ef          	jal	bf802474 <sbi_send_ipi>
    bf801d90:	fadff06f          	j	bf801d3c <prvProcessTimerOrBlockTask+0x58>
                ( void ) xTaskResumeAll();
    bf801d94:	8edff0ef          	jal	bf801680 <xTaskResumeAll>
    }
    bf801d98:	fa5ff06f          	j	bf801d3c <prvProcessTimerOrBlockTask+0x58>

00000000bf801d9c <prvProcessReceivedCommands>:
    {
    bf801d9c:	fc010113          	add	sp,sp,-64
    bf801da0:	02113c23          	sd	ra,56(sp)
    bf801da4:	02813823          	sd	s0,48(sp)
        while( xQueueReceive( xTimerQueue, &xMessage, tmrNO_DELAY ) != pdFAIL ) /*lint !e603 xMessage does not have to be initialised as it is passed out, not in, and it is not used unless xQueueReceive() returns pdTRUE. */
    bf801da8:	00c0006f          	j	bf801db4 <prvProcessReceivedCommands+0x18>
            if( xMessage.xMessageID >= ( BaseType_t ) 0 )
    bf801dac:	01013783          	ld	a5,16(sp)
    bf801db0:	0207dc63          	bgez	a5,bf801de8 <prvProcessReceivedCommands+0x4c>
        while( xQueueReceive( xTimerQueue, &xMessage, tmrNO_DELAY ) != pdFAIL ) /*lint !e603 xMessage does not have to be initialised as it is passed out, not in, and it is not used unless xQueueReceive() returns pdTRUE. */
    bf801db4:	00000613          	li	a2,0
    bf801db8:	01010593          	add	a1,sp,16
    bf801dbc:	000fe517          	auipc	a0,0xfe
    bf801dc0:	2dc53503          	ld	a0,732(a0) # bf900098 <xTimerQueue>
    bf801dc4:	a65fe0ef          	jal	bf800828 <xQueueReceive>
    bf801dc8:	12050463          	beqz	a0,bf801ef0 <prvProcessReceivedCommands+0x154>
                    if( xMessage.xMessageID < ( BaseType_t ) 0 )
    bf801dcc:	01013783          	ld	a5,16(sp)
    bf801dd0:	fc07dee3          	bgez	a5,bf801dac <prvProcessReceivedCommands+0x10>
                        pxCallback->pxCallbackFunction( pxCallback->pvParameter1, pxCallback->ulParameter2 );
    bf801dd4:	02812583          	lw	a1,40(sp)
    bf801dd8:	02013503          	ld	a0,32(sp)
    bf801ddc:	01813783          	ld	a5,24(sp)
    bf801de0:	000780e7          	jalr	a5
    bf801de4:	fc9ff06f          	j	bf801dac <prvProcessReceivedCommands+0x10>
                pxTimer = xMessage.u.xTimerParameters.pxTimer;
    bf801de8:	02013403          	ld	s0,32(sp)
                if( listIS_CONTAINED_WITHIN( NULL, &( pxTimer->xTimerListItem ) ) == pdFALSE ) /*lint !e961. The cast is only redundant when NULL is passed into the macro. */
    bf801dec:	02843783          	ld	a5,40(s0)
    bf801df0:	00078663          	beqz	a5,bf801dfc <prvProcessReceivedCommands+0x60>
                    ( void ) uxListRemove( &( pxTimer->xTimerListItem ) );
    bf801df4:	00840513          	add	a0,s0,8
    bf801df8:	bacfe0ef          	jal	bf8001a4 <uxListRemove>
                xTimeNow = prvSampleTimeNow( &xTimerListsWereSwitched );
    bf801dfc:	00810513          	add	a0,sp,8
    bf801e00:	de5ff0ef          	jal	bf801be4 <prvSampleTimeNow>
                switch( xMessage.xMessageID )
    bf801e04:	01013783          	ld	a5,16(sp)
    bf801e08:	00900713          	li	a4,9
    bf801e0c:	faf764e3          	bltu	a4,a5,bf801db4 <prvProcessReceivedCommands+0x18>
    bf801e10:	00279793          	sll	a5,a5,0x2
    bf801e14:	00001717          	auipc	a4,0x1
    bf801e18:	0a470713          	add	a4,a4,164 # bf802eb8 <memset+0xc6>
    bf801e1c:	00e787b3          	add	a5,a5,a4
    bf801e20:	0007a783          	lw	a5,0(a5)
    bf801e24:	00e787b3          	add	a5,a5,a4
    bf801e28:	00078067          	jr	a5
                        pxTimer->ucStatus |= tmrSTATUS_IS_ACTIVE;
    bf801e2c:	05044783          	lbu	a5,80(s0)
    bf801e30:	0017e793          	or	a5,a5,1
    bf801e34:	04f40823          	sb	a5,80(s0)
                        if( prvInsertTimerInActiveList( pxTimer, xMessage.u.xTimerParameters.xMessageValue + pxTimer->xTimerPeriodInTicks, xTimeNow, xMessage.u.xTimerParameters.xMessageValue ) != pdFALSE )
    bf801e38:	01813683          	ld	a3,24(sp)
    bf801e3c:	03043583          	ld	a1,48(s0)
    bf801e40:	00050613          	mv	a2,a0
    bf801e44:	00b685b3          	add	a1,a3,a1
    bf801e48:	00040513          	mv	a0,s0
    bf801e4c:	ac1ff0ef          	jal	bf80190c <prvInsertTimerInActiveList>
    bf801e50:	f60502e3          	beqz	a0,bf801db4 <prvProcessReceivedCommands+0x18>
                            pxTimer->pxCallbackFunction( ( TimerHandle_t ) pxTimer );
    bf801e54:	04043783          	ld	a5,64(s0)
    bf801e58:	00040513          	mv	a0,s0
    bf801e5c:	000780e7          	jalr	a5
                            if( ( pxTimer->ucStatus & tmrSTATUS_IS_AUTORELOAD ) != 0 )
    bf801e60:	05044783          	lbu	a5,80(s0)
    bf801e64:	0047f793          	and	a5,a5,4
    bf801e68:	f40786e3          	beqz	a5,bf801db4 <prvProcessReceivedCommands+0x18>
                                xResult = xTimerGenericCommand( pxTimer, tmrCOMMAND_START_DONT_TRACE, xMessage.u.xTimerParameters.xMessageValue + pxTimer->xTimerPeriodInTicks, NULL, tmrNO_DELAY );
    bf801e6c:	03043783          	ld	a5,48(s0)
    bf801e70:	00000713          	li	a4,0
    bf801e74:	00000693          	li	a3,0
    bf801e78:	01813603          	ld	a2,24(sp)
    bf801e7c:	00f60633          	add	a2,a2,a5
    bf801e80:	00000593          	li	a1,0
    bf801e84:	00040513          	mv	a0,s0
    bf801e88:	bc5ff0ef          	jal	bf801a4c <xTimerGenericCommand>
                                ( void ) xResult;
    bf801e8c:	f29ff06f          	j	bf801db4 <prvProcessReceivedCommands+0x18>
                        pxTimer->ucStatus &= ~tmrSTATUS_IS_ACTIVE;
    bf801e90:	05044783          	lbu	a5,80(s0)
    bf801e94:	ffe7f793          	and	a5,a5,-2
    bf801e98:	04f40823          	sb	a5,80(s0)
                        break;
    bf801e9c:	f19ff06f          	j	bf801db4 <prvProcessReceivedCommands+0x18>
                        pxTimer->ucStatus |= tmrSTATUS_IS_ACTIVE;
    bf801ea0:	05044783          	lbu	a5,80(s0)
    bf801ea4:	0017e793          	or	a5,a5,1
    bf801ea8:	04f40823          	sb	a5,80(s0)
                        pxTimer->xTimerPeriodInTicks = xMessage.u.xTimerParameters.xMessageValue;
    bf801eac:	01813583          	ld	a1,24(sp)
    bf801eb0:	02b43823          	sd	a1,48(s0)
                        ( void ) prvInsertTimerInActiveList( pxTimer, ( xTimeNow + pxTimer->xTimerPeriodInTicks ), xTimeNow, xTimeNow );
    bf801eb4:	00050693          	mv	a3,a0
    bf801eb8:	00050613          	mv	a2,a0
    bf801ebc:	00a585b3          	add	a1,a1,a0
    bf801ec0:	00040513          	mv	a0,s0
    bf801ec4:	a49ff0ef          	jal	bf80190c <prvInsertTimerInActiveList>
                        break;
    bf801ec8:	eedff06f          	j	bf801db4 <prvProcessReceivedCommands+0x18>
                                if( ( pxTimer->ucStatus & tmrSTATUS_IS_STATICALLY_ALLOCATED ) == ( uint8_t ) 0 )
    bf801ecc:	05044783          	lbu	a5,80(s0)
    bf801ed0:	0027f713          	and	a4,a5,2
    bf801ed4:	00070863          	beqz	a4,bf801ee4 <prvProcessReceivedCommands+0x148>
                                    pxTimer->ucStatus &= ~tmrSTATUS_IS_ACTIVE;
    bf801ed8:	ffe7f793          	and	a5,a5,-2
    bf801edc:	04f40823          	sb	a5,80(s0)
    bf801ee0:	ed5ff06f          	j	bf801db4 <prvProcessReceivedCommands+0x18>
                                    vPortFree( pxTimer );
    bf801ee4:	00040513          	mv	a0,s0
    bf801ee8:	358000ef          	jal	bf802240 <vPortFree>
    bf801eec:	ec9ff06f          	j	bf801db4 <prvProcessReceivedCommands+0x18>
    }
    bf801ef0:	03813083          	ld	ra,56(sp)
    bf801ef4:	03013403          	ld	s0,48(sp)
    bf801ef8:	04010113          	add	sp,sp,64
    bf801efc:	00008067          	ret

00000000bf801f00 <prvTimerTask>:
    {
    bf801f00:	fe010113          	add	sp,sp,-32
    bf801f04:	00113c23          	sd	ra,24(sp)
            xNextExpireTime = prvGetNextExpireTime( &xListWasEmpty );
    bf801f08:	00810513          	add	a0,sp,8
    bf801f0c:	9c9ff0ef          	jal	bf8018d4 <prvGetNextExpireTime>
            prvProcessTimerOrBlockTask( xNextExpireTime, xListWasEmpty );
    bf801f10:	00813583          	ld	a1,8(sp)
    bf801f14:	dd1ff0ef          	jal	bf801ce4 <prvProcessTimerOrBlockTask>
            prvProcessReceivedCommands();
    bf801f18:	e85ff0ef          	jal	bf801d9c <prvProcessReceivedCommands>
        for( ; ; )
    bf801f1c:	fedff06f          	j	bf801f08 <prvTimerTask+0x8>

00000000bf801f20 <get_ticks>:
/*-----------------------------------------------------------*/

static uint64_t get_ticks()
{
    static volatile uint64_t time_elapsed = 0;
    __asm__ __volatile__(
    bf801f20:	c0102773          	rdtime	a4
    bf801f24:	000fe797          	auipc	a5,0xfe
    bf801f28:	18c78793          	add	a5,a5,396 # bf9000b0 <time_elapsed.0>
    bf801f2c:	00e7b023          	sd	a4,0(a5)
        "rdtime %0"
        : "=r"(time_elapsed));
    return time_elapsed;
    bf801f30:	0007b503          	ld	a0,0(a5)
}
    bf801f34:	00008067          	ret

00000000bf801f38 <vPortSetupTimerInterrupt>:

/*-----------------------------------------------------------*/

/*-----------------------------------------------------------*/
void vPortSetupTimerInterrupt( void )
{
    bf801f38:	ff010113          	add	sp,sp,-16
    bf801f3c:	00113423          	sd	ra,8(sp)
	/* 通过sbi设置下次tick中断 */
	sbi_set_timer(get_ticks() + uxTimerIncrementsForOneTick);
    bf801f40:	fe1ff0ef          	jal	bf801f20 <get_ticks>
    bf801f44:	000187b7          	lui	a5,0x18
    bf801f48:	6a078793          	add	a5,a5,1696 # 186a0 <__stack_size+0x146a0>
    bf801f4c:	00f50533          	add	a0,a0,a5
    bf801f50:	4b0000ef          	jal	bf802400 <sbi_set_timer>
}
    bf801f54:	00813083          	ld	ra,8(sp)
    bf801f58:	01010113          	add	sp,sp,16
    bf801f5c:	00008067          	ret

00000000bf801f60 <vPortClearIpiInterrupt>:
/*-------------------------------------------------------*/

/*-----------------------------------------------------------*/

void vPortClearIpiInterrupt( void )
{
    bf801f60:	ff010113          	add	sp,sp,-16
    bf801f64:	00113423          	sd	ra,8(sp)
	/* 通过sbi清除软中断，在软中断服务函数中调用 */
	extern void sbi_clear_ipi(void);
	sbi_clear_ipi();
    bf801f68:	4d4000ef          	jal	bf80243c <sbi_clear_ipi>
}
    bf801f6c:	00813083          	ld	ra,8(sp)
    bf801f70:	01010113          	add	sp,sp,16
    bf801f74:	00008067          	ret

00000000bf801f78 <xPortStartScheduler>:

/*-----------------------------------------------------------*/
BaseType_t xPortStartScheduler( void )
{
    bf801f78:	ff010113          	add	sp,sp,-16
    bf801f7c:	00113423          	sd	ra,8(sp)
		#endif	 /* configISR_STACK_SIZE_WORDS */
	}
	#endif /* configASSERT_DEFINED */

	 /* 通过sbi设置Timer为滴答时钟 */
	vPortSetupTimerInterrupt();
    bf801f80:	fb9ff0ef          	jal	bf801f38 <vPortSetupTimerInterrupt>
   	/* 使能SIE中S模式Timer中断和Soft中断，注意此处使能并不会立即响应
	xPortStartFirstTask中将打开全局使能 */
    csr_set(CSR_SIE, SIP_STIP);
    bf801f84:	02000793          	li	a5,32
    bf801f88:	1047a073          	csrs	sie,a5
    csr_set(CSR_SIE, SIP_SSIP);
    bf801f8c:	10416073          	csrs	sie,2
	
	//启动第一个任务
	xPortStartFirstTask();
    bf801f90:	371000ef          	jal	bf802b00 <xPortStartFirstTask>

	/* Should not get here as after calling xPortStartFirstTask() only tasks
	should be executing. */
	return pdFAIL;
}
    bf801f94:	00000513          	li	a0,0
    bf801f98:	00813083          	ld	ra,8(sp)
    bf801f9c:	01010113          	add	sp,sp,16
    bf801fa0:	00008067          	ret

00000000bf801fa4 <prvTaskExitError>:

	Artificially force an assert() to be triggered if configASSERT() is
	defined, then stop here so application writers can catch the error. */
	configASSERT( ulPortInterruptNesting == ~0UL );
	//关闭中断
	portDISABLE_INTERRUPTS();
    bf801fa4:	10017073          	csrc	sstatus,2
	for( ;; );
    bf801fa8:	0000006f          	j	bf801fa8 <prvTaskExitError+0x4>

00000000bf801fac <prvHeapInit>:
    uint8_t * pucAlignedHeap;
    size_t uxAddress;
    size_t xTotalHeapSize = configTOTAL_HEAP_SIZE;

    /* Ensure the heap starts on a correctly aligned boundary. */
    uxAddress = ( size_t ) ucHeap;
    bf801fac:	00102717          	auipc	a4,0x102
    bf801fb0:	40470713          	add	a4,a4,1028 # bf9043b0 <ucHeap>

    if( ( uxAddress & portBYTE_ALIGNMENT_MASK ) != 0 )
    bf801fb4:	00f77793          	and	a5,a4,15
    bf801fb8:	08078063          	beqz	a5,bf802038 <prvHeapInit+0x8c>
    {
        uxAddress += ( portBYTE_ALIGNMENT - 1 );
    bf801fbc:	00102697          	auipc	a3,0x102
    bf801fc0:	40368693          	add	a3,a3,1027 # bf9043bf <ucHeap+0xf>
        uxAddress &= ~( ( size_t ) portBYTE_ALIGNMENT_MASK );
    bf801fc4:	ff06f693          	and	a3,a3,-16
        xTotalHeapSize -= uxAddress - ( size_t ) ucHeap;
    bf801fc8:	000107b7          	lui	a5,0x10
    bf801fcc:	bf478793          	add	a5,a5,-1036 # fbf4 <__stack_size+0xbbf4>
    bf801fd0:	40d787b3          	sub	a5,a5,a3
    bf801fd4:	00e787b3          	add	a5,a5,a4
        uxAddress &= ~( ( size_t ) portBYTE_ALIGNMENT_MASK );
    bf801fd8:	00068713          	mv	a4,a3

    pucAlignedHeap = ( uint8_t * ) uxAddress;

    /* xStart is used to hold a pointer to the first item in the list of free
     * blocks.  The void cast is used to prevent compiler warnings. */
    xStart.pxNextFreeBlock = ( void * ) pucAlignedHeap;
    bf801fdc:	00102697          	auipc	a3,0x102
    bf801fe0:	3c468693          	add	a3,a3,964 # bf9043a0 <xStart>
    bf801fe4:	00e6b023          	sd	a4,0(a3)
    xStart.xBlockSize = ( size_t ) 0;
    bf801fe8:	0006b423          	sd	zero,8(a3)

    /* pxEnd is used to mark the end of the list of free blocks and is inserted
     * at the end of the heap space. */
    uxAddress = ( ( size_t ) pucAlignedHeap ) + xTotalHeapSize;
    bf801fec:	00f707b3          	add	a5,a4,a5
    uxAddress -= xHeapStructSize;
    bf801ff0:	ff078793          	add	a5,a5,-16
    uxAddress &= ~( ( size_t ) portBYTE_ALIGNMENT_MASK );
    bf801ff4:	ff07f793          	and	a5,a5,-16
    pxEnd = ( void * ) uxAddress;
    bf801ff8:	000fe697          	auipc	a3,0xfe
    bf801ffc:	0ef6b423          	sd	a5,232(a3) # bf9000e0 <pxEnd>
    pxEnd->xBlockSize = 0;
    bf802000:	0007b423          	sd	zero,8(a5)
    pxEnd->pxNextFreeBlock = NULL;
    bf802004:	0007b023          	sd	zero,0(a5)

    /* To start with there is a single free block that is sized to take up the
     * entire heap space, minus the space taken by pxEnd. */
    pxFirstFreeBlock = ( void * ) pucAlignedHeap;
    pxFirstFreeBlock->xBlockSize = uxAddress - ( size_t ) pxFirstFreeBlock;
    bf802008:	40e786b3          	sub	a3,a5,a4
    bf80200c:	00d73423          	sd	a3,8(a4)
    pxFirstFreeBlock->pxNextFreeBlock = pxEnd;
    bf802010:	00f73023          	sd	a5,0(a4)

    /* Only one block exists - and it covers the entire usable heap space. */
    xMinimumEverFreeBytesRemaining = pxFirstFreeBlock->xBlockSize;
    bf802014:	000fe797          	auipc	a5,0xfe
    bf802018:	0ad7be23          	sd	a3,188(a5) # bf9000d0 <xMinimumEverFreeBytesRemaining>
    xFreeBytesRemaining = pxFirstFreeBlock->xBlockSize;
    bf80201c:	000fe797          	auipc	a5,0xfe
    bf802020:	0ad7be23          	sd	a3,188(a5) # bf9000d8 <xFreeBytesRemaining>

    /* Work out the position of the top bit in a size_t variable. */
    xBlockAllocatedBit = ( ( size_t ) 1 ) << ( ( sizeof( size_t ) * heapBITS_PER_BYTE ) - 1 );
    bf802024:	fff00793          	li	a5,-1
    bf802028:	03f79793          	sll	a5,a5,0x3f
    bf80202c:	000fe717          	auipc	a4,0xfe
    bf802030:	08f73623          	sd	a5,140(a4) # bf9000b8 <xBlockAllocatedBit>
}
    bf802034:	00008067          	ret
    size_t xTotalHeapSize = configTOTAL_HEAP_SIZE;
    bf802038:	000107b7          	lui	a5,0x10
    bf80203c:	bf478793          	add	a5,a5,-1036 # fbf4 <__stack_size+0xbbf4>
    bf802040:	f9dff06f          	j	bf801fdc <prvHeapInit+0x30>

00000000bf802044 <prvInsertBlockIntoFreeList>:
    BlockLink_t * pxIterator;
    uint8_t * puc;

    /* Iterate through the list until a block is found that has a higher address
     * than the block being inserted. */
    for( pxIterator = &xStart; pxIterator->pxNextFreeBlock < pxBlockToInsert; pxIterator = pxIterator->pxNextFreeBlock )
    bf802044:	00102797          	auipc	a5,0x102
    bf802048:	35c78793          	add	a5,a5,860 # bf9043a0 <xStart>
    bf80204c:	00078713          	mv	a4,a5
    bf802050:	0007b783          	ld	a5,0(a5)
    bf802054:	fea7ece3          	bltu	a5,a0,bf80204c <prvInsertBlockIntoFreeList+0x8>

    /* Do the block being inserted, and the block it is being inserted after
     * make a contiguous block of memory? */
    puc = ( uint8_t * ) pxIterator;

    if( ( puc + pxIterator->xBlockSize ) == ( uint8_t * ) pxBlockToInsert )
    bf802058:	00873683          	ld	a3,8(a4)
    bf80205c:	00d70633          	add	a2,a4,a3
    bf802060:	02a60063          	beq	a2,a0,bf802080 <prvInsertBlockIntoFreeList+0x3c>

    /* Do the block being inserted, and the block it is being inserted before
     * make a contiguous block of memory? */
    puc = ( uint8_t * ) pxBlockToInsert;

    if( ( puc + pxBlockToInsert->xBlockSize ) == ( uint8_t * ) pxIterator->pxNextFreeBlock )
    bf802064:	00853683          	ld	a3,8(a0)
    bf802068:	00d50633          	add	a2,a0,a3
    bf80206c:	02c78463          	beq	a5,a2,bf802094 <prvInsertBlockIntoFreeList+0x50>
            pxBlockToInsert->pxNextFreeBlock = pxEnd;
        }
    }
    else
    {
        pxBlockToInsert->pxNextFreeBlock = pxIterator->pxNextFreeBlock;
    bf802070:	00f53023          	sd	a5,0(a0)

    /* If the block being inserted plugged a gab, so was merged with the block
     * before and the block after, then it's pxNextFreeBlock pointer will have
     * already been set, and should not be set here as that would make it point
     * to itself. */
    if( pxIterator != pxBlockToInsert )
    bf802074:	00e50463          	beq	a0,a4,bf80207c <prvInsertBlockIntoFreeList+0x38>
    {
        pxIterator->pxNextFreeBlock = pxBlockToInsert;
    bf802078:	00a73023          	sd	a0,0(a4)
    }
    else
    {
        mtCOVERAGE_TEST_MARKER();
    }
}
    bf80207c:	00008067          	ret
        pxIterator->xBlockSize += pxBlockToInsert->xBlockSize;
    bf802080:	00853603          	ld	a2,8(a0)
    bf802084:	00c686b3          	add	a3,a3,a2
    bf802088:	00d73423          	sd	a3,8(a4)
        pxBlockToInsert = pxIterator;
    bf80208c:	00070513          	mv	a0,a4
    bf802090:	fd5ff06f          	j	bf802064 <prvInsertBlockIntoFreeList+0x20>
        if( pxIterator->pxNextFreeBlock != pxEnd )
    bf802094:	000fe617          	auipc	a2,0xfe
    bf802098:	04c63603          	ld	a2,76(a2) # bf9000e0 <pxEnd>
    bf80209c:	02c78063          	beq	a5,a2,bf8020bc <prvInsertBlockIntoFreeList+0x78>
            pxBlockToInsert->xBlockSize += pxIterator->pxNextFreeBlock->xBlockSize;
    bf8020a0:	0087b783          	ld	a5,8(a5)
    bf8020a4:	00f686b3          	add	a3,a3,a5
    bf8020a8:	00d53423          	sd	a3,8(a0)
            pxBlockToInsert->pxNextFreeBlock = pxIterator->pxNextFreeBlock->pxNextFreeBlock;
    bf8020ac:	00073783          	ld	a5,0(a4)
    bf8020b0:	0007b783          	ld	a5,0(a5)
    bf8020b4:	00f53023          	sd	a5,0(a0)
    bf8020b8:	fbdff06f          	j	bf802074 <prvInsertBlockIntoFreeList+0x30>
            pxBlockToInsert->pxNextFreeBlock = pxEnd;
    bf8020bc:	00c53023          	sd	a2,0(a0)
    bf8020c0:	fb5ff06f          	j	bf802074 <prvInsertBlockIntoFreeList+0x30>

00000000bf8020c4 <pvPortMalloc>:
{
    bf8020c4:	fe010113          	add	sp,sp,-32
    bf8020c8:	00113c23          	sd	ra,24(sp)
    bf8020cc:	00813823          	sd	s0,16(sp)
    bf8020d0:	00913423          	sd	s1,8(sp)
    bf8020d4:	00050413          	mv	s0,a0
    vTaskSuspendAll();
    bf8020d8:	ce5fe0ef          	jal	bf800dbc <vTaskSuspendAll>
        if( pxEnd == NULL )
    bf8020dc:	000fe797          	auipc	a5,0xfe
    bf8020e0:	0047b783          	ld	a5,4(a5) # bf9000e0 <pxEnd>
    bf8020e4:	04078e63          	beqz	a5,bf802140 <pvPortMalloc+0x7c>
        if( ( xWantedSize & xBlockAllocatedBit ) == 0 )
    bf8020e8:	000fe797          	auipc	a5,0xfe
    bf8020ec:	fd07b783          	ld	a5,-48(a5) # bf9000b8 <xBlockAllocatedBit>
    bf8020f0:	00f477b3          	and	a5,s0,a5
    bf8020f4:	10079263          	bnez	a5,bf8021f8 <pvPortMalloc+0x134>
            if( ( xWantedSize > 0 ) && 
    bf8020f8:	fff40793          	add	a5,s0,-1
    bf8020fc:	fee00713          	li	a4,-18
    bf802100:	10f76c63          	bltu	a4,a5,bf802218 <pvPortMalloc+0x154>
                xWantedSize += xHeapStructSize;
    bf802104:	01040713          	add	a4,s0,16
                if( ( xWantedSize & portBYTE_ALIGNMENT_MASK ) != 0x00 )
    bf802108:	00f47413          	and	s0,s0,15
    bf80210c:	00040a63          	beqz	s0,bf802120 <pvPortMalloc+0x5c>
                    if( ( xWantedSize + ( portBYTE_ALIGNMENT - ( xWantedSize & portBYTE_ALIGNMENT_MASK ) ) ) 
    bf802110:	ff077793          	and	a5,a4,-16
    bf802114:	01078793          	add	a5,a5,16
    bf802118:	10f77463          	bgeu	a4,a5,bf802220 <pvPortMalloc+0x15c>
                        xWantedSize += ( portBYTE_ALIGNMENT - ( xWantedSize & portBYTE_ALIGNMENT_MASK ) );
    bf80211c:	00078713          	mv	a4,a5
            if( ( xWantedSize > 0 ) && ( xWantedSize <= xFreeBytesRemaining ) )
    bf802120:	10070463          	beqz	a4,bf802228 <pvPortMalloc+0x164>
    bf802124:	000fe797          	auipc	a5,0xfe
    bf802128:	fb47b783          	ld	a5,-76(a5) # bf9000d8 <xFreeBytesRemaining>
    bf80212c:	10e7e263          	bltu	a5,a4,bf802230 <pvPortMalloc+0x16c>
                pxBlock = xStart.pxNextFreeBlock;
    bf802130:	00102697          	auipc	a3,0x102
    bf802134:	27068693          	add	a3,a3,624 # bf9043a0 <xStart>
    bf802138:	0006b403          	ld	s0,0(a3)
                while( ( pxBlock->xBlockSize < xWantedSize ) && ( pxBlock->pxNextFreeBlock != NULL ) )
    bf80213c:	0140006f          	j	bf802150 <pvPortMalloc+0x8c>
            prvHeapInit();
    bf802140:	e6dff0ef          	jal	bf801fac <prvHeapInit>
    bf802144:	fa5ff06f          	j	bf8020e8 <pvPortMalloc+0x24>
                    pxPreviousBlock = pxBlock;
    bf802148:	00040693          	mv	a3,s0
                    pxBlock = pxBlock->pxNextFreeBlock;
    bf80214c:	00078413          	mv	s0,a5
                while( ( pxBlock->xBlockSize < xWantedSize ) && ( pxBlock->pxNextFreeBlock != NULL ) )
    bf802150:	00843783          	ld	a5,8(s0)
    bf802154:	00e7f663          	bgeu	a5,a4,bf802160 <pvPortMalloc+0x9c>
    bf802158:	00043783          	ld	a5,0(s0)
    bf80215c:	fe0796e3          	bnez	a5,bf802148 <pvPortMalloc+0x84>
                if( pxBlock != pxEnd )
    bf802160:	000fe797          	auipc	a5,0xfe
    bf802164:	f807b783          	ld	a5,-128(a5) # bf9000e0 <pxEnd>
    bf802168:	0c878863          	beq	a5,s0,bf802238 <pvPortMalloc+0x174>
                    pvReturn = ( void * ) ( ( ( uint8_t * ) pxPreviousBlock->pxNextFreeBlock ) + xHeapStructSize );
    bf80216c:	0006b483          	ld	s1,0(a3)
    bf802170:	01048493          	add	s1,s1,16
                    pxPreviousBlock->pxNextFreeBlock = pxBlock->pxNextFreeBlock;
    bf802174:	00043783          	ld	a5,0(s0)
    bf802178:	00f6b023          	sd	a5,0(a3)
                    if( ( pxBlock->xBlockSize - xWantedSize ) > heapMINIMUM_BLOCK_SIZE )
    bf80217c:	00843783          	ld	a5,8(s0)
    bf802180:	40e787b3          	sub	a5,a5,a4
    bf802184:	02000693          	li	a3,32
    bf802188:	04f6ee63          	bltu	a3,a5,bf8021e4 <pvPortMalloc+0x120>
                    xFreeBytesRemaining -= pxBlock->xBlockSize;
    bf80218c:	00843703          	ld	a4,8(s0)
    bf802190:	000fe697          	auipc	a3,0xfe
    bf802194:	f4868693          	add	a3,a3,-184 # bf9000d8 <xFreeBytesRemaining>
    bf802198:	0006b783          	ld	a5,0(a3)
    bf80219c:	40e787b3          	sub	a5,a5,a4
    bf8021a0:	00f6b023          	sd	a5,0(a3)
                    if( xFreeBytesRemaining < xMinimumEverFreeBytesRemaining )
    bf8021a4:	000fe697          	auipc	a3,0xfe
    bf8021a8:	f2c6b683          	ld	a3,-212(a3) # bf9000d0 <xMinimumEverFreeBytesRemaining>
    bf8021ac:	00d7f663          	bgeu	a5,a3,bf8021b8 <pvPortMalloc+0xf4>
                        xMinimumEverFreeBytesRemaining = xFreeBytesRemaining;
    bf8021b0:	000fe697          	auipc	a3,0xfe
    bf8021b4:	f2f6b023          	sd	a5,-224(a3) # bf9000d0 <xMinimumEverFreeBytesRemaining>
                    pxBlock->xBlockSize |= xBlockAllocatedBit;
    bf8021b8:	000fe797          	auipc	a5,0xfe
    bf8021bc:	f007b783          	ld	a5,-256(a5) # bf9000b8 <xBlockAllocatedBit>
    bf8021c0:	00e7e7b3          	or	a5,a5,a4
    bf8021c4:	00f43423          	sd	a5,8(s0)
                    pxBlock->pxNextFreeBlock = NULL;
    bf8021c8:	00043023          	sd	zero,0(s0)
                    xNumberOfSuccessfulAllocations++;
    bf8021cc:	000fe717          	auipc	a4,0xfe
    bf8021d0:	efc70713          	add	a4,a4,-260 # bf9000c8 <xNumberOfSuccessfulAllocations>
    bf8021d4:	00073783          	ld	a5,0(a4)
    bf8021d8:	00178793          	add	a5,a5,1
    bf8021dc:	00f73023          	sd	a5,0(a4)
    bf8021e0:	01c0006f          	j	bf8021fc <pvPortMalloc+0x138>
                        pxNewBlockLink = ( void * ) ( ( ( uint8_t * ) pxBlock ) + xWantedSize );
    bf8021e4:	00e40533          	add	a0,s0,a4
                        pxNewBlockLink->xBlockSize = pxBlock->xBlockSize - xWantedSize;
    bf8021e8:	00f53423          	sd	a5,8(a0)
                        pxBlock->xBlockSize = xWantedSize;
    bf8021ec:	00e43423          	sd	a4,8(s0)
                        prvInsertBlockIntoFreeList( pxNewBlockLink );
    bf8021f0:	e55ff0ef          	jal	bf802044 <prvInsertBlockIntoFreeList>
    bf8021f4:	f99ff06f          	j	bf80218c <pvPortMalloc+0xc8>
    void * pvReturn = NULL;
    bf8021f8:	00000493          	li	s1,0
    ( void ) xTaskResumeAll();
    bf8021fc:	c84ff0ef          	jal	bf801680 <xTaskResumeAll>
}
    bf802200:	00048513          	mv	a0,s1
    bf802204:	01813083          	ld	ra,24(sp)
    bf802208:	01013403          	ld	s0,16(sp)
    bf80220c:	00813483          	ld	s1,8(sp)
    bf802210:	02010113          	add	sp,sp,32
    bf802214:	00008067          	ret
    void * pvReturn = NULL;
    bf802218:	00000493          	li	s1,0
    bf80221c:	fe1ff06f          	j	bf8021fc <pvPortMalloc+0x138>
    bf802220:	00000493          	li	s1,0
    bf802224:	fd9ff06f          	j	bf8021fc <pvPortMalloc+0x138>
    bf802228:	00000493          	li	s1,0
    bf80222c:	fd1ff06f          	j	bf8021fc <pvPortMalloc+0x138>
    bf802230:	00000493          	li	s1,0
    bf802234:	fc9ff06f          	j	bf8021fc <pvPortMalloc+0x138>
    bf802238:	00000493          	li	s1,0
    bf80223c:	fc1ff06f          	j	bf8021fc <pvPortMalloc+0x138>

00000000bf802240 <vPortFree>:
    if( pv != NULL )
    bf802240:	08050c63          	beqz	a0,bf8022d8 <vPortFree+0x98>
{
    bf802244:	fe010113          	add	sp,sp,-32
    bf802248:	00113c23          	sd	ra,24(sp)
    bf80224c:	00813823          	sd	s0,16(sp)
    bf802250:	00913423          	sd	s1,8(sp)
    bf802254:	00050413          	mv	s0,a0
        puc -= xHeapStructSize;
    bf802258:	ff050493          	add	s1,a0,-16
        if( ( pxLink->xBlockSize & xBlockAllocatedBit ) != 0 )
    bf80225c:	ff853783          	ld	a5,-8(a0)
    bf802260:	000fe717          	auipc	a4,0xfe
    bf802264:	e5873703          	ld	a4,-424(a4) # bf9000b8 <xBlockAllocatedBit>
    bf802268:	00e7f6b3          	and	a3,a5,a4
    bf80226c:	00068663          	beqz	a3,bf802278 <vPortFree+0x38>
            if( pxLink->pxNextFreeBlock == NULL )
    bf802270:	ff053683          	ld	a3,-16(a0)
    bf802274:	00068c63          	beqz	a3,bf80228c <vPortFree+0x4c>
}
    bf802278:	01813083          	ld	ra,24(sp)
    bf80227c:	01013403          	ld	s0,16(sp)
    bf802280:	00813483          	ld	s1,8(sp)
    bf802284:	02010113          	add	sp,sp,32
    bf802288:	00008067          	ret
                pxLink->xBlockSize &= ~xBlockAllocatedBit;
    bf80228c:	fff74713          	not	a4,a4
    bf802290:	00e7f7b3          	and	a5,a5,a4
    bf802294:	fef53c23          	sd	a5,-8(a0)
                vTaskSuspendAll();
    bf802298:	b25fe0ef          	jal	bf800dbc <vTaskSuspendAll>
                    xFreeBytesRemaining += pxLink->xBlockSize;
    bf80229c:	ff843683          	ld	a3,-8(s0)
    bf8022a0:	000fe717          	auipc	a4,0xfe
    bf8022a4:	e3870713          	add	a4,a4,-456 # bf9000d8 <xFreeBytesRemaining>
    bf8022a8:	00073783          	ld	a5,0(a4)
    bf8022ac:	00d787b3          	add	a5,a5,a3
    bf8022b0:	00f73023          	sd	a5,0(a4)
                    prvInsertBlockIntoFreeList( ( ( BlockLink_t * ) pxLink ) );
    bf8022b4:	00048513          	mv	a0,s1
    bf8022b8:	d8dff0ef          	jal	bf802044 <prvInsertBlockIntoFreeList>
                    xNumberOfSuccessfulFrees++;
    bf8022bc:	000fe717          	auipc	a4,0xfe
    bf8022c0:	e0470713          	add	a4,a4,-508 # bf9000c0 <xNumberOfSuccessfulFrees>
    bf8022c4:	00073783          	ld	a5,0(a4)
    bf8022c8:	00178793          	add	a5,a5,1
    bf8022cc:	00f73023          	sd	a5,0(a4)
                ( void ) xTaskResumeAll();
    bf8022d0:	bb0ff0ef          	jal	bf801680 <xTaskResumeAll>
}
    bf8022d4:	fa5ff06f          	j	bf802278 <vPortFree+0x38>
    bf8022d8:	00008067          	ret

00000000bf8022dc <_puts>:
#define UART_LOG_BUFF_SIZE 1024



int _puts(char *str)
{
    bf8022dc:	fe010113          	add	sp,sp,-32
    bf8022e0:	00113c23          	sd	ra,24(sp)
    bf8022e4:	00813823          	sd	s0,16(sp)
    bf8022e8:	00913423          	sd	s1,8(sp)
    bf8022ec:	01213023          	sd	s2,0(sp)
    int counter = 0;
    if (!str)
    bf8022f0:	04050863          	beqz	a0,bf802340 <_puts+0x64>
    bf8022f4:	00050413          	mv	s0,a0
    int counter = 0;
    bf8022f8:	00000493          	li	s1,0
    bf8022fc:	01c0006f          	j	bf802318 <_puts+0x3c>
    }
    while (*str && (counter < UART_LOG_BUFF_SIZE))
    {
        if(*str == '\n')
	        ns16550_tx( NS16550_ADDR, '\r' );
	    ns16550_tx( NS16550_ADDR, *str++ );
    bf802300:	00140913          	add	s2,s0,1
    bf802304:	00044583          	lbu	a1,0(s0)
    bf802308:	10002537          	lui	a0,0x10002
    bf80230c:	064000ef          	jal	bf802370 <ns16550_tx>
        counter++;
    bf802310:	0014849b          	addw	s1,s1,1
	    ns16550_tx( NS16550_ADDR, *str++ );
    bf802314:	00090413          	mv	s0,s2
    while (*str && (counter < UART_LOG_BUFF_SIZE))
    bf802318:	00040783          	lb	a5,0(s0)
    bf80231c:	02078463          	beqz	a5,bf802344 <_puts+0x68>
    bf802320:	3ff00713          	li	a4,1023
    bf802324:	02974063          	blt	a4,s1,bf802344 <_puts+0x68>
        if(*str == '\n')
    bf802328:	00a00713          	li	a4,10
    bf80232c:	fce79ae3          	bne	a5,a4,bf802300 <_puts+0x24>
	        ns16550_tx( NS16550_ADDR, '\r' );
    bf802330:	00d00593          	li	a1,13
    bf802334:	10002537          	lui	a0,0x10002
    bf802338:	038000ef          	jal	bf802370 <ns16550_tx>
    bf80233c:	fc5ff06f          	j	bf802300 <_puts+0x24>
        return 0;
    bf802340:	00000493          	li	s1,0
    }
    return counter;
}
    bf802344:	00048513          	mv	a0,s1
    bf802348:	01813083          	ld	ra,24(sp)
    bf80234c:	01013403          	ld	s0,16(sp)
    bf802350:	00813483          	ld	s1,8(sp)
    bf802354:	00013903          	ld	s2,0(sp)
    bf802358:	02010113          	add	sp,sp,32
    bf80235c:	00008067          	ret

00000000bf802360 <readb>:

//从一个地址读入一个字节
static uint8_t readb( uintptr_t addr )
{
	return *( (uint8_t *) addr );
}
    bf802360:	00054503          	lbu	a0,0(a0) # 10002000 <__stack_size+0xfffe000>
    bf802364:	00008067          	ret

00000000bf802368 <writeb>:

//向一个地址写入一个字节
static void writeb( uint8_t b, uintptr_t addr )
{
	*( (uint8_t *) addr ) = b;
    bf802368:	00a58023          	sb	a0,0(a1)
}
    bf80236c:	00008067          	ret

00000000bf802370 <ns16550_tx>:

void ns16550_tx(uintptr_t addr, unsigned char c)
{
    bf802370:	fe010113          	add	sp,sp,-32
    bf802374:	00113c23          	sd	ra,24(sp)
    bf802378:	00813823          	sd	s0,16(sp)
    bf80237c:	00913423          	sd	s1,8(sp)
    bf802380:	00050413          	mv	s0,a0
    bf802384:	00058493          	mv	s1,a1
    //读数据和写数据用的同一个寄存器
    while ((readb(addr + REG_LSR) & LSR_THRE) == 0){
    bf802388:	00540513          	add	a0,s0,5
    bf80238c:	fd5ff0ef          	jal	bf802360 <readb>
    bf802390:	02057513          	and	a0,a0,32
    bf802394:	fe050ae3          	beqz	a0,bf802388 <ns16550_tx+0x18>
        //正在读，轮询等待
    }
    
    writeb(c, addr + REG_THR);
    bf802398:	00040593          	mv	a1,s0
    bf80239c:	00048513          	mv	a0,s1
    bf8023a0:	fc9ff0ef          	jal	bf802368 <writeb>
    
}
    bf8023a4:	01813083          	ld	ra,24(sp)
    bf8023a8:	01013403          	ld	s0,16(sp)
    bf8023ac:	00813483          	ld	s1,8(sp)
    bf8023b0:	02010113          	add	sp,sp,32
    bf8023b4:	00008067          	ret

00000000bf8023b8 <sbi_ecall>:

struct sbiret sbi_ecall(int ext, int fid, unsigned long arg0,
			unsigned long arg1, unsigned long arg2,
			unsigned long arg3, unsigned long arg4,
			unsigned long arg5)
{
    bf8023b8:	fe010113          	add	sp,sp,-32
    bf8023bc:	00050313          	mv	t1,a0
    bf8023c0:	00058e13          	mv	t3,a1
	struct sbiret ret;

    //使用GCC的扩展语法，用于将一个值存储到RISC-V架构中的寄存器a0中。
	register uintptr_t a0 asm ("a0") = (uintptr_t)(arg0);
    bf8023c4:	00060513          	mv	a0,a2
	register uintptr_t a1 asm ("a1") = (uintptr_t)(arg1);
    bf8023c8:	00068593          	mv	a1,a3
	register uintptr_t a2 asm ("a2") = (uintptr_t)(arg2);
    bf8023cc:	00070613          	mv	a2,a4
	register uintptr_t a3 asm ("a3") = (uintptr_t)(arg3);
    bf8023d0:	00078693          	mv	a3,a5
	register uintptr_t a4 asm ("a4") = (uintptr_t)(arg4);
    bf8023d4:	00080713          	mv	a4,a6
	register uintptr_t a5 asm ("a5") = (uintptr_t)(arg5);
    bf8023d8:	00088793          	mv	a5,a7
	register uintptr_t a6 asm ("a6") = (uintptr_t)(fid);
    bf8023dc:	000e0813          	mv	a6,t3
	register uintptr_t a7 asm ("a7") = (uintptr_t)(ext);
    bf8023e0:	00030893          	mv	a7,t1
	asm volatile ("ecall"
    bf8023e4:	00000073          	ecall
		      : "+r" (a0), "+r" (a1)
		      : "r" (a2), "r" (a3), "r" (a4), "r" (a5), "r" (a6), "r" (a7)
		      : "memory");
	ret.error = a0;
    bf8023e8:	00a13023          	sd	a0,0(sp)
	ret.value = a1;
    bf8023ec:	00b13423          	sd	a1,8(sp)

	return ret;
    bf8023f0:	00a13823          	sd	a0,16(sp)
    bf8023f4:	00b13c23          	sd	a1,24(sp)
}
    bf8023f8:	02010113          	add	sp,sp,32
    bf8023fc:	00008067          	ret

00000000bf802400 <sbi_set_timer>:
 * @stime_value: The value after which next timer event should fire.
 *
 * Return: None
 */
void sbi_set_timer(uint64_t stime_value)
{
    bf802400:	ff010113          	add	sp,sp,-16
    bf802404:	00113423          	sd	ra,8(sp)
    bf802408:	00050613          	mv	a2,a0
#if __riscv_xlen == 32
	sbi_ecall(SBI_EXT_SET_TIMER, SBI_FID_SET_TIMER, stime_value,
		  stime_value >> 32, 0, 0, 0, 0);
#else
	sbi_ecall(SBI_EXT_SET_TIMER, SBI_FID_SET_TIMER, stime_value,
    bf80240c:	00000893          	li	a7,0
    bf802410:	00000813          	li	a6,0
    bf802414:	00000793          	li	a5,0
    bf802418:	00000713          	li	a4,0
    bf80241c:	00000693          	li	a3,0
    bf802420:	00000593          	li	a1,0
    bf802424:	54495537          	lui	a0,0x54495
    bf802428:	d4550513          	add	a0,a0,-699 # 54494d45 <__stack_size+0x54490d45>
    bf80242c:	f8dff0ef          	jal	bf8023b8 <sbi_ecall>
		  0, 0, 0, 0, 0);
#endif
}
    bf802430:	00813083          	ld	ra,8(sp)
    bf802434:	01010113          	add	sp,sp,16
    bf802438:	00008067          	ret

00000000bf80243c <sbi_clear_ipi>:
 * sbi_clear_ipi() - Clear any pending IPIs for the calling hart.
 * 清除IPI (EID #0x03) 清除任何挂起的IPI（处理器核间中断）。
 * Return: None
 */
void sbi_clear_ipi(void)
{
    bf80243c:	ff010113          	add	sp,sp,-16
    bf802440:	00113423          	sd	ra,8(sp)
	sbi_ecall(SBI_EXT_0_1_CLEAR_IPI, 0, 0, 0, 0, 0, 0, 0);
    bf802444:	00000893          	li	a7,0
    bf802448:	00000813          	li	a6,0
    bf80244c:	00000793          	li	a5,0
    bf802450:	00000713          	li	a4,0
    bf802454:	00000693          	li	a3,0
    bf802458:	00000613          	li	a2,0
    bf80245c:	00000593          	li	a1,0
    bf802460:	00300513          	li	a0,3
    bf802464:	f55ff0ef          	jal	bf8023b8 <sbi_ecall>
}
    bf802468:	00813083          	ld	ra,8(sp)
    bf80246c:	01010113          	add	sp,sp,16
    bf802470:	00008067          	ret

00000000bf802474 <sbi_send_ipi>:
 * @hart_mask: A cpu mask containing all the target harts.
 * 向 hart_mask 中定义的所有 hart 发送跨处理器中断。
 * Return: None
 */
void sbi_send_ipi(const unsigned long *hart_mask)
{
    bf802474:	ff010113          	add	sp,sp,-16
    bf802478:	00113423          	sd	ra,8(sp)
    bf80247c:	00050613          	mv	a2,a0
	sbi_ecall(SBI_EXT_SEND_IPI, SBI_FID_SEND_IPI, (unsigned long)hart_mask,
    bf802480:	00000893          	li	a7,0
    bf802484:	00000813          	li	a6,0
    bf802488:	00000793          	li	a5,0
    bf80248c:	00000713          	li	a4,0
    bf802490:	00000693          	li	a3,0
    bf802494:	00000593          	li	a1,0
    bf802498:	00735537          	lui	a0,0x735
    bf80249c:	04950513          	add	a0,a0,73 # 735049 <__stack_size+0x731049>
    bf8024a0:	f19ff0ef          	jal	bf8023b8 <sbi_ecall>
		  0, 0, 0, 0, 0);
}
    bf8024a4:	00813083          	ld	ra,8(sp)
    bf8024a8:	01010113          	add	sp,sp,16
    bf8024ac:	00008067          	ret

00000000bf8024b0 <task1>:
#include "queue.h"
//消息队列控制权柄
QueueHandle_t xMyQueueHandle;

void task1(void *p_arg)
{ 
    bf8024b0:	fe010113          	add	sp,sp,-32
    bf8024b4:	00113c23          	sd	ra,24(sp)
    int time = 1;
    bf8024b8:	00100793          	li	a5,1
    bf8024bc:	00f12623          	sw	a5,12(sp)
    const char* message = "task1\n";
    for(;;)
    {
        _puts("task1 send\n");
    bf8024c0:	00001517          	auipc	a0,0x1
    bf8024c4:	a2050513          	add	a0,a0,-1504 # bf802ee0 <memset+0xee>
    bf8024c8:	e15ff0ef          	jal	bf8022dc <_puts>
        xQueueSend(xMyQueueHandle,&time,0);
    bf8024cc:	00000693          	li	a3,0
    bf8024d0:	00000613          	li	a2,0
    bf8024d4:	00c10593          	add	a1,sp,12
    bf8024d8:	000fe517          	auipc	a0,0xfe
    bf8024dc:	c1053503          	ld	a0,-1008(a0) # bf9000e8 <xMyQueueHandle>
    bf8024e0:	900fe0ef          	jal	bf8005e0 <xQueueGenericSend>

        vTaskDelay(pdMS_TO_TICKS(1000));
    bf8024e4:	06400513          	li	a0,100
    bf8024e8:	ae0ff0ef          	jal	bf8017c8 <vTaskDelay>
    for(;;)
    bf8024ec:	fd5ff06f          	j	bf8024c0 <task1+0x10>

00000000bf8024f0 <task2>:
    }
}

void task2(void *p_arg)
{ 
    bf8024f0:	fe010113          	add	sp,sp,-32
    bf8024f4:	00113c23          	sd	ra,24(sp)
    int time = 2;
    bf8024f8:	00200793          	li	a5,2
    bf8024fc:	00f12623          	sw	a5,12(sp)
    const char* message = "task2\n";

    for(;;)
    {
        _puts("task2 send\n");
    bf802500:	00001517          	auipc	a0,0x1
    bf802504:	9f050513          	add	a0,a0,-1552 # bf802ef0 <memset+0xfe>
    bf802508:	dd5ff0ef          	jal	bf8022dc <_puts>
        xQueueSend(xMyQueueHandle,&time,0);
    bf80250c:	00000693          	li	a3,0
    bf802510:	00000613          	li	a2,0
    bf802514:	00c10593          	add	a1,sp,12
    bf802518:	000fe517          	auipc	a0,0xfe
    bf80251c:	bd053503          	ld	a0,-1072(a0) # bf9000e8 <xMyQueueHandle>
    bf802520:	8c0fe0ef          	jal	bf8005e0 <xQueueGenericSend>
        vTaskDelay(pdMS_TO_TICKS(1000));
    bf802524:	06400513          	li	a0,100
    bf802528:	aa0ff0ef          	jal	bf8017c8 <vTaskDelay>
    for(;;)
    bf80252c:	fd5ff06f          	j	bf802500 <task2+0x10>

00000000bf802530 <task3>:
    }
}

void task3(void *p_arg)
{ 
    bf802530:	fe010113          	add	sp,sp,-32
    bf802534:	00113c23          	sd	ra,24(sp)
    int time = 0;
    bf802538:	00012623          	sw	zero,12(sp)
    bf80253c:	0280006f          	j	bf802564 <task3+0x34>
    {
      // _puts("task3\n");
    
        xQueueReceive(xMyQueueHandle,&time,portMAX_DELAY);
        if(time == 1){
            _puts("task1 receive\n");
    bf802540:	00001517          	auipc	a0,0x1
    bf802544:	9c050513          	add	a0,a0,-1600 # bf802f00 <memset+0x10e>
    bf802548:	d95ff0ef          	jal	bf8022dc <_puts>
    bf80254c:	0380006f          	j	bf802584 <task3+0x54>
        }
        if(time == 2){
            _puts("task2 receive\n");
    bf802550:	00001517          	auipc	a0,0x1
    bf802554:	9c050513          	add	a0,a0,-1600 # bf802f10 <memset+0x11e>
    bf802558:	d85ff0ef          	jal	bf8022dc <_puts>
        }
        vTaskDelay(pdMS_TO_TICKS(1000));
    bf80255c:	06400513          	li	a0,100
    bf802560:	a68ff0ef          	jal	bf8017c8 <vTaskDelay>
        xQueueReceive(xMyQueueHandle,&time,portMAX_DELAY);
    bf802564:	fff00613          	li	a2,-1
    bf802568:	00c10593          	add	a1,sp,12
    bf80256c:	000fe517          	auipc	a0,0xfe
    bf802570:	b7c53503          	ld	a0,-1156(a0) # bf9000e8 <xMyQueueHandle>
    bf802574:	ab4fe0ef          	jal	bf800828 <xQueueReceive>
        if(time == 1){
    bf802578:	00c12703          	lw	a4,12(sp)
    bf80257c:	00100793          	li	a5,1
    bf802580:	fcf700e3          	beq	a4,a5,bf802540 <task3+0x10>
        if(time == 2){
    bf802584:	00c12703          	lw	a4,12(sp)
    bf802588:	00200793          	li	a5,2
    bf80258c:	fcf702e3          	beq	a4,a5,bf802550 <task3+0x20>
    bf802590:	fcdff06f          	j	bf80255c <task3+0x2c>

00000000bf802594 <vTaskCreate>:
    }
}

static void vTaskCreate ()
{ 
    bf802594:	ff010113          	add	sp,sp,-16
    bf802598:	00113423          	sd	ra,8(sp)

    xTaskCreate(task1,"task1",1024,NULL,3,NULL);
    bf80259c:	00000793          	li	a5,0
    bf8025a0:	00300713          	li	a4,3
    bf8025a4:	00000693          	li	a3,0
    bf8025a8:	40000613          	li	a2,1024
    bf8025ac:	00001597          	auipc	a1,0x1
    bf8025b0:	97458593          	add	a1,a1,-1676 # bf802f20 <memset+0x12e>
    bf8025b4:	00000517          	auipc	a0,0x0
    bf8025b8:	efc50513          	add	a0,a0,-260 # bf8024b0 <task1>
    bf8025bc:	ed9fe0ef          	jal	bf801494 <xTaskCreate>
    xTaskCreate(task2,"task2",1024,NULL,4,NULL);
    bf8025c0:	00000793          	li	a5,0
    bf8025c4:	00400713          	li	a4,4
    bf8025c8:	00000693          	li	a3,0
    bf8025cc:	40000613          	li	a2,1024
    bf8025d0:	00001597          	auipc	a1,0x1
    bf8025d4:	95858593          	add	a1,a1,-1704 # bf802f28 <memset+0x136>
    bf8025d8:	00000517          	auipc	a0,0x0
    bf8025dc:	f1850513          	add	a0,a0,-232 # bf8024f0 <task2>
    bf8025e0:	eb5fe0ef          	jal	bf801494 <xTaskCreate>
    xTaskCreate(task3,"task2",1024,NULL,5,NULL);
    bf8025e4:	00000793          	li	a5,0
    bf8025e8:	00500713          	li	a4,5
    bf8025ec:	00000693          	li	a3,0
    bf8025f0:	40000613          	li	a2,1024
    bf8025f4:	00001597          	auipc	a1,0x1
    bf8025f8:	93458593          	add	a1,a1,-1740 # bf802f28 <memset+0x136>
    bf8025fc:	00000517          	auipc	a0,0x0
    bf802600:	f3450513          	add	a0,a0,-204 # bf802530 <task3>
    bf802604:	e91fe0ef          	jal	bf801494 <xTaskCreate>
}
    bf802608:	00813083          	ld	ra,8(sp)
    bf80260c:	01010113          	add	sp,sp,16
    bf802610:	00008067          	ret

00000000bf802614 <main>:

int main( void )
{
    bf802614:	ff010113          	add	sp,sp,-16
    bf802618:	00113423          	sd	ra,8(sp)
	_puts( "Hello FreeRTOS!\n");
    bf80261c:	00001517          	auipc	a0,0x1
    bf802620:	91450513          	add	a0,a0,-1772 # bf802f30 <memset+0x13e>
    bf802624:	cb9ff0ef          	jal	bf8022dc <_puts>
    const char * str = "taskn\n";
    xMyQueueHandle = xQueueCreate(20,sizeof(int32_t));
    bf802628:	00000613          	li	a2,0
    bf80262c:	00400593          	li	a1,4
    bf802630:	01400513          	li	a0,20
    bf802634:	f3dfd0ef          	jal	bf800570 <xQueueGenericCreate>
    bf802638:	000fe797          	auipc	a5,0xfe
    bf80263c:	aaa7b823          	sd	a0,-1360(a5) # bf9000e8 <xMyQueueHandle>

    vTaskCreate();
    bf802640:	f55ff0ef          	jal	bf802594 <vTaskCreate>
	vTaskStartScheduler();
    bf802644:	f29fe0ef          	jal	bf80156c <vTaskStartScheduler>
	return 0;
}
    bf802648:	00000513          	li	a0,0
    bf80264c:	00813083          	ld	ra,8(sp)
    bf802650:	01010113          	add	sp,sp,16
    bf802654:	00008067          	ret
	...

00000000bf802700 <freertos_risc_v_trap_handler>:
    bf802700:	f1010113          	add	sp,sp,-240
    bf802704:	00113423          	sd	ra,8(sp)
    bf802708:	00513823          	sd	t0,16(sp)
    bf80270c:	00613c23          	sd	t1,24(sp)
    bf802710:	02713023          	sd	t2,32(sp)
    bf802714:	02813423          	sd	s0,40(sp)
    bf802718:	02913823          	sd	s1,48(sp)
    bf80271c:	02a13c23          	sd	a0,56(sp)
    bf802720:	04b13023          	sd	a1,64(sp)
    bf802724:	04c13423          	sd	a2,72(sp)
    bf802728:	04d13823          	sd	a3,80(sp)
    bf80272c:	04e13c23          	sd	a4,88(sp)
    bf802730:	06f13023          	sd	a5,96(sp)
    bf802734:	07013423          	sd	a6,104(sp)
    bf802738:	07113823          	sd	a7,112(sp)
    bf80273c:	07213c23          	sd	s2,120(sp)
    bf802740:	09313023          	sd	s3,128(sp)
    bf802744:	09413423          	sd	s4,136(sp)
    bf802748:	09513823          	sd	s5,144(sp)
    bf80274c:	09613c23          	sd	s6,152(sp)
    bf802750:	0b713023          	sd	s7,160(sp)
    bf802754:	0b813423          	sd	s8,168(sp)
    bf802758:	0b913823          	sd	s9,176(sp)
    bf80275c:	0ba13c23          	sd	s10,184(sp)
    bf802760:	0db13023          	sd	s11,192(sp)
    bf802764:	0dc13423          	sd	t3,200(sp)
    bf802768:	0dd13823          	sd	t4,208(sp)
    bf80276c:	0de13c23          	sd	t5,216(sp)
    bf802770:	0ff13023          	sd	t6,224(sp)
    bf802774:	100022f3          	csrr	t0,sstatus
    bf802778:	0e513423          	sd	t0,232(sp)
    bf80277c:	141022f3          	csrr	t0,sepc
    bf802780:	00513023          	sd	t0,0(sp)
    bf802784:	000fe297          	auipc	t0,0xfe
    bf802788:	8fc2b283          	ld	t0,-1796(t0) # bf900080 <pxCurrentTCB>
    bf80278c:	0022b023          	sd	sp,0(t0)
    bf802790:	14202573          	csrr	a0,scause
    bf802794:	141025f3          	csrr	a1,sepc

00000000bf802798 <test_if_asynchronous>:
    bf802798:	03f55613          	srl	a2,a0,0x3f
    bf80279c:	06060463          	beqz	a2,bf802804 <handle_synchronous>
    bf8027a0:	00b13023          	sd	a1,0(sp)

00000000bf8027a4 <handle_asynchronous>:
    bf8027a4:	00100293          	li	t0,1
    bf8027a8:	03f29293          	sll	t0,t0,0x3f
    bf8027ac:	00128313          	add	t1,t0,1
    bf8027b0:	00651c63          	bne	a0,t1,bf8027c8 <test_if_mtimer>
    bf8027b4:	000fe117          	auipc	sp,0xfe
    bf8027b8:	85413103          	ld	sp,-1964(sp) # bf900008 <xISRStackTop>
    bf8027bc:	fa4ff0ef          	jal	bf801f60 <vPortClearIpiInterrupt>
    bf8027c0:	fe4fe0ef          	jal	bf800fa4 <vTaskSwitchContext>
    bf8027c4:	0680006f          	j	bf80282c <processed_source>

00000000bf8027c8 <test_if_mtimer>:
    bf8027c8:	00430313          	add	t1,t1,4
    bf8027cc:	02651063          	bne	a0,t1,bf8027ec <test_if_external_interrupt>
    bf8027d0:	000fe117          	auipc	sp,0xfe
    bf8027d4:	83813103          	ld	sp,-1992(sp) # bf900008 <xISRStackTop>
    bf8027d8:	f60ff0ef          	jal	bf801f38 <vPortSetupTimerInterrupt>
    bf8027dc:	e04fe0ef          	jal	bf800de0 <xTaskIncrementTick>
    bf8027e0:	04050663          	beqz	a0,bf80282c <processed_source>
    bf8027e4:	fc0fe0ef          	jal	bf800fa4 <vTaskSwitchContext>
    bf8027e8:	0440006f          	j	bf80282c <processed_source>

00000000bf8027ec <test_if_external_interrupt>:
    bf8027ec:	00430313          	add	t1,t1,4
    bf8027f0:	00651e63          	bne	a0,t1,bf80280c <processed_trap>
    bf8027f4:	000fe117          	auipc	sp,0xfe
    bf8027f8:	81413103          	ld	sp,-2028(sp) # bf900008 <xISRStackTop>
    bf8027fc:	204000ef          	jal	bf802a00 <handle_interrupt>
    bf802800:	02c0006f          	j	bf80282c <processed_source>

00000000bf802804 <handle_synchronous>:
    bf802804:	00458593          	add	a1,a1,4
    bf802808:	00b13023          	sd	a1,0(sp)

00000000bf80280c <processed_trap>:
    bf80280c:	14202573          	csrr	a0,scause
    bf802810:	141025f3          	csrr	a1,sepc
    bf802814:	14302673          	csrr	a2,stval
    bf802818:	00010713          	mv	a4,sp
    bf80281c:	000fd117          	auipc	sp,0xfd
    bf802820:	7ec13103          	ld	sp,2028(sp) # bf900008 <xISRStackTop>
    bf802824:	0dc000ef          	jal	bf802900 <handle_trap>
    bf802828:	0040006f          	j	bf80282c <processed_source>

00000000bf80282c <processed_source>:
    bf80282c:	000fe317          	auipc	t1,0xfe
    bf802830:	85433303          	ld	t1,-1964(t1) # bf900080 <pxCurrentTCB>
    bf802834:	00033103          	ld	sp,0(t1)
    bf802838:	00013283          	ld	t0,0(sp)
    bf80283c:	14129073          	csrw	sepc,t0
    bf802840:	0e813283          	ld	t0,232(sp)
    bf802844:	10029073          	csrw	sstatus,t0
    bf802848:	00813083          	ld	ra,8(sp)
    bf80284c:	01013283          	ld	t0,16(sp)
    bf802850:	01813303          	ld	t1,24(sp)
    bf802854:	02013383          	ld	t2,32(sp)
    bf802858:	02813403          	ld	s0,40(sp)
    bf80285c:	03013483          	ld	s1,48(sp)
    bf802860:	03813503          	ld	a0,56(sp)
    bf802864:	04013583          	ld	a1,64(sp)
    bf802868:	04813603          	ld	a2,72(sp)
    bf80286c:	05013683          	ld	a3,80(sp)
    bf802870:	05813703          	ld	a4,88(sp)
    bf802874:	06013783          	ld	a5,96(sp)
    bf802878:	06813803          	ld	a6,104(sp)
    bf80287c:	07013883          	ld	a7,112(sp)
    bf802880:	07813903          	ld	s2,120(sp)
    bf802884:	08013983          	ld	s3,128(sp)
    bf802888:	08813a03          	ld	s4,136(sp)
    bf80288c:	09013a83          	ld	s5,144(sp)
    bf802890:	09813b03          	ld	s6,152(sp)
    bf802894:	0a013b83          	ld	s7,160(sp)
    bf802898:	0a813c03          	ld	s8,168(sp)
    bf80289c:	0b013c83          	ld	s9,176(sp)
    bf8028a0:	0b813d03          	ld	s10,184(sp)
    bf8028a4:	0c013d83          	ld	s11,192(sp)
    bf8028a8:	0c813e03          	ld	t3,200(sp)
    bf8028ac:	0d013e83          	ld	t4,208(sp)
    bf8028b0:	0d813f03          	ld	t5,216(sp)
    bf8028b4:	0e013f83          	ld	t6,224(sp)
    bf8028b8:	0f010113          	add	sp,sp,240
    bf8028bc:	10200073          	sret
    bf8028c0:	00000013          	nop
    bf8028c4:	00000013          	nop
    bf8028c8:	00000013          	nop
    bf8028cc:	00000013          	nop
    bf8028d0:	00000013          	nop
    bf8028d4:	00000013          	nop
    bf8028d8:	00000013          	nop
    bf8028dc:	00000013          	nop
    bf8028e0:	00000013          	nop
    bf8028e4:	00000013          	nop
    bf8028e8:	00000013          	nop
    bf8028ec:	00000013          	nop
    bf8028f0:	00000013          	nop
    bf8028f4:	00000013          	nop
    bf8028f8:	00000013          	nop
    bf8028fc:	00000013          	nop

00000000bf802900 <handle_trap>:
    bf802900:	0000006f          	j	bf802900 <handle_trap>
    bf802904:	00000013          	nop
    bf802908:	00000013          	nop
    bf80290c:	00000013          	nop
    bf802910:	00000013          	nop
    bf802914:	00000013          	nop
    bf802918:	00000013          	nop
    bf80291c:	00000013          	nop
    bf802920:	00000013          	nop
    bf802924:	00000013          	nop
    bf802928:	00000013          	nop
    bf80292c:	00000013          	nop
    bf802930:	00000013          	nop
    bf802934:	00000013          	nop
    bf802938:	00000013          	nop
    bf80293c:	00000013          	nop
    bf802940:	00000013          	nop
    bf802944:	00000013          	nop
    bf802948:	00000013          	nop
    bf80294c:	00000013          	nop
    bf802950:	00000013          	nop
    bf802954:	00000013          	nop
    bf802958:	00000013          	nop
    bf80295c:	00000013          	nop
    bf802960:	00000013          	nop
    bf802964:	00000013          	nop
    bf802968:	00000013          	nop
    bf80296c:	00000013          	nop
    bf802970:	00000013          	nop
    bf802974:	00000013          	nop
    bf802978:	00000013          	nop
    bf80297c:	00000013          	nop
    bf802980:	00000013          	nop
    bf802984:	00000013          	nop
    bf802988:	00000013          	nop
    bf80298c:	00000013          	nop
    bf802990:	00000013          	nop
    bf802994:	00000013          	nop
    bf802998:	00000013          	nop
    bf80299c:	00000013          	nop
    bf8029a0:	00000013          	nop
    bf8029a4:	00000013          	nop
    bf8029a8:	00000013          	nop
    bf8029ac:	00000013          	nop
    bf8029b0:	00000013          	nop
    bf8029b4:	00000013          	nop
    bf8029b8:	00000013          	nop
    bf8029bc:	00000013          	nop
    bf8029c0:	00000013          	nop
    bf8029c4:	00000013          	nop
    bf8029c8:	00000013          	nop
    bf8029cc:	00000013          	nop
    bf8029d0:	00000013          	nop
    bf8029d4:	00000013          	nop
    bf8029d8:	00000013          	nop
    bf8029dc:	00000013          	nop
    bf8029e0:	00000013          	nop
    bf8029e4:	00000013          	nop
    bf8029e8:	00000013          	nop
    bf8029ec:	00000013          	nop
    bf8029f0:	00000013          	nop
    bf8029f4:	00000013          	nop
    bf8029f8:	00000013          	nop
    bf8029fc:	00000013          	nop

00000000bf802a00 <handle_interrupt>:
    bf802a00:	0000006f          	j	bf802a00 <handle_interrupt>
    bf802a04:	00008067          	ret
    bf802a08:	00000013          	nop
    bf802a0c:	00000013          	nop
    bf802a10:	00000013          	nop
    bf802a14:	00000013          	nop
    bf802a18:	00000013          	nop
    bf802a1c:	00000013          	nop
    bf802a20:	00000013          	nop
    bf802a24:	00000013          	nop
    bf802a28:	00000013          	nop
    bf802a2c:	00000013          	nop
    bf802a30:	00000013          	nop
    bf802a34:	00000013          	nop
    bf802a38:	00000013          	nop
    bf802a3c:	00000013          	nop
    bf802a40:	00000013          	nop
    bf802a44:	00000013          	nop
    bf802a48:	00000013          	nop
    bf802a4c:	00000013          	nop
    bf802a50:	00000013          	nop
    bf802a54:	00000013          	nop
    bf802a58:	00000013          	nop
    bf802a5c:	00000013          	nop
    bf802a60:	00000013          	nop
    bf802a64:	00000013          	nop
    bf802a68:	00000013          	nop
    bf802a6c:	00000013          	nop
    bf802a70:	00000013          	nop
    bf802a74:	00000013          	nop
    bf802a78:	00000013          	nop
    bf802a7c:	00000013          	nop
    bf802a80:	00000013          	nop
    bf802a84:	00000013          	nop
    bf802a88:	00000013          	nop
    bf802a8c:	00000013          	nop
    bf802a90:	00000013          	nop
    bf802a94:	00000013          	nop
    bf802a98:	00000013          	nop
    bf802a9c:	00000013          	nop
    bf802aa0:	00000013          	nop
    bf802aa4:	00000013          	nop
    bf802aa8:	00000013          	nop
    bf802aac:	00000013          	nop
    bf802ab0:	00000013          	nop
    bf802ab4:	00000013          	nop
    bf802ab8:	00000013          	nop
    bf802abc:	00000013          	nop
    bf802ac0:	00000013          	nop
    bf802ac4:	00000013          	nop
    bf802ac8:	00000013          	nop
    bf802acc:	00000013          	nop
    bf802ad0:	00000013          	nop
    bf802ad4:	00000013          	nop
    bf802ad8:	00000013          	nop
    bf802adc:	00000013          	nop
    bf802ae0:	00000013          	nop
    bf802ae4:	00000013          	nop
    bf802ae8:	00000013          	nop
    bf802aec:	00000013          	nop
    bf802af0:	00000013          	nop
    bf802af4:	00000013          	nop
    bf802af8:	00000013          	nop
    bf802afc:	00000013          	nop

00000000bf802b00 <xPortStartFirstTask>:
    bf802b00:	00000297          	auipc	t0,0x0
    bf802b04:	c0028293          	add	t0,t0,-1024 # bf802700 <freertos_risc_v_trap_handler>
    bf802b08:	10529073          	csrw	stvec,t0
    bf802b0c:	000fd117          	auipc	sp,0xfd
    bf802b10:	57413103          	ld	sp,1396(sp) # bf900080 <pxCurrentTCB>
    bf802b14:	00013103          	ld	sp,0(sp)
    bf802b18:	00013083          	ld	ra,0(sp)
    bf802b1c:	01813303          	ld	t1,24(sp)
    bf802b20:	02013383          	ld	t2,32(sp)
    bf802b24:	02813403          	ld	s0,40(sp)
    bf802b28:	03013483          	ld	s1,48(sp)
    bf802b2c:	03813503          	ld	a0,56(sp)
    bf802b30:	04013583          	ld	a1,64(sp)
    bf802b34:	04813603          	ld	a2,72(sp)
    bf802b38:	05013683          	ld	a3,80(sp)
    bf802b3c:	05813703          	ld	a4,88(sp)
    bf802b40:	06013783          	ld	a5,96(sp)
    bf802b44:	06813803          	ld	a6,104(sp)
    bf802b48:	07013883          	ld	a7,112(sp)
    bf802b4c:	07813903          	ld	s2,120(sp)
    bf802b50:	08013983          	ld	s3,128(sp)
    bf802b54:	08813a03          	ld	s4,136(sp)
    bf802b58:	09013a83          	ld	s5,144(sp)
    bf802b5c:	09813b03          	ld	s6,152(sp)
    bf802b60:	0a013b83          	ld	s7,160(sp)
    bf802b64:	0a813c03          	ld	s8,168(sp)
    bf802b68:	0b013c83          	ld	s9,176(sp)
    bf802b6c:	0b813d03          	ld	s10,184(sp)
    bf802b70:	0c013d83          	ld	s11,192(sp)
    bf802b74:	0c813e03          	ld	t3,200(sp)
    bf802b78:	0d013e83          	ld	t4,208(sp)
    bf802b7c:	0d813f03          	ld	t5,216(sp)
    bf802b80:	0e013f83          	ld	t6,224(sp)
    bf802b84:	0e813283          	ld	t0,232(sp)
    bf802b88:	0022e293          	or	t0,t0,2
    bf802b8c:	10029073          	csrw	sstatus,t0
    bf802b90:	01013283          	ld	t0,16(sp)
    bf802b94:	0f010113          	add	sp,sp,240
    bf802b98:	00008067          	ret
    bf802b9c:	00000013          	nop
    bf802ba0:	00000013          	nop
    bf802ba4:	00000013          	nop
    bf802ba8:	00000013          	nop
    bf802bac:	00000013          	nop
    bf802bb0:	00000013          	nop
    bf802bb4:	00000013          	nop
    bf802bb8:	00000013          	nop
    bf802bbc:	00000013          	nop
    bf802bc0:	00000013          	nop
    bf802bc4:	00000013          	nop
    bf802bc8:	00000013          	nop
    bf802bcc:	00000013          	nop
    bf802bd0:	00000013          	nop
    bf802bd4:	00000013          	nop
    bf802bd8:	00000013          	nop
    bf802bdc:	00000013          	nop
    bf802be0:	00000013          	nop
    bf802be4:	00000013          	nop
    bf802be8:	00000013          	nop
    bf802bec:	00000013          	nop
    bf802bf0:	00000013          	nop
    bf802bf4:	00000013          	nop
    bf802bf8:	00000013          	nop
    bf802bfc:	00000013          	nop

00000000bf802c00 <pxPortInitialiseStack>:
    bf802c00:	100022f3          	csrr	t0,sstatus
    bf802c04:	ffd2f293          	and	t0,t0,-3
    bf802c08:	12000313          	li	t1,288
    bf802c0c:	0062e2b3          	or	t0,t0,t1
    bf802c10:	ff850513          	add	a0,a0,-8
    bf802c14:	00553023          	sd	t0,0(a0)
    bf802c18:	f5050513          	add	a0,a0,-176
    bf802c1c:	00c53023          	sd	a2,0(a0)
    bf802c20:	fd050513          	add	a0,a0,-48
    bf802c24:	fffff297          	auipc	t0,0xfffff
    bf802c28:	38028293          	add	t0,t0,896 # bf801fa4 <prvTaskExitError>
    bf802c2c:	00553023          	sd	t0,0(a0)
    bf802c30:	ff850513          	add	a0,a0,-8
    bf802c34:	00b53023          	sd	a1,0(a0)
    bf802c38:	00008067          	ret
	...

00000000bf802cac <memcpy>:
    bf802cac:	00b547b3          	xor	a5,a0,a1
    bf802cb0:	8b9d                	and	a5,a5,7
    bf802cb2:	00c508b3          	add	a7,a0,a2
    bf802cb6:	e7b1                	bnez	a5,bf802d02 <memcpy+0x56>
    bf802cb8:	479d                	li	a5,7
    bf802cba:	04c7f463          	bgeu	a5,a2,bf802d02 <memcpy+0x56>
    bf802cbe:	00757793          	and	a5,a0,7
    bf802cc2:	872a                	mv	a4,a0
    bf802cc4:	ebb9                	bnez	a5,bf802d1a <memcpy+0x6e>
    bf802cc6:	ff88f613          	and	a2,a7,-8
    bf802cca:	40e606b3          	sub	a3,a2,a4
    bf802cce:	04000793          	li	a5,64
    bf802cd2:	06d7c863          	blt	a5,a3,bf802d42 <memcpy+0x96>
    bf802cd6:	86ae                	mv	a3,a1
    bf802cd8:	87ba                	mv	a5,a4
    bf802cda:	02c77163          	bgeu	a4,a2,bf802cfc <memcpy+0x50>
    bf802cde:	0006b803          	ld	a6,0(a3)
    bf802ce2:	07a1                	add	a5,a5,8
    bf802ce4:	06a1                	add	a3,a3,8
    bf802ce6:	ff07bc23          	sd	a6,-8(a5)
    bf802cea:	fec7eae3          	bltu	a5,a2,bf802cde <memcpy+0x32>
    bf802cee:	fff60793          	add	a5,a2,-1
    bf802cf2:	8f99                	sub	a5,a5,a4
    bf802cf4:	9be1                	and	a5,a5,-8
    bf802cf6:	07a1                	add	a5,a5,8
    bf802cf8:	973e                	add	a4,a4,a5
    bf802cfa:	95be                	add	a1,a1,a5
    bf802cfc:	01176663          	bltu	a4,a7,bf802d08 <memcpy+0x5c>
    bf802d00:	8082                	ret
    bf802d02:	872a                	mv	a4,a0
    bf802d04:	03157e63          	bgeu	a0,a7,bf802d40 <memcpy+0x94>
    bf802d08:	0005c783          	lbu	a5,0(a1)
    bf802d0c:	0705                	add	a4,a4,1
    bf802d0e:	0585                	add	a1,a1,1
    bf802d10:	fef70fa3          	sb	a5,-1(a4)
    bf802d14:	fee89ae3          	bne	a7,a4,bf802d08 <memcpy+0x5c>
    bf802d18:	8082                	ret
    bf802d1a:	0005c683          	lbu	a3,0(a1)
    bf802d1e:	0705                	add	a4,a4,1
    bf802d20:	00777793          	and	a5,a4,7
    bf802d24:	fed70fa3          	sb	a3,-1(a4)
    bf802d28:	0585                	add	a1,a1,1
    bf802d2a:	dfd1                	beqz	a5,bf802cc6 <memcpy+0x1a>
    bf802d2c:	0005c683          	lbu	a3,0(a1)
    bf802d30:	0705                	add	a4,a4,1
    bf802d32:	00777793          	and	a5,a4,7
    bf802d36:	fed70fa3          	sb	a3,-1(a4)
    bf802d3a:	0585                	add	a1,a1,1
    bf802d3c:	fff9                	bnez	a5,bf802d1a <memcpy+0x6e>
    bf802d3e:	b761                	j	bf802cc6 <memcpy+0x1a>
    bf802d40:	8082                	ret
    bf802d42:	1141                	add	sp,sp,-16
    bf802d44:	e422                	sd	s0,8(sp)
    bf802d46:	04000413          	li	s0,64
    bf802d4a:	0005b383          	ld	t2,0(a1)
    bf802d4e:	0085b283          	ld	t0,8(a1)
    bf802d52:	0105bf83          	ld	t6,16(a1)
    bf802d56:	0185bf03          	ld	t5,24(a1)
    bf802d5a:	0205be83          	ld	t4,32(a1)
    bf802d5e:	0285be03          	ld	t3,40(a1)
    bf802d62:	0305b303          	ld	t1,48(a1)
    bf802d66:	0385b803          	ld	a6,56(a1)
    bf802d6a:	61b4                	ld	a3,64(a1)
    bf802d6c:	04870713          	add	a4,a4,72
    bf802d70:	40e607b3          	sub	a5,a2,a4
    bf802d74:	fa773c23          	sd	t2,-72(a4)
    bf802d78:	fc573023          	sd	t0,-64(a4)
    bf802d7c:	fdf73423          	sd	t6,-56(a4)
    bf802d80:	fde73823          	sd	t5,-48(a4)
    bf802d84:	fdd73c23          	sd	t4,-40(a4)
    bf802d88:	ffc73023          	sd	t3,-32(a4)
    bf802d8c:	fe673423          	sd	t1,-24(a4)
    bf802d90:	ff073823          	sd	a6,-16(a4)
    bf802d94:	fed73c23          	sd	a3,-8(a4)
    bf802d98:	04858593          	add	a1,a1,72
    bf802d9c:	faf447e3          	blt	s0,a5,bf802d4a <memcpy+0x9e>
    bf802da0:	86ae                	mv	a3,a1
    bf802da2:	87ba                	mv	a5,a4
    bf802da4:	02c77163          	bgeu	a4,a2,bf802dc6 <memcpy+0x11a>
    bf802da8:	0006b803          	ld	a6,0(a3)
    bf802dac:	07a1                	add	a5,a5,8
    bf802dae:	06a1                	add	a3,a3,8
    bf802db0:	ff07bc23          	sd	a6,-8(a5)
    bf802db4:	fec7eae3          	bltu	a5,a2,bf802da8 <memcpy+0xfc>
    bf802db8:	fff60793          	add	a5,a2,-1
    bf802dbc:	8f99                	sub	a5,a5,a4
    bf802dbe:	9be1                	and	a5,a5,-8
    bf802dc0:	07a1                	add	a5,a5,8
    bf802dc2:	973e                	add	a4,a4,a5
    bf802dc4:	95be                	add	a1,a1,a5
    bf802dc6:	01176563          	bltu	a4,a7,bf802dd0 <memcpy+0x124>
    bf802dca:	6422                	ld	s0,8(sp)
    bf802dcc:	0141                	add	sp,sp,16
    bf802dce:	8082                	ret
    bf802dd0:	0005c783          	lbu	a5,0(a1)
    bf802dd4:	0705                	add	a4,a4,1
    bf802dd6:	0585                	add	a1,a1,1
    bf802dd8:	fef70fa3          	sb	a5,-1(a4)
    bf802ddc:	fee887e3          	beq	a7,a4,bf802dca <memcpy+0x11e>
    bf802de0:	0005c783          	lbu	a5,0(a1)
    bf802de4:	0705                	add	a4,a4,1
    bf802de6:	0585                	add	a1,a1,1
    bf802de8:	fef70fa3          	sb	a5,-1(a4)
    bf802dec:	fee892e3          	bne	a7,a4,bf802dd0 <memcpy+0x124>
    bf802df0:	bfe9                	j	bf802dca <memcpy+0x11e>

00000000bf802df2 <memset>:
    bf802df2:	433d                	li	t1,15
    bf802df4:	872a                	mv	a4,a0
    bf802df6:	02c37163          	bgeu	t1,a2,bf802e18 <memset+0x26>
    bf802dfa:	00f77793          	and	a5,a4,15
    bf802dfe:	e3c1                	bnez	a5,bf802e7e <memset+0x8c>
    bf802e00:	e1bd                	bnez	a1,bf802e66 <memset+0x74>
    bf802e02:	ff067693          	and	a3,a2,-16
    bf802e06:	8a3d                	and	a2,a2,15
    bf802e08:	96ba                	add	a3,a3,a4
    bf802e0a:	e30c                	sd	a1,0(a4)
    bf802e0c:	e70c                	sd	a1,8(a4)
    bf802e0e:	0741                	add	a4,a4,16
    bf802e10:	fed76de3          	bltu	a4,a3,bf802e0a <memset+0x18>
    bf802e14:	e211                	bnez	a2,bf802e18 <memset+0x26>
    bf802e16:	8082                	ret
    bf802e18:	40c306b3          	sub	a3,t1,a2
    bf802e1c:	068a                	sll	a3,a3,0x2
    bf802e1e:	00000297          	auipc	t0,0x0
    bf802e22:	9696                	add	a3,a3,t0
    bf802e24:	00a68067          	jr	10(a3)
    bf802e28:	00b70723          	sb	a1,14(a4)
    bf802e2c:	00b706a3          	sb	a1,13(a4)
    bf802e30:	00b70623          	sb	a1,12(a4)
    bf802e34:	00b705a3          	sb	a1,11(a4)
    bf802e38:	00b70523          	sb	a1,10(a4)
    bf802e3c:	00b704a3          	sb	a1,9(a4)
    bf802e40:	00b70423          	sb	a1,8(a4)
    bf802e44:	00b703a3          	sb	a1,7(a4)
    bf802e48:	00b70323          	sb	a1,6(a4)
    bf802e4c:	00b702a3          	sb	a1,5(a4)
    bf802e50:	00b70223          	sb	a1,4(a4)
    bf802e54:	00b701a3          	sb	a1,3(a4)
    bf802e58:	00b70123          	sb	a1,2(a4)
    bf802e5c:	00b700a3          	sb	a1,1(a4)
    bf802e60:	00b70023          	sb	a1,0(a4)
    bf802e64:	8082                	ret
    bf802e66:	0ff5f593          	zext.b	a1,a1
    bf802e6a:	00859693          	sll	a3,a1,0x8
    bf802e6e:	8dd5                	or	a1,a1,a3
    bf802e70:	01059693          	sll	a3,a1,0x10
    bf802e74:	8dd5                	or	a1,a1,a3
    bf802e76:	02059693          	sll	a3,a1,0x20
    bf802e7a:	8dd5                	or	a1,a1,a3
    bf802e7c:	b759                	j	bf802e02 <memset+0x10>
    bf802e7e:	00279693          	sll	a3,a5,0x2
    bf802e82:	00000297          	auipc	t0,0x0
    bf802e86:	9696                	add	a3,a3,t0
    bf802e88:	8286                	mv	t0,ra
    bf802e8a:	fa2680e7          	jalr	-94(a3)
    bf802e8e:	8096                	mv	ra,t0
    bf802e90:	17c1                	add	a5,a5,-16
    bf802e92:	8f1d                	sub	a4,a4,a5
    bf802e94:	963e                	add	a2,a2,a5
    bf802e96:	f8c371e3          	bgeu	t1,a2,bf802e18 <memset+0x26>
    bf802e9a:	b79d                	j	bf802e00 <memset+0xe>
